symbol,side,entry_date,exit_date,holding_days,avg_weight,max_weight,n_rebalances,return_contribution,max_adverse_excursion,max_favorable_excursion
AMZN.US,long,2010-01-04,2010-01-07,4,0.2,0.2,0,-0.005845796044745489,-0.005845796044745489,0.0011799850634802045
EQR.US,long,2010-01-04,2010-01-06,3,0.20000000000000004,0.2,0,0.00036372700946172285,-0.0007784431137724202,0.00036372700946172285
LUV.US,long,2010-01-04,2010-01-04,1,0.2,0.2,0,0.0,0.0,0.0
ODP.US,long,2010-01-04,2010-01-04,1,0.2,0.2,0,0.0,0.0,0.0
PLD.US,long,2010-01-04,2010-01-12,7,0.19999999999999998,0.2,0,-0.001973515404619452,-0.001973515404619452,0.002916830902640877
BBWI.US,long,2010-01-05,2010-01-08,4,0.2,0.2,0,0.009771930062711043,-0.0,0.009771930062711043
SPG.US,long,2010-01-05,2010-01-15,9,0.2,0.2,0,-0.008936012785857051,-0.008936012785857053,0.0003609808295401695
AMD.US,long,2010-01-07,2010-01-12,4,0.2,0.2,0,-0.01771745686868307,-0.01771745686868307,-0.0
EXPE.US,long,2010-01-08,2010-01-25,11,0.2,0.2,0,-0.021572477924541894,-0.02157247792454189,-0.0
CTRA.US,long,2010-01-11,2010-01-12,2,0.2,0.2,0,-0.005193045834274113,-0.005193045834274113,-0.0
AKAM.US,long,2010-01-13,2010-01-13,1,0.2,0.2,0,0.0,-0.0,-0.0
CRM.US,long,2010-01-13,2010-01-13,1,0.2,0.2,0,0.0,0.0,0.0
GT.US,long,2010-01-13,2010-01-26,9,0.2,0.2,0,-0.019617904016788222,-0.02234105076414075,0.004993252361673407
ATI.US,long,2010-01-14,2010-01-15,2,0.2,0.2,0,-0.004155955441302472,-0.004155955441302472,-0.0
BKNG.US,long,2010-01-14,2010-01-26,8,0.2,0.2,0,-0.004126367603458992,-0.00570396571034122,-0.0
BBWI.US,long,2010-01-19,2010-01-25,5,0.2,0.2,0,-0.007696277723933442,-0.010090184143955239,-0.0
RDC.US,long,2010-01-19,2010-02-01,10,0.2,0.2,0,-0.015026052926512247,-0.022195512889268288,-0.0
ODP.US,long,2010-01-26,2010-01-29,4,0.2,0.2,0,-0.005457669780725128,-0.006164383561643816,0.0
X.US,long,2010-01-26,2010-02-01,5,0.2,0.2,0,-0.00854917751542077,-0.021558405514520464,-0.0
CLF.US,long,2010-01-27,2010-01-29,3,0.20000000000000004,0.2,0,-0.005180103973081286,-0.005180103973081286,-0.0
FCX.US,long,2010-01-27,2010-01-29,3,0.20000000000000004,0.2,0,-0.013011113660349662,-0.013011113660349662,-0.0
AET.US,long,2010-02-01,2010-02-12,10,0.2,0.2,0,-0.0075797853633468035,-0.0075797853633468035,0.0037565190458419997
CI.US,long,2010-02-01,2010-02-01,1,0.2,0.2,0,0.0,0.0,0.0
TGNA.US,long,2010-02-01,2010-02-08,6,0.19999999999999998,0.2,0,-0.018125350831996755,-0.02034264573221851,0.0007989347536617952
PCG.US,long,2010-02-02,2010-02-12,9,0.2,0.2,0,-0.005435808356838767,-0.005435808356838767,0.00018970832345268642
TGT.US,long,2010-02-02,2010-02-12,9,0.2,0.2,0,-0.008640137566294715,-0.008640137566294715,-0.0
USB.US,long,2010-02-03,2010-02-12,8,0.2,0.2,0,-0.009875020410620983,-0.009875020410620983,-0.0
HIG.US,long,2010-02-09,2010-02-11,3,0.20000000000000004,0.2,0,0.006275284554927785,-0.0,0.006535362578334825
TXT.US,long,2010-02-12,2010-02-12,1,0.2,0.2,0,0.0,-0.0,-0.0
ADM.US,long,2010-02-16,2010-02-17,2,0.2,0.2,0,0.0027137042062415073,-0.0,0.0027137042062415073
ELV.US,long,2010-02-16,2010-02-16,1,0.2,0.2,0,0.0,-0.0,-0.0
FLIR.US,long,2010-02-16,2010-02-16,1,0.2,0.2,0,0.0,0.0,0.0
MA.US,long,2010-02-18,2010-02-19,2,0.2,0.2,0,0.0005675675675675951,-0.0,0.0005675675675675951
MAS.US,long,2010-02-19,2010-02-25,5,0.2,0.2,0,-0.006488855498344414,-0.006488855498344414,0.00029411764705882253
NTAP.US,long,2010-02-22,2010-02-26,5,0.2,0.2,0,-0.004091675878082191,-0.005298514631015517,-0.0
PHM.US,long,2010-02-22,2010-02-25,4,0.2,0.2,0,-0.012157823028457916,-0.012157823028457916,-0.0
SLB.US,long,2010-02-22,2010-02-25,4,0.2,0.2,0,-0.0024711500821059888,-0.0024711500821059888,-0.0
SWN.US,long,2010-02-22,2010-03-08,11,0.2,0.2,0,-0.005074734052309095,-0.012406248559123579,-0.0
HP.US,long,2010-02-26,2010-03-01,2,0.2,0.2,0,0.00029615004935830137,-0.0,0.00029615004935830137
IP.US,long,2010-02-26,2010-02-26,1,0.2,0.2,0,0.0,-0.0,-0.0
WDC.US,long,2010-02-26,2010-02-26,1,0.2,0.2,0,0.0,-0.0,-0.0
LHX.US,long,2010-03-01,2010-03-02,2,0.2,0.2,0,0.0015527950310559202,-0.0,0.0015527950310559202
LO.US,long,2010-03-01,2010-03-01,1,0.2,0.2,0,0.0,-0.0,-0.0
WBD.US,long,2010-03-01,2010-03-03,3,0.20000000000000004,0.2,0,-0.0018168796900461138,-0.0018168796900461138,-0.0
DGX.US,long,2010-03-03,2010-03-12,8,0.2,0.2,0,0.0005078721244746952,-0.0003885849870787218,0.0012877852577169336
SCHW.US,long,2010-03-03,2010-03-03,1,0.2,0.2,0,0.0,-0.0,-0.0
GILD.US,long,2010-03-04,2010-03-04,1,0.2,0.2,0,0.0,-0.0,-0.0
HAR.US,long,2010-03-04,2010-03-08,3,0.20000000000000004,0.2,0,0.0033704629468154445,-0.0,0.003788775751835205
RRC.US,long,2010-03-04,2010-03-04,1,0.2,0.2,0,0.0,-0.0,-0.0
FTRCQ.US,long,2010-03-05,2010-03-05,1,0.2,0.2,0,0.0,-0.0,-0.0
CHKAQ.US,long,2010-03-08,2010-03-26,15,0.20000000000000007,0.2,0,-0.02630841904685328,-0.02630841904685328,0.0015612206010768405
WBA.US,long,2010-03-08,2010-03-15,6,0.19999999999999998,0.2,0,-0.0032829785647626513,-0.004697655841508919,-0.0
CF.US,long,2010-03-09,2010-03-09,1,0.2,0.2,0,0.0,-0.0,-0.0
NBR.US,long,2010-03-09,2010-03-09,1,0.2,0.2,0,0.0,-0.0,-0.0
DVA.US,long,2010-03-10,2010-03-10,1,0.2,0.2,0,0.0,-0.0,-0.0
WFM.US,long,2010-03-10,2010-03-11,2,0.2,0.2,0,0.0026180990324416345,-0.0,0.0026180990324416345
DE.US,long,2010-03-11,2010-03-11,1,0.2,0.2,0,0.0,-0.0,-0.0
AKS.US,long,2010-03-12,2010-03-15,2,0.2,0.2,0,-0.001808006887645286,-0.001808006887645286,-0.0
LEN.US,long,2010-03-12,2010-03-15,2,0.2,0.2,0,-0.0029387080052331485,-0.0029387080052331485,-0.0
CNX.US,long,2010-03-15,2010-03-23,7,0.19999999999999998,0.2,0,-0.01673904973316829,-0.01754477116012685,-0.0
CF.US,long,2010-03-16,2010-03-31,12,0.20000000000000004,0.2,0,-0.009200999466749018,-0.011880262596190128,-0.0
DVN.US,long,2010-03-16,2010-03-22,5,0.2,0.2,0,-0.011396501072449272,-0.011396501072449272,-0.0
HAR.US,long,2010-03-16,2010-03-16,1,0.2,0.2,0,0.0,-0.0,-0.0
EOG.US,long,2010-03-17,2010-03-22,4,0.2,0.2,0,-0.009105140980421835,-0.009105140980421835,-0.0
AYE.US,long,2010-03-23,2010-03-24,2,0.2,0.2,0,-0.0030223075077956186,-0.0030223075077956186,-0.0
BHI.US,long,2010-03-23,2010-03-30,6,0.19999999999999998,0.2,0,-0.004846341152200173,-0.009637399951491644,-0.0
CBRE.US,long,2010-03-24,2010-03-25,2,0.2,0.2,0,0.0038081805359661217,-0.0,0.0038081805359661217
IP.US,long,2010-03-25,2010-03-31,5,0.2,0.2,0,-0.004735748220999448,-0.004735748220999448,0.00040993665627688815
BTUUQ.US,long,2010-03-26,2010-03-26,1,0.2,0.2,0,0.0,-0.0,-0.0
NOVL.US,long,2010-03-29,2010-03-30,2,0.2,0.2,0,0.0031304347826087045,-0.0,0.0031304347826087045
ZION.US,long,2010-03-29,2010-04-01,4,0.2,0.2,0,0.0012007640208996362,-0.0008275862068965579,0.0012007640208996362
F.US,long,2010-03-31,2010-04-08,6,0.19999999999999998,0.2,0,0.0009804270038527465,-0.0,0.003171597722587194
LEN.US,long,2010-03-31,2010-04-08,6,0.19999999999999998,0.2,0,0.0007391782685286065,-0.0029184592496049435,0.004090669457853191
HBAN.US,long,2010-04-01,2010-04-01,1,0.2,0.2,0,0.0,0.0,0.0
LSI1.US,long,2010-04-01,2010-04-08,5,0.2,0.2,0,0.0013731535515272286,0.0,0.004901960784313708
CEPH.US,long,2010-04-05,2010-04-08,4,0.2,0.2,0,-0.0018130429978243214,-0.0018130429978243214,-0.0
CVS.US,long,2010-04-05,2010-04-07,3,0.20000000000000004,0.2,0,-0.0019486141498739286,-0.0019486141498739286,-0.0
GR.US,long,2010-04-08,2010-04-08,1,0.2,0.2,0,0.0,-0.0,-0.0
AET.US,long,2010-04-09,2010-04-16,6,0.19999999999999998,0.2,0,-0.010047836451944738,-0.010047836451944738,-0.0
HIG.US,long,2010-04-09,2010-04-13,3,0.20000000000000004,0.2,0,-0.00028374225272753695,-0.0007857142857142564,-0.0
HUM.US,long,2010-04-09,2010-04-16,6,0.19999999999999998,0.2,0,-0.005360926295815638,-0.005360926295815638,-0.0
MWW.US,long,2010-04-09,2010-04-13,3,0.20000000000000004,0.2,0,-0.003948907612646257,-0.004079031230082864,-0.0
UNH.US,long,2010-04-09,2010-04-16,6,0.19999999999999998,0.2,0,-0.00957530726686664,-0.010228261886520552,-0.0
CF.US,long,2010-04-14,2010-04-14,1,0.2,0.2,0,0.0,-0.0,-0.0
CI.US,long,2010-04-14,2010-04-16,3,0.20000000000000004,0.2,0,-0.0010942042851295854,-0.0010942042851295854,0.00023068050749710525
MEE.US,long,2010-04-15,2010-04-16,2,0.2,0.2,0,-0.007425968109339376,-0.007425968109339376,-0.0
AKS.US,long,2010-04-19,2010-05-07,15,0.20000000000000007,0.2,0,-0.05752521557958626,-0.058042680003907096,-0.0
CLF.US,long,2010-04-19,2010-04-22,4,0.2,0.2,0,0.0026856942587284442,-0.0,0.0040459903944113145
TIE.US,long,2010-04-19,2010-04-21,3,0.20000000000000004,0.2,0,0.002535175113506938,-0.0002531645569620267,0.002535175113506938
VIAV.US,long,2010-04-19,2010-04-20,2,0.2,0.2,0,0.0041086691086691385,-0.0,0.0041086691086691385
X.US,long,2010-04-19,2010-04-22,4,0.2,0.2,0,0.002875207723916851,-0.0,0.003176795580110481
NVDA.US,long,2010-04-21,2010-04-28,6,0.19999999999999998,0.2,0,-0.005260275518007852,-0.0056322531993469715,0.0008433734939758963
CI.US,long,2010-04-22,2010-04-22,1,0.2,0.2,0,0.0,-0.0,-0.0
EXPE.US,long,2010-04-23,2010-04-28,4,0.2,0.2,0,-0.005512355614758246,-0.005512355614758246,0.003722084367245682
NYT.US,long,2010-04-23,2010-05-07,11,0.2,0.2,0,-0.05072163338783518,-0.05072163338783518,-0.0
SVU.US,long,2010-04-23,2010-05-20,20,0.20000000000000004,0.2,0,-0.042094974767079046,-0.042094974767079046,-0.0
EKDKQ.US,long,2010-04-29,2010-05-04,4,0.2,0.2,0,-0.03460747665960828,-0.03460747665960828,-0.0
HAR.US,long,2010-04-29,2010-04-30,2,0.2,0.2,0,-0.0025012506253126346,-0.0025012506253126346,-0.0
CLF.US,long,2010-05-03,2010-05-04,2,0.2,0.2,0,-0.014927905004240904,-0.014927905004240904,-0.0
GR.US,long,2010-05-05,2010-05-06,2,0.2,0.2,0,0.0125,-0.0,0.0125
TIE.US,long,2010-05-05,2010-05-05,1,0.2,0.2,0,0.0,-0.0,-0.0
IPG.US,long,2010-05-06,2010-05-07,2,0.2,0.2,0,-0.008198757763975162,-0.008198757763975162,-0.0
VIAV.US,long,2010-05-07,2010-05-07,1,0.2,0.2,0,0.0,-0.0,-0.0
AGN.US,long,2010-05-10,2010-05-11,2,0.2,0.2,0,0.007649747414000441,-0.0,0.007649747414000441
BMY.US,long,2010-05-10,2010-05-26,13,0.20000000000000004,0.2,0,-0.011956189042727262,-0.011956189042727262,0.0024800277685325333
CMCSA.US,long,2010-05-10,2010-05-14,5,0.2,0.2,0,-0.004761441032000158,-0.004761441032000158,0.0016608228160062133
TSN.US,long,2010-05-10,2010-05-26,13,0.20000000000000004,0.2,0,-0.01693242262362269,-0.01693242262362269,-0.0
AVY.US,long,2010-05-14,2010-05-26,9,0.2,0.2,0,-0.013942017844606046,-0.013942017844606046,0.002733612273361219
CLF.US,long,2010-05-17,2010-05-20,4,0.2,0.2,0,-0.02159993318191207,-0.02159993318191207,-0.0
LEN.US,long,2010-05-21,2010-05-25,3,0.20000000000000004,0.2,0,-0.003564514379303163,-0.003564514379303163,0.0
SHLDQ.US,long,2010-05-21,2010-06-16,18,0.20000000000000004,0.2,0,-0.01908748636344575,-0.025357528157492017,0.0007035806922830682
COF.US,long,2010-05-26,2010-05-26,1,0.2,0.2,0,0.0,-0.0,-0.0
BIGGQ.US,long,2010-06-01,2010-06-09,7,0.19999999999999998,0.2,0,-0.011254263938954612,-0.011388705794927524,0.0028193325661680204
LEN.US,long,2010-06-01,2010-06-09,7,0.19999999999999998,0.2,0,-0.024172996022882587,-0.024172996022882587,0.0026943299350793205
PTV.US,long,2010-06-01,2010-06-01,1,0.2,0.2,0,0.0,-0.0,-0.0
TLAB.US,long,2010-06-01,2010-06-09,7,0.19999999999999998,0.2,0,-0.04111583202057929,-0.0492790973267018,-0.0
FDO.US,long,2010-06-02,2010-06-08,5,0.2,0.2,0,-0.011455767497136482,-0.01375584773249352,-0.0
M.US,long,2010-06-09,2010-06-09,1,0.2,0.2,0,0.0,-0.0,-0.0
BBBYQ.US,long,2010-06-17,2010-07-12,17,0.2,0.2,0,-0.022343298291071224,-0.028543831533076224,0.003788968824940087
ESRX.US,long,2010-06-18,2010-07-07,13,0.20000000000000004,0.2,0,-0.024359911196607964,-0.025981449705456728,-0.0
RSH.US,long,2010-06-18,2010-07-01,10,0.2,0.2,0,-0.02072273509511786,-0.024003104136635024,-0.0
JWN.US,long,2010-06-21,2010-07-06,11,0.2,0.2,0,-0.0322896154777071,-0.0322896154777071,-0.0
M.US,long,2010-06-21,2010-07-07,12,0.20000000000000004,0.2,0,-0.028216255494492384,-0.03396008088220057,-0.0
VIAV.US,long,2010-07-02,2010-07-06,2,0.2,0.2,0,-0.008256066081569457,-0.008256066081569457,0.0
GR.US,long,2010-07-07,2010-07-19,9,0.2,0.2,0,-0.0474514838027637,-0.0474514838027637,0.0
ORLY.US,long,2010-07-08,2010-07-12,3,0.20000000000000004,0.2,0,-0.0006872491520029777,-0.0012081932764044234,-0.0
FITB.US,long,2010-07-16,2010-07-21,4,0.2,0.2,0,-0.014942911578488306,-0.014942911578488306,-0.0
HOT.US,long,2010-07-16,2010-07-19,2,0.2,0.2,0,0.003196664350243239,-0.0,0.003196664350243239
HST.US,long,2010-07-16,2010-07-19,2,0.2,0.2,0,0.0017843866171003864,-0.0,0.0017843866171003864
ZION.US,long,2010-07-16,2010-07-22,5,0.2,0.2,0,-0.013522034655149142,-0.02124603053568466,-0.0
GIS.US,long,2010-07-20,2010-07-22,3,0.20000000000000004,0.2,0,1.7583506315865804e-05,-0.0018665158371040658,1.7583506315865804e-05
HSY.US,long,2010-07-20,2010-07-29,8,0.2,0.2,0,-0.01486110992934351,-0.014861109929343507,-0.0
LUV.US,long,2010-07-20,2010-07-21,2,0.2,0.2,0,-0.0017436791630340176,-0.0017436791630340176,-0.0
COR.US,long,2010-07-22,2010-07-29,6,0.19999999999999998,0.2,0,-0.004135292562309224,-0.004480954504929358,0.006074924063449227
WHR.US,long,2010-07-22,2010-07-23,2,0.2,0.2,0,-0.0005336426914153147,-0.0005336426914153147,0.0
AGN.US,long,2010-07-23,2010-07-30,6,0.19999999999999998,0.2,0,-0.005406286621205791,-0.008617525958887673,0.0022574447646493746
NEM.US,long,2010-07-27,2010-08-03,6,0.19999999999999998,0.2,0,-0.001102144438978514,-0.0013624955181068543,0.0004388267196938413
HSP.US,long,2010-07-28,2010-07-30,3,0.20000000000000004,0.2,0,-0.0023155521651587966,-0.004097116843702575,-0.0
AKAM.US,long,2010-07-30,2010-08-03,3,0.20000000000000004,0.2,0,0.0009950441207799308,-0.006047966631908231,0.0009950441207799308
TLAB.US,long,2010-07-30,2010-07-30,1,0.2,0.2,0,0.0,-0.0,-0.0
SBUX.US,long,2010-08-02,2010-08-03,2,0.2,0.2,0,0.0003241491085899551,-0.0,0.0003241491085899551
SJM.US,long,2010-08-02,2010-08-11,8,0.2,0.2,0,-0.005038880012454583,-0.005038880012454583,-0.0
VRSN.US,long,2010-08-02,2010-08-02,1,0.2,0.2,0,0.0,-0.0,-0.0
ROST.US,long,2010-08-03,2010-08-03,1,0.2,0.2,0,0.0,-0.0,-0.0
FIS.US,long,2010-08-04,2010-08-06,3,0.20000000000000004,0.2,0,0.0014528626832314374,-0.0,0.0014528626832314374
ORLY.US,long,2010-08-04,2010-08-11,6,0.19999999999999998,0.2,0,-0.006250459120904318,-0.006250459120904318,0.0004188464132087511
PWR.US,long,2010-08-04,2010-08-16,9,0.2,0.2,0,-0.015190371499545363,-0.015837729197804507,-0.0
TIE.US,long,2010-08-04,2010-08-05,2,0.2,0.2,0,0.0034843205574913052,-0.0,0.0034843205574913052
ZION.US,long,2010-08-06,2010-08-16,7,0.19999999999999998,0.2,0,-0.01579239996574997,-0.016395718216127,0.0018484288354898128
PNC.US,long,2010-08-09,2010-08-26,14,0.20000000000000004,0.2,0,-0.027119235873408348,-0.027119235873408348,0.002378490175801407
HBAN.US,long,2010-08-12,2010-08-26,11,0.2,0.2,0,-0.017180919345248836,-0.017180919345248836,0.00035398230088494746
VIAV.US,long,2010-08-12,2010-08-16,3,0.20000000000000004,0.2,0,-0.007240830932370245,-0.007240830932370245,-0.0
LLY.US,long,2010-08-17,2010-08-20,4,0.2,0.2,0,-0.0033443273996076163,-0.0033443273996076163,0.00017266187050362093
MDLZ.US,long,2010-08-17,2010-08-24,6,0.19999999999999998,0.2,0,0.00021354703019753633,-0.0010906444665635061,0.0005468215994532067
SYY.US,long,2010-08-17,2010-08-20,4,0.2,0.2,0,-0.0049349588498423195,-0.006207043655496048,-0.0
CMI.US,long,2010-08-23,2010-08-26,4,0.2,0.2,0,-0.010450322054043837,-0.010450322054043837,-0.0
TIE.US,long,2010-08-23,2010-08-26,4,0.2,0.2,0,-0.005948008876398125,-0.006175514626218859,-0.0
HOT.US,long,2010-08-25,2010-08-25,1,0.2,0.2,0,0.0,-0.0,-0.0
CLF.US,long,2010-08-26,2010-08-26,1,0.2,0.2,0,0.0,-0.0,-0.0
PEP.US,long,2010-08-27,2010-08-31,3,0.20000000000000004,0.2,0,0.0002019405438702382,-0.0016219588271989772,0.0002019405438702382
RAI.US,long,2010-08-27,2010-08-31,3,0.20000000000000004,0.2,0,-0.0026141606095519744,-0.0026141606095519744,-0.0
TAP.US,long,2010-08-27,2010-08-31,3,0.20000000000000004,0.2,0,-0.0011311190426732901,-0.0020999771741611497,-0.0
MO.US,long,2010-08-30,2010-08-31,2,0.2,0.2,0,-0.0017761989342806707,-0.0017761989342806707,-0.0
WFM.US,long,2010-08-30,2010-09-01,3,0.20000000000000004,0.2,0,0.0036819341612097213,-0.0,0.0036819341612097213
BF-B.US,long,2010-09-01,2010-09-13,8,0.2,0.2,0,0.0008890140060655585,-0.0,0.0036641213418207924
ARG.US,long,2010-09-08,2010-09-09,2,0.2,0.2,0,0.0007431490942870323,-0.0,0.0007431490942870323
CMS.US,long,2010-09-08,2010-09-10,3,0.20000000000000004,0.2,0,0.002050590502800498,-0.0,0.002050590502800498
NI.US,long,2010-09-08,2010-09-10,3,0.20000000000000004,0.2,0,0.0012966147027178466,-0.0,0.0012966147027178466
KDP.US,long,2010-09-09,2010-09-14,4,0.2,0.2,0,-0.005346377524635693,-0.005346377524635693,-0.0
NOVL.US,long,2010-09-10,2010-09-14,3,0.20000000000000004,0.2,0,0.0018154901044101779,-0.0,0.0021739130434782704
AGN.US,long,2010-09-13,2010-09-15,3,0.20000000000000004,0.2,0,0.0008521194958119205,-0.0009836065573770592,0.0008521194958119205
PCG.US,long,2010-09-13,2010-09-13,1,0.2,0.2,0,0.0,0.0,0.0
DVA.US,long,2010-09-14,2010-09-14,1,0.2,0.2,0,0.0,-0.0,-0.0
ETR.US,long,2010-09-14,2010-09-21,6,0.19999999999999998,0.2,0,-0.004528226039542927,-0.004528226039542927,0.000588686972101371
NEE.US,long,2010-09-15,2010-09-17,3,0.20000000000000004,0.2,0,3.8121058016526977e-05,-0.0,0.0004465116279069648
PEG.US,long,2010-09-15,2010-09-16,2,0.2,0.2,0,0.0008903020667726747,-0.0,0.0008903020667726747
TWC.US,long,2010-09-15,2010-09-17,3,0.20000000000000004,0.2,0,-0.00560747663551402,-0.00560747663551402,-0.0
TMUS.US,long,2010-09-16,2010-09-17,2,0.2,0.2,0,-0.0014690451206715194,-0.0014690451206715194,-0.0
CLF.US,long,2010-09-17,2010-09-23,5,0.2,0.2,0,0.0006518000696079671,-0.0010294384917627132,0.00431445067201759
BRCM.US,long,2010-09-20,2010-09-23,4,0.2,0.2,0,-0.008094699072896838,-0.008094699072896838,-0.0
GIS.US,long,2010-09-21,2010-09-21,1,0.2,0.2,0,0.0,-0.0,-0.0
AKAM.US,long,2010-09-22,2010-10-07,12,0.20000000000000004,0.2,0,-0.02001448000491195,-0.02358510147383852,0.00456779238942735
BIIB.US,long,2010-09-22,2010-09-23,2,0.2,0.2,0,0.0013853445133066079,-0.0,0.0013853445133066079
LLTC.US,long,2010-09-22,2010-09-23,2,0.2,0.2,0,0.0026008669556518704,-0.0,0.0026008669556518704
KMB.US,long,2010-09-27,2010-10-05,7,0.19999999999999998,0.2,0,0.0005952443104577209,-0.0018371096142069333,0.0005952443104577209
PXD.US,long,2010-09-27,2010-09-28,2,0.2,0.2,0,-0.00020396234158717166,-0.00020396234158717166,-0.0
JCI.US,long,2010-09-28,2010-10-04,5,0.2,0.2,0,-0.005789545931068285,-0.005789545931068285,-0.0
TYC.US,long,2010-09-28,2010-10-04,5,0.2,0.2,0,-0.00579053032409349,-0.00579053032409349,-0.0
MTB.US,long,2010-09-29,2010-10-04,4,0.2,0.2,0,0.0008304779256395723,0.0,0.0008304779256395723
BMC.US,long,2010-10-06,2010-10-06,1,0.2,0.2,0,0.0,-0.0,-0.0
CRM.US,long,2010-10-06,2010-10-12,5,0.2,0.2,0,0.0016246591414473838,-0.009505357873866393,0.001753733464567553
FSLR.US,long,2010-10-06,2010-10-13,6,0.19999999999999998,0.2,0,-0.0023680147633356134,-0.0023680147633356134,0.00276976341604156
WFM.US,long,2010-10-06,2010-10-11,4,0.2,0.2,0,-0.006858969632656154,-0.008941098030574014,-0.0
TJX.US,long,2010-10-07,2010-10-14,6,0.19999999999999998,0.2,0,0.0017419802245939534,-0.0,0.00378833478984304
WINMQ.US,long,2010-10-08,2010-10-13,4,0.2,0.2,0,0.002469556961682873,-0.0,0.002469556961682873
MSI.US,long,2010-10-12,2010-10-22,9,0.2,0.2,0,-0.007394183347887129,-0.009198307059227329,-0.0
HD.US,long,2010-10-13,2010-10-20,6,0.19999999999999998,0.2,0,-0.0017288933430171798,-0.003833464207864235,-0.0
CCL.US,long,2010-10-14,2010-10-19,4,0.2,0.2,0,-0.0021014241885021654,-0.0021014241885021654,0.00021654003422395536
KEY.US,long,2010-10-14,2010-10-15,2,0.2,0.2,0,-0.003667481662591721,-0.003667481662591721,-0.0
C.US,long,2010-10-15,2010-10-15,1,0.2,0.2,0,0.0,-0.0,-0.0
CLF.US,long,2010-10-18,2010-10-19,2,0.2,0.2,0,-0.010488136617802636,-0.010488136617802636,-0.0
VIAV.US,long,2010-10-18,2010-10-22,5,0.2,0.2,0,-0.008861675488284116,-0.012035830350220223,-0.0
CTXS.US,long,2010-10-20,2010-10-20,1,0.2,0.2,0,0.0,-0.0,-0.0
M.US,long,2010-10-20,2010-10-22,3,0.20000000000000004,0.2,0,-0.0022342067956739433,-0.0022342067956739433,-0.0
ANDV.US,long,2010-10-21,2010-10-22,2,0.2,0.2,0,0.0009132420091323646,-0.0,0.0009132420091323646
ANF.US,long,2010-10-21,2010-10-25,3,0.20000000000000004,0.2,0,0.002787949393355316,-0.0,0.002787949393355316
HP.US,long,2010-10-25,2010-10-26,2,0.2,0.2,0,0.0008714596949891185,-0.0,0.0008714596949891185
LLY.US,long,2010-10-25,2010-10-27,3,0.20000000000000004,0.2,0,-0.001080195785282201,-0.0013094221463137103,-0.0
NEE.US,long,2010-10-25,2010-10-27,3,0.20000000000000004,0.2,0,-0.0005330448322955481,-0.0005330448322955481,0.0014220601640838827
PPL.US,long,2010-10-25,2010-10-28,4,0.2,0.2,0,-0.0033635501416831473,-0.0033635501416831473,-0.0
LXK.US,long,2010-10-26,2010-10-29,4,0.2,0.2,0,0.0017936345847412434,-0.0003860570686346383,0.004083797401219824
PSKY.US,long,2010-10-27,2010-11-03,6,0.19999999999999998,0.2,0,0.005430732236236713,-0.0,0.006122374887533555
AVP.US,long,2010-10-28,2010-11-04,6,0.19999999999999998,0.2,0,-0.01300196138697567,-0.014880222256540865,-0.0
HAL.US,long,2010-10-28,2010-11-03,5,0.2,0.2,0,9.410582882345402e-05,-0.0017530279291383402,0.0011363636363636686
CPPRQ.US,long,2010-10-29,2010-11-03,4,0.2,0.2,0,0.00039972312600427,-0.00032071840923668664,0.00173517622616326
IPG.US,long,2010-11-01,2010-11-04,4,0.2,0.2,0,0.0035749199393224408,-0.0,0.005294117647058849
AMGN.US,long,2010-11-04,2010-11-17,10,0.2,0.2,0,-0.007763857845685184,-0.007763857845685184,-0.0
EXPE.US,long,2010-11-04,2010-11-05,2,0.2,0.2,0,0.000956937799043045,-0.0,0.000956937799043045
WBD.US,long,2010-11-04,2010-11-16,9,0.2,0.2,0,-0.008074387119463088,-0.008273300554822406,-0.0
CTSH.US,long,2010-11-05,2010-11-08,2,0.2,0.2,0,-0.001167929292929304,-0.001167929292929304,-0.0
NWL.US,long,2010-11-05,2010-11-12,6,0.19999999999999998,0.2,0,-0.0021684345081863345,-0.0021684345081863345,0.0009158557527189526
CELG.US,long,2010-11-08,2010-11-09,2,0.2,0.2,0,-0.0009186351706036878,-0.0009186351706036878,-0.0
PSKY.US,long,2010-11-09,2010-11-10,2,0.2,0.2,0,0.005623471882640585,-0.0,0.005623471882640585
IVZ.US,long,2010-11-10,2010-11-10,1,0.2,0.2,0,0.0,-0.0,-0.0
JBL.US,long,2010-11-11,2010-11-12,2,0.2,0.2,0,-0.0001388888888889106,-0.0001388888888889106,-0.0
LXK.US,long,2010-11-11,2010-11-17,5,0.2,0.2,0,-0.010277298945473178,-0.010775086556092672,-0.0
AKAM.US,long,2010-11-15,2010-11-17,3,0.20000000000000004,0.2,0,0.002046431949307959,-0.002457106545223464,0.002046431949307959
EXPE.US,long,2010-11-15,2010-11-16,2,0.2,0.2,0,-0.002226541353266898,-0.002226541353266898,-0.0
FCX.US,long,2010-11-17,2010-11-17,1,0.2,0.2,0,0.0,-0.0,-0.0
NTAP.US,long,2010-11-17,2010-11-30,9,0.2,0.2,0,0.007503006583798388,-0.0,0.015715736040609097
AET.US,long,2010-11-18,2010-11-18,1,0.2,0.2,0,0.0,-0.0,-0.0
NWL.US,long,2010-11-18,2010-11-23,4,0.2,0.2,0,-0.0042247767697118025,-0.0042247767697118025,0.00035087719298241285
SPGI.US,long,2010-11-18,2010-11-30,8,0.2,0.2,0,-0.0025449164545792817,-0.004619478073829054,-0.0
WELL.US,long,2010-11-18,2010-11-23,4,0.2,0.2,0,0.0005895209673557611,-0.0,0.0022017214030856103
CBRE.US,long,2010-11-19,2010-11-23,3,0.20000000000000004,0.2,0,-0.00028911872181509564,-0.00028911872181509564,0.002479784366576832
PG.US,long,2010-11-24,2010-11-30,4,0.2,0.2,0,-0.004913797669423437,-0.004913797669423437,-0.0
NEM.US,long,2010-11-26,2010-11-29,2,0.2,0.2,0,-0.001537410317731447,-0.001537410317731447,-0.0
VZ.US,long,2010-11-26,2010-11-30,3,0.20000000000000004,0.2,0,-0.0012352128809857588,-0.0019248680533995755,-0.0
EBAY.US,long,2010-11-30,2010-12-06,5,0.2,0.2,0,0.00244998465819879,-0.0,0.005266535653415705
BBY.US,long,2010-12-01,2010-12-01,1,0.2,0.2,0,0.0,-0.0,-0.0
VTR.US,long,2010-12-01,2010-12-06,4,0.2,0.2,0,-0.0008285194877821534,-0.0008285194877821534,0.0002758670382636996
KSS.US,long,2010-12-02,2010-12-15,10,0.2,0.2,0,-0.004869858108069747,-0.005991943742907524,-0.0
TJX.US,long,2010-12-02,2010-12-02,1,0.2,0.2,0,0.0,-0.0,-0.0
LUV.US,long,2010-12-06,2010-12-16,9,0.2,0.2,0,-0.0056274067484049835,-0.006262327383325616,-0.0
BBY.US,long,2010-12-07,2010-12-08,2,0.2,0.2,0,0.00024044241404181933,-0.0,0.00024044241404181933
DVA.US,long,2010-12-07,2010-12-29,16,0.2,0.2,0,-0.008889649732996796,-0.008889649732996796,-0.0
MMM.US,long,2010-12-07,2010-12-10,4,0.2,0.2,0,0.00031713514174638304,-0.00018221095265380516,0.0011640337332224694
WYNN.US,long,2010-12-09,2010-12-15,5,0.2,0.2,0,-0.0012031061925797944,-0.003492262819085856,-0.0
AKAM.US,long,2010-12-13,2010-12-16,4,0.2,0.2,0,-0.002610356253482982,-0.0061105597536864845,-0.0
IP.US,long,2010-12-16,2010-12-16,1,0.2,0.2,0,0.0,-0.0,-0.0
NBR.US,long,2010-12-16,2010-12-17,2,0.2,0.2,0,-0.0011834319526627059,-0.0011834319526627059,-0.0
DFS.US,long,2010-12-17,2010-12-22,4,0.2,0.2,0,0.0020076906723284884,-0.0,0.0027746947835737947
HBAN.US,long,2010-12-17,2010-12-17,1,0.2,0.2,0,0.0,-0.0,-0.0
NEM.US,long,2010-12-17,2010-12-17,1,0.2,0.2,0,0.0,-0.0,-0.0
AXP.US,long,2010-12-20,2010-12-30,8,0.2,0.2,0,0.00010071279008989627,-0.0,0.00343529411764707
FSLR.US,long,2010-12-20,2010-12-29,7,0.19999999999999998,0.2,0,-0.003652898293049068,-0.004503830450548852,0.0011947973381730038
GME.US,long,2010-12-20,2010-12-21,2,0.2,0.2,0,0.003574788334901191,-0.0,0.003574788334901191
KMX.US,long,2010-12-22,2010-12-28,4,0.2,0.2,0,-0.0028334129896134376,-0.0028334129896134376,0.00179566563467497
MAS.US,long,2010-12-23,2010-12-31,6,0.19999999999999998,0.2,0,-0.00201458046646299,-0.00201458046646299,0.0006354585046983718
THC.US,long,2010-12-29,2011-01-11,10,0.2,0.2,0,0.0065506995060097715,-0.0,0.0068324876726042925
CRM.US,long,2010-12-30,2010-12-31,2,0.2,0.2,0,-0.00036297640653357724,-0.00036297640653357724,-0.0
FFIV.US,long,2010-12-30,2010-12-31,2,0.2,0.2,0,-0.0033985348538630115,-0.0033985348538630115,-0.0
NFLX.US,long,2010-12-31,2011-01-03,2,0.2,0.2,0,0.0030848036425725756,-0.0,0.0030848036425725756
CTXS.US,long,2011-01-03,2011-01-04,2,0.2,0.2,0,-0.0026191877575044266,-0.0026191877575044266,-0.0
EXPE.US,long,2011-01-03,2011-01-04,2,0.2,0.2,0,-0.0029850746268656803,-0.0029850746268656803,-0.0
TER.US,long,2011-01-03,2011-01-06,4,0.2,0.2,0,-0.002761743361318736,-0.003355215171407755,0.0
NBR.US,long,2011-01-04,2011-01-14,9,0.2,0.2,0,-0.001587257857083202,-0.00557276510346001,0.004049295774647898
ANF.US,long,2011-01-05,2011-01-28,17,0.2,0.2,0,-0.02661213046332913,-0.026612130463329137,-0.0
HAL.US,long,2011-01-05,2011-01-10,4,0.2,0.2,0,-0.006341158645546652,-0.006341158645546652,-0.0
AKS.US,long,2011-01-07,2011-01-10,2,0.2,0.2,0,0.0,0.0,0.0
MWW.US,long,2011-01-11,2011-02-04,18,0.20000000000000004,0.2,0,-0.07390875002211032,-0.07517778555510524,0.0003338898163605997
TGNA.US,long,2011-01-11,2011-01-20,7,0.19999999999999998,0.2,0,-0.0029484809092330533,-0.0037766382591295057,0.0014917045618698444
MSI.US,long,2011-01-12,2011-01-13,2,0.2,0.2,0,-0.0005795574288725014,-0.0005795574288725014,-0.0
AIG.US,long,2011-01-14,2011-01-31,11,0.2,0.2,0,-0.020389714801482973,-0.02083680869119986,-0.0
AMD.US,long,2011-01-18,2011-01-26,7,0.19999999999999998,0.2,0,-0.015125170193640458,-0.015392549872784822,-0.0
FFIV.US,long,2011-01-21,2011-01-25,3,0.20000000000000004,0.2,0,-0.004381120799803151,-0.006201691370373741,0.0
IGT1.US,long,2011-01-26,2011-01-31,4,0.2,0.2,0,-0.0036763427620639224,-0.0036763427620639224,-0.0
RHI.US,long,2011-01-27,2011-01-31,3,0.20000000000000004,0.2,0,-0.0011714330082178486,-0.005006337135614692,-0.0
F.US,long,2011-01-31,2011-02-04,5,0.2,0.2,0,-0.0027520415161092163,-0.006919751978235911,-0.0
MJN.US,long,2011-02-01,2011-02-02,2,0.2,0.2,0,-0.0012435233160621674,-0.0012435233160621674,-0.0
THC.US,long,2011-02-01,2011-02-04,4,0.2,0.2,0,0.0006037535441884234,0.0,0.0009022556390977155
VAR.US,long,2011-02-01,2011-02-02,2,0.2,0.2,0,0.0008968609865470878,-0.0,0.0008968609865470878
CPPRQ.US,long,2011-02-03,2011-02-04,2,0.2,0.2,0,0.004598445595854939,-0.0,0.004598445595854939
DHI.US,long,2011-02-03,2011-02-04,2,0.2,0.2,0,-0.002857142857142825,-0.002857142857142825,-0.0
AIV.US,long,2011-02-07,2011-02-10,4,0.2,0.2,0,-0.0025379735228855836,-0.0032911341959138032,-0.0
AKAM.US,long,2011-02-07,2011-02-11,5,0.2,0.2,0,-0.024296497097670986,-0.027633920410554413,0.0029964127453049106
CNX.US,long,2011-02-07,2011-02-22,11,0.2,0.2,0,-0.011441648671445152,-0.01144164867144515,0.004640544115181511
DVN.US,long,2011-02-07,2011-02-11,5,0.2,0.2,0,-0.0012195166961348482,-0.002559018504191513,-0.0
NOVL.US,long,2011-02-07,2011-03-07,20,0.20000000000000004,0.2,0,-0.005083164205633862,-0.005083164205633862,0.0006734006734006482
FCX.US,long,2011-02-11,2011-02-11,1,0.2,0.2,0,0.0,-0.0,-0.0
BRCM.US,long,2011-02-14,2011-02-23,7,0.19999999999999998,0.2,0,-0.012964862059204486,-0.012964862059204486,-0.0
CSC.US,long,2011-02-14,2011-02-15,2,0.2,0.2,0,-0.0011749895090222174,-0.0011749895090222174,-0.0
IGT1.US,long,2011-02-14,2011-02-25,9,0.2,0.2,0,-0.011710674781242993,-0.016238976668035445,-0.0
MAS.US,long,2011-02-16,2011-02-17,2,0.2,0.2,0,0.005928237129485137,-0.0,0.005928237129485137
FFIV.US,long,2011-02-18,2011-02-23,3,0.20000000000000004,0.2,0,-0.014920281142101244,-0.014920281142101244,-0.0
VIAV.US,long,2011-02-23,2011-03-03,7,0.19999999999999998,0.2,0,0.01327707900818862,-0.0,0.01327707900818862
GT.US,long,2011-02-24,2011-02-25,2,0.2,0.2,0,0.003961848862802641,-0.0,0.003961848862802641
SHLDQ.US,long,2011-02-24,2011-03-02,5,0.2,0.2,0,0.003749433280887704,-0.0,0.003749433280887704
AIG.US,long,2011-02-28,2011-03-10,9,0.2,0.2,0,-0.0030734160164749957,-0.003073416016474995,0.002452964663512059
FSLR.US,long,2011-02-28,2011-03-11,10,0.2,0.2,0,-0.010528436370402952,-0.010528436370402952,-0.0
NFLX.US,long,2011-03-03,2011-03-03,1,0.2,0.2,0,0.0,-0.0,-0.0
GAP.US,long,2011-03-04,2011-03-08,3,0.20000000000000004,0.2,0,-0.0026806773108870364,-0.00305697081982399,-0.0
TFC.US,long,2011-03-04,2011-03-07,2,0.2,0.2,0,-0.00015168752370118277,-0.00015168752370118277,-0.0
FCX.US,long,2011-03-08,2011-03-10,3,0.20000000000000004,0.2,0,-0.009349882271386846,-0.009349882271386846,-0.0
NVDA.US,long,2011-03-08,2011-03-23,12,0.20000000000000004,0.2,0,-0.017932131222207916,-0.022116711331121634,-0.0
VIAV.US,long,2011-03-09,2011-03-23,11,0.2,0.2,0,-0.020300878523262525,-0.02361524613037256,0.0032052353830874128
EBAY.US,long,2011-03-11,2011-03-22,8,0.2,0.2,0,-0.0044600865179059476,-0.007781419572900972,-0.0
NVLS1.US,long,2011-03-11,2011-03-18,6,0.19999999999999998,0.2,0,-0.006542955098944425,-0.008638510388443788,0.0
IPG.US,long,2011-03-14,2011-03-23,8,0.2,0.2,0,-0.008582273613594538,-0.011093492854591516,-0.0
DGX.US,long,2011-03-21,2011-03-23,3,0.20000000000000004,0.2,0,0.00014917601975259485,0.0,0.0003349460364718837
HBAN.US,long,2011-03-23,2011-03-24,2,0.2,0.2,0,0.001238390092879227,-0.0,0.001238390092879227
K.US,long,2011-03-25,2011-04-01,6,0.19999999999999998,0.2,0,0.002277396355657935,-0.0,0.002277396355657935
MS.US,long,2011-03-25,2011-04-05,8,0.2,0.2,0,0.0003748349660306127,-0.0002155709380284199,0.0013975488595071807
GS.US,long,2011-03-28,2011-03-29,2,0.2,0.2,0,0.0025564005879721297,-0.0,0.0025564005879721297
SNI.US,long,2011-03-28,2011-03-29,2,0.2,0.2,0,-0.0003674969375255133,-0.0003674969375255133,-0.0
SYK.US,long,2011-03-28,2011-04-01,5,0.2,0.2,0,0.0012305618723386757,-0.0,0.0018503221543036297
GLW.US,long,2011-03-30,2011-04-13,11,0.2,0.2,0,-0.014382231065451178,-0.016050635653563794,-0.0
LEN.US,long,2011-03-30,2011-04-14,12,0.20000000000000004,0.2,0,-0.0012435834198128107,-0.0021668557754168875,0.0014739389587869354
AMD.US,long,2011-04-04,2011-04-05,2,0.2,0.2,0,0.00024691358024688805,-0.0,0.00024691358024688805
NVDA.US,long,2011-04-04,2011-04-06,3,0.20000000000000004,0.2,0,-0.0010233073714302154,-0.0010233073714302154,0.0003418803418803407
CNX.US,long,2011-04-06,2011-04-07,2,0.2,0.2,0,0.0035314618833025783,-0.0,0.0035314618833025783
FSLR.US,long,2011-04-06,2011-04-19,10,0.2,0.2,0,-0.022730249958889972,-0.022730249958889972,-0.0
NFLX.US,long,2011-04-07,2011-04-12,4,0.2,0.2,0,0.00011292394644195607,-0.0049361644126043385,0.0007693622841511872
ANDV.US,long,2011-04-08,2011-04-12,3,0.20000000000000004,0.2,0,-0.004438518639453326,-0.004438518639453326,-0.0
AKS.US,long,2011-04-13,2011-04-18,4,0.2,0.2,0,0.0025132642664703387,-0.0,0.003157894736842115
FCX.US,long,2011-04-13,2011-04-18,4,0.2,0.2,0,-0.006568676707148091,-0.006568676707148091,-0.0
RRC.US,long,2011-04-14,2011-04-20,5,0.2,0.2,0,0.0006344551582067037,-0.0008112363008003333,0.001742754309528305
CF.US,long,2011-04-15,2011-04-18,2,0.2,0.2,0,0.004585320818587535,-0.0,0.004585320818587535
BTUUQ.US,long,2011-04-19,2011-04-19,1,0.2,0.2,0,0.0,-0.0,-0.0
HOG.US,long,2011-04-19,2011-04-29,8,0.2,0.2,0,-0.0018088427557688472,-0.001808842755768847,0.002914166328545154
VIAV.US,long,2011-04-19,2011-04-19,1,0.2,0.2,0,0.0,0.0,0.0
JCI.US,long,2011-04-20,2011-04-28,6,0.19999999999999998,0.2,0,-0.0012156362302934154,-0.0012156362302934154,0.0008712661810503342
TXT.US,long,2011-04-20,2011-04-25,3,0.20000000000000004,0.2,0,0.0003142461418033538,-0.0,0.0005488043904350537
TYC.US,long,2011-04-20,2011-04-28,6,0.19999999999999998,0.2,0,-0.00122941168233357,-0.00122941168233357,0.0008715159629977709
ADBE.US,long,2011-04-21,2011-04-26,3,0.20000000000000004,0.2,0,-0.002095294696713901,-0.002095294696713901,-0.0
MAS.US,long,2011-04-26,2011-04-27,2,0.2,0.2,0,0.003534204458109125,-0.0,0.003534204458109125
CBRE.US,long,2011-04-27,2011-04-29,3,0.20000000000000004,0.2,0,-0.00028552794396048404,-0.0017943925233644853,-0.0
TER.US,long,2011-04-28,2011-05-06,7,0.19999999999999998,0.2,0,0.0008110076432185534,-0.004121965427943075,0.000873362445414827
CLF.US,long,2011-04-29,2011-05-06,6,0.19999999999999998,0.2,0,-0.010239936992755426,-0.013381436605585662,-0.0
JNPR.US,long,2011-04-29,2011-05-09,7,0.19999999999999998,0.2,0,-0.005388669495200315,-0.006250274234026354,-0.0
AKS.US,long,2011-05-02,2011-05-17,12,0.20000000000000004,0.2,0,-0.01741668983845204,-0.020679101185969787,0.001399491094147587
THC.US,long,2011-05-02,2011-05-05,4,0.2,0.2,0,-0.006331397358268065,-0.012710982685221818,-0.0
HP.US,long,2011-05-06,2011-05-09,2,0.2,0.2,0,0.006069013351829389,-0.0,0.006069013351829389
HRB.US,long,2011-05-09,2011-05-16,6,0.19999999999999998,0.2,0,-0.0006888704973340155,-0.0036409290646578496,0.00043340421599802337
MU.US,long,2011-05-09,2011-05-18,8,0.2,0.2,0,-0.007228604136492622,-0.009643091058021813,0.00391432338050466
BSX.US,long,2011-05-10,2011-05-18,7,0.19999999999999998,0.2,0,-0.006037147820311218,-0.006037147820311218,-0.0
TGNA.US,long,2011-05-10,2011-05-18,7,0.19999999999999998,0.2,0,-0.004478761901742789,-0.0053065281827666235,-0.0
VIAV.US,long,2011-05-17,2011-05-17,1,0.2,0.2,0,0.0,-0.0,-0.0
CTSH.US,long,2011-05-18,2011-05-19,2,0.2,0.2,0,0.0008722911271636492,-0.0,0.0008722911271636492
DE.US,long,2011-05-18,2011-05-26,7,0.19999999999999998,0.2,0,-0.0035485080448012015,-0.00805038970485994,-0.0
ATI.US,long,2011-05-19,2011-05-23,3,0.20000000000000004,0.2,0,-0.004273298278258531,-0.004775022956841135,-0.0
GILD.US,long,2011-05-19,2011-05-19,1,0.2,0.2,0,0.0,-0.0,-0.0
KLAC.US,long,2011-05-19,2011-05-24,4,0.2,0.2,0,-0.003016256916290594,-0.003016256916290594,-0.0
DD.US,long,2011-05-20,2011-05-24,3,0.20000000000000004,0.2,0,-0.0030073518605747696,-0.0030073518605747696,-0.0
NDAQ.US,long,2011-05-20,2011-05-26,5,0.2,0.2,0,-0.008900627644331284,-0.008900627644331284,-0.0
VIAV.US,long,2011-05-24,2011-05-25,2,0.2,0.2,0,0.003097091440643407,-0.0,0.003097091440643407
MU.US,long,2011-05-25,2011-05-25,1,0.2,0.2,0,0.0,-0.0,-0.0
RL.US,long,2011-05-25,2011-05-26,2,0.2,0.2,0,0.006312118570183056,-0.0,0.006312118570183056
EBAY.US,long,2011-05-26,2011-05-27,2,0.2,0.2,0,0.00013176820537572632,-0.0,0.00013176820537572632
HIG.US,long,2011-05-26,2011-05-26,1,0.2,0.2,0,0.0,0.0,0.0
BIIB.US,long,2011-05-27,2011-05-27,1,0.2,0.2,0,0.0,-0.0,-0.0
ICE.US,long,2011-05-27,2011-06-08,8,0.2,0.2,0,-0.010075278953810374,-0.010075278953810374,0.002483846605689344
IGT1.US,long,2011-05-27,2011-06-10,10,0.2,0.2,0,-0.01595800587312506,-0.01595800587312506,0.00046511627906977717
MHS.US,long,2011-05-27,2011-05-27,1,0.2,0.2,0,0.0,-0.0,-0.0
CPPRQ.US,long,2011-05-31,2011-06-13,10,0.2,0.2,0,-0.032013580401636245,-0.03328363387757203,-0.0
KSS.US,long,2011-05-31,2011-06-13,10,0.2,0.2,0,-0.01221829965007424,-0.012379071354254291,-0.0
VRSN.US,long,2011-05-31,2011-06-01,2,0.2,0.2,0,-0.0028555111364934275,-0.0028555111364934275,-0.0
ANDV.US,long,2011-06-02,2011-06-13,8,0.2,0.2,0,-0.016200355264691504,-0.016200355264691504,-0.0
NVDA.US,long,2011-06-09,2011-06-22,10,0.2,0.2,0,-0.019367475162600536,-0.02096397601781157,-0.0
GT.US,long,2011-06-13,2011-06-20,6,0.19999999999999998,0.2,0,0.0019395438281441853,-0.0003600438951723243,0.003247631935047357
BKNG.US,long,2011-06-14,2011-06-20,5,0.2,0.2,0,-0.009255796987037556,-0.009255796987037556,-0.0
CELG.US,long,2011-06-14,2011-06-17,4,0.2,0.2,0,-0.000689011968246156,-0.0008273723971634617,-0.0
GILD.US,long,2011-06-14,2011-06-17,4,0.2,0.2,0,-0.001208449752326324,-0.001208449752326324,-0.0
JBL.US,long,2011-06-20,2011-06-20,1,0.2,0.2,0,0.0,-0.0,-0.0
NFLX.US,long,2011-06-20,2011-06-20,1,0.2,0.2,0,0.0,-0.0,-0.0
BA.US,long,2011-06-22,2011-06-24,3,0.20000000000000004,0.2,0,-0.002384575415243573,-0.0024126455906821943,-0.0
FLIR.US,long,2011-06-22,2011-06-27,4,0.2,0.2,0,-0.004031517861383982,-0.004718373933816089,-0.0
AVB.US,long,2011-06-23,2011-06-27,3,0.20000000000000004,0.2,0,-7.820415904919998e-05,-0.00017243948088312423,-0.0
OXY.US,long,2011-06-23,2011-06-27,3,0.20000000000000004,0.2,0,-0.0009168119877311921,-0.001871417408314491,-0.0
SPG.US,long,2011-06-23,2011-06-24,2,0.2,0.2,0,0.000821575281300202,-0.0,0.000821575281300202
MRO.US,long,2011-06-27,2011-06-27,1,0.2,0.2,0,0.0,-0.0,-0.0
SLB.US,long,2011-06-27,2011-06-27,1,0.2,0.2,0,0.0,-0.0,-0.0
DGX.US,long,2011-06-28,2011-07-05,5,0.2,0.2,0,0.0019013378808102168,-0.0023978385680513362,0.0025028416402086864
MO.US,long,2011-06-28,2011-07-05,5,0.2,0.2,0,0.001839244211843605,-0.001972685887708625,0.001839244211843605
ATI.US,long,2011-07-06,2011-07-12,5,0.2,0.2,0,-0.0010306249413102554,-0.0010306249413102554,0.006025492468134441
PFE.US,long,2011-07-07,2011-07-18,8,0.2,0.2,0,-0.005902290892217122,-0.005902290892217121,-0.0
TSN.US,long,2011-07-07,2011-07-11,3,0.20000000000000004,0.2,0,-0.006460182102761381,-0.006460182102761381,-0.0
ELV.US,long,2011-07-08,2011-07-20,9,0.2,0.2,0,-0.011262111108137728,-0.011561268029541029,-0.0
TFCF.US,long,2011-07-08,2011-07-18,7,0.19999999999999998,0.2,0,-0.022810099041694114,-0.022810099041694114,-0.0
CBRE.US,long,2011-07-12,2011-07-18,5,0.2,0.2,0,-0.0033806387103467064,-0.00578966148196014,8.517887563881389e-05
CTXS.US,long,2011-07-13,2011-07-14,2,0.2,0.2,0,-0.0039008961518186116,-0.0039008961518186116,-0.0
BSX.US,long,2011-07-15,2011-07-18,2,0.2,0.2,0,-0.0025677603423680307,-0.0025677603423680307,-0.0
HUM.US,long,2011-07-19,2011-08-08,15,0.20000000000000007,0.2,0,-0.03767348721724435,-0.03767348721724435,0.0002292125304028226
JNJ.US,long,2011-07-19,2011-08-10,17,0.2,0.2,0,-0.020226927011975773,-0.020226927011975773,7.814569767417034e-06
NOC.US,long,2011-07-19,2011-07-19,1,0.2,0.2,0,0.0,0.0,0.0
ECL.US,long,2011-07-20,2011-08-17,21,0.20000000000000004,0.2,0,-0.018385870547022475,-0.026372735741263996,0.007366984993178738
UNP.US,long,2011-07-20,2011-07-20,1,0.2,0.2,0,0.0,-0.0,-0.0
COR.US,long,2011-07-21,2011-07-21,1,0.2,0.2,0,0.0,-0.0,-0.0
EW.US,long,2011-07-21,2011-08-02,9,0.2,0.2,0,-0.03169684886919855,-0.03181144440681407,-0.0
BCR.US,long,2011-07-22,2011-08-08,12,0.20000000000000004,0.2,0,-0.02876658491100328,-0.02876658491100328,0.0017272544687688019
JOY.US,long,2011-08-03,2011-08-08,4,0.2,0.2,0,-0.04076169087471218,-0.04076169087471218,-0.0
CERN.US,long,2011-08-18,2011-08-24,5,0.2,0.2,0,0.02677592979788162,-0.0,0.02677592979788162
CMG.US,long,2011-08-18,2011-08-24,5,0.2,0.2,0,0.008903547617663035,-0.00802340817932492,0.008903547617663035
EXPE.US,long,2011-08-18,2011-08-24,5,0.2,0.2,0,0.005422297715878721,-0.0038447319778188273,0.005422297715878721
ISRG.US,long,2011-08-18,2011-08-24,5,0.2,0.2,0,0.009471176072986287,-0.0077873956990940135,0.009471176072986287
MA.US,long,2011-08-18,2011-08-24,5,0.2,0.2,0,0.013231233068046811,-0.003115673477419545,0.013231233068046811
HNZ.US,long,2011-08-25,2011-08-31,5,0.2,0.2,0,0.00724725201218175,-0.0,0.00724725201218175
TJX.US,long,2011-09-01,2011-09-06,3,0.20000000000000004,0.2,0,-0.003406225452763079,-0.003406225452763079,-0.0
COV.US,long,2011-09-02,2011-09-06,2,0.2,0.2,0,-0.0011477635978932367,-0.0011477635978932367,-0.0
IRM.US,long,2011-09-02,2011-09-06,2,0.2,0.2,0,-6.345177664974777e-05,-6.345177664974777e-05,-0.0
MA.US,long,2011-09-02,2011-09-06,2,0.2,0.2,0,0.0014469252837719716,-0.0,0.0014469252837719716
VFC.US,long,2011-09-02,2011-09-06,2,0.2,0.2,0,-0.00046201729188566354,-0.00046201729188566354,-0.0
NEE.US,long,2011-09-07,2011-09-14,6,0.19999999999999998,0.2,0,-0.004162867109543433,-0.005133197395044475,-0.0
AEP.US,long,2011-09-09,2011-09-19,7,0.19999999999999998,0.2,0,0.003947258567614798,-0.0,0.004531573217229924
MO.US,long,2011-09-09,2011-09-12,2,0.2,0.2,0,0.001289343951459987,-0.0,0.001289343951459987
PM.US,long,2011-09-09,2011-09-13,3,0.20000000000000004,0.2,0,0.00021271891214278416,-0.0,0.00036418816388468224
PNW.US,long,2011-09-09,2011-09-12,2,0.2,0.2,0,0.0016229116945107426,-0.0,0.0016229116945107426
EQR.US,long,2011-09-14,2011-09-22,7,0.19999999999999998,0.2,0,-0.02549294519529257,-0.02549294519529257,-0.0
AVB.US,long,2011-09-19,2011-09-23,5,0.2,0.2,0,-0.014209517307145859,-0.017800773768723778,-0.0
CVS.US,long,2011-09-19,2011-09-26,6,0.19999999999999998,0.2,0,-0.007275793404125474,-0.008857979164453633,0.0006724572709442711
EXPE.US,long,2011-09-19,2011-09-23,5,0.2,0.2,0,-0.01113073000550202,-0.015570158146961811,0.0005557485237930315
CF.US,long,2011-09-20,2011-09-23,4,0.2,0.2,0,-0.022657224260828793,-0.022657224260828793,-0.0
RRC.US,long,2011-09-23,2011-09-26,2,0.2,0.2,0,0.005023065094823176,-0.0,0.005023065094823176
WYNN.US,long,2011-09-26,2011-10-03,6,0.19999999999999998,0.2,0,-0.04074864534017602,-0.04074864534017602,0.00473753472729932
AAPL.US,long,2011-09-28,2011-10-13,12,0.20000000000000004,0.2,0,0.00622264901929288,-0.014017009226863086,0.006222649019292882
BKNG.US,long,2011-09-28,2011-10-05,6,0.19999999999999998,0.2,0,-0.021691886556326506,-0.022444138808578745,-0.0
ED.US,long,2011-09-28,2011-09-28,1,0.2,0.2,0,0.0,-0.0,-0.0
DFS.US,long,2011-09-29,2011-10-04,4,0.2,0.2,0,-0.005575783547352709,-0.01152172949329864,-0.0
FDO.US,long,2011-09-29,2011-10-03,3,0.20000000000000004,0.2,0,-0.0038524127505435548,-0.0038524127505435548,-0.0
CERN.US,long,2011-10-04,2011-10-04,1,0.2,0.2,0,0.0,-0.0,-0.0
MA.US,long,2011-10-04,2011-10-04,1,0.2,0.2,0,0.0,-0.0,-0.0
COST.US,long,2011-10-05,2011-10-13,7,0.19999999999999998,0.2,0,0.0036092824796969186,-0.0030713678844520144,0.0036092824796969186
FE.US,long,2011-10-05,2011-10-06,2,0.2,0.2,0,0.0013364055299539324,-0.0,0.0013364055299539324
PPL.US,long,2011-10-05,2011-10-05,1,0.2,0.2,0,0.0,-0.0,-0.0
FAST.US,long,2011-10-14,2011-10-17,2,0.2,0.2,0,-0.00011976047904187493,-0.00011976047904187493,-0.0
LO.US,long,2011-10-18,2011-10-27,8,0.2,0.2,0,0.002830205653954242,-0.0,0.007101879659668553
AGN.US,long,2011-10-19,2011-10-20,2,0.2,0.2,0,0.003511931562359294,-0.0,0.003511931562359294
CMG.US,long,2011-10-19,2011-10-20,2,0.2,0.2,0,-0.0015212556805362931,-0.0015212556805362931,-0.0
MJN.US,long,2011-10-19,2011-10-20,2,0.2,0.2,0,0.0018741258741258983,-0.0,0.0018741258741258983
NEM.US,long,2011-10-19,2011-10-21,3,0.20000000000000004,0.2,0,0.0010299148894696184,-0.002182284980744531,0.0010299148894696184
AAPL.US,long,2011-10-21,2011-10-21,1,0.2,0.2,0,0.0,-0.0,-0.0
BMY.US,long,2011-10-25,2011-10-26,2,0.2,0.2,0,0.0024914356898162906,-0.0,0.0024914356898162906
CAG.US,long,2011-10-25,2011-10-26,2,0.2,0.2,0,0.0013583945664217278,-0.0,0.0013583945664217278
LLY.US,long,2011-10-25,2011-10-26,2,0.2,0.2,0,0.00042757883484765283,-0.0,0.00042757883484765283
VZ.US,long,2011-10-25,2011-10-26,2,0.2,0.2,0,0.00342636087316941,-0.0,0.00342636087316941
HSY.US,long,2011-10-27,2011-11-01,4,0.2,0.2,0,-0.0006259566676219074,-0.0008006901989866088,-0.0
IRM.US,long,2011-10-28,2011-11-10,10,0.2,0.2,0,-0.010302022483037354,-0.01179862112249317,-0.0
PCP.US,long,2011-10-28,2011-11-01,3,0.20000000000000004,0.2,0,-0.004573284090757679,-0.004573284090757679,0.001519268774703564
CERN.US,long,2011-10-31,2011-11-02,3,0.20000000000000004,0.2,0,-0.0033586237113654607,-0.00409900677912658,-0.0
EA.US,long,2011-10-31,2011-11-01,2,0.2,0.2,0,-0.007623126338329778,-0.007623126338329778,-0.0
APOL.US,long,2011-11-02,2011-11-02,1,0.2,0.2,0,0.0,-0.0,-0.0
CNP.US,long,2011-11-02,2011-11-15,10,0.2,0.2,0,-0.0026396595934445894,-0.006276023229808248,0.0026836518604342885
INTC.US,long,2011-11-02,2011-11-02,1,0.2,0.2,0,0.0,-0.0,-0.0
AN.US,long,2011-11-03,2011-11-15,9,0.2,0.2,0,-0.01672487823190192,-0.02102736558518221,-0.0
AGN.US,long,2011-11-04,2011-11-07,2,0.2,0.2,0,0.002255871446229918,-0.0,0.002255871446229918
COR.US,long,2011-11-04,2011-11-10,5,0.2,0.2,0,-0.002361095299616811,-0.004976842095327005,0.0025497195308516133
RRC.US,long,2011-11-09,2011-11-09,1,0.2,0.2,0,0.0,-0.0,-0.0
SHLDQ.US,long,2011-11-10,2011-11-10,1,0.2,0.2,0,0.0,-0.0,-0.0
AAPL.US,long,2011-11-11,2011-11-15,3,0.20000000000000004,0.2,0,0.002260124412434039,-0.002786756355376974,0.002260124412434039
ANDV.US,long,2011-11-16,2011-12-06,14,0.20000000000000004,0.2,0,-0.006805615597688154,-0.015665662833664107,0.005437638530382728
CERN.US,long,2011-11-16,2011-12-06,14,0.20000000000000004,0.2,0,-0.003011864513209027,-0.0171139830362127,0.0003956866345337113
CMG.US,long,2011-11-16,2011-12-06,14,0.20000000000000004,0.2,0,0.009509054925003535,-0.010392695599004777,0.012352515857159017
CVX.US,long,2011-11-16,2011-12-06,14,0.20000000000000004,0.2,0,0.007176429398228268,-0.017916467042987928,0.007176429398228268
EQT.US,long,2011-11-16,2011-12-19,23,0.20000000000000007,0.2,0,-0.024217214503550813,-0.024217214503550813,0.0056992673586789165
CTRA.US,long,2011-12-07,2011-12-19,9,0.2,0.2,0,-0.024040166492577696,-0.024065594451027537,-0.0
RRC.US,long,2011-12-07,2011-12-19,9,0.2,0.2,0,-0.026270963666233958,-0.026270963666233958,0.00026525105995300885
JOY.US,long,2011-12-08,2011-12-22,11,0.2,0.2,0,-0.024112765874678196,-0.034114891218885474,0.003962890848700074
PXD.US,long,2011-12-08,2011-12-19,8,0.2,0.2,0,-0.01610768588825553,-0.016107685888255528,0.006127755794234036
GIS.US,long,2011-12-20,2011-12-20,1,0.2,0.2,0,0.0,-0.0,-0.0
BBBYQ.US,long,2011-12-22,2011-12-28,4,0.2,0.2,0,0.0010424664368520855,-0.00041681139284472924,0.0010424664368520855
VFC.US,long,2011-12-22,2011-12-22,1,0.2,0.2,0,0.0,-0.0,-0.0
AZO.US,long,2011-12-29,2012-01-04,4,0.2,0.2,0,0.0005115318386143212,-0.003972660912878822,0.0005115318386143212
ORLY.US,long,2011-12-30,2012-01-04,3,0.20000000000000004,0.2,0,-0.0014573818545321245,-0.0045027917308731345,-0.0
PRGO.US,long,2011-12-30,2012-01-09,6,0.19999999999999998,0.2,0,-0.0013691678996607503,-0.0044524432639146076,0.0025693730729702048
BBWI.US,long,2012-01-03,2012-01-11,7,0.19999999999999998,0.2,0,0.0017759190222373933,-0.0013982976071641895,0.002604846475487888
ROST.US,long,2012-01-03,2012-01-04,2,0.2,0.2,0,0.0013956438993444566,-0.0,0.0013956438993444566
CPPRQ.US,long,2012-01-05,2012-01-05,1,0.2,0.2,0,0.0,-0.0,-0.0
DFODQ.US,long,2012-01-05,2012-01-06,2,0.2,0.2,0,-0.0020618556701030855,-0.0020618556701030855,-0.0
MA.US,long,2012-01-05,2012-01-09,3,0.20000000000000004,0.2,0,-0.0036944156692826358,-0.005385772253908794,-0.0
HNZ.US,long,2012-01-06,2012-01-24,12,0.20000000000000004,0.2,0,-0.004124185068126373,-0.005130961447603632,0.0019346142559027559
IGT1.US,long,2012-01-09,2012-01-11,3,0.20000000000000004,0.2,0,0.0040292980226567686,-0.0,0.004491725768321508
AIZ.US,long,2012-01-10,2012-01-13,4,0.2,0.2,0,-0.011922542979602248,-0.012237848507278583,-0.0
LEG.US,long,2012-01-10,2012-01-11,2,0.2,0.2,0,0.00017849174475679242,-0.0,0.00017849174475679242
CVX.US,long,2012-01-12,2012-01-12,1,0.2,0.2,0,0.0,-0.0,-0.0
HP.US,long,2012-01-12,2012-01-17,3,0.20000000000000004,0.2,0,-0.006663734568657321,-0.006663734568657321,-0.0
JWN.US,long,2012-01-12,2012-01-17,3,0.20000000000000004,0.2,0,0.0002645980416557726,-0.0018393623543838224,0.0002645980416557726
CPPRQ.US,long,2012-01-13,2012-01-18,3,0.20000000000000004,0.2,0,0.001119419999088045,-0.0027267338470657876,0.001119419999088045
CERN.US,long,2012-01-17,2012-01-18,2,0.2,0.2,0,0.0004930966469427922,-0.0,0.0004930966469427922
NEM.US,long,2012-01-18,2012-01-24,5,0.2,0.2,0,-0.00963405258419594,-0.00963405258419594,-0.0
PWR.US,long,2012-01-18,2012-01-24,5,0.2,0.2,0,-0.006133836534334814,-0.006421468365590811,0.0012993039443155664
APOL.US,long,2012-01-19,2012-01-20,2,0.2,0.2,0,0.00414953271028038,-0.0,0.00414953271028038
PNC.US,long,2012-01-19,2012-02-02,11,0.2,0.2,0,0.001420306312275277,-0.0016726271960622488,0.0015873627773604461
KEY.US,long,2012-01-23,2012-02-02,9,0.2,0.2,0,-0.003920153495468792,-0.00827234918524411,0.0031992453093458106
GOOGL.US,long,2012-01-25,2012-01-26,2,0.2,0.2,0,-0.0004881406406933797,-0.0004881406406933797,-0.0
HUM.US,long,2012-01-25,2012-01-30,4,0.2,0.2,0,-0.00296775202225601,-0.005449469570072574,-0.0
TEL.US,long,2012-01-25,2012-01-30,4,0.2,0.2,0,-0.004645399005966944,-0.004645399005966944,-0.0
MU.US,long,2012-01-27,2012-01-30,2,0.2,0.2,0,0.003499327052489898,-0.0,0.003499327052489898
LEN.US,long,2012-01-31,2012-02-02,3,0.20000000000000004,0.2,0,0.002339924127756943,-0.0,0.0031644055953893527
PHM.US,long,2012-01-31,2012-02-02,3,0.20000000000000004,0.2,0,0.00815791954880125,-0.0,0.010201342281879189
TGNA.US,long,2012-01-31,2012-02-02,3,0.20000000000000004,0.2,0,0.0032372162587130937,0.0,0.0032372162587130937
ETR.US,long,2012-02-03,2012-02-06,2,0.2,0.2,0,-0.0008111239860950415,-0.0008111239860950415,-0.0
KMX.US,long,2012-02-03,2012-02-16,10,0.2,0.2,0,-5.723340181367203e-05,-0.003976105866578194,0.0048157867627092845
R.US,long,2012-02-03,2012-02-06,2,0.2,0.2,0,-0.0004561003420752163,-0.0004561003420752163,-0.0
SE1.US,long,2012-02-03,2012-02-06,2,0.2,0.2,0,0.0012434554973822288,-0.0,0.0012434554973822288
SWY.US,long,2012-02-03,2012-02-07,3,0.20000000000000004,0.2,0,-0.0037781235294367167,-0.0037781235294367167,-0.0
GIS.US,long,2012-02-07,2012-02-10,4,0.2,0.2,0,-0.0015199377330881614,-0.0018786494034018554,-0.0
HSY.US,long,2012-02-07,2012-02-13,5,0.2,0.2,0,-0.002017235250959937,-0.002957621481018702,-0.0
MKC.US,long,2012-02-07,2012-02-16,8,0.2,0.2,0,-7.41182445524567e-05,-0.0011097685134231928,0.0005147812308937017
PFG.US,long,2012-02-08,2012-02-14,5,0.2,0.2,0,-0.002245105409168313,-0.0038481823930969885,0.0015712682379349198
MS.US,long,2012-02-13,2012-02-29,12,0.20000000000000004,0.2,0,-0.01023596483607343,-0.010804419111028318,-0.0
OI.US,long,2012-02-14,2012-02-17,4,0.2,0.2,0,0.0003509417567872709,-0.0013327780091628495,0.0009313729342333766
HP.US,long,2012-02-15,2012-02-15,1,0.2,0.2,0,0.0,-0.0,-0.0
PSKY.US,long,2012-02-16,2012-02-16,1,0.2,0.2,0,0.0,-0.0,-0.0
FDO.US,long,2012-02-17,2012-02-22,3,0.20000000000000004,0.2,0,-0.001998429313739214,-0.002478134110787167,-0.0
GILD.US,long,2012-02-17,2012-02-22,3,0.20000000000000004,0.2,0,-0.010545831091728842,-0.010545831091728842,-0.0
LIFE2.US,long,2012-02-17,2012-02-22,3,0.20000000000000004,0.2,0,0.004504518599406549,-0.0,0.004504518599406549
PHM.US,long,2012-02-21,2012-02-28,6,0.19999999999999998,0.2,0,-0.006398437385137502,-0.006398437385137502,0.0035502908963352727
AKAM.US,long,2012-02-23,2012-02-23,1,0.2,0.2,0,0.0,-0.0,-0.0
MU.US,long,2012-02-23,2012-02-24,2,0.2,0.2,0,0.0033248081841432244,-0.0,0.0033248081841432244
SWY.US,long,2012-02-23,2012-02-24,2,0.2,0.2,0,-0.0001909307875894939,-0.0001909307875894939,-0.0
PWR.US,long,2012-02-24,2012-03-02,6,0.19999999999999998,0.2,0,-0.0007770140635604773,-0.0015678657743465776,0.0025628856193640193
NVDA.US,long,2012-02-27,2012-03-23,20,0.20000000000000004,0.2,0,-0.011979636710917795,-0.014527630307349096,-0.0
WDC.US,long,2012-02-27,2012-03-07,8,0.2,0.2,0,-0.004545825573159769,-0.008038034063218902,0.005490067773118512
CTRA.US,long,2012-02-29,2012-02-29,1,0.2,0.2,0,0.0,-0.0,-0.0
CPPRQ.US,long,2012-03-01,2012-03-19,13,0.20000000000000004,0.2,0,-0.014535670172047334,-0.014535670172047334,-0.0
TGNA.US,long,2012-03-01,2012-03-02,2,0.2,0.2,0,-0.0032454361054766734,-0.0032454361054766734,-0.0
CF.US,long,2012-03-05,2012-03-06,2,0.2,0.2,0,-0.010124733116080465,-0.010124733116080465,-0.0
NBR.US,long,2012-03-05,2012-03-07,3,0.20000000000000004,0.2,0,-0.008274522546645936,-0.008274522546645936,-0.0
HAR.US,long,2012-03-07,2012-03-07,1,0.2,0.2,0,0.0,0.0,0.0
AFL.US,long,2012-03-08,2012-03-12,3,0.20000000000000004,0.2,0,-0.00011703002570151444,-0.00011703002570151444,0.001787310098302042
AIZ.US,long,2012-03-08,2012-03-12,3,0.20000000000000004,0.2,0,9.68217171364749e-05,-0.00038360105490289345,9.68217171364749e-05
SEE.US,long,2012-03-08,2012-03-12,3,0.20000000000000004,0.2,0,-0.0023581310775555144,-0.0023581310775555144,0.0004110996916752541
GR.US,long,2012-03-13,2012-03-15,3,0.20000000000000004,0.2,0,-0.029573934837092742,-0.029573934837092742,0.0
PRGO.US,long,2012-03-14,2012-03-20,5,0.2,0.2,0,-0.003055577714306401,-0.004636939571150078,-0.0
RAI.US,long,2012-03-14,2012-03-23,8,0.2,0.2,0,-0.0015950446248365947,-0.0015950446248365947,0.00014787527531374685
WDC.US,long,2012-03-16,2012-03-19,2,0.2,0.2,0,-0.0003659174072138116,-0.0003659174072138116,-0.0
BWA.US,long,2012-03-20,2012-03-20,1,0.2,0.2,0,0.0,-0.0,-0.0
VLO.US,long,2012-03-20,2012-03-23,4,0.2,0.2,0,-0.005597306535152114,-0.007488380665258033,-0.0
FTI1.US,long,2012-03-21,2012-03-23,3,0.20000000000000004,0.2,0,-0.004811792785720526,-0.005599194360523674,-0.0
SHLDQ.US,long,2012-03-21,2012-03-26,4,0.2,0.2,0,-0.013064458170774996,-0.013064458170774996,-0.0
DHI.US,long,2012-03-26,2012-03-26,1,0.2,0.2,0,0.0,0.0,0.0
LXK.US,long,2012-03-26,2012-04-09,10,0.2,0.2,0,-0.013110061277275566,-0.013110061277275566,-0.0
MU.US,long,2012-03-26,2012-03-26,1,0.2,0.2,0,0.0,-0.0,-0.0
PHM.US,long,2012-03-26,2012-03-27,2,0.2,0.2,0,0.006143344709897658,-0.0,0.006143344709897658
ICE.US,long,2012-03-27,2012-03-29,3,0.20000000000000004,0.2,0,-0.00286844647915796,-0.00286844647915796,-0.0
VZ.US,long,2012-03-27,2012-03-29,3,0.20000000000000004,0.2,0,-0.0030625266879565904,-0.0030625266879565904,-0.0
CBRE.US,long,2012-03-28,2012-03-29,2,0.2,0.2,0,-0.0020010005002501162,-0.0020010005002501162,-0.0
MRO.US,long,2012-03-28,2012-03-30,3,0.20000000000000004,0.2,0,0.00019024934797582386,-0.0,0.000505209977897092
GNW.US,long,2012-03-30,2012-04-11,8,0.2,0.2,0,-0.019027781040687253,-0.025320530698690003,0.0014423076923077095
MAS.US,long,2012-03-30,2012-04-11,8,0.2,0.2,0,-0.018035506699384984,-0.020523452857508118,-0.0
SHLDQ.US,long,2012-03-30,2012-04-02,2,0.2,0.2,0,0.001328481832435724,-0.0,0.001328481832435724
DHI.US,long,2012-04-02,2012-04-05,4,0.2,0.2,0,-0.0131765944228448,-0.0131765944228448,-0.0
MU.US,long,2012-04-03,2012-04-13,8,0.2,0.2,0,-0.027167414000685144,-0.027167414000685144,-0.0
SHLDQ.US,long,2012-04-09,2012-04-26,14,0.20000000000000004,0.2,0,-0.03064680247804679,-0.0380511468626682,-0.0
PHM.US,long,2012-04-10,2012-04-10,1,0.2,0.2,0,0.0,-0.0,-0.0
PXD.US,long,2012-04-11,2012-04-11,1,0.2,0.2,0,0.0,-0.0,-0.0
ES.US,long,2012-04-12,2012-04-19,6,0.19999999999999998,0.2,0,0.0011372001751913663,0.0,0.0032903000096051738
NTAP.US,long,2012-04-12,2012-04-24,9,0.2,0.2,0,-0.011208803655851885,-0.011208803655851885,0.0
PGR.US,long,2012-04-12,2012-04-16,3,0.20000000000000004,0.2,0,0.000203820151602896,-0.002213368747233302,0.000203820151602896
GR.US,long,2012-04-16,2012-04-19,4,0.2,0.2,0,-0.008658008658008653,-0.008658008658008653,0.009523809523809535
WHR.US,long,2012-04-17,2012-04-20,4,0.2,0.2,0,-0.011452697595193583,-0.011452697595193583,-0.0
BAC.US,long,2012-04-20,2012-04-30,7,0.19999999999999998,0.2,0,-0.005990181547042118,-0.005990181547042118,-0.0
FHN.US,long,2012-04-20,2012-04-30,7,0.19999999999999998,0.2,0,0.002245452490996347,-0.002863436123348029,0.0035441537896976354
VIAV.US,long,2012-04-23,2012-04-24,2,0.2,0.2,0,-0.00016295004766289092,-0.00016295004766289092,-0.0
LO.US,long,2012-04-25,2012-04-25,1,0.2,0.2,0,0.0,-0.0,-0.0
MRO.US,long,2012-04-25,2012-04-25,1,0.2,0.2,0,0.0,-0.0,-0.0
AET.US,long,2012-04-26,2012-04-30,3,0.20000000000000004,0.2,0,-0.005511419696989339,-0.007901125579342283,-0.0
AKAM.US,long,2012-04-26,2012-04-30,3,0.20000000000000004,0.2,0,-0.003375363777448648,-0.003375363777448648,0.00018099547511312155
NOV.US,long,2012-04-27,2012-05-18,16,0.2,0.2,0,-0.03471630789024691,-0.03471630789024691,0.0004497949464215001
AVP.US,long,2012-05-01,2012-05-02,2,0.2,0.2,0,0.0004026170105686955,-0.0,0.0004026170105686955
EMR.US,long,2012-05-01,2012-05-07,5,0.2,0.2,0,-0.001940116223752875,-0.001940116223752875,0.0013013420089467154
MWV.US,long,2012-05-01,2012-05-09,7,0.19999999999999998,0.2,0,-0.007970764723841683,-0.007970764723841683,-0.0
SWY.US,long,2012-05-01,2012-05-18,14,0.20000000000000004,0.2,0,-0.01876303981533207,-0.01876303981533207,-0.0
VLO.US,long,2012-05-03,2012-05-21,13,0.20000000000000004,0.2,0,-0.014352172571164414,-0.018457126174134534,-0.0
AMD.US,long,2012-05-08,2012-05-18,9,0.2,0.2,0,-0.030914699907771917,-0.030914699907771917,-0.0
CRM.US,long,2012-05-10,2012-05-17,6,0.19999999999999998,0.2,0,-0.0023319973976146714,-0.0023319973976146714,0.003940180218631739
PHM.US,long,2012-05-18,2012-05-18,1,0.2,0.2,0,0.0,-0.0,-0.0
IPG.US,long,2012-05-21,2012-05-25,5,0.2,0.2,0,0.0005641951675044777,-0.0,0.0014909792268186452
LOW.US,long,2012-05-21,2012-05-22,2,0.2,0.2,0,-0.00085937500000004,-0.00085937500000004,-0.0
PGR.US,long,2012-05-21,2012-05-23,3,0.20000000000000004,0.2,0,0.0012246340789836996,-0.00046948356807514636,0.0012246340789836996
TGNA.US,long,2012-05-21,2012-05-23,3,0.20000000000000004,0.2,0,-0.0007770007770007804,-0.0007770007770007804,0.0
MCK.US,long,2012-05-22,2012-05-24,3,0.20000000000000004,0.2,0,-0.0005675749135380936,-0.0013755158184318717,-0.0
INTC.US,long,2012-05-23,2012-05-23,1,0.2,0.2,0,0.0,-0.0,-0.0
HNZ.US,long,2012-05-24,2012-06-06,9,0.2,0.2,0,-0.00014701920667727943,-0.0039046175953984853,0.0001497072349188944
ACN.US,long,2012-05-25,2012-05-25,1,0.2,0.2,0,0.0,-0.0,-0.0
IBM.US,long,2012-05-25,2012-05-25,1,0.2,0.2,0,0.0,-0.0,-0.0
RTN.US,long,2012-05-25,2012-05-29,2,0.2,0.2,0,0.002053553452788437,-0.0,0.002053553452788437
CRM.US,long,2012-05-30,2012-06-04,4,0.2,0.2,0,-0.013963477562971227,-0.014314649408150238,-0.0
FITB.US,long,2012-05-30,2012-06-06,6,0.19999999999999998,0.2,0,-0.00797802285463485,-0.017489407556587414,0.001814058956916087
JCI.US,long,2012-05-30,2012-06-06,6,0.19999999999999998,0.2,0,0.0007546523140842037,-0.007182835734063198,0.0007546523140842037
RHT.US,long,2012-05-30,2012-06-04,4,0.2,0.2,0,-0.004018532332967029,-0.006343181631564221,-0.0
NWL.US,long,2012-06-05,2012-06-06,2,0.2,0.2,0,0.0053500284575981995,-0.0,0.0053500284575981995
VIAB.US,long,2012-06-05,2012-06-06,2,0.2,0.2,0,0.004424488007885197,-0.0,0.004424488007885197
KMI.US,long,2012-06-07,2012-06-14,6,0.19999999999999998,0.2,0,-0.00011792162079218307,-0.0016549052903406915,0.0002540489044141392
BBBYQ.US,long,2012-06-11,2012-06-14,4,0.2,0.2,0,0.006197868517218952,-0.0,0.006197868517218952
EBAY.US,long,2012-06-13,2012-06-14,2,0.2,0.2,0,-0.00020014886694332825,-0.00020014886694332825,-0.0
SBUX.US,long,2012-06-13,2012-06-14,2,0.2,0.2,0,0.004134971718353775,-0.0,0.004134971718353775
YUM.US,long,2012-06-13,2012-06-13,1,0.2,0.2,0,0.0,-0.0,-0.0
NKE.US,long,2012-06-14,2012-07-02,13,0.20000000000000004,0.2,0,-0.022558312132758832,-0.02499622509698756,0.0034593081383723413
ADM.US,long,2012-06-19,2012-06-27,7,0.19999999999999998,0.2,0,-0.008600428721667908,-0.010276991767424071,-0.0
NI.US,long,2012-06-19,2012-06-26,6,0.19999999999999998,0.2,0,-0.006442349836279738,-0.008024146582360904,-0.0
DUK.US,long,2012-06-20,2012-06-22,3,0.20000000000000004,0.2,0,0.00044202490457421193,-0.0007008322382829447,0.00044202490457421193
EIX.US,long,2012-06-20,2012-06-25,4,0.2,0.2,0,-0.0034842733998792456,-0.0038430982485000214,-0.0
MAS.US,long,2012-06-25,2012-06-25,1,0.2,0.2,0,0.0,-0.0,-0.0
HOG.US,long,2012-06-26,2012-06-28,3,0.20000000000000004,0.2,0,-0.00648192747160612,-0.00648192747160612,-0.0
TXT.US,long,2012-06-26,2012-06-26,1,0.2,0.2,0,0.0,-0.0,-0.0
CMG.US,long,2012-06-27,2012-06-29,3,0.20000000000000004,0.2,0,-0.005978852282694258,-0.007570575322885298,-0.0
DD.US,long,2012-06-27,2012-06-28,2,0.2,0.2,0,-0.0006508452535760823,-0.0006508452535760823,-0.0
FDO.US,long,2012-06-28,2012-07-03,4,0.2,0.2,0,0.00030748726519400646,-0.002142857142857113,0.0022795255286230057
CVH.US,long,2012-06-29,2012-07-06,5,0.2,0.2,0,-0.00809143250102684,-0.00809143250102684,-0.0
MJN.US,long,2012-06-29,2012-07-02,2,0.2,0.2,0,0.0007949323065457481,-0.0,0.0007949323065457481
UNH.US,long,2012-07-02,2012-07-06,4,0.2,0.2,0,-0.0014807458257217964,-0.004905794525417684,-0.0
AEE.US,long,2012-07-05,2012-07-12,6,0.19999999999999998,0.2,0,0.00037534443249553906,-0.0002281015395545927,0.0015073861923424747
CTXS.US,long,2012-07-06,2012-07-17,8,0.2,0.2,0,-0.0022065867264701397,-0.005917106230123804,-0.0
TDC.US,long,2012-07-06,2012-07-11,4,0.2,0.2,0,-0.006589314345834873,-0.006780427580426362,0.0012305799107829253
GR.US,long,2012-07-09,2012-08-02,19,0.20000000000000004,0.2,0,-0.003341687552213885,-0.028095238095238107,0.00517961570593151
RHT.US,long,2012-07-09,2012-07-12,4,0.2,0.2,0,-0.0026454191115040885,-0.0026454191115040885,0.0007813721657544904
EXPE.US,long,2012-07-12,2012-07-12,1,0.2,0.2,0,0.0,-0.0,-0.0
DFODQ.US,long,2012-07-13,2012-07-20,6,0.19999999999999998,0.2,0,-0.03506740003325308,-0.03506740003325308,-0.0
FDO.US,long,2012-07-13,2012-07-23,7,0.19999999999999998,0.2,0,-0.0038262091471475967,-0.004118648690560112,0.002727137987253592
MDT.US,long,2012-07-13,2012-07-16,2,0.2,0.2,0,0.001544195953141614,-0.0,0.001544195953141614
FIS.US,long,2012-07-18,2012-08-02,12,0.20000000000000004,0.2,0,-0.013992814920048204,-0.014969695415001018,-0.0
WFM.US,long,2012-07-18,2012-07-25,6,0.19999999999999998,0.2,0,-0.01748910398654924,-0.019204310040338027,-0.0
RF.US,long,2012-07-23,2012-07-23,1,0.2,0.2,0,0.0,-0.0,-0.0
ANDV.US,long,2012-07-24,2012-07-25,2,0.2,0.2,0,0.0009115077857956955,-0.0,0.0009115077857956955
WHR.US,long,2012-07-24,2012-07-25,2,0.2,0.2,0,0.007582329317269077,-0.0,0.007582329317269077
BKNG.US,long,2012-07-26,2012-07-26,1,0.2,0.2,0,0.0,-0.0,-0.0
CTXS.US,long,2012-07-26,2012-07-26,1,0.2,0.2,0,0.0,-0.0,-0.0
ZBH.US,long,2012-07-26,2012-08-02,6,0.19999999999999998,0.2,0,-0.0025935163760445693,-0.0025935163760445693,0.0014970853818999652
MCK.US,long,2012-07-27,2012-08-23,20,0.20000000000000004,0.2,0,-0.011581831884380757,-0.012161474824329742,-0.0
MAS.US,long,2012-07-31,2012-08-02,3,0.20000000000000004,0.2,0,-0.0004912342259927539,-0.0014962593516209212,-0.0
AIV.US,long,2012-08-03,2012-08-15,9,0.2,0.2,0,-0.006038160102640867,-0.006038160102640866,0.000522281596827634
CLX.US,long,2012-08-03,2012-08-08,4,0.2,0.2,0,-0.0010230012524813591,-0.0022633113300007056,-0.0
KMB.US,long,2012-08-03,2012-08-13,7,0.19999999999999998,0.2,0,-0.006757166840118668,-0.006757166840118668,-0.0
MKC.US,long,2012-08-03,2012-08-07,3,0.20000000000000004,0.2,0,-0.0006337063754316529,-0.0006337063754316529,-0.0
AMT.US,long,2012-08-08,2012-08-09,2,0.2,0.2,0,0.0006853226727584262,-0.0,0.0006853226727584262
CERN.US,long,2012-08-09,2012-08-13,3,0.20000000000000004,0.2,0,-0.0013647587984556787,-0.001617852161785205,-0.0
EXPE.US,long,2012-08-10,2012-08-22,9,0.2,0.2,0,-0.010062749437832077,-0.010500564067652764,-0.0
AKAM.US,long,2012-08-14,2012-08-14,1,0.2,0.2,0,0.0,-0.0,-0.0
RHT.US,long,2012-08-14,2012-08-15,2,0.2,0.2,0,0.0021403954289860305,-0.0,0.0021403954289860305
CVC.US,long,2012-08-15,2012-08-17,3,0.20000000000000004,0.2,0,-0.0029714151418615223,-0.0040338321405335,-0.0
DLTR.US,long,2012-08-16,2012-08-21,4,0.2,0.2,0,-0.0033163620705877863,-0.0033163620705877863,-0.0
PRGO.US,long,2012-08-16,2012-08-22,5,0.2,0.2,0,-0.0018324156579718758,-0.003672082989075554,-0.0
ALXN.US,long,2012-08-20,2012-08-21,2,0.2,0.2,0,0.00011812186238802092,-0.0,0.00011812186238802092
AIG.US,long,2012-08-22,2012-08-23,2,0.2,0.2,0,0.0012518628912071784,-0.0,0.0012518628912071784
THC.US,long,2012-08-22,2012-08-23,2,0.2,0.2,0,-0.0023437500000000225,-0.0023437500000000225,-0.0
CTRA.US,long,2012-08-23,2012-08-24,2,0.2,0.2,0,0.006003937007873984,-0.0,0.006003937007873984
LSI1.US,long,2012-08-23,2012-08-24,2,0.2,0.2,0,0.00026385224274405594,-0.0,0.00026385224274405594
CBRE.US,long,2012-08-24,2012-09-05,8,0.2,0.2,0,-0.006548978333569245,-0.006548978333569245,-0.0
EQT.US,long,2012-08-24,2012-08-30,5,0.2,0.2,0,-0.0016637174074690007,-0.0021880629586779055,7.408779403594856e-05
TXT.US,long,2012-08-24,2012-08-30,5,0.2,0.2,0,-0.0035512234270658194,-0.0035512234270658194,-0.0
GEN.US,long,2012-08-27,2012-08-30,4,0.2,0.2,0,0.0004679964029054686,-0.0,0.0022627243894449926
IPG.US,long,2012-08-27,2012-08-31,5,0.2,0.2,0,-0.002225906989762061,-0.0024140537442305376,-0.0
NVDA.US,long,2012-08-31,2012-09-05,3,0.20000000000000004,0.2,0,-0.0100846853594597,-0.010762651461154649,-0.0
STX.US,long,2012-08-31,2012-09-19,13,0.20000000000000004,0.2,0,-0.016185395640327106,-0.016185395640327106,0.003239207655015219
WDC.US,long,2012-08-31,2012-09-05,3,0.20000000000000004,0.2,0,0.00012276938070174834,-0.0,0.002391200382592107
CSX.US,long,2012-09-04,2012-09-05,2,0.2,0.2,0,-0.003037289633178264,-0.003037289633178264,-0.0
LO.US,long,2012-09-07,2012-09-17,7,0.19999999999999998,0.2,0,-0.010603966204910862,-0.01384816648090219,-0.0
RAI.US,long,2012-09-07,2012-09-19,9,0.2,0.2,0,-0.003784612308701196,-0.005706728911063275,-0.0
AIG.US,long,2012-09-10,2012-09-11,2,0.2,0.2,0,0.0009009009009009362,-0.0,0.0009009009009009362
EQR.US,long,2012-09-10,2012-09-12,3,0.20000000000000004,0.2,0,-0.0007069805246318284,-0.0007069805246318284,-0.0
EL.US,long,2012-09-12,2012-09-13,2,0.2,0.2,0,0.003253395941640136,-0.0,0.003253395941640136
AMGN.US,long,2012-09-14,2012-09-21,6,0.19999999999999998,0.2,0,0.0016561860722650755,-0.0,0.0023123221597498578
CLX.US,long,2012-09-14,2012-09-17,2,0.2,0.2,0,-0.0013882986258677123,-0.0013882986258677123,-0.0
LUV.US,long,2012-09-18,2012-10-01,10,0.2,0.2,0,-0.0012526994815996958,-0.003305151020938358,0.0031390134529148297
M.US,long,2012-09-18,2012-09-18,1,0.2,0.2,0,0.0,-0.0,-0.0
WDC.US,long,2012-09-19,2012-09-20,2,0.2,0.2,0,0.0,0.0,0.0
CTRA.US,long,2012-09-20,2012-09-20,1,0.2,0.2,0,0.0,-0.0,-0.0
LSI1.US,long,2012-09-20,2012-10-03,10,0.2,0.2,0,-0.016539158758648687,-0.017126099646854322,-0.0
DFODQ.US,long,2012-09-21,2012-09-25,3,0.20000000000000004,0.2,0,-0.002316800634019156,-0.002316800634019156,-0.0
VIAV.US,long,2012-09-21,2012-09-26,4,0.2,0.2,0,-0.011994918646363083,-0.011994918646363083,-0.0
SWN.US,long,2012-09-24,2012-09-26,3,0.20000000000000004,0.2,0,-0.0007167671822049693,-0.0009572240502542462,-0.0
PHM.US,long,2012-09-26,2012-10-02,5,0.2,0.2,0,0.0034683895320007487,-0.0,0.004444444444444429
M.US,long,2012-09-27,2012-09-28,2,0.2,0.2,0,0.0005865102639296183,-0.0,0.0005865102639296183
URBN.US,long,2012-09-27,2012-10-03,5,0.2,0.2,0,-0.0024492552408160954,-0.003208886277169887,0.0005339028296849957
FTRCQ.US,long,2012-10-01,2012-10-09,7,0.19999999999999998,0.2,0,-0.002128396458324055,-0.011352767423869526,-0.0
EXPE.US,long,2012-10-02,2012-10-02,1,0.2,0.2,0,0.0,-0.0,-0.0
MOS.US,long,2012-10-03,2012-10-10,6,0.19999999999999998,0.2,0,-0.0016012247521004276,-0.0016012247521004276,0.0007651666970303951
WDC.US,long,2012-10-03,2012-10-05,3,0.20000000000000004,0.2,0,0.002073398740960819,-0.0,0.002073398740960819
AVY.US,long,2012-10-04,2012-10-15,8,0.2,0.2,0,0.00012983754373199177,-0.0034573028962003208,0.000129837543731992
DFODQ.US,long,2012-10-04,2012-10-16,9,0.2,0.2,0,-0.004592066606030422,-0.009894466707994456,-0.0
THC.US,long,2012-10-08,2012-10-12,5,0.2,0.2,0,-0.006939052254275135,-0.006939052254275135,-0.0
TMUS.US,long,2012-10-10,2012-10-17,6,0.19999999999999998,0.2,0,-0.018522681319553258,-0.018522681319553258,-0.0
ANDV.US,long,2012-10-11,2012-10-23,9,0.2,0.2,0,-0.01132793685968534,-0.01132793685968534,0.00018584712662286264
VLO.US,long,2012-10-15,2012-10-15,1,0.2,0.2,0,0.0,-0.0,-0.0
KEY.US,long,2012-10-16,2012-10-16,1,0.2,0.2,0,0.0,-0.0,-0.0
LHX.US,long,2012-10-16,2012-10-23,6,0.19999999999999998,0.2,0,-0.003371444108726296,-0.003371444108726296,0.000766609880749547
DGX.US,long,2012-10-17,2012-11-05,12,0.20000000000000004,0.2,0,-0.004354602423943922,-0.006795134611031206,0.0026443514644351575
STJ.US,long,2012-10-17,2012-10-31,9,0.2,0.2,0,-0.012817112079548897,-0.012817112079548897,-0.0
PNR.US,long,2012-10-18,2012-10-24,5,0.2,0.2,0,-0.009621506121429002,-0.010309451125111791,-0.0
PXD.US,long,2012-10-24,2012-10-26,3,0.20000000000000004,0.2,0,0.003927361194930224,-0.0,0.005154943433349724
WPX.US,long,2012-10-24,2012-11-15,15,0.20000000000000007,0.2,0,-0.019823319063584543,-0.020639923869556882,0.0030932618046902063
TGNA.US,long,2012-10-25,2012-10-31,3,0.20000000000000004,0.2,0,0.0007221611656680782,-0.001068883610451321,0.0007221611656680782
TMUS.US,long,2012-10-31,2012-11-14,11,0.2,0.2,0,-0.00046210895460365635,-0.007341756166717816,0.0039177277179235585
AN.US,long,2012-11-01,2012-11-15,11,0.2,0.2,0,-0.01845438775181274,-0.022197432769516356,-0.0
NRG.US,long,2012-11-01,2012-11-15,11,0.2,0.2,0,-0.0188315750824966,-0.02058234748208463,-0.0
CVC.US,long,2012-11-06,2012-11-15,8,0.2,0.2,0,-0.025172662155827964,-0.025172662155827964,-0.0
PHM.US,long,2012-11-15,2012-11-19,3,0.20000000000000004,0.2,0,0.008580400664202736,0.0,0.008580400664202736
FTRCQ.US,long,2012-11-16,2012-11-16,1,0.2,0.2,0,0.0,-0.0,-0.0
GOOGL.US,long,2012-11-16,2012-11-16,1,0.2,0.2,0,0.0,-0.0,-0.0
LLY.US,long,2012-11-16,2012-11-16,1,0.2,0.2,0,0.0,-0.0,-0.0
WYNN.US,long,2012-11-16,2012-11-20,3,0.20000000000000004,0.2,0,0.004840592350287354,-0.0,0.004840592350287354
SRCL.US,long,2012-11-19,2012-11-20,2,0.2,0.2,0,0.00142380422691879,-0.0,0.00142380422691879
DE.US,long,2012-11-21,2012-11-23,2,0.2,0.2,0,0.002752625860195579,-0.0,0.002752625860195579
DVA.US,long,2012-11-21,2012-12-10,13,0.20000000000000004,0.2,0,-0.006429649939380911,-0.0074110597723525025,0.0025815834924098006
ES.US,long,2012-11-23,2012-11-26,2,0.2,0.2,0,0.0020143122183938545,-0.0,0.0020143122183938545
IRM.US,long,2012-11-26,2012-12-17,16,0.2,0.2,0,-0.006607639724448933,-0.008234805632266862,-0.0
CERN.US,long,2012-11-27,2012-11-27,1,0.2,0.2,0,0.0,-0.0,-0.0
OKE.US,long,2012-11-27,2012-12-10,10,0.2,0.2,0,-0.011780562062914758,-0.011780562062914756,-0.0
PSA.US,long,2012-11-28,2012-12-14,13,0.20000000000000004,0.2,0,-0.0015617258101765286,-0.0023814466548040428,0.00029204595042919834
WELL.US,long,2012-11-28,2012-12-05,6,0.19999999999999998,0.2,0,-2.7652925997667514e-05,-0.0005421891351240938,0.0007823141761341913
MAS.US,long,2012-12-06,2012-12-11,4,0.2,0.2,0,-0.0007297002963710054,-0.0007297002963710054,0.0026615969581749166
BBWI.US,long,2012-12-11,2012-12-14,4,0.2,0.2,0,-0.0008606868057972727,-0.001856631404756315,-0.0
LOW.US,long,2012-12-11,2012-12-14,4,0.2,0.2,0,-0.0020741308356624134,-0.0020741308356624134,0.0
TJX.US,long,2012-12-12,2012-12-14,3,0.20000000000000004,0.2,0,0.00018858888071604518,-0.00028188865398166564,0.00018858888071604518
FIS.US,long,2012-12-17,2012-12-19,3,0.20000000000000004,0.2,0,0.00040276209431739935,-0.0,0.0009714285714285787
HAS.US,long,2012-12-17,2012-12-28,9,0.2,0.2,0,-0.007940349904544687,-0.007940349904544685,-0.0
KMX.US,long,2012-12-17,2012-12-17,1,0.2,0.2,0,0.0,-0.0,-0.0
PM.US,long,2012-12-17,2012-12-31,10,0.2,0.2,0,-0.008338520912695912,-0.010734165195817491,-0.0
MO.US,long,2012-12-18,2012-12-28,8,0.2,0.2,0,-0.00666147907336816,-0.00666147907336816,0.0004398108697684531
RAI.US,long,2012-12-18,2012-12-31,9,0.2,0.2,0,-0.002415092147074538,-0.004561957236120695,0.00076231415728234
FTRCQ.US,long,2012-12-20,2012-12-28,6,0.19999999999999998,0.2,0,-0.010983822086393969,-0.011943054700302836,-0.0
AGN.US,long,2012-12-31,2013-01-07,5,0.2,0.2,0,-0.0007006385755790047,-0.0041627906976744455,-0.0
ANDV.US,long,2013-01-07,2013-01-09,3,0.20000000000000004,0.2,0,0.0013749738755684414,-0.0,0.005867727498756814
SWY.US,long,2013-01-07,2013-01-09,3,0.20000000000000004,0.2,0,-0.0026713124274099893,-0.00476190476190479,-0.0
TAP.US,long,2013-01-07,2013-01-08,2,0.2,0.2,0,-0.0006196377502383444,-0.0006196377502383444,-0.0
WFM.US,long,2013-01-07,2013-01-11,5,0.2,0.2,0,0.0005649017096448717,-0.001221443112417986,0.001236454020035338
GME.US,long,2013-01-08,2013-01-10,3,0.20000000000000004,0.2,0,-0.003409940268066159,-0.005002156101768041,-0.0
EA.US,long,2013-01-09,2013-01-09,1,0.2,0.2,0,0.0,-0.0,-0.0
AKAM.US,long,2013-01-10,2013-01-11,2,0.2,0.2,0,0.00045569620253167465,-0.0,0.00045569620253167465
FAST.US,long,2013-01-10,2013-01-14,3,0.20000000000000004,0.2,0,-0.0001290322580644876,-0.0001290322580644876,0.0
STZ.US,long,2013-01-10,2013-01-14,3,0.20000000000000004,0.2,0,-0.0019642432373585318,-0.0019642432373585318,-0.0
VIAV.US,long,2013-01-11,2013-01-14,2,0.2,0.2,0,-0.0006039415130324245,-0.0006039415130324245,-0.0
AIG.US,long,2013-01-14,2013-01-15,2,0.2,0.2,0,-0.001198288159771699,-0.001198288159771699,-0.0
PHM.US,long,2013-01-14,2013-01-16,3,0.20000000000000004,0.2,0,0.0025389577736725016,-0.0,0.0038743455497382232
BIIB.US,long,2013-01-15,2013-01-16,2,0.2,0.2,0,-0.00026571568421789314,-0.00026571568421789314,-0.0
FISV.US,long,2013-01-15,2013-01-16,2,0.2,0.2,0,0.0,0.0,0.0
WMB.US,long,2013-01-15,2013-01-15,1,0.2,0.2,0,0.0,-0.0,-0.0
CERN.US,long,2013-01-16,2013-01-17,2,0.2,0.2,0,0.0022514545914495534,-0.0,0.0022514545914495534
WHR.US,long,2013-01-16,2013-01-16,1,0.2,0.2,0,0.0,-0.0,-0.0
AFL.US,long,2013-01-17,2013-01-18,2,0.2,0.2,0,0.0001166407465007957,-0.0,0.0001166407465007957
C.US,long,2013-01-17,2013-01-17,1,0.2,0.2,0,0.0,-0.0,-0.0
GOOGL.US,long,2013-01-17,2013-01-22,3,0.20000000000000004,0.2,0,-0.0023808091478197957,-0.0023808091478197957,-0.0
SLM.US,long,2013-01-17,2013-01-22,3,0.20000000000000004,0.2,0,0.0011897496039413814,-0.0,0.0011897496039413814
COF.US,long,2013-01-18,2013-01-23,3,0.20000000000000004,0.2,0,-0.002627891432944973,-0.0029127917178452868,-0.0
FSLR.US,long,2013-01-18,2013-01-18,1,0.2,0.2,0,0.0,-0.0,-0.0
AXP.US,long,2013-01-22,2013-01-23,2,0.2,0.2,0,-0.0015824915824915742,-0.0015824915824915742,-0.0
CRM.US,long,2013-01-22,2013-01-22,1,0.2,0.2,0,0.0,-0.0,-0.0
EA.US,long,2013-01-23,2013-01-24,2,0.2,0.2,0,0.0029893238434163475,-0.0,0.0029893238434163475
MA.US,long,2013-01-23,2013-02-04,9,0.2,0.2,0,-0.0012540310205562564,-0.0013121040991769472,0.0018162145451735335
RL.US,long,2013-01-23,2013-01-23,1,0.2,0.2,0,0.0,-0.0,-0.0
NEBLQ.US,long,2013-01-24,2013-01-25,2,0.2,0.2,0,0.0041110517885744715,-0.0,0.0041110517885744715
TER.US,long,2013-01-24,2013-01-31,6,0.19999999999999998,0.2,0,-0.0005440273740782593,-0.0005440273740782593,0.0043183220234422675
TIF.US,long,2013-01-24,2013-01-24,1,0.2,0.2,0,0.0,-0.0,-0.0
F.US,long,2013-01-25,2013-01-25,1,0.2,0.2,0,0.0,-0.0,-0.0
JOY.US,long,2013-01-25,2013-01-31,5,0.2,0.2,0,-0.000249389231425545,-0.0028797019820270054,-0.0
PPG.US,long,2013-01-28,2013-01-31,4,0.2,0.2,0,-0.0030284173629207436,-0.0030284173629207436,0.0015142857142857126
WY.US,long,2013-01-28,2013-01-31,4,0.2,0.2,0,0.0004859699849414814,-0.0010530062612947198,0.0034597471723220256
LM.US,long,2013-02-01,2013-02-05,3,0.20000000000000004,0.2,0,-0.0011117728639230997,-0.0019410227696901707,-0.0
PHM.US,long,2013-02-01,2013-02-11,7,0.19999999999999998,0.2,0,-0.010451880632446666,-0.010451880632446666,-0.0
RL.US,long,2013-02-01,2013-02-04,2,0.2,0.2,0,0.0010399900953323993,-0.0,0.0010399900953323993
STX.US,long,2013-02-01,2013-02-05,3,0.20000000000000004,0.2,0,0.0017189463343309174,-0.0,0.0017189463343309174
MCO.US,long,2013-02-05,2013-02-11,5,0.2,0.2,0,0.002908479026853204,-0.006867864067451681,0.010645375914836963
STZ.US,long,2013-02-05,2013-02-06,2,0.2,0.2,0,0.002976383047557452,-0.0,0.002976383047557452
CHRW.US,long,2013-02-06,2013-02-15,8,0.2,0.2,0,-0.00916349601785873,-0.00916349601785873,-0.0
GNW.US,long,2013-02-06,2013-02-08,3,0.20000000000000004,0.2,0,-0.0022512400040489936,-0.0022512400040489936,-0.0
WHR.US,long,2013-02-07,2013-02-11,3,0.20000000000000004,0.2,0,-0.0009859168666682904,-0.0009859168666682904,0.0005981308411215025
LEN.US,long,2013-02-11,2013-02-11,1,0.2,0.2,0,0.0,-0.0,-0.0
CHKAQ.US,long,2013-02-12,2013-02-12,1,0.2,0.2,0,0.0,-0.0,-0.0
FFIV.US,long,2013-02-12,2013-02-15,4,0.2,0.2,0,-0.0008181449560807686,-0.002463501284755543,0.00025452765540872057
JNPR.US,long,2013-02-12,2013-02-14,3,0.20000000000000004,0.2,0,0.0006475919662379592,-0.0,0.0006475919662379592
SWN.US,long,2013-02-12,2013-02-26,10,0.2,0.2,0,0.0011147057460332297,-0.002046388478890781,0.0027067669172932355
DFODQ.US,long,2013-02-13,2013-02-26,9,0.2,0.2,0,-0.015545786121878914,-0.015675403749876284,-0.0
HAR.US,long,2013-02-15,2013-03-04,11,0.2,0.2,0,-0.009076000211457224,-0.010235670745109938,0.0009051821679112671
HUM.US,long,2013-02-19,2013-03-07,13,0.20000000000000004,0.2,0,-0.015845864292016842,-0.017470325662966316,-0.0
STX.US,long,2013-02-19,2013-02-26,6,0.19999999999999998,0.2,0,-0.016977405419316208,-0.020155096729303226,-0.0
ADSK.US,long,2013-02-27,2013-02-28,2,0.2,0.2,0,0.002872928176795542,-0.0,0.002872928176795542
FSLR.US,long,2013-02-27,2013-03-05,5,0.2,0.2,0,-0.01455764803585711,-0.017796514432618274,-0.0
GT.US,long,2013-02-27,2013-03-07,7,0.19999999999999998,0.2,0,0.0006928930244134881,-0.003541853569200226,0.0013953488372092872
VNO.US,long,2013-03-01,2013-03-01,1,0.2,0.2,0,0.0,0.0,0.0
GME.US,long,2013-03-04,2013-03-04,1,0.2,0.2,0,0.0,-0.0,-0.0
DOFSQ.US,long,2013-03-05,2013-03-08,4,0.2,0.2,0,4.503287377555232e-06,-0.0010926056822295528,4.503287377555232e-06
JNPR.US,long,2013-03-05,2013-03-06,2,0.2,0.2,0,0.0014014014014013922,-0.0,0.0014014014014013922
VALPQ.US,long,2013-03-06,2013-03-12,5,0.2,0.2,0,0.00093947923871458,-0.0002434782608695896,0.00093947923871458
EBAY.US,long,2013-03-07,2013-03-18,8,0.2,0.2,0,-0.010885412533000526,-0.010885412533000528,0.0005662514156285604
SLM.US,long,2013-03-08,2013-03-11,2,0.2,0.2,0,0.0035658101730466907,-0.0,0.0035658101730466907
VLO.US,long,2013-03-08,2013-03-11,2,0.2,0.2,0,-0.00782417582417585,-0.00782417582417585,-0.0
SWY.US,long,2013-03-11,2013-03-11,1,0.2,0.2,0,0.0,-0.0,-0.0
CMG.US,long,2013-03-12,2013-03-13,2,0.2,0.2,0,0.0024682053697597794,-0.0,0.0024682053697597794
EXPD.US,long,2013-03-12,2013-04-03,16,0.2,0.2,0,-0.014041604301259291,-0.015854635462732358,0.0010442383348881368
MAS.US,long,2013-03-12,2013-03-12,1,0.2,0.2,0,0.0,-0.0,-0.0
HP.US,long,2013-03-13,2013-03-13,1,0.2,0.2,0,0.0,-0.0,-0.0
LRCX.US,long,2013-03-13,2013-03-25,9,0.2,0.2,0,-0.0058370013490042895,-0.007661458942692657,0.0012333965844402606
CRM.US,long,2013-03-14,2013-03-21,6,0.19999999999999998,0.2,0,-0.006496091180629461,-0.00824621397553922,-0.0
VRSN.US,long,2013-03-14,2013-03-19,4,0.2,0.2,0,-0.0018344540240092578,-0.0023208568539893728,-0.0
EA.US,long,2013-03-19,2013-03-20,2,0.2,0.2,0,0.002215743440233231,-0.0,0.002215743440233231
NBR.US,long,2013-03-20,2013-03-26,5,0.2,0.2,0,0.0014458769373631997,-0.0033293243663377716,0.0014458769373631997
VIAV.US,long,2013-03-21,2013-04-05,11,0.2,0.2,0,-0.013861912211316784,-0.013861912211316784,-0.0
JNPR.US,long,2013-03-22,2013-04-05,10,0.2,0.2,0,-0.012730119093463355,-0.012730119093463355,0.0025641025641025997
PHM.US,long,2013-03-26,2013-04-05,8,0.2,0.2,0,-0.010365239528492689,-0.011945850698144958,0.0014873574615765772
FSLR.US,long,2013-03-27,2013-04-05,7,0.19999999999999998,0.2,0,-0.007252032563290212,-0.009859481673202386,-0.0
NFLX.US,long,2013-04-04,2013-04-08,3,0.20000000000000004,0.2,0,-0.004379057525897556,-0.004379057525897556,-0.0
ADSK.US,long,2013-04-08,2013-04-08,1,0.2,0.2,0,0.0,0.0,0.0
BMC.US,long,2013-04-08,2013-04-09,2,0.2,0.2,0,-0.0004949381327334024,-0.0004949381327334024,-0.0
BWA.US,long,2013-04-08,2013-04-09,2,0.2,0.2,0,-0.00011030770333848584,-0.00011030770333848584,-0.0
HAL.US,long,2013-04-08,2013-04-08,1,0.2,0.2,0,0.0,-0.0,-0.0
DLTR.US,long,2013-04-09,2013-04-10,2,0.2,0.2,0,0.0005653402913676775,-0.0,0.0005653402913676775
TRIP.US,long,2013-04-09,2013-04-09,1,0.2,0.2,0,0.0,-0.0,-0.0
TSN.US,long,2013-04-09,2013-04-11,3,0.20000000000000004,0.2,0,0.0005963718593540834,-0.0007601351351351094,0.0005963718593540834
THC.US,long,2013-04-10,2013-04-18,7,0.19999999999999998,0.2,0,-0.008793523539098147,-0.008793523539098147,0.006319883325230924
TWC.US,long,2013-04-10,2013-04-19,8,0.2,0.2,0,-0.006296238018879597,-0.007708418071836332,-0.0
ANDV.US,long,2013-04-11,2013-04-15,3,0.20000000000000004,0.2,0,-0.014428218015144247,-0.014428218015144247,-0.0
HPQ.US,long,2013-04-11,2013-04-26,12,0.20000000000000004,0.2,0,-0.008605980436659479,-0.012830816571650042,0.0014712051288160446
PSX.US,long,2013-04-12,2013-04-19,6,0.19999999999999998,0.2,0,-0.009106053476597632,-0.011237802559246625,-0.0
ETFC.US,long,2013-04-16,2013-04-18,3,0.20000000000000004,0.2,0,-0.00370730611604857,-0.00370730611604857,-0.0
NFLX.US,long,2013-04-19,2013-04-19,1,0.2,0.2,0,0.0,-0.0,-0.0
SWN.US,long,2013-04-19,2013-04-24,4,0.2,0.2,0,-0.0023238547527338004,-0.0023238547527338004,-0.0
CRM.US,long,2013-04-22,2013-04-30,7,0.19999999999999998,0.2,0,0.003925057587691993,-0.0,0.003925057587691993
EBAY.US,long,2013-04-22,2013-04-22,1,0.2,0.2,0,0.0,-0.0,-0.0
PNR.US,long,2013-04-22,2013-04-22,1,0.2,0.2,0,0.0,-0.0,-0.0
R.US,long,2013-04-23,2013-04-26,4,0.2,0.2,0,0.013375352403212814,-0.0,0.014250702543268856
WPX.US,long,2013-04-23,2013-05-01,7,0.19999999999999998,0.2,0,-0.005991230153548299,-0.005991230153548299,0.0001264222503160717
RHI.US,long,2013-04-25,2013-05-02,6,0.19999999999999998,0.2,0,-0.009538576189648863,-0.009538576189648863,-0.0
ROP.US,long,2013-04-29,2013-05-02,4,0.2,0.2,0,-0.00022860218508129486,-0.0009228114637809262,0.001634647792382893
VIAB.US,long,2013-04-29,2013-04-30,2,0.2,0.2,0,0.0010683424980361346,0.0,0.0010683424980361346
ANDV.US,long,2013-05-01,2013-05-01,1,0.2,0.2,0,0.0,-0.0,-0.0
VLO.US,long,2013-05-01,2013-05-01,1,0.2,0.2,0,0.0,-0.0,-0.0
IP.US,long,2013-05-02,2013-05-02,1,0.2,0.2,0,0.0,-0.0,-0.0
LNC.US,long,2013-05-02,2013-05-02,1,0.2,0.2,0,0.0,-0.0,-0.0
MNST.US,long,2013-05-02,2013-05-02,1,0.2,0.2,0,0.0,-0.0,-0.0
JPM.US,long,2013-05-03,2013-05-06,2,0.2,0.2,0,0.002564641580828253,-0.0,0.002564641580828253
MRK.US,long,2013-05-03,2013-05-09,5,0.2,0.2,0,-0.000746521418166668,-0.003021677249835797,-0.0
OKE.US,long,2013-05-03,2013-05-06,2,0.2,0.2,0,0.0003821656050955191,-0.0,0.0003821656050955191
UNH.US,long,2013-05-03,2013-05-03,1,0.2,0.2,0,0.0,-0.0,-0.0
WBA.US,long,2013-05-03,2013-05-06,2,0.2,0.2,0,-0.0007496876301541056,-0.0007496876301541056,-0.0
ETR.US,long,2013-05-06,2013-05-13,6,0.19999999999999998,0.2,0,-0.0029336152279535238,-0.003803621398021862,0.0013762811127379317
FE.US,long,2013-05-07,2013-05-16,8,0.2,0.2,0,-0.0045207338134768404,-0.006584974936678691,-0.0
NFLX.US,long,2013-05-07,2013-05-08,2,0.2,0.2,0,0.002288484848484895,-0.0,0.002288484848484895
PRGO.US,long,2013-05-07,2013-05-07,1,0.2,0.2,0,0.0,-0.0,-0.0
BIIB.US,long,2013-05-08,2013-05-09,2,0.2,0.2,0,-0.0013573157420150974,-0.0013573157420150974,-0.0
TRIP.US,long,2013-05-09,2013-05-09,1,0.2,0.2,0,0.0,-0.0,-0.0
ANDV.US,long,2013-05-10,2013-05-13,2,0.2,0.2,0,0.0031979415548612613,-0.0,0.0031979415548612613
HES.US,long,2013-05-10,2013-05-13,2,0.2,0.2,0,0.00025974025974027096,-0.0,0.00025974025974027096
RSG.US,long,2013-05-10,2013-05-14,3,0.20000000000000004,0.2,0,-0.0002914823908041653,-0.0009425625920471471,-0.0
EIX.US,long,2013-05-14,2013-06-03,14,0.20000000000000004,0.2,0,-0.014225863558242577,-0.014356468695377964,0.0003644462441789731
SNI.US,long,2013-05-14,2013-05-16,3,0.20000000000000004,0.2,0,0.0005351658418872863,-0.0,0.0014675667742882316
TXN.US,long,2013-05-14,2013-05-14,1,0.2,0.2,0,0.0,-0.0,-0.0
BHI.US,long,2013-05-15,2013-05-16,2,0.2,0.2,0,0.0010432514670724036,-0.0,0.0010432514670724036
CSC.US,long,2013-05-15,2013-05-16,2,0.2,0.2,0,-0.009483337061060172,-0.009483337061060172,-0.0
ADSK.US,long,2013-05-17,2013-05-24,6,0.19999999999999998,0.2,0,-0.005539346553423386,-0.005539346553423386,0.0020026387432815485
MOS.US,long,2013-05-17,2013-05-17,1,0.2,0.2,0,0.0,-0.0,-0.0
THC.US,long,2013-05-17,2013-05-24,6,0.19999999999999998,0.2,0,-0.004021644283705616,-0.004975993016150149,-0.0
TNL.US,long,2013-05-17,2013-05-20,2,0.2,0.2,0,6.560743463448483e-05,-0.0,6.560743463448483e-05
MRK.US,long,2013-05-20,2013-05-20,1,0.2,0.2,0,0.0,-0.0,-0.0
DVA.US,long,2013-05-21,2013-05-24,4,0.2,0.2,0,-0.002362941555520237,-0.002362941555520237,-0.0
GEN.US,long,2013-05-21,2013-06-06,12,0.20000000000000004,0.2,0,-0.018785181177107566,-0.020912840751575672,-0.0
ANF.US,long,2013-05-28,2013-06-06,8,0.2,0.2,0,0.002738663472101566,-0.0,0.005469749294929738
GME.US,long,2013-05-28,2013-05-29,2,0.2,0.2,0,0.0006305170239596426,-0.0,0.0006305170239596426
NFLX.US,long,2013-05-28,2013-05-29,2,0.2,0.2,0,0.0010738129697931865,-0.0,0.0010738129697931865
LEN.US,long,2013-05-30,2013-06-05,5,0.2,0.2,0,-0.013712238862836679,-0.013712238862836679,-0.0
MAS.US,long,2013-05-30,2013-06-06,6,0.19999999999999998,0.2,0,-0.011136969719585221,-0.01570317976524731,0.0
REGN.US,long,2013-06-04,2013-06-05,2,0.2,0.2,0,-0.002782548952250097,-0.002782548952250097,-0.0
ADSK.US,long,2013-06-06,2013-06-06,1,0.2,0.2,0,0.0,-0.0,-0.0
CNX.US,long,2013-06-06,2013-07-03,20,0.20000000000000004,0.2,0,-0.0454231873923328,-0.045423187392332795,0.0008365155131265123
WM.US,long,2013-06-07,2013-06-14,6,0.19999999999999998,0.2,0,-0.003932376391303239,-0.003932376391303239,-0.0
AIV.US,long,2013-06-10,2013-06-12,3,0.20000000000000004,0.2,0,-0.008698300624305055,-0.008698300624305055,-0.0
ANDV.US,long,2013-06-11,2013-06-24,10,0.2,0.2,0,-0.01833286959973575,-0.01833286959973575,0.004578487161421263
MAS.US,long,2013-06-11,2013-06-12,2,0.2,0.2,0,0.003374936061381062,-0.0,0.003374936061381062
EA.US,long,2013-06-13,2013-06-13,1,0.2,0.2,0,0.0,-0.0,-0.0
FSLR.US,long,2013-06-13,2013-06-24,8,0.2,0.2,0,-0.020578511182297213,-0.020578511182297213,0.0005935495743434548
CHKAQ.US,long,2013-06-14,2013-06-17,2,0.2,0.2,0,0.003481381525172056,-0.0,0.003481381525172056
REGN.US,long,2013-06-17,2013-06-17,1,0.2,0.2,0,0.0,-0.0,-0.0
JEF.US,long,2013-06-18,2013-06-26,7,0.19999999999999998,0.2,0,-0.017581028029988535,-0.01822233948235921,-0.0
URBN.US,long,2013-06-18,2013-06-25,6,0.19999999999999998,0.2,0,-0.007956302580574292,-0.009505089364260377,-0.0
NFLX.US,long,2013-06-25,2013-06-28,4,0.2,0.2,0,-0.001655061930662738,-0.001655061930662738,0.0019547440887818235
WBA.US,long,2013-06-25,2013-07-03,7,0.19999999999999998,0.2,0,-0.004890321465086124,-0.004890321465086124,-0.0
LUV.US,long,2013-06-26,2013-06-28,3,0.20000000000000004,0.2,0,-0.0012211994645501048,-0.0012211994645501048,0.0010794140323823864
DVA.US,long,2013-06-28,2013-07-03,4,0.2,0.2,0,-0.011399517716841712,-0.011399517716841712,0.0005794701986755246
RRC.US,long,2013-07-01,2013-07-01,1,0.2,0.2,0,0.0,-0.0,-0.0
TFCF.US,long,2013-07-01,2013-07-03,3,0.20000000000000004,0.2,0,0.0015079924035982242,-0.0012868269556383317,0.0015079924035982242
ANDV.US,long,2013-07-02,2013-07-03,2,0.2,0.2,0,-0.0013015184381778733,-0.0013015184381778733,-0.0
ETR.US,long,2013-07-05,2013-07-08,2,0.2,0.2,0,0.002615339406406081,-0.0,0.002615339406406081
PEG.US,long,2013-07-05,2013-07-05,1,0.2,0.2,0,0.0,-0.0,-0.0
PPL.US,long,2013-07-05,2013-07-05,1,0.2,0.2,0,0.0,-0.0,-0.0
SRE.US,long,2013-07-05,2013-07-09,3,0.20000000000000004,0.2,0,0.003073648008408059,-0.0,0.003073648008408059
THC.US,long,2013-07-05,2013-07-08,2,0.2,0.2,0,0.00032347504621070837,-0.0,0.00032347504621070837
LM.US,long,2013-07-08,2013-07-08,1,0.2,0.2,0,0.0,-0.0,-0.0
WELL.US,long,2013-07-08,2013-07-10,3,0.20000000000000004,0.2,0,0.0028744104507951286,-0.0,0.0029961389961389974
MU.US,long,2013-07-09,2013-07-12,4,0.2,0.2,0,-0.006747255157750831,-0.008980213089802125,-0.0
MNST.US,long,2013-07-10,2013-07-10,1,0.2,0.2,0,0.0,-0.0,-0.0
PBI.US,long,2013-07-12,2013-07-19,6,0.19999999999999998,0.2,0,0.0014520348635463922,-0.0005730659025788177,0.0031445595461980116
YUM.US,long,2013-07-12,2013-07-17,4,0.2,0.2,0,0.0021664056242497454,-0.0,0.0031710079275198313
CTRA.US,long,2013-07-15,2013-07-17,3,0.20000000000000004,0.2,0,-0.001506659683863032,-0.0018228424950156752,-0.0
KMX.US,long,2013-07-16,2013-07-19,4,0.2,0.2,0,0.0008838987848090786,-0.0,0.0015090290202747882
SCHW.US,long,2013-07-16,2013-07-17,2,0.2,0.2,0,-0.00047619047619045234,-0.00047619047619045234,-0.0
APH.US,long,2013-07-18,2013-07-19,2,0.2,0.2,0,0.0011253379157149192,-0.0,0.0011253379157149192
SHW.US,long,2013-07-18,2013-07-18,1,0.2,0.2,0,0.0,-0.0,-0.0
TER.US,long,2013-07-18,2013-07-19,2,0.2,0.2,0,0.0005617977528090456,-0.0,0.0005617977528090456
MSFT.US,long,2013-07-19,2013-07-29,7,0.19999999999999998,0.2,0,0.0009706383117854768,-0.0,0.003885350318471348
INTC.US,long,2013-07-22,2013-07-24,3,0.20000000000000004,0.2,0,0.0014067478415304758,-0.00017566974088711884,0.0014067478415304758
MAT.US,long,2013-07-22,2013-07-25,4,0.2,0.2,0,0.001672823889291997,-0.0,0.001672823889291997
NRG.US,long,2013-07-22,2013-07-25,4,0.2,0.2,0,-0.0032074698506425084,-0.003936598541856529,-0.0
TGNA.US,long,2013-07-22,2013-07-30,7,0.19999999999999998,0.2,0,-0.00252926748066169,-0.0036300462146874103,0.0021599028192690107
MAS.US,long,2013-07-25,2013-07-29,3,0.20000000000000004,0.2,0,-0.0027072149409166583,-0.0027072149409166583,-0.0
STX.US,long,2013-07-26,2013-07-31,4,0.2,0.2,0,-0.0005879250397422546,-0.0036540803897685994,0.0010605598087426002
TER.US,long,2013-07-26,2013-07-31,4,0.2,0.2,0,-0.0011744735611864286,-0.0022905364677516804,0.000270439142004442
MNST.US,long,2013-07-30,2013-07-31,2,0.2,0.2,0,0.002389248382279741,-0.0,0.002389248382279741
PCP.US,long,2013-07-30,2013-07-31,2,0.2,0.2,0,2.7064820244504517e-05,-0.0,2.7064820244504517e-05
V.US,long,2013-07-31,2013-08-01,2,0.2,0.2,0,0.0024405400824812243,-0.0,0.0024405400824812243
AIV.US,long,2013-08-01,2013-08-08,6,0.19999999999999998,0.2,0,-0.003053622523259647,-0.003053622523259647,0.0
AVP.US,long,2013-08-01,2013-08-02,2,0.2,0.2,0,0.0016348773841961429,-0.0,0.0016348773841961429
CME.US,long,2013-08-01,2013-08-12,8,0.2,0.2,0,-0.001707596075882356,-0.0017075960758823562,0.0006122634949350614
PLD.US,long,2013-08-01,2013-08-19,13,0.20000000000000004,0.2,0,-0.019359770973630997,-0.019359770973630997,5.093462403604624e-06
YHOO.US,long,2013-08-02,2013-08-08,5,0.2,0.2,0,-0.0012155309774176005,-0.0023851502237360656,0.00014466546112119617
SWY.US,long,2013-08-05,2013-08-08,4,0.2,0.2,0,-0.001165563422953553,-0.003517550446473439,-0.0
BIIB.US,long,2013-08-09,2013-08-12,2,0.2,0.2,0,-0.005142453496585842,-0.005142453496585842,-0.0
MRO.US,long,2013-08-09,2013-08-21,9,0.2,0.2,0,-0.009012282710942055,-0.010230692119929108,0.0005909800929964071
REGN.US,long,2013-08-09,2013-08-19,7,0.19999999999999998,0.2,0,-0.018558036127396302,-0.018558036127396302,-0.0
FSLR.US,long,2013-08-13,2013-08-19,5,0.2,0.2,0,-0.00925834406262558,-0.00925834406262558,-0.0
MAS.US,long,2013-08-13,2013-08-19,5,0.2,0.2,0,-0.00649733774146668,-0.00649733774146668,-0.0
FTRCQ.US,long,2013-08-20,2013-08-20,1,0.2,0.2,0,0.0,0.0,0.0
HD.US,long,2013-08-20,2013-08-23,4,0.2,0.2,0,-0.0010725006204350019,-0.0015076053304617033,-0.0
TXT.US,long,2013-08-20,2013-08-22,3,0.20000000000000004,0.2,0,0.0025688360450563776,-0.0,0.0025688360450563776
VTRS.US,long,2013-08-20,2013-08-28,7,0.19999999999999998,0.2,0,-0.0037147382267606506,-0.005440860206047216,0.0003472204143888159
MU.US,long,2013-08-21,2013-08-28,6,0.19999999999999998,0.2,0,-0.005577295313370145,-0.006487765723081828,0.0033749082905355724
HPQ.US,long,2013-08-22,2013-08-27,4,0.2,0.2,0,-0.002053334083265268,-0.002053334083265268,0.0016219694958123033
CSCO.US,long,2013-08-23,2013-09-06,10,0.2,0.2,0,-0.0025647689683176104,-0.004638507140411186,-0.0
JNPR.US,long,2013-08-26,2013-08-30,5,0.2,0.2,0,-0.006361862523258789,-0.006679827547106144,-0.0
HAR.US,long,2013-08-28,2013-09-09,8,0.2,0.2,0,0.0008415706808849064,-0.0036443362509108734,0.0008415706808849069
MNST.US,long,2013-08-29,2013-09-13,11,0.2,0.2,0,-0.006318386592978055,-0.010305104868617644,0.0014391014391014424
PBI.US,long,2013-08-29,2013-09-05,5,0.2,0.2,0,-0.00015734148210775294,-0.004199160167966442,-0.0
AMD.US,long,2013-09-03,2013-09-04,2,0.2,0.2,0,0.0024464831804281496,0.0,0.0024464831804281496
MSFT.US,long,2013-09-05,2013-09-06,2,0.2,0.2,0,-0.0005123278898495398,-0.0005123278898495398,0.0
SWN.US,long,2013-09-06,2013-09-06,1,0.2,0.2,0,0.0,-0.0,-0.0
CAG.US,long,2013-09-09,2013-09-27,15,0.20000000000000007,0.2,0,-0.020045186004835246,-0.020045186004835246,-0.0
GIS.US,long,2013-09-10,2013-09-12,3,0.20000000000000004,0.2,0,0.0006974028290552159,-0.0,0.0006974028290552159
AAPL.US,long,2013-09-11,2013-09-17,5,0.2,0.2,0,-0.005214358221287907,-0.0075246775230912505,0.0021300414873173246
HCBK.US,long,2013-09-11,2013-09-16,4,0.2,0.2,0,-0.001200605770124441,-0.0018650575973669925,-0.0
CTRA.US,long,2013-09-13,2013-09-16,2,0.2,0.2,0,0.0004264392324093702,-0.0,0.0004264392324093702
AMZN.US,long,2013-09-16,2013-09-16,1,0.2,0.2,0,0.0,-0.0,-0.0
CELG.US,long,2013-09-17,2013-09-17,1,0.2,0.2,0,0.0,-0.0,-0.0
CVC.US,long,2013-09-17,2013-09-18,2,0.2,0.2,0,0.0014899713467048771,-0.0,0.0014899713467048771
NBR.US,long,2013-09-17,2013-09-17,1,0.2,0.2,0,0.0,-0.0,-0.0
CME.US,long,2013-09-18,2013-09-18,1,0.2,0.2,0,0.0,-0.0,-0.0
ELV.US,long,2013-09-18,2013-09-23,4,0.2,0.2,0,-0.0029007939850224764,-0.004892777466135101,-0.0
ESRX.US,long,2013-09-18,2013-09-24,5,0.2,0.2,0,-0.006227775048410388,-0.006227775048410388,-0.0
LNC.US,long,2013-09-19,2013-09-30,8,0.2,0.2,0,-0.0010135479148577257,-0.001561950742203355,0.0018583214985384404
ZION.US,long,2013-09-19,2013-09-30,8,0.2,0.2,0,-0.0038666853693920538,-0.005038875274626298,7.153075822601274e-05
VRTX.US,long,2013-09-24,2013-09-25,2,0.2,0.2,0,0.0003756876425600631,-0.0,0.0003756876425600631
REGN.US,long,2013-09-25,2013-09-25,1,0.2,0.2,0,0.0,-0.0,-0.0
JBL.US,long,2013-09-26,2013-09-30,3,0.20000000000000004,0.2,0,0.0005774989613483107,-0.0018501387604070052,0.0005774989613483107
MS.US,long,2013-09-26,2013-10-09,10,0.2,0.2,0,-0.0027766833441336346,-0.0044339338149433916,-0.0
EA.US,long,2013-09-30,2013-09-30,1,0.2,0.2,0,0.0,-0.0,-0.0
FCX.US,long,2013-10-01,2013-10-01,1,0.2,0.2,0,0.0,-0.0,-0.0
GM.US,long,2013-10-01,2013-10-09,7,0.19999999999999998,0.2,0,-0.009846425207861609,-0.009846425207861609,0.0001670843776107045
MDLZ.US,long,2013-10-01,2013-10-03,3,0.20000000000000004,0.2,0,-0.0020143778372961885,-0.0020143778372961885,-0.0
WHR.US,long,2013-10-01,2013-10-09,7,0.19999999999999998,0.2,0,-0.012018937392896745,-0.0150919589488004,-0.0
EQT.US,long,2013-10-02,2013-10-03,2,0.2,0.2,0,-0.0014714334981032362,-0.0014714334981032362,-0.0
AN.US,long,2013-10-04,2013-10-09,4,0.2,0.2,0,-0.008430487253750818,-0.00954297180257655,-0.0
TGNA.US,long,2013-10-04,2013-10-09,4,0.2,0.2,0,-0.013670997519801721,-0.013670997519801721,-0.0
BBWI.US,long,2013-10-10,2013-10-11,2,0.2,0.2,0,-0.0010247349823321317,-0.0010247349823321317,-0.0
DGX.US,long,2013-10-10,2013-10-15,4,0.2,0.2,0,-0.002576321366462575,-0.002576321366462575,-0.0
LH.US,long,2013-10-10,2013-10-10,1,0.2,0.2,0,0.0,-0.0,-0.0
CF.US,long,2013-10-11,2013-10-17,5,0.2,0.2,0,0.0048623660076182245,-0.0,0.0048623660076182245
MRK.US,long,2013-10-14,2013-10-15,2,0.2,0.2,0,-0.0007700534759358169,-0.0007700534759358169,-0.0
FLIR.US,long,2013-10-15,2013-10-16,2,0.2,0.2,0,-0.0015389996502273462,-0.0015389996502273462,-0.0
NTAP.US,long,2013-10-15,2013-10-17,3,0.20000000000000004,0.2,0,0.00045976254464712434,-0.0012776412776412949,0.00045976254464712434
ADSK.US,long,2013-10-17,2013-10-23,5,0.2,0.2,0,-0.00458431837993516,-0.00458431837993516,-0.0
DOV.US,long,2013-10-17,2013-10-17,1,0.2,0.2,0,0.0,-0.0,-0.0
YHOO.US,long,2013-10-17,2013-10-17,1,0.2,0.2,0,0.0,-0.0,-0.0
IPG.US,long,2013-10-18,2013-10-23,4,0.2,0.2,0,-0.008085551202506248,-0.008085551202506248,-0.0
UNH.US,long,2013-10-18,2013-10-21,2,0.2,0.2,0,-0.0016288539848749563,-0.0016288539848749563,-0.0
GT.US,long,2013-10-21,2013-10-23,3,0.20000000000000004,0.2,0,0.0071694714843535635,-0.0,0.008712121212121239
COF.US,long,2013-10-22,2013-11-01,9,0.2,0.2,0,-0.004514864401912667,-0.0066118499851367755,-0.0
WAT.US,long,2013-10-22,2013-10-25,4,0.2,0.2,0,0.0043278946903557046,-0.0,0.0043278946903557046
AKAM.US,long,2013-10-24,2013-10-28,3,0.20000000000000004,0.2,0,-0.0012175090221957507,-0.0012175090221957507,-0.0
ETFC.US,long,2013-10-24,2013-10-24,1,0.2,0.2,0,0.0,-0.0,-0.0
THC.US,long,2013-10-24,2013-10-30,5,0.2,0.2,0,-0.0015327380083376418,-0.0015327380083376418,0.0029158383035122527
YHOO.US,long,2013-10-25,2013-10-28,2,0.2,0.2,0,0.0006201550387597177,-0.0,0.0006201550387597177
FLIR.US,long,2013-10-28,2013-11-07,9,0.2,0.2,0,0.0003895376508901373,-0.0,0.0029818956336528316
GT.US,long,2013-10-29,2013-11-04,5,0.2,0.2,0,0.0014140380050766902,-0.0,0.006856591018831493
VIAV.US,long,2013-10-29,2013-11-14,13,0.20000000000000004,0.2,0,-0.04218741910427817,-0.04218741910427817,-0.0
VRTX.US,long,2013-10-31,2013-11-12,9,0.2,0.2,0,-0.033420376541024796,-0.03342037654102479,-0.0
REGN.US,long,2013-11-04,2013-11-04,1,0.2,0.2,0,0.0,-0.0,-0.0
ALXN.US,long,2013-11-05,2013-11-12,6,0.19999999999999998,0.2,0,-0.006288075336432209,-0.009204374448683295,-0.0
MAS.US,long,2013-11-05,2013-11-11,5,0.2,0.2,0,-0.004637487358101056,-0.004637487358101056,-0.0
WPX.US,long,2013-11-08,2013-11-19,8,0.2,0.2,0,-0.009305036467670093,-0.009529755568793674,0.0
EOG.US,long,2013-11-12,2013-11-14,3,0.20000000000000004,0.2,0,0.0030725019940482934,-0.0,0.0030725019940482934
DFS.US,long,2013-11-13,2013-11-13,1,0.2,0.2,0,0.0,0.0,0.0
NUE.US,long,2013-11-13,2013-11-13,1,0.2,0.2,0,0.0,-0.0,-0.0
JEF.US,long,2013-11-14,2013-11-21,6,0.19999999999999998,0.2,0,0.0016988777367036526,-0.0015346108893330435,0.002064670947415337
KSS.US,long,2013-11-14,2013-11-19,4,0.2,0.2,0,0.0010888387546365676,-0.0,0.0014939309056956507
EA.US,long,2013-11-15,2013-12-03,12,0.20000000000000004,0.2,0,-0.021841594291746327,-0.021841594291746327,0.0004987531172070181
WU.US,long,2013-11-15,2013-11-21,5,0.2,0.2,0,-0.0004353077257956968,-0.0036060394331128174,0.00023952095808383868
BBY.US,long,2013-11-20,2013-11-22,3,0.20000000000000004,0.2,0,0.0033956896447413956,-0.0,0.0033956896447413956
PXD.US,long,2013-11-20,2013-11-25,4,0.2,0.2,0,-0.0021645583800202536,-0.0021645583800202536,0.003920712062469267
CLF.US,long,2013-11-22,2013-12-18,18,0.20000000000000004,0.2,0,-0.01578618306695019,-0.01992820890160572,-0.0
X.US,long,2013-11-22,2013-11-26,3,0.20000000000000004,0.2,0,0.0013644176990502022,-0.0,0.0013644176990502022
NBR.US,long,2013-11-25,2013-12-13,14,0.20000000000000004,0.2,0,-0.012564917671747543,-0.016047393389483577,0.0007138607971445943
RIG.US,long,2013-11-26,2013-12-23,19,0.20000000000000004,0.2,0,-0.013073199632994581,-0.01388171027129246,0.0005555555555555536
GME.US,long,2013-11-27,2013-12-12,11,0.2,0.2,0,-0.007950404543273826,-0.010324884470367102,0.0020096294745655997
ANDV.US,long,2013-12-04,2013-12-05,2,0.2,0.2,0,-0.0006095374686267752,-0.0006095374686267752,-0.0
REGN.US,long,2013-12-06,2013-12-17,8,0.2,0.2,0,-0.015125488467296045,-0.015125488467296045,-0.0
BIIB.US,long,2013-12-13,2013-12-17,3,0.20000000000000004,0.2,0,-0.002777232957205356,-0.002777232957205356,-0.0
CELG.US,long,2013-12-16,2013-12-18,3,0.20000000000000004,0.2,0,-0.0010680732262634777,-0.003182764108213965,-0.0
EQT.US,long,2013-12-18,2013-12-18,1,0.2,0.2,0,0.0,-0.0,-0.0
GRMN.US,long,2013-12-18,2013-12-19,2,0.2,0.2,0,-0.00043668122270739134,-0.00043668122270739134,-0.0
AAPL.US,long,2013-12-19,2013-12-20,2,0.2,0.2,0,0.0016754949858575508,-0.0,0.0016754949858575508
FOSL.US,long,2013-12-19,2013-12-20,2,0.2,0.2,0,6.733439946131625e-05,-0.0,6.733439946131625e-05
MU.US,long,2013-12-19,2013-12-23,3,0.20000000000000004,0.2,0,-0.001046534286192391,-0.001046534286192391,0.005087881591119326
KMX.US,long,2013-12-20,2014-01-09,13,0.20000000000000004,0.2,0,-0.012721409914117967,-0.012721409914117963,-0.0
CPRI.US,long,2013-12-23,2013-12-30,5,0.2,0.2,0,-0.0005098439317195558,-0.0005346639863236691,0.0014851485148514865
GIS.US,long,2013-12-23,2013-12-24,2,0.2,0.2,0,0.0004882017900732283,-0.0,0.0004882017900732283
CME.US,long,2013-12-27,2014-01-02,4,0.2,0.2,0,-0.0024147709199603407,-0.0024147709199603407,-0.0
NFLX.US,long,2013-12-27,2014-01-21,16,0.2,0.2,0,-0.021839462856379235,-0.021839462856379232,0.0003655182730330609
WFM.US,long,2013-12-27,2014-01-13,11,0.2,0.2,0,-0.015027590308933527,-0.015027590308933527,0.004047673424946697
FTRCQ.US,long,2013-12-31,2014-01-15,11,0.2,0.2,0,0.004770350026078797,-0.0,0.005189637237818824
REGN.US,long,2014-01-03,2014-01-06,2,0.2,0.2,0,-0.002126954921803126,-0.002126954921803126,-0.0
GME.US,long,2014-01-07,2014-01-09,3,0.20000000000000004,0.2,0,0.0038067010399405188,-0.0,0.0054825555052106624
CLF.US,long,2014-01-10,2014-01-27,11,0.2,0.2,0,-0.03171359439967385,-0.03243785720360556,0.0017679176856947314
PXD.US,long,2014-01-10,2014-01-13,2,0.2,0.2,0,-0.005855670103092803,-0.005855670103092803,-0.0
ANDV.US,long,2014-01-14,2014-01-28,10,0.2,0.2,0,-0.013539857991626603,-0.014765881325619113,-0.0
BBWI.US,long,2014-01-14,2014-02-06,17,0.2,0.2,0,-0.008404065925370465,-0.020462177111244963,0.0013123029285766474
SNI.US,long,2014-01-16,2014-01-17,2,0.2,0.2,0,-0.0026081170991350657,-0.0026081170991350657,-0.0
X.US,long,2014-01-21,2014-01-29,7,0.19999999999999998,0.2,0,-0.007678008383527568,-0.010605229559974939,-0.0
ATI.US,long,2014-01-22,2014-01-27,4,0.2,0.2,0,-0.0004168054349081851,-0.0004168054349081851,0.006310527960012547
STX.US,long,2014-01-28,2014-02-13,13,0.20000000000000004,0.2,0,-0.005425724441550916,-0.009209413335298212,0.008268633540372638
VRTX.US,long,2014-01-28,2014-01-29,2,0.2,0.2,0,-0.0012105926860025429,-0.0012105926860025429,-0.0
TRIP.US,long,2014-01-29,2014-02-05,6,0.19999999999999998,0.2,0,-0.0010127222788588464,-0.007119512797860251,0.0029216121038215803
PSX.US,long,2014-01-30,2014-02-05,5,0.2,0.2,0,-0.007949688266344148,-0.007949688266344148,-0.0
TSCO.US,long,2014-01-30,2014-02-05,5,0.2,0.2,0,-0.011100399979172093,-0.012108319656440148,-0.0
CHKAQ.US,long,2014-02-06,2014-02-07,2,0.2,0.2,0,0.001475113604235201,-0.0,0.001475113604235201
MRSH.US,long,2014-02-06,2014-02-06,1,0.2,0.2,0,0.0,-0.0,-0.0
VRSN.US,long,2014-02-06,2014-02-07,2,0.2,0.2,0,-0.009888127029953099,-0.009888127029953099,-0.0
GAS.US,long,2014-02-07,2014-02-12,4,0.2,0.2,0,-0.00021425737858706825,-0.0007389697891762248,-0.0
PRGO.US,long,2014-02-07,2014-02-07,1,0.2,0.2,0,0.0,-0.0,-0.0
AET.US,long,2014-02-10,2014-02-13,4,0.2,0.2,0,0.00024222165092417907,-0.0015996816491525847,0.0010657734470158164
CTRA.US,long,2014-02-10,2014-02-10,1,0.2,0.2,0,0.0,-0.0,-0.0
AIZ.US,long,2014-02-12,2014-02-13,2,0.2,0.2,0,0.0009119496855345855,-0.0,0.0009119496855345855
A.US,long,2014-02-14,2014-02-19,3,0.20000000000000004,0.2,0,0.002503284257450944,-0.0003616296138092556,0.002503284257450944
NTAP.US,long,2014-02-14,2014-02-26,8,0.2,0.2,0,-0.0021413661754345007,-0.004299459023615172,-0.0
BAC.US,long,2014-02-18,2014-02-21,4,0.2,0.2,0,-0.0021668200098586615,-0.003278688524590168,-0.0
DE.US,long,2014-02-18,2014-02-26,7,0.19999999999999998,0.2,0,-0.001739825930306305,-0.002453686727450855,6.574861367067983e-05
EMR.US,long,2014-02-18,2014-02-21,4,0.2,0.2,0,-0.001185264460766744,-0.0016614420062695868,-0.0
IVZ.US,long,2014-02-20,2014-02-21,2,0.2,0.2,0,-0.0008904719501335646,-0.0008904719501335646,-0.0
MU.US,long,2014-02-24,2014-02-28,5,0.2,0.2,0,-0.004537086032389803,-0.004537086032389803,-0.0
PBI.US,long,2014-02-24,2014-02-27,4,0.2,0.2,0,0.0025934805235338088,-0.0,0.002833192868719614
X.US,long,2014-02-24,2014-02-25,2,0.2,0.2,0,-0.003807947019867553,-0.003807947019867553,-0.0
MNST.US,long,2014-02-26,2014-02-27,2,0.2,0.2,0,0.00045070422535213876,-0.0,0.00045070422535213876
AES.US,long,2014-02-27,2014-03-03,3,0.20000000000000004,0.2,0,0.0011901306240929,-0.0018867924528301661,0.0011901306240929
ORLY.US,long,2014-02-27,2014-03-14,12,0.20000000000000004,0.2,0,-0.003594787402273658,-0.005094643893277562,0.0011805474893032742
VLO.US,long,2014-02-28,2014-03-03,2,0.2,0.2,0,0.0015423092955398233,-0.0,0.0015423092955398233
VRTX.US,long,2014-02-28,2014-03-27,20,0.20000000000000004,0.2,0,-0.025960304123990727,-0.026925664714564278,0.005556792193580629
ALXN.US,long,2014-03-03,2014-03-07,5,0.2,0.2,0,-0.005100956090538822,-0.005100956090538822,0.0011714898799512596
GAP.US,long,2014-03-04,2014-03-13,8,0.2,0.2,0,-0.007200271127633995,-0.007200271127633996,-0.0
JNPR.US,long,2014-03-04,2014-03-17,10,0.2,0.2,0,-0.0067766153712852445,-0.00880907768931074,0.001368682418254963
FSLR.US,long,2014-03-10,2014-03-14,5,0.2,0.2,0,-0.0028610402088570697,-0.0066324903314291875,-0.0
X.US,long,2014-03-14,2014-03-17,2,0.2,0.2,0,0.0011642411642411865,-0.0,0.0011642411642411865
CVC.US,long,2014-03-17,2014-03-28,10,0.2,0.2,0,-0.001512687879114827,-0.0038115384538274467,-0.0
DHI.US,long,2014-03-17,2014-03-17,1,0.2,0.2,0,0.0,0.0,0.0
NFLX.US,long,2014-03-18,2014-04-07,15,0.20000000000000007,0.2,0,-0.04231081221462187,-0.04271993142247219,0.0019139045995483885
YUM.US,long,2014-03-18,2014-03-27,8,0.2,0.2,0,-0.004945435871117176,-0.004945435871117176,0.000591578911467039
NDAQ.US,long,2014-03-19,2014-03-21,3,0.20000000000000004,0.2,0,0.00021287013691617673,-5.28000000000084e-05,0.00021287013691617673
ALXN.US,long,2014-03-24,2014-03-31,6,0.19999999999999998,0.2,0,0.003262619958027213,-0.0003647391639109766,0.004433760683760735
BIIB.US,long,2014-03-28,2014-03-31,2,0.2,0.2,0,0.00798993608051135,-0.0,0.00798993608051135
TRIP.US,long,2014-03-28,2014-03-31,2,0.2,0.2,0,0.0011993337034980735,0.0,0.0011993337034980735
RRC.US,long,2014-03-31,2014-04-01,2,0.2,0.2,0,0.0025792455104254766,-0.0,0.0025792455104254766
NDAQ.US,long,2014-04-01,2014-04-15,11,0.2,0.2,0,-0.009194029917639266,-0.009194029917639268,0.00670763916255126
ADBE.US,long,2014-04-03,2014-04-07,3,0.20000000000000004,0.2,0,-0.006391236929530586,-0.006391236929530586,-0.0
BFH.US,long,2014-04-03,2014-04-08,4,0.2,0.2,0,-0.007663313223693647,-0.007663313223693647,-0.0
NBR.US,long,2014-04-03,2014-04-08,4,0.2,0.2,0,-0.002618173724515605,-0.004822497590560571,-0.0
ETFC.US,long,2014-04-08,2014-04-08,1,0.2,0.2,0,0.0,0.0,0.0
GMCR.US,long,2014-04-08,2014-05-02,18,0.20000000000000004,0.2,0,-0.021775512068134637,-0.021775512068134637,0.004597927972372995
ISRG.US,long,2014-04-09,2014-04-21,8,0.2,0.2,0,-0.02074880244293822,-0.02074880244293822,-0.0
MUR.US,long,2014-04-09,2014-04-14,4,0.2,0.2,0,-0.00148374121199637,-0.002624489408607711,-0.0
PAYX.US,long,2014-04-09,2014-04-14,4,0.2,0.2,0,-0.0045494397714076935,-0.006453247386638151,-0.0
AMAT.US,long,2014-04-15,2014-04-16,2,0.2,0.2,0,0.0006362672322375751,-0.0,0.0006362672322375751
WYNN.US,long,2014-04-15,2014-04-21,4,0.2,0.2,0,0.0016534417249613798,-0.0,0.005076518648038287
LRCX.US,long,2014-04-16,2014-04-16,1,0.2,0.2,0,0.0,-0.0,-0.0
HUM.US,long,2014-04-17,2014-04-21,2,0.2,0.2,0,0.0012220737063204368,-0.0,0.0012220737063204368
LEN.US,long,2014-04-17,2014-04-23,4,0.2,0.2,0,7.032527094428219e-05,-0.000783878156542861,0.0013190698394823339
DGX.US,long,2014-04-22,2014-05-06,11,0.2,0.2,0,-0.009820136368674473,-0.010072388620926723,-0.0
ESRX.US,long,2014-04-22,2014-04-23,2,0.2,0.2,0,-8.455467869219469e-05,-8.455467869219469e-05,-0.0
HPQ.US,long,2014-04-22,2014-04-23,2,0.2,0.2,0,-0.000188227887944592,-0.000188227887944592,-0.0
FFIV.US,long,2014-04-24,2014-04-28,3,0.20000000000000004,0.2,0,-0.006922138060518845,-0.006922138060518845,-0.0
HP.US,long,2014-04-24,2014-05-05,8,0.2,0.2,0,-0.0007519576888692871,-0.0027086702191129854,0.0030345419299896426
XLNX.US,long,2014-04-24,2014-05-07,10,0.2,0.2,0,-0.006227425182428292,-0.007710845775796504,0.0005874947545111199
GT.US,long,2014-04-29,2014-04-30,2,0.2,0.2,0,0.0007168458781361853,-0.0,0.0007168458781361853
STX.US,long,2014-05-01,2014-05-09,7,0.19999999999999998,0.2,0,-0.004743050299459317,-0.005838829520238531,0.0011428571428571566
TSN.US,long,2014-05-05,2014-05-06,2,0.2,0.2,0,-0.0009885535900104215,-0.0009885535900104215,-0.0
VTRS.US,long,2014-05-06,2014-05-09,4,0.2,0.2,0,-0.009795932119321128,-0.009795932119321128,-0.0
FSLR.US,long,2014-05-07,2014-05-20,10,0.2,0.2,0,-0.015985481279135218,-0.015985481279135218,0.000827577512046962
UAA.US,long,2014-05-07,2014-05-09,3,0.20000000000000004,0.2,0,0.0023720122272279376,-0.0,0.0023720122272279376
WYNN.US,long,2014-05-08,2014-05-09,2,0.2,0.2,0,0.00411300585390686,-0.0,0.00411300585390686
AEE.US,long,2014-05-12,2014-05-13,2,0.2,0.2,0,0.00030967741935485906,-0.0,0.00030967741935485906
EXC.US,long,2014-05-12,2014-05-21,8,0.2,0.2,0,-0.006863444262084873,-0.006921868576041801,0.0013000036723267883
PCG.US,long,2014-05-12,2014-05-13,2,0.2,0.2,0,0.0008368200836819995,-0.0,0.0008368200836819995
PEG.US,long,2014-05-12,2014-05-21,8,0.2,0.2,0,-0.004211336799779297,-0.004695598300989956,0.0009454349669048234
CMCSA.US,long,2014-05-14,2014-05-14,1,0.2,0.2,0,0.0,-0.0,-0.0
PCP.US,long,2014-05-14,2014-05-20,5,0.2,0.2,0,-0.0045941631948343,-0.007060585989792756,-0.0
ETFC.US,long,2014-05-15,2014-05-20,4,0.2,0.2,0,0.00014660152244796434,-0.0,0.003136138144271605
BTUUQ.US,long,2014-05-21,2014-06-04,10,0.2,0.2,0,-0.020596651054679914,-0.022084630009568375,0.0
FTRCQ.US,long,2014-05-21,2014-05-22,2,0.2,0.2,0,0.005000000000000027,-0.0,0.005000000000000027
MPC.US,long,2014-05-21,2014-05-28,5,0.2,0.2,0,-0.0007197184336004137,-0.0017789941840574697,-0.0
EW.US,long,2014-05-22,2014-06-10,13,0.20000000000000004,0.2,0,-0.0016452485271631677,-0.004693127144922738,-0.0
GNW.US,long,2014-05-22,2014-05-23,2,0.2,0.2,0,0.0005803830528148702,-0.0,0.0005803830528148702
SWN.US,long,2014-05-23,2014-05-23,1,0.2,0.2,0,0.0,-0.0,-0.0
CCE.US,long,2014-05-27,2014-05-28,2,0.2,0.2,0,0.0024282560706402113,-0.0,0.0024282560706402113
KDP.US,long,2014-05-27,2014-05-28,2,0.2,0.2,0,0.00017608733932030776,-0.0,0.00017608733932030776
CVX.US,long,2014-05-29,2014-06-04,5,0.2,0.2,0,5.3795680335078186e-05,-0.00017622620913551037,0.0007684761281884001
XYL.US,long,2014-05-29,2014-05-30,2,0.2,0.2,0,0.0029931972789115414,-0.0,0.0029931972789115414
GNW.US,long,2014-05-30,2014-06-03,3,0.20000000000000004,0.2,0,0.003998002019062419,-0.0,0.003998002019062419
XOM.US,long,2014-06-02,2014-06-04,3,0.20000000000000004,0.2,0,0.0002032597185565476,-0.0,0.000900540324194532
BKNG.US,long,2014-06-04,2014-06-10,5,0.2,0.2,0,-0.0037269142158331105,-0.0037269142158331105,0.000319429841810015
MOS.US,long,2014-06-05,2014-06-06,2,0.2,0.2,0,-0.00036862584476753395,-0.00036862584476753395,-0.0
VAR.US,long,2014-06-05,2014-06-11,5,0.2,0.2,0,-0.0012222084534038837,-0.0012222084534038837,0.0005622097286726912
TSN.US,long,2014-06-06,2014-06-17,8,0.2,0.2,0,-0.02395623438225285,-0.025777002518810477,-0.0
WYNN.US,long,2014-06-09,2014-06-10,2,0.2,0.2,0,-0.0011856317508164072,-0.0011856317508164072,-0.0
BIIB.US,long,2014-06-11,2014-06-17,5,0.2,0.2,0,-0.003837916525962548,-0.003837916525962548,-0.0
MPC.US,long,2014-06-11,2014-06-11,1,0.2,0.2,0,0.0,0.0,0.0
VLO.US,long,2014-06-11,2014-06-11,1,0.2,0.2,0,0.0,-0.0,-0.0
DAL.US,long,2014-06-12,2014-06-16,3,0.20000000000000004,0.2,0,0.0018054198604657403,-0.0,0.00384415584415585
GT.US,long,2014-06-12,2014-06-13,2,0.2,0.2,0,0.003964244073066459,-0.0,0.003964244073066459
THC.US,long,2014-06-12,2014-06-13,2,0.2,0.2,0,-0.0033493824576094067,-0.0033493824576094067,-0.0
ALXN.US,long,2014-06-16,2014-06-19,4,0.2,0.2,0,-0.0038525439123402896,-0.0038525439123402896,-0.0
CPRI.US,long,2014-06-16,2014-06-24,7,0.19999999999999998,0.2,0,-0.004279732494642863,-0.004279732494642863,0.0017056152397829207
MAS.US,long,2014-06-17,2014-06-17,1,0.2,0.2,0,0.0,-0.0,-0.0
DGX.US,long,2014-06-18,2014-06-19,2,0.2,0.2,0,0.0003416467372736598,-0.0,0.0003416467372736598
GILD.US,long,2014-06-18,2014-06-19,2,0.2,0.2,0,0.0007801686170882061,-0.0,0.0007801686170882061
WELL.US,long,2014-06-18,2014-06-18,1,0.2,0.2,0,0.0,-0.0,-0.0
FFIV.US,long,2014-06-19,2014-06-23,3,0.20000000000000004,0.2,0,-0.0012965668371073713,-0.0012965668371073713,-0.0
NVDA.US,long,2014-06-20,2014-06-27,6,0.19999999999999998,0.2,0,-0.005830187046606806,-0.006048051970354096,-0.0
TFCF.US,long,2014-06-20,2014-06-24,3,0.20000000000000004,0.2,0,-0.001252325311049085,-0.001252325311049085,-0.0
XRX.US,long,2014-06-20,2014-06-20,1,0.2,0.2,0,0.0,-0.0,-0.0
BRCM.US,long,2014-06-23,2014-06-27,5,0.2,0.2,0,-0.005387534375425651,-0.006386909474795477,-0.0
DAL.US,long,2014-06-24,2014-06-30,5,0.2,0.2,0,0.0008411786008240218,-0.0,0.00404459424423127
LO.US,long,2014-06-25,2014-07-02,6,0.19999999999999998,0.2,0,0.0004432837960944625,-0.00014686992531021126,0.0019337921992788943
VLO.US,long,2014-06-25,2014-06-25,1,0.2,0.2,0,0.0,-0.0,-0.0
MNST.US,long,2014-06-26,2014-06-27,2,0.2,0.2,0,-0.0017747244883354885,-0.0017747244883354885,-0.0
EA.US,long,2014-06-30,2014-06-30,1,0.2,0.2,0,0.0,-0.0,-0.0
FDO.US,long,2014-06-30,2014-07-17,13,0.20000000000000004,0.2,0,-0.018229548965125207,-0.018229548965125207,-0.0
VLO.US,long,2014-06-30,2014-07-10,8,0.2,0.2,0,-0.003501609467873523,-0.003664945851847512,0.0035741668610713264
NBL.US,long,2014-07-01,2014-07-08,5,0.2,0.2,0,-0.0026047911824796047,-0.004264320090402518,-0.0
RAI.US,long,2014-07-01,2014-07-02,2,0.2,0.2,0,-0.0004643449419568846,-0.0004643449419568846,-0.0
FSLR.US,long,2014-07-03,2014-07-18,11,0.2,0.2,0,-0.021214728644574368,-0.0241764861710186,-0.0
MLM.US,long,2014-07-03,2014-07-08,3,0.20000000000000004,0.2,0,-0.00037210976371651063,-0.0023209915528538795,-0.0
GRMN.US,long,2014-07-09,2014-07-11,3,0.20000000000000004,0.2,0,-0.0012048985751917263,-0.0017628759073626155,-0.0
VTRS.US,long,2014-07-09,2014-07-09,1,0.2,0.2,0,0.0,-0.0,-0.0
NFLX.US,long,2014-07-10,2014-07-11,2,0.2,0.2,0,0.0006430281609850486,-0.0,0.0006430281609850486
THC.US,long,2014-07-11,2014-07-15,3,0.20000000000000004,0.2,0,-0.0008421412154582253,-0.0008421412154582253,-0.0
DHI.US,long,2014-07-14,2014-07-15,2,0.2,0.2,0,0.0005809128630705374,-0.0,0.0005809128630705374
PSKY.US,long,2014-07-14,2014-07-16,3,0.20000000000000004,0.2,0,0.0006485600172831062,-0.003889255108767298,0.0006485600172831062
ALXN.US,long,2014-07-16,2014-07-17,2,0.2,0.2,0,-0.004673426969830574,-0.004673426969830574,-0.0
REGN.US,long,2014-07-16,2014-07-17,2,0.2,0.2,0,-0.006343917418005974,-0.006343917418005974,-0.0
VRTX.US,long,2014-07-17,2014-07-17,1,0.2,0.2,0,0.0,-0.0,-0.0
BFH.US,long,2014-07-18,2014-07-21,2,0.2,0.2,0,0.0002659325873083152,-0.0,0.0002659325873083152
COF.US,long,2014-07-18,2014-07-23,4,0.2,0.2,0,-0.0007275873084236163,-0.0008992587191639424,-0.0
NVDA.US,long,2014-07-18,2014-07-29,8,0.2,0.2,0,-0.00720439834749047,-0.007881599250425064,0.001193058568329697
PETM.US,long,2014-07-18,2014-07-22,3,0.20000000000000004,0.2,0,0.0008971799337543997,-0.0,0.0008971799337543997
ANDV.US,long,2014-07-21,2014-07-23,3,0.20000000000000004,0.2,0,0.0027934762371137458,-0.0,0.0027934762371137458
ATI.US,long,2014-07-22,2014-08-01,9,0.2,0.2,0,-0.029322133171698184,-0.02995958337090139,-0.0
EA.US,long,2014-07-23,2014-08-01,8,0.2,0.2,0,-0.013081007406351274,-0.013735769311113158,0.004439511653718098
AMAT.US,long,2014-07-24,2014-08-05,9,0.2,0.2,0,-0.008521591017531872,-0.008521591017531872,-0.0
NEM.US,long,2014-07-24,2014-07-24,1,0.2,0.2,0,0.0,-0.0,-0.0
NFLX.US,long,2014-07-25,2014-07-29,3,0.20000000000000004,0.2,0,0.0011484879030193797,-0.0,0.001327454605793399
GT.US,long,2014-07-30,2014-08-07,7,0.19999999999999998,0.2,0,-0.009808107873220662,-0.009808107873220662,-0.0
VRTX.US,long,2014-07-30,2014-08-12,10,0.2,0.2,0,-0.014629646462059021,-0.01625262804860952,-0.0
ALXN.US,long,2014-08-04,2014-08-08,5,0.2,0.2,0,0.00041626456115704267,-0.0036232327458447515,0.00041626456115704267
BIIB.US,long,2014-08-04,2014-08-12,7,0.19999999999999998,0.2,0,-0.0009090489831285798,-0.0037934842706356165,-0.0
TWX.US,long,2014-08-06,2014-08-08,3,0.20000000000000004,0.2,0,-0.002625550905854279,-0.005872844827586166,-0.0
GMCR.US,long,2014-08-08,2014-08-18,7,0.19999999999999998,0.2,0,0.0033682295030244224,-0.0,0.003939929328621927
TSS.US,long,2014-08-11,2014-08-15,5,0.2,0.2,0,-0.002213542871264185,-0.002213542871264185,0.000582771078529265
WDC.US,long,2014-08-12,2014-08-21,8,0.2,0.2,0,0.0023960884410744844,-0.0,0.002664507197753796
M.US,long,2014-08-13,2014-08-13,1,0.2,0.2,0,0.0,-0.0,-0.0
PXD.US,long,2014-08-14,2014-08-15,2,0.2,0.2,0,0.0029389713600239454,-0.0,0.0029389713600239454
XEC.US,long,2014-08-14,2014-08-22,7,0.19999999999999998,0.2,0,0.0026340746188880495,-0.0,0.004999249361957681
WINMQ.US,long,2014-08-20,2014-08-22,3,0.20000000000000004,0.2,0,2.537416988790441e-06,-0.0007111111111111068,2.537416988790441e-06
REGN.US,long,2014-08-21,2014-08-22,2,0.2,0.2,0,-0.0004216567596849075,-0.0004216567596849075,-0.0
TGNA.US,long,2014-08-21,2014-08-29,7,0.19999999999999998,0.2,0,-0.0005840210145995784,-0.0006432802738588262,0.001296808876671518
NBR.US,long,2014-08-22,2014-08-22,1,0.2,0.2,0,0.0,-0.0,-0.0
CVC.US,long,2014-08-25,2014-08-26,2,0.2,0.2,0,0.0033482142857142352,-0.0,0.0033482142857142352
IPG.US,long,2014-08-25,2014-08-26,2,0.2,0.2,0,-0.000807672892478517,-0.000807672892478517,-0.0
MAC.US,long,2014-08-25,2014-08-25,1,0.2,0.2,0,0.0,-0.0,-0.0
NEM.US,long,2014-08-25,2014-08-25,1,0.2,0.2,0,0.0,-0.0,-0.0
HSP.US,long,2014-08-26,2014-09-15,14,0.20000000000000004,0.2,0,-0.004586049733344043,-0.005194067973891235,0.000740192450037025
KMI.US,long,2014-08-26,2014-08-28,3,0.20000000000000004,0.2,0,-0.0014504289146045847,-0.0014504289146045847,-0.0
BKNG.US,long,2014-08-27,2014-09-15,13,0.20000000000000004,0.2,0,-0.017594155521048392,-0.017594155521048392,-0.0
GRMN.US,long,2014-08-27,2014-09-05,7,0.19999999999999998,0.2,0,-0.004807183538814753,-0.007972706040721735,-0.0
UAA.US,long,2014-08-29,2014-08-29,1,0.2,0.2,0,0.0,-0.0,-0.0
MU.US,long,2014-09-02,2014-09-03,2,0.2,0.2,0,0.0010790225325293169,-0.0,0.0010790225325293169
WINMQ.US,long,2014-09-02,2014-09-04,3,0.20000000000000004,0.2,0,0.00163058255382178,-0.0,0.001809954751131171
NFX.US,long,2014-09-04,2014-09-15,8,0.2,0.2,0,-0.01595310658914313,-0.016579247992743483,0.0011987532965715532
NBR.US,long,2014-09-05,2014-09-15,7,0.19999999999999998,0.2,0,-0.009246004891463678,-0.009328889267758766,-0.0
XEC.US,long,2014-09-08,2014-09-15,6,0.19999999999999998,0.2,0,-0.00034566606104586813,-0.0018828647775595451,0.0009646851038337182
APTV.US,long,2014-09-16,2014-10-01,12,0.20000000000000004,0.2,0,-0.018744775469911643,-0.018744775469911646,-0.0
FTI1.US,long,2014-09-16,2014-10-07,16,0.2,0.2,0,-0.013635171140630932,-0.01363517114063093,-0.0
HAR.US,long,2014-09-16,2014-10-07,16,0.2,0.2,0,-0.026245672943892396,-0.026245672943892396,0.0004894658893573878
MHK.US,long,2014-09-16,2014-09-16,1,0.2,0.2,0,0.0,-0.0,-0.0
NFLX.US,long,2014-09-16,2014-09-17,2,0.2,0.2,0,-0.0010417806570221845,-0.0010417806570221845,-0.0
CRM.US,long,2014-09-17,2014-09-18,2,0.2,0.2,0,0.0007310704960835413,-0.0,0.0007310704960835413
NEM.US,long,2014-09-18,2014-10-03,12,0.20000000000000004,0.2,0,-0.014958169225776422,-0.014958169225776422,-0.0
YHOO.US,long,2014-09-19,2014-09-23,3,0.20000000000000004,0.2,0,-0.009071114694605309,-0.011140972391888604,-0.0
ANDV.US,long,2014-09-24,2014-09-25,2,0.2,0.2,0,-0.000470746469401484,-0.000470746469401484,-0.0
DAL.US,long,2014-09-26,2014-10-02,5,0.2,0.2,0,-0.006752400214119138,-0.008930050643918587,-0.0
VRTX.US,long,2014-10-02,2014-10-02,1,0.2,0.2,0,0.0,-0.0,-0.0
LYB.US,long,2014-10-03,2014-10-07,3,0.20000000000000004,0.2,0,-0.004690776105109307,-0.004690776105109307,0.0003342508847817616
NFX.US,long,2014-10-03,2014-10-15,9,0.2,0.2,0,-0.05827459095620733,-0.05827459095620733,0.0011955593509820784
AVGO.US,long,2014-10-06,2014-10-07,2,0.2,0.2,0,-0.004464285714285677,-0.004464285714285677,-0.0
ADM.US,long,2014-10-08,2014-10-15,6,0.19999999999999998,0.2,0,-0.021847803780072873,-0.021847803780072873,-0.0
FTRCQ.US,long,2014-10-09,2014-10-14,4,0.2,0.2,0,-0.0015909004296834183,-0.00575756709635007,-0.0
LUV.US,long,2014-10-09,2014-10-15,5,0.2,0.2,0,-0.00795629743984341,-0.015845863460157397,-0.0
WMB.US,long,2014-10-09,2014-10-14,4,0.2,0.2,0,-0.009007243549963184,-0.009132530666271399,-0.0
ANDV.US,long,2014-10-15,2014-10-15,1,0.2,0.2,0,0.0,-0.0,-0.0
VRTX.US,long,2014-10-15,2014-10-17,3,0.20000000000000004,0.2,0,0.00246939208895709,-0.0,0.00246939208895709
BRCM.US,long,2014-10-16,2014-10-16,1,0.2,0.2,0,0.0,-0.0,-0.0
CELG.US,long,2014-10-16,2014-10-16,1,0.2,0.2,0,0.0,-0.0,-0.0
ISRG.US,long,2014-10-16,2014-10-16,1,0.2,0.2,0,0.0,-0.0,-0.0
MNKKQ.US,long,2014-10-16,2014-10-16,1,0.2,0.2,0,0.0,-0.0,-0.0
CME.US,long,2014-10-17,2014-10-20,2,0.2,0.2,0,0.0028878098645540363,-0.0,0.0028878098645540363
HAS.US,long,2014-10-17,2014-10-17,1,0.2,0.2,0,0.0,-0.0,-0.0
SIAL.US,long,2014-10-17,2014-10-20,2,0.2,0.2,0,0.0014325151085578193,-0.0,0.0014325151085578193
KO.US,long,2014-10-21,2014-10-28,6,0.19999999999999998,0.2,0,-0.000578656140684464,-0.000578656140684464,0.0017188082915017278
KSS.US,long,2014-10-28,2014-11-03,5,0.2,0.2,0,0.0010935257143864564,-0.0015992075943557227,0.0010935257143864564
BBY.US,long,2014-10-29,2014-10-29,1,0.2,0.2,0,0.0,-0.0,-0.0
CCI.US,long,2014-10-29,2014-11-04,5,0.2,0.2,0,-0.010382027886961076,-0.010507838597410935,0.00179393939393937
META.US,long,2014-10-29,2014-11-03,4,0.2,0.2,0,-0.005199308714186635,-0.005199308714186635,-0.0
THC.US,long,2014-10-29,2014-10-31,3,0.20000000000000004,0.2,0,-0.0008884992176084738,-0.0031255549635943905,-0.0
UHS.US,long,2014-10-30,2014-11-11,9,0.2,0.2,0,-0.00739354898845308,-0.009458777492695969,0.002045587375803626
CHRW.US,long,2014-11-03,2014-11-03,1,0.2,0.2,0,0.0,-0.0,-0.0
CF.US,long,2014-11-04,2014-11-10,5,0.2,0.2,0,0.0015517732388239836,-0.001222019204982816,0.0015517732388239836
DISCK.US,long,2014-11-04,2014-11-04,1,0.2,0.2,0,0.0,-0.0,-0.0
REGN.US,long,2014-11-04,2014-11-06,3,0.20000000000000004,0.2,0,0.002491344297116416,-0.002083836837723907,0.002491344297116416
GILD.US,long,2014-11-05,2014-11-17,9,0.2,0.2,0,-0.010705805347673005,-0.010705805347673004,0.003683098628722914
THC.US,long,2014-11-05,2014-11-17,9,0.2,0.2,0,-0.015365311147468707,-0.019494343405533243,-0.0
HUM.US,long,2014-11-07,2014-11-10,2,0.2,0.2,0,0.002879460866901518,-0.0,0.002879460866901518
CMCSA.US,long,2014-11-11,2014-11-11,1,0.2,0.2,0,0.0,0.0,0.0
DISCK.US,long,2014-11-11,2014-11-12,2,0.2,0.2,0,-0.0010462904248573102,-0.0010462904248573102,-0.0
AGN.US,long,2014-11-12,2014-11-14,3,0.20000000000000004,0.2,0,0.0026108011958085875,-0.0,0.0026108011958085875
EXC.US,long,2014-11-12,2014-11-14,3,0.20000000000000004,0.2,0,-0.0028900306402721344,-0.0031728360701363868,-0.0
VRTX.US,long,2014-11-13,2014-11-18,4,0.2,0.2,0,-0.0029848214525658888,-0.0029848214525658888,-0.0
ALXN.US,long,2014-11-17,2014-11-17,1,0.2,0.2,0,0.0,-0.0,-0.0
MU.US,long,2014-11-17,2014-11-17,1,0.2,0.2,0,0.0,-0.0,-0.0
A.US,long,2014-11-18,2014-11-20,3,0.20000000000000004,0.2,0,0.002254901960784306,0.0,0.002254901960784306
CTSH.US,long,2014-11-18,2014-11-20,3,0.20000000000000004,0.2,0,-0.0037313669792925497,-0.0037313669792925497,-0.0
CTXS.US,long,2014-11-18,2014-11-20,3,0.20000000000000004,0.2,0,-0.0005169430061130687,-0.0013525976022133346,-0.0
IVZ.US,long,2014-11-18,2014-11-19,2,0.2,0.2,0,-0.0017085427135677955,-0.0017085427135677955,-0.0
ETFC.US,long,2014-11-19,2014-11-20,2,0.2,0.2,0,0.001411557123952356,-0.0,0.001411557123952356
GMCR.US,long,2014-11-20,2014-11-25,4,0.2,0.2,0,-0.0035849949723560925,-0.005810589307206904,-0.0
CRM.US,long,2014-11-21,2014-11-24,2,0.2,0.2,0,-0.0003437016669530779,-0.0003437016669530779,-0.0
DVA.US,long,2014-11-21,2014-11-24,2,0.2,0.2,0,-0.000134156157767662,-0.000134156157767662,-0.0
IP.US,long,2014-11-21,2014-12-01,6,0.19999999999999998,0.2,0,-0.002467138017295878,-0.002467138017295878,0.001192979626400037
LUV.US,long,2014-11-21,2014-11-25,3,0.20000000000000004,0.2,0,0.002577590741714886,-0.0,0.002577590741714886
HRL.US,long,2014-11-25,2014-11-26,2,0.2,0.2,0,0.005455962587685104,-0.0,0.005455962587685104
LUMN.US,long,2014-11-25,2014-11-25,1,0.2,0.2,0,0.0,-0.0,-0.0
ALLE.US,long,2014-11-26,2014-11-26,1,0.2,0.2,0,0.0,-0.0,-0.0
MLM.US,long,2014-11-26,2014-12-02,4,0.2,0.2,0,-0.010946446168859779,-0.016012582591441248,-0.0
SWK.US,long,2014-11-26,2014-12-01,3,0.20000000000000004,0.2,0,-0.002581217497213562,-0.002581217497213562,-0.0
MPC.US,long,2014-11-28,2014-12-01,2,0.2,0.2,0,0.0015540015540015607,-0.0,0.0015540015540015607
WMB.US,long,2014-11-28,2014-12-16,13,0.20000000000000004,0.2,0,-0.03911361966407683,-0.03911361966407683,-0.0
AAPL.US,long,2014-12-02,2014-12-02,1,0.2,0.2,0,0.0,-0.0,-0.0
HAR.US,long,2014-12-02,2014-12-08,5,0.2,0.2,0,-0.008132518513426713,-0.008132518513426713,0.001291198272246641
NUE.US,long,2014-12-02,2014-12-02,1,0.2,0.2,0,0.0,-0.0,-0.0
BBY.US,long,2014-12-03,2014-12-05,3,0.20000000000000004,0.2,0,-0.002272481180063513,-0.002272481180063513,0.00022197558268590714
GMCR.US,long,2014-12-03,2014-12-09,5,0.2,0.2,0,-0.004285912900963452,-0.006244910623059142,-0.0
MNST.US,long,2014-12-03,2014-12-09,5,0.2,0.2,0,-0.0010295810278543316,-0.0010295810278543316,-0.0
MPC.US,long,2014-12-08,2014-12-16,7,0.19999999999999998,0.2,0,-0.015001767971355795,-0.017041831876972103,9.01713255184955e-05
VTRS.US,long,2014-12-09,2014-12-16,6,0.19999999999999998,0.2,0,-0.010774932404504334,-0.011754414252222345,-0.0
CF.US,long,2014-12-10,2014-12-16,5,0.2,0.2,0,-0.002846186724508848,-0.0035558927610425564,-0.0
MU.US,long,2014-12-10,2014-12-17,6,0.19999999999999998,0.2,0,-0.005743683574666992,-0.011272237645140827,0.0018932874354561148
FDX.US,long,2014-12-17,2014-12-17,1,0.2,0.2,0,0.0,-0.0,-0.0
RTN.US,long,2014-12-17,2014-12-17,1,0.2,0.2,0,0.0,-0.0,-0.0
ANDV.US,long,2014-12-18,2014-12-22,3,0.20000000000000004,0.2,0,0.002431625727717046,-0.0,0.002431625727717046
ABBV.US,long,2014-12-23,2014-12-24,2,0.2,0.2,0,0.005780885780885781,-0.0,0.005780885780885781
CELG.US,long,2014-12-23,2014-12-24,2,0.2,0.2,0,0.006558612891066718,-0.0,0.006558612891066718
AGN.US,long,2014-12-24,2014-12-26,2,0.2,0.2,0,0.0022738001573564316,-0.0,0.0022738001573564316
AON.US,long,2014-12-29,2015-01-07,7,0.19999999999999998,0.2,0,-0.004184034941464599,-0.006467041618182257,0.000625456061711649
CAH.US,long,2014-12-29,2014-12-29,1,0.2,0.2,0,0.0,-0.0,-0.0
NTAP.US,long,2014-12-29,2015-01-07,7,0.19999999999999998,0.2,0,-0.010091382206071508,-0.01112870035913922,-0.0
EXPE.US,long,2014-12-30,2015-01-07,6,0.19999999999999998,0.2,0,-0.004191211172018772,-0.004191211172018772,-0.0
GMCR.US,long,2014-12-30,2015-01-06,5,0.2,0.2,0,-0.009459339928257959,-0.009459339928257959,-0.0
MNST.US,long,2014-12-30,2015-01-05,4,0.2,0.2,0,-0.00024727810297753283,-0.002595655226455951,-0.0
REGN.US,long,2015-01-06,2015-01-15,8,0.2,0.2,0,0.00030362722067278636,-0.0,0.008242605250450109
ANDV.US,long,2015-01-07,2015-01-07,1,0.2,0.2,0,0.0,-0.0,-0.0
AZO.US,long,2015-01-08,2015-01-16,7,0.19999999999999998,0.2,0,-0.00839978933665637,-0.010336237674856918,6.600660065991804e-06
FDO.US,long,2015-01-09,2015-01-21,8,0.2,0.2,0,-0.006298915647711678,-0.007388241403758245,-0.0
PETM.US,long,2015-01-09,2015-01-12,2,0.2,0.2,0,-7.401011471563912e-05,-7.401011471563912e-05,-0.0
TFCF.US,long,2015-01-09,2015-01-15,5,0.2,0.2,0,-0.004286702103348583,-0.004286702103348583,-0.0
ANDV.US,long,2015-01-13,2015-01-14,2,0.2,0.2,0,0.00020998950052493194,-0.0,0.00020998950052493194
BBY.US,long,2015-01-15,2015-01-21,4,0.2,0.2,0,-0.0010542728376116142,-0.001406799277094595,0.004023323615160335
AAPL.US,long,2015-01-16,2015-01-16,1,0.2,0.2,0,0.0,-0.0,-0.0
GS.US,long,2015-01-16,2015-01-21,3,0.20000000000000004,0.2,0,-7.465181673105281e-05,-0.0018055633922022141,-0.0
ALLE.US,long,2015-01-20,2015-01-21,2,0.2,0.2,0,0.000492517522258007,-0.0,0.000492517522258007
RL.US,long,2015-01-20,2015-01-28,7,0.19999999999999998,0.2,0,-0.0023713489113361464,-0.0023713489113361464,0.00309113540331718
KMB.US,long,2015-01-23,2015-01-30,6,0.19999999999999998,0.2,0,-0.006634175020430356,-0.006634175020430356,-0.0
MJN.US,long,2015-01-23,2015-01-26,2,0.2,0.2,0,-0.00044733631557543064,-0.00044733631557543064,-0.0
STX.US,long,2015-01-26,2015-02-02,6,0.19999999999999998,0.2,0,-0.003940304389015246,-0.008759581497448952,-0.0
WDC.US,long,2015-01-26,2015-02-02,6,0.19999999999999998,0.2,0,-0.0037829162194387375,-0.006634977223212513,0.0003360233292066801
HPQ.US,long,2015-01-27,2015-02-02,5,0.2,0.2,0,-0.00459897707441177,-0.006481069518364158,0.002051499287759806
VRTX.US,long,2015-01-29,2015-02-04,5,0.2,0.2,0,-0.00853391383379838,-0.009545687196565102,-0.0
RCL.US,long,2015-02-02,2015-02-04,3,0.20000000000000004,0.2,0,-0.0010642547497992983,-0.0010642547497992983,0.00069574525020073
BMY.US,long,2015-02-03,2015-02-04,2,0.2,0.2,0,-0.0020715001670564394,-0.0020715001670564394,-0.0
DOC.US,long,2015-02-03,2015-02-13,9,0.2,0.2,0,-0.014823032026472241,-0.01613613383109576,-0.0
LUV.US,long,2015-02-03,2015-02-03,1,0.2,0.2,0,0.0,-0.0,-0.0
REGN.US,long,2015-02-04,2015-02-04,1,0.2,0.2,0,0.0,-0.0,-0.0
BFH.US,long,2015-02-05,2015-02-09,3,0.20000000000000004,0.2,0,-0.004743866794883811,-0.004743866794883811,-0.0
HCA.US,long,2015-02-05,2015-02-09,3,0.20000000000000004,0.2,0,-0.0046455031949035105,-0.0046455031949035105,-0.0
NEM.US,long,2015-02-06,2015-02-06,1,0.2,0.2,0,0.0,-0.0,-0.0
YHOO.US,long,2015-02-06,2015-02-11,4,0.2,0.2,0,0.00011494085263739093,-0.0017233348858872732,0.0006257372306267108
DAL.US,long,2015-02-09,2015-02-09,1,0.2,0.2,0,0.0,-0.0,-0.0
AIV.US,long,2015-02-10,2015-02-11,2,0.2,0.2,0,-0.0016163313258148904,-0.0016163313258148904,-0.0
GGP.US,long,2015-02-10,2015-02-17,5,0.2,0.2,0,-0.0008694761058893217,-0.001689988926402175,0.00020638763980171946
TAP.US,long,2015-02-10,2015-02-13,4,0.2,0.2,0,-0.0010390370722758615,-0.0010390370722758615,0.0015632941828068515
ANDV.US,long,2015-02-12,2015-02-13,2,0.2,0.2,0,0.0012281994595922275,-0.0,0.0012281994595922275
ES.US,long,2015-02-13,2015-02-17,2,0.2,0.2,0,0.0008232065856526472,-0.0,0.0008232065856526472
ETR.US,long,2015-02-17,2015-02-17,1,0.2,0.2,0,0.0,-0.0,-0.0
LUV.US,long,2015-02-17,2015-02-18,2,0.2,0.2,0,0.004508100493073508,-0.0,0.004508100493073508
SCG.US,long,2015-02-17,2015-02-17,1,0.2,0.2,0,0.0,0.0,0.0
AN.US,long,2015-02-18,2015-02-27,8,0.2,0.2,0,-0.00266330378078441,-0.0028586162807844096,0.0009635199392959094
BBBYQ.US,long,2015-02-18,2015-02-19,2,0.2,0.2,0,-0.0023131903833658375,-0.0023131903833658375,-0.0
CAG.US,long,2015-02-18,2015-02-18,1,0.2,0.2,0,0.0,-0.0,-0.0
FE.US,long,2015-02-18,2015-03-04,11,0.2,0.2,0,-0.01011228358412659,-0.010229529793697711,0.0006646358349487792
BAC.US,long,2015-02-19,2015-02-23,3,0.20000000000000004,0.2,0,-0.00010033150070165586,-0.00010033150070165586,0.0020974706971005562
LVLT.US,long,2015-02-19,2015-02-19,1,0.2,0.2,0,0.0,-0.0,-0.0
BRCM.US,long,2015-02-20,2015-02-23,2,0.2,0.2,0,-0.001924798567591779,-0.001924798567591779,-0.0
IRM.US,long,2015-02-20,2015-02-25,4,0.2,0.2,0,-0.001236715276252376,-0.0022882048488150233,-0.0
BBY.US,long,2015-02-24,2015-02-27,4,0.2,0.2,0,-0.000777925994803641,-0.0037073534248968755,0.0002090956612649908
BFH.US,long,2015-02-24,2015-02-25,2,0.2,0.2,0,0.00019551757847859899,-0.0,0.00019551757847859899
MLM.US,long,2015-02-26,2015-03-11,10,0.2,0.2,0,-0.003844598690260815,-0.005690260657998026,0.0024217799746871103
TDC.US,long,2015-02-26,2015-02-26,1,0.2,0.2,0,0.0,0.0,0.0
DAL.US,long,2015-02-27,2015-03-02,2,0.2,0.2,0,0.003908355795148255,-0.0,0.003908355795148255
NAVI.US,long,2015-03-02,2015-03-02,1,0.2,0.2,0,0.0,-0.0,-0.0
VLO.US,long,2015-03-02,2015-03-04,3,0.20000000000000004,0.2,0,0.0014776502757416488,-0.0,0.0048065450826657585
CELG.US,long,2015-03-03,2015-03-04,2,0.2,0.2,0,0.0018570102135561763,-0.0,0.0018570102135561763
PHM.US,long,2015-03-03,2015-03-18,12,0.20000000000000004,0.2,0,-0.0032988081488284143,-0.006735562325439349,0.004210253572043011
CSC.US,long,2015-03-05,2015-03-11,5,0.2,0.2,0,-0.009305186309880932,-0.009305186309880932,-0.0
GT.US,long,2015-03-05,2015-03-11,5,0.2,0.2,0,-0.00880831931971049,-0.00880831931971049,-0.0
SEE.US,long,2015-03-05,2015-03-06,2,0.2,0.2,0,-0.0037711313394018123,-0.0037711313394018123,-0.0
ANDV.US,long,2015-03-09,2015-03-10,2,0.2,0.2,0,-0.0024143934997098216,-0.0024143934997098216,-0.0
NAVI.US,long,2015-03-11,2015-03-13,3,0.20000000000000004,0.2,0,0.00130538929832924,-0.0,0.003966597077244271
BIIB.US,long,2015-03-12,2015-03-12,1,0.2,0.2,0,0.0,-0.0,-0.0
LHX.US,long,2015-03-12,2015-03-13,2,0.2,0.2,0,-0.0016827586206896506,-0.0016827586206896506,0.0
MOS.US,long,2015-03-12,2015-03-18,5,0.2,0.2,0,-0.0007506518232376137,-0.003812316715542541,-0.0
ALXN.US,long,2015-03-13,2015-03-16,2,0.2,0.2,0,0.0018203403244954508,-0.0,0.0018203403244954508
DE.US,long,2015-03-16,2015-03-18,3,0.20000000000000004,0.2,0,0.0004127674195721243,-0.0011442674444693823,0.0004127674195721243
C.US,long,2015-03-19,2015-03-27,7,0.19999999999999998,0.2,0,-0.005292734910179608,-0.005292734910179608,0.002290950744558984
EBAY.US,long,2015-03-19,2015-03-20,2,0.2,0.2,0,0.00017242541046060824,-0.0,0.00017242541046060824
ETFC.US,long,2015-03-19,2015-03-19,1,0.2,0.2,0,0.0,-0.0,-0.0
MLM.US,long,2015-03-19,2015-03-25,5,0.2,0.2,0,0.0018527272416347883,-0.00025959042399770205,0.002890469796187345
SCHW.US,long,2015-03-19,2015-03-19,1,0.2,0.2,0,0.0,-0.0,-0.0
FDX.US,long,2015-03-23,2015-03-27,5,0.2,0.2,0,-0.007159798138715301,-0.007159798138715301,-0.0
NSC.US,long,2015-03-23,2015-03-27,5,0.2,0.2,0,-0.0055557519130762685,-0.0055557519130762685,-0.0
UNP.US,long,2015-03-23,2015-03-27,5,0.2,0.2,0,-0.007766301735126535,-0.008265515934997114,-0.0
VRTX.US,long,2015-03-26,2015-03-26,1,0.2,0.2,0,0.0,-0.0,-0.0
NAVI.US,long,2015-03-27,2015-03-30,2,0.2,0.2,0,-0.0007936507936508131,-0.0007936507936508131,0.0
VTRS.US,long,2015-03-30,2015-04-06,5,0.2,0.2,0,-0.005057755992695823,-0.006918140971637188,-0.0
CCI.US,long,2015-03-31,2015-04-01,2,0.2,0.2,0,0.002859219772231647,-0.0,0.002859219772231647
FTRCQ.US,long,2015-03-31,2015-04-01,2,0.2,0.2,0,0.006808510638297883,-0.0,0.006808510638297883
MAC.US,long,2015-03-31,2015-04-01,2,0.2,0.2,0,-0.013281157357998308,-0.013281157357998308,-0.0
BIIB.US,long,2015-04-01,2015-04-14,9,0.2,0.2,0,0.004710936536044175,-0.0006621396292984639,0.00614714607737863
AAL.US,long,2015-04-02,2015-04-17,11,0.2,0.2,0,-0.003878037501055398,-0.007114914471307166,-0.0
ANDV.US,long,2015-04-02,2015-04-14,8,0.2,0.2,0,-0.008783897909769346,-0.01041565631210737,9.236808682602239e-05
REGN.US,long,2015-04-02,2015-04-09,5,0.2,0.2,0,0.007581835323140451,-0.0,0.007581835323140451
VLO.US,long,2015-04-07,2015-04-09,3,0.20000000000000004,0.2,0,0.0011259480074482743,-0.0,0.0011259480074482743
DOC.US,long,2015-04-10,2015-04-14,3,0.20000000000000004,0.2,0,0.00029062766051044507,-0.0012190431519699897,0.00029062766051044507
WHR.US,long,2015-04-10,2015-04-13,2,0.2,0.2,0,-0.0017682833341851056,-0.0017682833341851056,-0.0
KRFT.US,long,2015-04-14,2015-04-17,4,0.2,0.2,0,-0.0009746788911542127,-0.0009746788911542127,-0.0
BBY.US,long,2015-04-15,2015-04-27,9,0.2,0.2,0,-0.012089020165700128,-0.012089020165700128,-0.0
LUV.US,long,2015-04-15,2015-04-17,3,0.20000000000000004,0.2,0,-0.00036237268637921965,-0.00036237268637921965,0.0018151421065201847
RCL.US,long,2015-04-15,2015-05-06,16,0.2,0.2,0,-0.03342217033262425,-0.034051949909772276,0.0021651560926485127
LEN.US,long,2015-04-20,2015-04-20,1,0.2,0.2,0,0.0,-0.0,-0.0
PHM.US,long,2015-04-20,2015-05-06,13,0.20000000000000004,0.2,0,-0.023262349311970736,-0.02443150830456462,0.0028310502283105166
SCHW.US,long,2015-04-20,2015-04-21,2,0.2,0.2,0,0.00026560424966799446,-0.0,0.00026560424966799446
NFX.US,long,2015-04-21,2015-04-28,6,0.19999999999999998,0.2,0,0.011261892451617173,-0.0,0.011261892451617173
XEC.US,long,2015-04-22,2015-04-28,5,0.2,0.2,0,-0.00041933893359014096,-0.004557269968072908,0.0008769792935444443
VRTX.US,long,2015-04-28,2015-05-01,4,0.2,0.2,0,0.00026234367799580225,-0.0035014460689217542,0.00026234367799580225
AAL.US,long,2015-04-29,2015-05-06,6,0.19999999999999998,0.2,0,-0.006991227636654319,-0.007161404194833422,0.0025467885658355225
PRGO.US,long,2015-04-29,2015-04-30,2,0.2,0.2,0,-0.0015805997618274503,-0.0015805997618274503,-0.0
HAR.US,long,2015-05-01,2015-05-06,4,0.2,0.2,0,-0.0059864970271364506,-0.0059864970271364506,0.0012650221378874172
KRFT.US,long,2015-05-04,2015-05-07,4,0.2,0.2,0,0.000527081779153371,-0.0007111608687809357,0.000527081779153371
BHI.US,long,2015-05-07,2015-05-07,1,0.2,0.2,0,0.0,-0.0,-0.0
EQT.US,long,2015-05-07,2015-05-07,1,0.2,0.2,0,0.0,-0.0,-0.0
NFX.US,long,2015-05-07,2015-05-07,1,0.2,0.2,0,0.0,-0.0,-0.0
VTRS.US,long,2015-05-07,2015-05-08,2,0.2,0.2,0,0.0026140076715442276,-0.0,0.0026140076715442276
BKNG.US,long,2015-05-08,2015-05-14,5,0.2,0.2,0,-0.002412925868167215,-0.004508446988948323,-0.0
CERN.US,long,2015-05-08,2015-05-13,4,0.2,0.2,0,-0.0022012399701850207,-0.002290472569828084,0.0002352249338430035
MNST.US,long,2015-05-08,2015-05-26,12,0.20000000000000004,0.2,0,-0.0009555391862095866,-0.0009555391862095866,0.008616811110471101
NVDA.US,long,2015-05-11,2015-05-13,3,0.20000000000000004,0.2,0,0.003091108246732999,-0.0,0.003091108246732999
PSKY.US,long,2015-05-11,2015-05-15,5,0.2,0.2,0,0.0009392422150163338,-0.00010032854286428085,0.0009392422150163338
KSS.US,long,2015-05-14,2015-06-11,20,0.20000000000000004,0.2,0,-0.00532405089426129,-0.006485463336016139,0.005793664710405855
NFX.US,long,2015-05-14,2015-05-15,2,0.2,0.2,0,0.0057903879559930704,-0.0,0.0057903879559930704
TPR.US,long,2015-05-15,2015-05-20,4,0.2,0.2,0,-0.0007432520111513741,-0.0007432520111513741,0.0008008542445275158
EMN.US,long,2015-05-18,2015-05-20,3,0.20000000000000004,0.2,0,-0.0016354649628574913,-0.0022584370588990543,-0.0
ENDPQ.US,long,2015-05-18,2015-05-19,2,0.2,0.2,0,0.005596137179645933,-0.0,0.005596137179645933
DAL.US,long,2015-05-20,2015-05-29,7,0.19999999999999998,0.2,0,-0.0030653354741472455,-0.008169916810402734,0.0005960568546538259
ATI.US,long,2015-05-21,2015-06-01,7,0.19999999999999998,0.2,0,-0.012745595913951014,-0.012745595913951014,0.0005258545135846227
NVDA.US,long,2015-05-21,2015-05-26,3,0.20000000000000004,0.2,0,-0.001533623367068615,-0.001533623367068615,-0.0
ANDV.US,long,2015-05-27,2015-06-17,16,0.2,0.2,0,-0.011055043958027744,-0.012433958331580298,0.0014027149321266476
LEN.US,long,2015-05-27,2015-06-09,10,0.2,0.2,0,-0.0035378741483403026,-0.00392711404085253,0.001441353693415426
DVN.US,long,2015-06-01,2015-06-04,4,0.2,0.2,0,-0.004318796281438742,-0.004318796281438742,0.001116798510935313
BIIB.US,long,2015-06-02,2015-06-04,3,0.20000000000000004,0.2,0,-0.0016929645065622446,-0.0016929645065622446,-0.0
CELG.US,long,2015-06-05,2015-06-09,3,0.20000000000000004,0.2,0,1.3204135806965667e-07,-0.0,0.00016257225433524702
GT.US,long,2015-06-05,2015-06-22,12,0.20000000000000004,0.2,0,-0.0008363462755517806,-0.0019342558860951714,0.0011759226343300176
HAR.US,long,2015-06-10,2015-06-10,1,0.2,0.2,0,0.0,-0.0,-0.0
NEM.US,long,2015-06-10,2015-06-12,3,0.20000000000000004,0.2,0,-0.0012673921339938943,-0.0012673921339938943,-0.0
REGN.US,long,2015-06-11,2015-06-15,3,0.20000000000000004,0.2,0,-0.0007658528758111905,-0.0035162642187188233,-0.0
ENDPQ.US,long,2015-06-12,2015-06-17,4,0.2,0.2,0,0.0004198550502568345,-0.0,0.002431631301483517
HUM.US,long,2015-06-15,2015-06-24,8,0.2,0.2,0,-0.022271151989348106,-0.022271151989348106,-0.0
MNKKQ.US,long,2015-06-16,2015-06-17,2,0.2,0.2,0,-0.003850320860071643,-0.003850320860071643,-0.0
BHI.US,long,2015-06-18,2015-06-22,3,0.20000000000000004,0.2,0,0.0003304293396831693,-0.0012197079120526589,0.0003304293396831693
ICE.US,long,2015-06-18,2015-06-30,9,0.2,0.2,0,-0.008783756753954597,-0.009971394524434586,-0.0
CTRA.US,long,2015-06-19,2015-07-13,16,0.2,0.2,0,-0.021278320966865327,-0.024213474550483064,0.0006040471156750105
AVGO.US,long,2015-06-24,2015-06-30,5,0.2,0.2,0,-0.010171030360868904,-0.011564864161338572,-0.0
NVDA.US,long,2015-06-24,2015-06-30,5,0.2,0.2,0,-0.00861745667498821,-0.00861745667498821,0.0015230842455973281
XEC.US,long,2015-06-25,2015-07-13,12,0.20000000000000004,0.2,0,-0.016633610896644946,-0.021670797372669658,-0.0
ADBE.US,long,2015-07-01,2015-07-13,8,0.2,0.2,0,0.001241420985769804,-0.002366419686107069,0.0012414209857698033
MCHP.US,long,2015-07-01,2015-07-27,18,0.20000000000000004,0.2,0,-0.02165886918555635,-0.021658869185556356,-0.0
NEM.US,long,2015-07-01,2015-07-01,1,0.2,0.2,0,0.0,-0.0,-0.0
CI.US,long,2015-07-02,2015-07-08,4,0.2,0.2,0,-0.013727454733060009,-0.013727454733060009,-0.0
QRVO.US,long,2015-07-09,2015-07-10,2,0.2,0.2,0,0.0041002277904328205,-0.0,0.0041002277904328205
VTRS.US,long,2015-07-16,2015-07-21,4,0.2,0.2,0,-0.0035778308664320187,-0.004264603037229242,8.766803039161886e-05
CMA.US,long,2015-07-17,2015-07-20,2,0.2,0.2,0,0.0035532994923857864,-0.0,0.0035532994923857864
DHI.US,long,2015-07-17,2015-07-21,3,0.20000000000000004,0.2,0,-0.0002018709968059306,-0.0020633750921149607,-0.0
LEN.US,long,2015-07-17,2015-07-21,3,0.20000000000000004,0.2,0,-0.0017035135981456895,-0.0026312300020178148,-0.0
TGNA.US,long,2015-07-21,2015-07-28,6,0.19999999999999998,0.2,0,-0.009372381225850934,-0.009372381225850934,-0.0
AVGO.US,long,2015-07-22,2015-07-22,1,0.2,0.2,0,0.0,-0.0,-0.0
CI.US,long,2015-07-22,2015-07-22,1,0.2,0.2,0,0.0,-0.0,-0.0
WMB.US,long,2015-07-22,2015-07-27,4,0.2,0.2,0,-0.006224217496770646,-0.006224217496770646,-0.0
CVC.US,long,2015-07-23,2015-07-27,3,0.20000000000000004,0.2,0,-0.001600685297961357,-0.001600685297961357,0.0006893910379165203
KHC.US,long,2015-07-23,2015-07-27,3,0.20000000000000004,0.2,0,0.0016788877827619954,-0.0008600469116497145,0.0016788877827619954
CF.US,long,2015-07-28,2015-08-03,5,0.2,0.2,0,0.00041163778495847416,-0.0,0.001120543293718157
GME.US,long,2015-07-28,2015-07-28,1,0.2,0.2,0,0.0,-0.0,-0.0
MPC.US,long,2015-07-28,2015-07-28,1,0.2,0.2,0,0.0,0.0,0.0
ZTS.US,long,2015-07-28,2015-07-30,3,0.20000000000000004,0.2,0,-0.0012225399054281772,-0.0018423746161719602,-0.0
JWN.US,long,2015-07-29,2015-08-07,8,0.2,0.2,0,-0.003640611561072893,-0.004795283956346763,0.00010484927916123433
PGR.US,long,2015-07-29,2015-08-04,5,0.2,0.2,0,0.0009880574525251043,-0.0,0.001510591743838008
CI.US,long,2015-07-30,2015-08-04,4,0.2,0.2,0,-1.0043326467612545e-05,-0.0007494406478961714,0.00022237665045174993
THC.US,long,2015-07-31,2015-08-26,19,0.20000000000000004,0.2,0,-0.03369534869252562,-0.03889127854747259,0.004242587869541615
SWKS.US,long,2015-08-04,2015-08-07,4,0.2,0.2,0,-0.0005546067557024017,-0.006090777958307636,0.0006088623294621343
LEN.US,long,2015-08-05,2015-08-07,3,0.20000000000000004,0.2,0,-0.001869015741789837,-0.001869015741789837,-0.0
MPC.US,long,2015-08-05,2015-08-07,3,0.20000000000000004,0.2,0,-0.0019395038128285468,-0.0019395038128285468,0.0018188854489164187
KR.US,long,2015-08-10,2015-08-11,2,0.2,0.2,0,-0.0007991475759190126,-0.0007991475759190126,-0.0
SBUX.US,long,2015-08-10,2015-08-12,3,0.20000000000000004,0.2,0,0.00039082071814671164,-0.0,0.00039082071814671164
TGT.US,long,2015-08-10,2015-08-17,6,0.19999999999999998,0.2,0,0.0014448817022281847,-0.0002532607319235103,0.0014448817022281847
ALXN.US,long,2015-08-11,2015-08-11,1,0.2,0.2,0,0.0,-0.0,-0.0
CI.US,long,2015-08-12,2015-08-14,3,0.20000000000000004,0.2,0,0.0010758508233896125,-0.00023718172305542407,0.0010758508233896125
KHC.US,long,2015-08-12,2015-08-25,10,0.2,0.2,0,-0.017504234558381328,-0.017504234558381328,-0.0
ZTS.US,long,2015-08-13,2015-08-14,2,0.2,0.2,0,-0.000797314309693653,-0.000797314309693653,-0.0
EL.US,long,2015-08-17,2015-08-26,8,0.2,0.2,0,-0.010491995525594103,-0.017543362223072,0.0024637681159420223
BAX.US,long,2015-08-18,2015-08-26,7,0.19999999999999998,0.2,0,-0.014662183643422312,-0.018449037849535423,-0.0
MO.US,long,2015-08-18,2015-08-26,7,0.19999999999999998,0.2,0,-0.007128683123026923,-0.012493407167797298,-0.0
AAP.US,long,2015-08-26,2015-08-26,1,0.2,0.2,0,0.0,0.0,0.0
BF-B.US,long,2015-08-27,2015-09-01,4,0.2,0.2,0,-0.003661634503030253,-0.003661634503030253,0.001473145780051155
GME.US,long,2015-09-01,2015-09-04,4,0.2,0.2,0,0.0020977073389879756,-0.0,0.0030597377367654224
MDLZ.US,long,2015-09-01,2015-09-01,1,0.2,0.2,0,0.0,-0.0,-0.0
REGN.US,long,2015-09-01,2015-09-01,1,0.2,0.2,0,0.0,-0.0,-0.0
UHS.US,long,2015-09-01,2015-09-01,1,0.2,0.2,0,0.0,-0.0,-0.0
NFLX.US,long,2015-09-03,2015-09-14,7,0.19999999999999998,0.2,0,-0.010445079241854272,-0.012266446964935129,-0.0
EBAY.US,long,2015-09-10,2015-09-10,1,0.2,0.2,0,0.0,-0.0,-0.0
PVH.US,long,2015-09-14,2015-09-16,3,0.20000000000000004,0.2,0,0.005207591501162146,-0.0,0.005207591501162146
ICE.US,long,2015-09-17,2015-09-18,2,0.2,0.2,0,-0.0016854908774978307,-0.0016854908774978307,-0.0
AKAM.US,long,2015-09-18,2015-09-24,5,0.2,0.2,0,-0.007175653082540689,-0.007175653082540689,0.00038915913829047356
EXPD.US,long,2015-09-18,2015-09-24,5,0.2,0.2,0,-0.002988956568198354,-0.002988956568198354,0.002654677799186489
HIG.US,long,2015-09-18,2015-09-22,3,0.20000000000000004,0.2,0,-0.0008830804156271686,-0.0008830804156271686,0.0015794223826714584
WBA.US,long,2015-09-18,2015-09-30,9,0.2,0.2,0,-0.007755486327185788,-0.010290217012050485,0.0040698346629668425
GME.US,long,2015-09-21,2015-09-29,7,0.19999999999999998,0.2,0,-0.0062357753980534225,-0.006880936688375994,-0.0
NFLX.US,long,2015-09-23,2015-09-23,1,0.2,0.2,0,0.0,-0.0,-0.0
GT.US,long,2015-09-24,2015-09-24,1,0.2,0.2,0,0.0,-0.0,-0.0
EXPE.US,long,2015-09-25,2015-09-29,3,0.20000000000000004,0.2,0,-0.010191279964168421,-0.010191279964168421,-0.0
MLM.US,long,2015-09-25,2015-09-30,4,0.2,0.2,0,-0.00924068149024726,-0.014066454894574277,-0.0
REGN.US,long,2015-09-25,2015-10-01,5,0.2,0.2,0,-0.006643763584547612,-0.015906645216803583,-0.0
CPB.US,long,2015-10-01,2015-10-06,4,0.2,0.2,0,0.0030255171520595873,-0.0,0.005323024940221544
HAS.US,long,2015-10-02,2015-10-06,3,0.20000000000000004,0.2,0,0.004271720623661835,-0.0,0.0063901345291479845
DRI.US,long,2015-10-07,2015-10-15,7,0.19999999999999998,0.2,0,-0.00790683551547269,-0.008032306029901772,0.0009935270209242564
HRB.US,long,2015-10-07,2015-10-15,7,0.19999999999999998,0.2,0,0.00033529877270468424,-0.0009349090794892767,0.0033879792246985564
AAP.US,long,2015-10-08,2015-10-09,2,0.2,0.2,0,0.002316519882572754,-0.0,0.002316519882572754
CI.US,long,2015-10-08,2015-10-09,2,0.2,0.2,0,0.004085908852802556,-0.0,0.004085908852802556
EA.US,long,2015-10-09,2015-10-09,1,0.2,0.2,0,0.0,-0.0,-0.0
TAP.US,long,2015-10-12,2015-10-12,1,0.2,0.2,0,0.0,-0.0,-0.0
AKAM.US,long,2015-10-13,2015-10-19,5,0.2,0.2,0,-0.0019740681330504997,-0.0024177677818386202,0.001224804785036726
ANDV.US,long,2015-10-13,2015-10-14,2,0.2,0.2,0,-0.0021584890576596297,-0.0021584890576596297,-0.0
VMC.US,long,2015-10-13,2015-10-21,7,0.19999999999999998,0.2,0,-0.006388654215022149,-0.006388654215022149,0.0010986385599246694
NFLX.US,long,2015-10-15,2015-10-16,2,0.2,0.2,0,-0.004154713621525397,-0.004154713621525397,-0.0
CPB.US,long,2015-10-16,2015-10-20,3,0.20000000000000004,0.2,0,6.626292638367993e-07,-0.00036370984037181753,6.626292638367993e-07
CMG.US,long,2015-10-20,2015-10-23,4,0.2,0.2,0,-0.016124468280408543,-0.016124468280408543,-0.0
SJM.US,long,2015-10-20,2015-10-21,2,0.2,0.2,0,0.0012357497171699983,-0.0,0.0012357497171699983
LYB.US,long,2015-10-21,2015-10-21,1,0.2,0.2,0,0.0,-0.0,-0.0
XEC.US,long,2015-10-21,2015-10-21,1,0.2,0.2,0,0.0,-0.0,-0.0
BCR.US,long,2015-10-22,2015-10-26,3,0.20000000000000004,0.2,0,-0.00794010049422398,-0.00794010049422398,-0.0
CVC.US,long,2015-10-22,2015-10-26,3,0.20000000000000004,0.2,0,-0.0004264853933485523,-0.0004264853933485523,0.0005518087063151712
EFX.US,long,2015-10-22,2015-10-22,1,0.2,0.2,0,0.0,-0.0,-0.0
UAA.US,long,2015-10-22,2015-10-23,2,0.2,0.2,0,-0.0038161409576361605,-0.0038161409576361605,-0.0
EXPE.US,long,2015-10-23,2015-10-29,5,0.2,0.2,0,0.0027004601493623164,-0.0,0.0047524120883502
ESS.US,long,2015-10-26,2015-11-16,16,0.2,0.2,0,-0.007539057391232151,-0.011808785177043736,-0.0
PEG.US,long,2015-10-26,2015-11-13,15,0.20000000000000007,0.2,0,-0.013428558053597639,-0.015495457859514894,-0.0
DHI.US,long,2015-10-27,2015-11-02,5,0.2,0.2,0,-0.001189953066799987,-0.005757321648615977,0.0023952095808383424
LEN.US,long,2015-10-27,2015-11-09,10,0.2,0.2,0,-0.010880335406948728,-0.010880335406948728,0.002572221601875935
MNST.US,long,2015-10-30,2015-11-05,5,0.2,0.2,0,-0.006045598393704177,-0.006045598393704177,-0.0
RAI.US,long,2015-11-03,2015-11-10,6,0.19999999999999998,0.2,0,-0.0060137361631641415,-0.006103482629397062,0.0007945109251556559
AAL.US,long,2015-11-06,2015-11-25,14,0.20000000000000004,0.2,0,-0.01843212528765832,-0.018820192229205744,-0.0
AMGN.US,long,2015-11-10,2015-11-13,4,0.2,0.2,0,-0.007674574087390052,-0.008429640983667741,-0.0
FSLR.US,long,2015-11-11,2015-11-13,3,0.20000000000000004,0.2,0,-0.007483002045987286,-0.007483002045987286,-0.0
BKNG.US,long,2015-11-16,2015-11-30,10,0.2,0.2,0,-0.0027758548817675703,-0.00417218203783778,0.002818058949369706
EA.US,long,2015-11-16,2015-11-18,3,0.20000000000000004,0.2,0,0.0012633714165878108,-0.0,0.0012633714165878108
EXPE.US,long,2015-11-16,2015-11-17,2,0.2,0.2,0,-0.0022896393817973593,-0.0022896393817973593,-0.0
DAL.US,long,2015-11-17,2015-11-18,2,0.2,0.2,0,-8.373456144024073e-05,-8.373456144024073e-05,-0.0
CTXS.US,long,2015-11-18,2015-11-19,2,0.2,0.2,0,0.005897363198185435,-0.0,0.005897363198185435
CVC.US,long,2015-11-23,2015-11-27,4,0.2,0.2,0,-0.0029418674350209176,-0.0029418674350209176,-0.0
TAP.US,long,2015-11-23,2015-11-24,2,0.2,0.2,0,-0.0003035230352303575,-0.0003035230352303575,-0.0
DAL.US,long,2015-11-24,2015-11-30,4,0.2,0.2,0,-0.003299369535627106,-0.003299369535627106,-0.0
REGN.US,long,2015-11-25,2015-12-03,6,0.19999999999999998,0.2,0,-0.009308662248017253,-0.009308662248017253,0.0005020562943972351
CSC.US,long,2015-11-27,2015-12-04,6,0.19999999999999998,0.2,0,-0.0967164640026695,-0.10030808355704263,-0.0
HAS.US,long,2015-11-30,2015-12-07,6,0.19999999999999998,0.2,0,-0.01179981068167826,-0.012207320505575804,0.0001094540976877223
ORLY.US,long,2015-12-01,2015-12-15,11,0.2,0.2,0,-0.008752239189681623,-0.010239139623253426,-0.0
NSC.US,long,2015-12-02,2015-12-10,7,0.19999999999999998,0.2,0,-0.009561787598486584,-0.012708621739073013,0.0020835594139989146
NFX.US,long,2015-12-04,2015-12-09,4,0.2,0.2,0,-0.004723585882062409,-0.007480622068162335,-0.0
HRB.US,long,2015-12-08,2015-12-15,6,0.19999999999999998,0.2,0,-0.009604290379136396,-0.012042281961126958,-0.0
J.US,long,2015-12-08,2015-12-14,5,0.2,0.2,0,-0.006184763619086354,-0.006184763619086354,-0.0
FSLR.US,long,2015-12-10,2015-12-11,2,0.2,0.2,0,0.003348666053357841,-0.0,0.003348666053357841
NFLX.US,long,2015-12-11,2015-12-22,8,0.2,0.2,0,-0.004224137309565256,-0.0042241373095652564,0.006342193753710702
NWL.US,long,2015-12-14,2015-12-14,1,0.2,0.2,0,0.0,-0.0,-0.0
LMT.US,long,2015-12-15,2015-12-15,1,0.2,0.2,0,0.0,-0.0,-0.0
PCP.US,long,2015-12-17,2015-12-21,3,0.20000000000000004,0.2,0,-0.0003966874299837109,-0.0006306967903581207,-0.0
DD.US,long,2015-12-18,2015-12-18,1,0.2,0.2,0,0.0,-0.0,-0.0
MNST.US,long,2015-12-18,2015-12-30,8,0.2,0.2,0,0.00598590438765767,-0.0,0.005985904387657671
TSS.US,long,2015-12-18,2016-01-11,15,0.20000000000000007,0.2,0,-0.022723191134589493,-0.022723191134589493,0.0012546559498137545
REGN.US,long,2015-12-21,2015-12-23,3,0.20000000000000004,0.2,0,0.001261794136278005,-0.0015810721997934207,0.001261794136278005
NWL.US,long,2015-12-24,2015-12-24,1,0.2,0.2,0,0.0,-0.0,-0.0
BF-B.US,long,2015-12-31,2016-01-11,7,0.19999999999999998,0.2,0,-0.01100534578095691,-0.012875710179537992,-0.0
DAL.US,long,2015-12-31,2016-01-15,11,0.2,0.2,0,-0.025474436233462017,-0.02547443623346202,-0.0
LLY.US,long,2015-12-31,2016-01-04,2,0.2,0.2,0,-0.003299311654403048,-0.003299311654403048,-0.0
TXN.US,long,2015-12-31,2016-01-11,7,0.19999999999999998,0.2,0,-0.013362351957563124,-0.016738046953591712,-0.0
NFLX.US,long,2016-01-05,2016-01-05,1,0.2,0.2,0,0.0,-0.0,-0.0
NWL.US,long,2016-01-06,2016-01-11,4,0.2,0.2,0,-0.013816597551259614,-0.013816597551259614,-0.0
HSIC.US,long,2016-01-12,2016-01-15,4,0.2,0.2,0,0.00040121209152097485,-0.002430877929374598,0.00040121209152097485
PLD.US,long,2016-01-12,2016-01-21,7,0.19999999999999998,0.2,0,-0.014822871440781538,-0.016533643961497924,-0.0
AMZN.US,long,2016-01-13,2016-01-21,6,0.19999999999999998,0.2,0,-0.0021481876294461525,-0.0038498420916084353,0.003846616593045882
FSLR.US,long,2016-01-13,2016-01-20,5,0.2,0.2,0,-0.00031409247814735437,-0.00031409247814735437,0.001336157731790788
MAT.US,long,2016-01-19,2016-01-20,2,0.2,0.2,0,0.0008845999195818522,-0.0,0.0008845999195818522
TSN.US,long,2016-01-19,2016-01-20,2,0.2,0.2,0,0.0011272141706924366,-0.0,0.0011272141706924366
EQIX.US,long,2016-01-21,2016-01-21,1,0.2,0.2,0,0.0,-0.0,-0.0
FLIR.US,long,2016-01-21,2016-02-03,10,0.2,0.2,0,-0.008825238030103155,-0.008965807479920929,0.004024144869215274
VLO.US,long,2016-01-21,2016-01-21,1,0.2,0.2,0,0.0,-0.0,-0.0
GMCR.US,long,2016-01-22,2016-01-25,2,0.2,0.2,0,-0.0005384183959618926,-0.0005384183959618926,-0.0
ADBE.US,long,2016-01-27,2016-02-03,6,0.19999999999999998,0.2,0,0.007593912972488083,-0.0007778432527990597,0.011207895844004036
ISRG.US,long,2016-01-27,2016-02-03,6,0.19999999999999998,0.2,0,0.004216775754944368,-0.0027827385717445366,0.004216775754944368
LMT.US,long,2016-01-27,2016-02-03,6,0.19999999999999998,0.2,0,0.004875060090745587,-0.0011546233041470622,0.004875060090745587
EW.US,long,2016-01-28,2016-02-03,5,0.2,0.2,0,0.01952514828385901,-0.0,0.01952514828385901
ATVI.US,long,2016-02-04,2016-02-09,4,0.2,0.2,0,-0.020059503179594488,-0.02068624412666971,-0.0
DLTR.US,long,2016-02-04,2016-02-11,6,0.19999999999999998,0.2,0,-0.008555804909297728,-0.008555804909297728,-0.0
HD.US,long,2016-02-04,2016-02-11,6,0.19999999999999998,0.2,0,-0.013030506358958084,-0.015595899400952608,-0.0
ICE.US,long,2016-02-04,2016-02-08,3,0.20000000000000004,0.2,0,-0.005683332125828633,-0.00804583688894307,-0.0
NKE.US,long,2016-02-04,2016-02-09,4,0.2,0.2,0,-0.015097625878520326,-0.017423207273869167,-0.0
META.US,long,2016-02-09,2016-02-16,5,0.2,0.2,0,0.004147489025773043,-0.0,0.004931725865298597
TPR.US,long,2016-02-10,2016-02-11,2,0.2,0.2,0,-0.00011887072808316469,-0.00011887072808316469,-0.0
XLNX.US,long,2016-02-10,2016-02-11,2,0.2,0.2,0,0.0016215062940046821,-0.0,0.0016215062940046821
KIM.US,long,2016-02-12,2016-02-18,4,0.2,0.2,0,0.0037097947496792295,0.0,0.0037097947496792295
LMT.US,long,2016-02-12,2016-02-16,2,0.2,0.2,0,0.002833850931677029,-0.0,0.002833850931677029
NOC.US,long,2016-02-12,2016-02-16,2,0.2,0.2,0,0.0032772413793103364,-0.0,0.0032772413793103364
RTN.US,long,2016-02-12,2016-02-18,4,0.2,0.2,0,0.0022240163661062296,-0.0,0.0023883819150871677
CMS.US,long,2016-02-17,2016-02-17,1,0.2,0.2,0,0.0,-0.0,-0.0
DUK.US,long,2016-02-17,2016-02-24,6,0.19999999999999998,0.2,0,-0.0014034771516816759,-0.002475588974696086,0.0018807947019867655
PNW.US,long,2016-02-17,2016-02-17,1,0.2,0.2,0,0.0,-0.0,-0.0
K.US,long,2016-02-22,2016-02-24,3,0.20000000000000004,0.2,0,0.00024599635744715364,-0.0,0.000812790991446244
CHRW.US,long,2016-02-23,2016-02-23,1,0.2,0.2,0,0.0,-0.0,-0.0
SJM.US,long,2016-02-23,2016-02-23,1,0.2,0.2,0,0.0,-0.0,-0.0
EXR.US,long,2016-02-24,2016-02-29,4,0.2,0.2,0,7.532338948710313e-05,-0.0,0.005768528660094941
NEE.US,long,2016-02-26,2016-03-03,5,0.2,0.2,0,-0.0016002457128122538,-0.0016002457128122538,0.000533238535371483
HON.US,long,2016-02-29,2016-02-29,1,0.2,0.2,0,0.0,-0.0,-0.0
XOM.US,long,2016-02-29,2016-03-01,2,0.2,0.2,0,0.0028197130380536173,-0.0,0.0028197130380536173
CLX.US,long,2016-03-01,2016-03-15,11,0.2,0.2,0,0.002022310646369685,-0.0031966574601458796,0.0020223106463696855
LLTC.US,long,2016-03-01,2016-03-04,4,0.2,0.2,0,-9.059905885604462e-05,-0.0006597549481621057,0.0002858715293792668
SO.US,long,2016-03-01,2016-03-02,2,0.2,0.2,0,0.002063592335228437,-0.0,0.002063592335228437
D.US,long,2016-03-02,2016-03-02,1,0.2,0.2,0,0.0,-0.0,-0.0
KR.US,long,2016-03-03,2016-03-08,4,0.2,0.2,0,-0.00410124325262331,-0.005079365079365062,-0.0
O.US,long,2016-03-04,2016-03-07,2,0.2,0.2,0,-0.0014099037138926907,-0.0014099037138926907,-0.0
META.US,long,2016-03-07,2016-03-08,2,0.2,0.2,0,0.0003783221413033111,-0.0,0.0003783221413033111
NKE.US,long,2016-03-07,2016-03-10,4,0.2,0.2,0,-0.0011728877774558112,-0.0030587098244299507,0.0018902953586497962
WYNN.US,long,2016-03-08,2016-03-09,2,0.2,0.2,0,0.00321415223620285,-0.0,0.00321415223620285
AMZN.US,long,2016-03-09,2016-03-10,2,0.2,0.2,0,-0.00019303984127836405,-0.00019303984127836405,-0.0
NVDA.US,long,2016-03-09,2016-03-10,2,0.2,0.2,0,-0.00031515915537345674,-0.00031515915537345674,-0.0
NLSN.US,long,2016-03-10,2016-03-15,4,0.2,0.2,0,0.002649868656195587,-0.0,0.002649868656195587
CVC.US,long,2016-03-11,2016-04-07,19,0.20000000000000004,0.2,0,-0.0007608829709000898,-0.0014444033350872413,0.0009725732533856668
GWW.US,long,2016-03-11,2016-03-15,3,0.20000000000000004,0.2,0,0.000598001955338967,-0.0,0.000598001955338967
PG.US,long,2016-03-11,2016-03-16,4,0.2,0.2,0,-0.001000213550458562,-0.0014189602446483152,-0.0
CPRI.US,long,2016-03-16,2016-03-24,7,0.19999999999999998,0.2,0,-0.0018522592190968413,-0.0018522592190968413,0.003238266901039344
KDP.US,long,2016-03-16,2016-03-16,1,0.2,0.2,0,0.0,-0.0,-0.0
MAT.US,long,2016-03-16,2016-03-16,1,0.2,0.2,0,0.0,-0.0,-0.0
EW.US,long,2016-03-17,2016-03-21,3,0.20000000000000004,0.2,0,0.003017781131483566,-0.0,0.0034135396628418137
HUM.US,long,2016-03-17,2016-03-17,1,0.2,0.2,0,0.0,-0.0,-0.0
ISRG.US,long,2016-03-17,2016-03-21,3,0.20000000000000004,0.2,0,0.007341373931253071,-0.0,0.007361955335337057
NDAQ.US,long,2016-03-18,2016-03-21,2,0.2,0.2,0,-0.0007440718401361401,-0.0007440718401361401,-0.0
DRI.US,long,2016-03-22,2016-03-31,7,0.19999999999999998,0.2,0,-0.0010261841411785657,-0.0026450584383919565,-0.0
KHC.US,long,2016-03-22,2016-03-24,3,0.20000000000000004,0.2,0,5.673987019416682e-05,-0.0,0.0009680795395080821
SNI.US,long,2016-03-22,2016-03-24,3,0.20000000000000004,0.2,0,-0.0002955547515656187,-0.0019653720168460566,-0.0
DOV.US,long,2016-03-28,2016-04-05,7,0.19999999999999998,0.2,0,-0.0060479435089219056,-0.0060479435089219056,0.0012453319510148386
GT.US,long,2016-03-28,2016-03-28,1,0.2,0.2,0,0.0,-0.0,-0.0
WTW.US,long,2016-03-28,2016-03-31,4,0.2,0.2,0,0.0007138222777724579,-0.00043978349120432636,0.0008485704670936789
SE1.US,long,2016-03-29,2016-03-29,1,0.2,0.2,0,0.0,-0.0,-0.0
PSX.US,long,2016-03-31,2016-04-07,6,0.19999999999999998,0.2,0,-0.004835650598724528,-0.004835650598724528,-0.0
DAL.US,long,2016-04-01,2016-04-12,8,0.2,0.2,0,-0.0015177251353960977,-0.005124532336582033,0.000807671053248482
FSLR.US,long,2016-04-01,2016-04-12,8,0.2,0.2,0,-0.02173816889098561,-0.02300568056543526,-0.0
WYNN.US,long,2016-04-06,2016-04-06,1,0.2,0.2,0,0.0,-0.0,-0.0
URBN.US,long,2016-04-07,2016-04-12,4,0.2,0.2,0,-0.00379150784836948,-0.004526556294744366,-0.0
CPRI.US,long,2016-04-08,2016-04-12,3,0.20000000000000004,0.2,0,0.0016765481349259037,-0.0,0.0016765481349259037
GT.US,long,2016-04-08,2016-04-12,3,0.20000000000000004,0.2,0,0.0017404483714949849,-0.0,0.0017404483714949849
AEE.US,long,2016-04-13,2016-04-14,2,0.2,0.2,0,0.0002070393374741464,-0.0,0.0002070393374741464
EQIX.US,long,2016-04-13,2016-04-14,2,0.2,0.2,0,-0.0004975897994091482,-0.0004975897994091482,-0.0
EQR.US,long,2016-04-13,2016-04-14,2,0.2,0.2,0,-0.003373015873015861,-0.003373015873015861,-0.0
HRL.US,long,2016-04-13,2016-04-25,9,0.2,0.2,0,-0.008990924640065723,-0.01031859325397968,-0.0
UDR.US,long,2016-04-13,2016-04-14,2,0.2,0.2,0,-0.0032124065355857213,-0.0032124065355857213,-0.0
LEG.US,long,2016-04-15,2016-04-22,6,0.19999999999999998,0.2,0,-0.002330166040980175,-0.004108320147669375,0.00041467965996271343
PGR.US,long,2016-04-15,2016-04-15,1,0.2,0.2,0,0.0,-0.0,-0.0
WM.US,long,2016-04-15,2016-04-15,1,0.2,0.2,0,0.0,-0.0,-0.0
WYNN.US,long,2016-04-18,2016-04-18,1,0.2,0.2,0,0.0,-0.0,-0.0
AVGO.US,long,2016-04-19,2016-05-09,15,0.20000000000000007,0.2,0,-0.011629366268442022,-0.01234823299618888,0.0028596015092341
CCL.US,long,2016-04-19,2016-05-05,13,0.20000000000000004,0.2,0,-0.00877367390761492,-0.00877367390761492,-0.0
IBM.US,long,2016-04-19,2016-04-20,2,0.2,0.2,0,0.00293055555555557,-0.0,0.00293055555555557
MAT.US,long,2016-04-21,2016-04-21,1,0.2,0.2,0,0.0,-0.0,-0.0
MSFT.US,long,2016-04-22,2016-04-29,6,0.19999999999999998,0.2,0,-0.007444348095061293,-0.007444348095061293,0.0012746234067207319
WYNN.US,long,2016-04-25,2016-04-29,5,0.2,0.2,0,-0.005858233479265041,-0.005858233479265041,-0.0
WHR.US,long,2016-04-26,2016-04-29,4,0.2,0.2,0,-0.005941033525945705,-0.005941033525945705,-0.0
FTRCQ.US,long,2016-05-02,2016-05-09,6,0.19999999999999998,0.2,0,-0.006746642376985147,-0.00946253256915617,-0.0
PYPL.US,long,2016-05-02,2016-05-04,3,0.20000000000000004,0.2,0,-0.003643568790957175,-0.003643568790957175,-0.0
URBN.US,long,2016-05-02,2016-05-06,5,0.2,0.2,0,-0.009297905365401427,-0.0138011219486752,-0.0
FCX.US,long,2016-05-05,2016-05-10,4,0.2,0.2,0,-0.006222406833071739,-0.01268628516006796,0.008857395925597844
MUR.US,long,2016-05-06,2016-05-09,2,0.2,0.2,0,-0.009887936717205004,-0.009887936717205004,0.0
HAL.US,long,2016-05-09,2016-05-10,2,0.2,0.2,0,0.0007753941586973845,-0.0,0.0007753941586973845
GGP.US,long,2016-05-11,2016-05-19,7,0.19999999999999998,0.2,0,-0.011091226143267076,-0.011091226143267076,0.0029581529581530043
ROST.US,long,2016-05-11,2016-05-13,3,0.20000000000000004,0.2,0,-0.00040747563035252714,-0.00040747563035252714,0.002387950036737685
TPR.US,long,2016-05-11,2016-05-18,6,0.19999999999999998,0.2,0,-0.004167837951614729,-0.004626377580601405,-0.0
ULTA.US,long,2016-05-11,2016-05-13,3,0.20000000000000004,0.2,0,0.0023655290265383933,-0.0,0.004515651959576062
ZTS.US,long,2016-05-11,2016-05-13,3,0.20000000000000004,0.2,0,0.0016923619271445034,-0.0,0.0016923619271445034
RRC.US,long,2016-05-16,2016-05-20,5,0.2,0.2,0,0.014089560611663133,-0.0,0.014089560611663133
TWX.US,long,2016-05-16,2016-05-19,4,0.2,0.2,0,-0.00419253628477283,-0.004528341517737733,-0.0
WHR.US,long,2016-05-16,2016-05-16,1,0.2,0.2,0,0.0,-0.0,-0.0
FTRCQ.US,long,2016-05-17,2016-05-23,5,0.2,0.2,0,-0.00983398907681965,-0.00983398907681965,-0.0
SNI.US,long,2016-05-19,2016-05-23,3,0.20000000000000004,0.2,0,-0.0005467136201734224,-0.0005467136201734224,0.00041962556488055473
ADSK.US,long,2016-05-20,2016-05-23,2,0.2,0.2,0,0.0027407011923830105,-0.0,0.0027407011923830105
PCAR.US,long,2016-05-20,2016-05-23,2,0.2,0.2,0,-0.000749203970781065,-0.000749203970781065,0.0
O.US,long,2016-05-23,2016-05-25,3,0.20000000000000004,0.2,0,0.0011187796912897063,-0.0,0.0012870448772227317
NEM.US,long,2016-05-24,2016-06-02,7,0.19999999999999998,0.2,0,0.0039055082145986525,-0.0,0.005803854815945831
NSC.US,long,2016-05-24,2016-05-25,2,0.2,0.2,0,0.002626778547975173,-0.0,0.002626778547975173
PXD.US,long,2016-05-27,2016-06-03,5,0.2,0.2,0,-0.0023055193149262194,-0.0027446661154280965,-0.0
STZ.US,long,2016-05-31,2016-06-03,4,0.2,0.2,0,0.0003309258217453205,-0.0,0.0013040039923583715
TSN.US,long,2016-05-31,2016-06-08,7,0.19999999999999998,0.2,0,-0.012761099322980595,-0.012761099322980595,0.0016619629978049666
XEC.US,long,2016-05-31,2016-06-01,2,0.2,0.2,0,-0.000670794633642946,-0.000670794633642946,-0.0
APA.US,long,2016-06-02,2016-06-06,3,0.20000000000000004,0.2,0,-0.0007019742319835714,-0.004512893982808053,-0.0
DOFSQ.US,long,2016-06-03,2016-06-03,1,0.2,0.2,0,0.0,-0.0,-0.0
AIV.US,long,2016-06-06,2016-06-07,2,0.2,0.2,0,0.0013079156057927755,-0.0,0.0013079156057927755
ATVI.US,long,2016-06-06,2016-06-06,1,0.2,0.2,0,0.0,-0.0,-0.0
KSU.US,long,2016-06-06,2016-06-07,2,0.2,0.2,0,0.0012045554095488687,-0.0,0.0012045554095488687
PSKY.US,long,2016-06-07,2016-06-14,6,0.19999999999999998,0.2,0,-0.0019884822408100743,-0.004713487038353725,0.000637181409295362
PYPL.US,long,2016-06-07,2016-06-13,5,0.2,0.2,0,-0.005533637866661722,-0.005533637866661722,-0.0
PSA.US,long,2016-06-08,2016-06-14,5,0.2,0.2,0,-0.009736122972263894,-0.009736122972263894,-0.0
URBN.US,long,2016-06-08,2016-06-16,7,0.19999999999999998,0.2,0,-0.02012157643558319,-0.02012157643558319,-0.0
NRG.US,long,2016-06-09,2016-06-16,6,0.19999999999999998,0.2,0,-0.03302734412890663,-0.03331408248016113,-0.0
URI.US,long,2016-06-14,2016-06-17,4,0.2,0.2,0,-0.006740757328525882,-0.008561381116020273,-0.0
NOV.US,long,2016-06-15,2016-06-16,2,0.2,0.2,0,-0.0001180986123412886,-0.0001180986123412886,-0.0
RF.US,long,2016-06-15,2016-06-16,2,0.2,0.2,0,-0.002857142857142825,-0.002857142857142825,0.0
AVGO.US,long,2016-06-17,2016-06-22,4,0.2,0.2,0,-0.0010951021365333436,-0.0010951021365333436,0.0011923076923077147
MCK.US,long,2016-06-17,2016-06-21,3,0.20000000000000004,0.2,0,0.0016840721136062832,-0.0,0.0023512206097423775
UNM.US,long,2016-06-17,2016-06-17,1,0.2,0.2,0,0.0,-0.0,-0.0
WY.US,long,2016-06-17,2016-06-17,1,0.2,0.2,0,0.0,-0.0,-0.0
ICE.US,long,2016-06-20,2016-06-22,3,0.20000000000000004,0.2,0,-0.00015452920894782902,-0.000983346550356834,-0.0
NDAQ.US,long,2016-06-20,2016-06-22,3,0.20000000000000004,0.2,0,7.249336628989628e-07,-0.0003804089396101107,7.249336628989628e-07
NEM.US,long,2016-06-21,2016-06-21,1,0.2,0.2,0,0.0,-0.0,-0.0
FDX.US,long,2016-06-22,2016-07-01,8,0.2,0.2,0,-0.0030555491564178555,-0.013406273279640567,0.0017635357678156716
FE.US,long,2016-06-22,2016-06-27,4,0.2,0.2,0,0.0004366373511500267,-0.0009623894128402144,0.000726392251815966
ED.US,long,2016-06-23,2016-06-23,1,0.2,0.2,0,0.0,-0.0,-0.0
NBL.US,long,2016-06-24,2016-07-01,6,0.19999999999999998,0.2,0,0.007075003928941203,-0.006269592476489039,0.007156788905243761
RRC.US,long,2016-06-24,2016-06-27,2,0.2,0.2,0,-0.0038319482917820837,-0.0038319482917820837,-0.0
WYNN.US,long,2016-06-24,2016-07-01,6,0.19999999999999998,0.2,0,-0.0006911391225532522,-0.009968577310651218,-0.0
K.US,long,2016-06-28,2016-07-01,4,0.2,0.2,0,0.01409975051755068,-0.0,0.01422218149023733
DE.US,long,2016-07-05,2016-07-07,3,0.20000000000000004,0.2,0,0.0005061955309934251,-0.0,0.0007578628268283261
AEE.US,long,2016-07-07,2016-07-12,4,0.2,0.2,0,-0.0007042547666242125,-0.0007042547666242125,0.0018993352326685644
AET.US,long,2016-07-07,2016-07-12,4,0.2,0.2,0,0.0005050642282005133,-0.0,0.002650038971161317
CNP.US,long,2016-07-07,2016-07-12,4,0.2,0.2,0,0.0015541729213234047,-0.0,0.0032312925170067787
PXD.US,long,2016-07-07,2016-07-11,3,0.20000000000000004,0.2,0,0.005080788641646983,-0.0,0.006017556791529888
CMS.US,long,2016-07-12,2016-07-21,8,0.2,0.2,0,0.0023833574059019644,-0.0,0.0023833574059019644
ED.US,long,2016-07-12,2016-07-20,7,0.19999999999999998,0.2,0,0.0003641763100567407,-0.0,0.0016503745080614697
DG.US,long,2016-07-13,2016-07-20,6,0.19999999999999998,0.2,0,0.0030166299357783366,-0.0015536375689810368,0.0030166299357783366
FAST.US,long,2016-07-13,2016-07-27,11,0.2,0.2,0,-0.005054286403477291,-0.006802233622922627,0.000692840646651316
HSY.US,long,2016-07-14,2016-07-14,1,0.2,0.2,0,0.0,-0.0,-0.0
BALL.US,long,2016-07-15,2016-07-19,3,0.20000000000000004,0.2,0,-0.0007431923467908109,-0.0007431923467908109,-0.0
FCX.US,long,2016-07-20,2016-07-20,1,0.2,0.2,0,0.0,-0.0,-0.0
MRO.US,long,2016-07-21,2016-07-28,6,0.19999999999999998,0.2,0,-0.01494933628541668,-0.018300440626620063,-0.0
MUR.US,long,2016-07-21,2016-07-25,3,0.20000000000000004,0.2,0,-0.005442603343244468,-0.005442603343244468,-0.0
RRC.US,long,2016-07-21,2016-07-25,3,0.20000000000000004,0.2,0,0.0015781327378701305,-0.0,0.0021130221130220674
DOFSQ.US,long,2016-07-22,2016-07-28,5,0.2,0.2,0,-0.015104274595280432,-0.015104274595280432,-0.0
CTRA.US,long,2016-07-26,2016-07-28,3,0.20000000000000004,0.2,0,0.0024568399776311537,-0.0,0.0024568399776311537
WMB.US,long,2016-07-26,2016-07-28,3,0.20000000000000004,0.2,0,-0.004095123075397167,-0.004095123075397167,-0.0
MUR.US,long,2016-07-28,2016-08-02,4,0.2,0.2,0,-0.005870514582174668,-0.006650850126458718,0.006473466315393273
AET.US,long,2016-07-29,2016-08-04,5,0.2,0.2,0,0.0024423704841961325,-0.0013193299192778341,0.0028702328836484716
ATVI.US,long,2016-07-29,2016-08-02,3,0.20000000000000004,0.2,0,-0.002045412062754659,-0.002045412062754659,-0.0
PHM.US,long,2016-07-29,2016-08-04,5,0.2,0.2,0,-0.0012573784990752347,-0.002115749157893254,0.0024551463644948424
UHS.US,long,2016-07-29,2016-08-10,9,0.2,0.2,0,-0.005063442479385305,-0.006608565483914863,-0.0
PVH.US,long,2016-08-03,2016-08-03,1,0.2,0.2,0,0.0,-0.0,-0.0
QRVO.US,long,2016-08-03,2016-08-12,8,0.2,0.2,0,-0.0017132706626657329,-0.006204644412191596,-0.0
FCX.US,long,2016-08-04,2016-08-17,10,0.2,0.2,0,-0.005065815969218447,-0.008184431642119995,-0.0
FLR.US,long,2016-08-05,2016-08-17,9,0.2,0.2,0,-0.00014289071362987265,-0.0020223243119276368,0.00035075485554951795
LUMN.US,long,2016-08-05,2016-08-10,4,0.2,0.2,0,0.0030790884378487206,-0.0,0.0030790884378487206
CNC.US,long,2016-08-11,2016-08-12,2,0.2,0.2,0,0.0018970968669157707,-0.0,0.0018970968669157707
NUE.US,long,2016-08-11,2016-08-17,5,0.2,0.2,0,-0.006955464545535573,-0.006955464545535573,0.0
NI.US,long,2016-08-15,2016-08-16,2,0.2,0.2,0,-0.0018737270875763823,-0.0018737270875763823,-0.0
WHR.US,long,2016-08-15,2016-08-17,3,0.20000000000000004,0.2,0,-0.0029632669652644105,-0.0029632669652644105,-0.0
NEM.US,long,2016-08-17,2016-08-17,1,0.2,0.2,0,0.0,-0.0,-0.0
AAP.US,long,2016-08-18,2016-08-23,4,0.2,0.2,0,0.0006502173086020855,-0.0,0.0013191136296723193
BBY.US,long,2016-08-18,2016-08-22,3,0.20000000000000004,0.2,0,-0.002385959918224656,-0.00367469879518072,-0.0
LOW.US,long,2016-08-18,2016-08-18,1,0.2,0.2,0,0.0,-0.0,-0.0
LUMN.US,long,2016-08-18,2016-09-02,12,0.20000000000000004,0.2,0,-0.0044751873191068775,-0.0059171483861580896,0.0001531348063280591
MJN.US,long,2016-08-18,2016-08-30,9,0.2,0.2,0,-0.004969870682855592,-0.006170314046520398,6.987306393386738e-05
WYNN.US,long,2016-08-19,2016-08-31,9,0.2,0.2,0,-0.01689599203317762,-0.01689599203317762,-0.0
NEM.US,long,2016-08-23,2016-08-31,7,0.19999999999999998,0.2,0,-0.02313484214590462,-0.02313484214590462,-0.0
FCX.US,long,2016-08-24,2016-09-01,7,0.19999999999999998,0.2,0,-0.013371183873256066,-0.014537364631273555,0.00018050541516245744
MUR.US,long,2016-08-31,2016-09-02,3,0.20000000000000004,0.2,0,0.0006371777097567313,-0.0024700598802394947,0.0006371777097567313
APA.US,long,2016-09-01,2016-09-01,1,0.2,0.2,0,0.0,0.0,0.0
SWN.US,long,2016-09-01,2016-09-02,2,0.2,0.2,0,0.0020304568527918843,-0.0,0.0020304568527918843
HES.US,long,2016-09-02,2016-09-07,3,0.20000000000000004,0.2,0,-0.00861027465862021,-0.00861027465862021,-0.0
HP.US,long,2016-09-02,2016-09-02,1,0.2,0.2,0,0.0,-0.0,-0.0
HST.US,long,2016-09-06,2016-09-21,12,0.20000000000000004,0.2,0,-0.013011694731633416,-0.013011694731633414,-0.0
QRVO.US,long,2016-09-06,2016-09-12,5,0.2,0.2,0,-0.007875269823826605,-0.012753318604314414,-0.0
SWKS.US,long,2016-09-06,2016-09-12,5,0.2,0.2,0,-0.012693169015269113,-0.017426542292680727,-0.0
TIF.US,long,2016-09-06,2016-09-12,5,0.2,0.2,0,-0.002423626783140032,-0.00548591309204447,0.0017637704207026151
MLM.US,long,2016-09-08,2016-09-09,2,0.2,0.2,0,-0.005490719128598421,-0.005490719128598421,-0.0
DLR.US,long,2016-09-12,2016-09-16,5,0.2,0.2,0,-0.0055107009613462495,-0.006706721229629587,-0.0
DVN.US,long,2016-09-13,2016-09-20,6,0.19999999999999998,0.2,0,-0.0022563463858801037,-0.0046669907632474585,-0.0
MRO.US,long,2016-09-13,2016-09-20,6,0.19999999999999998,0.2,0,-0.006543659685218595,-0.006543659685218595,-0.0
NFX.US,long,2016-09-13,2016-09-16,4,0.2,0.2,0,-0.000983355180097823,-0.006796577946768068,-0.0
NBL.US,long,2016-09-19,2016-09-20,2,0.2,0.2,0,-0.0026237328562909836,-0.0026237328562909836,-0.0
RRC.US,long,2016-09-19,2016-09-20,2,0.2,0.2,0,-0.003068640646029586,-0.003068640646029586,-0.0
KMX.US,long,2016-09-21,2016-09-29,7,0.19999999999999998,0.2,0,-0.009118034305436696,-0.009118034305436696,-0.0
UAL.US,long,2016-09-21,2016-09-21,1,0.2,0.2,0,0.0,-0.0,-0.0
JBHT.US,long,2016-09-22,2016-09-27,4,0.2,0.2,0,-0.0023677934272125166,-0.0023677934272125166,-0.0
WYNN.US,long,2016-09-22,2016-09-30,7,0.19999999999999998,0.2,0,-0.009617813015345589,-0.009617813015345589,-0.0
AMAT.US,long,2016-09-23,2016-09-26,2,0.2,0.2,0,-0.0020903573836817293,-0.0020903573836817293,-0.0
COO.US,long,2016-09-23,2016-09-29,5,0.2,0.2,0,-0.005473592876200329,-0.005473592876200329,-0.0
CHKAQ.US,long,2016-09-27,2016-09-27,1,0.2,0.2,0,0.0,-0.0,-0.0
KSS.US,long,2016-09-28,2016-09-29,2,0.2,0.2,0,0.0013643848506233347,-0.0,0.0013643848506233347
URBN.US,long,2016-09-28,2016-10-03,4,0.2,0.2,0,0.0012195569293016462,-0.0008675534991324341,0.0012195569293016462
CNC.US,long,2016-09-30,2016-10-07,6,0.19999999999999998,0.2,0,-0.015310295989949419,-0.015376789399141466,-0.0
ESS.US,long,2016-09-30,2016-10-25,18,0.20000000000000004,0.2,0,-0.016793928319219734,-0.01679392831921973,-0.0
NI.US,long,2016-09-30,2016-10-12,9,0.2,0.2,0,-0.011919573068023537,-0.01468990372039172,-0.0
HOG.US,long,2016-10-03,2016-10-07,5,0.2,0.2,0,-0.0038768699325680616,-0.0038768699325680616,0.0012055330445717382
NEM.US,long,2016-10-04,2016-10-11,6,0.19999999999999998,0.2,0,-0.002310024150971102,-0.002310024150971102,0.0019854014598540194
CTRA.US,long,2016-10-10,2016-10-26,13,0.20000000000000004,0.2,0,-0.028037058129379646,-0.030945443975235222,-0.0
MU.US,long,2016-10-10,2016-10-13,4,0.2,0.2,0,-0.0074289508313473375,-0.00826327741060835,-0.0
MRO.US,long,2016-10-12,2016-10-18,5,0.2,0.2,0,-0.010053141885777283,-0.010335229332885887,-0.0
STX.US,long,2016-10-13,2016-11-04,17,0.2,0.2,0,-0.012427615896001696,-0.014577936896092415,0.0009182323768186508
WYNN.US,long,2016-10-14,2016-10-18,3,0.20000000000000004,0.2,0,-0.0008361315473692787,-0.0008361315473692787,-0.0
NAVI.US,long,2016-10-19,2016-10-31,9,0.2,0.2,0,-0.01008441133471334,-0.01008441133471334,-0.0
TSN.US,long,2016-10-19,2016-10-27,7,0.19999999999999998,0.2,0,-0.004448098359706987,-0.005147093554115023,-0.0
CHKAQ.US,long,2016-10-26,2016-11-08,10,0.2,0.2,0,-0.023627681677279758,-0.02453921633675498,0.002666666666666684
MRO.US,long,2016-10-27,2016-11-02,5,0.2,0.2,0,-0.017188584667324848,-0.017188584667324848,-0.0
DVN.US,long,2016-10-28,2016-11-01,3,0.20000000000000004,0.2,0,-0.007640679859527278,-0.007640679859527278,-0.0
MU.US,long,2016-11-01,2016-11-04,4,0.2,0.2,0,-0.0035309717043754633,-0.004252993365025293,-0.0
WDC.US,long,2016-11-02,2016-11-04,3,0.20000000000000004,0.2,0,-0.0006530089414391372,-0.0006530089414391372,-0.0
APA.US,long,2016-11-03,2016-11-04,2,0.2,0.2,0,0.002233429394812658,-0.0,0.002233429394812658
ATVI.US,long,2016-11-09,2016-11-16,6,0.19999999999999998,0.2,0,-0.005568131594395464,-0.011876424146863608,-0.0
AES.US,long,2016-11-10,2016-11-14,3,0.20000000000000004,0.2,0,-0.004372205816083663,-0.004372205816083663,-0.0
AIV.US,long,2016-11-10,2016-11-23,10,0.2,0.2,0,-0.007620687631712776,-0.011433409282815866,0.0024912341220490576
EA.US,long,2016-11-10,2016-11-15,4,0.2,0.2,0,0.0022028241527713545,-0.0010440991255737941,0.0022028241527713545
NFLX.US,long,2016-11-10,2016-11-18,7,0.19999999999999998,0.2,0,-0.0003256975800805856,-0.0035484426234977827,-0.0
GEN.US,long,2016-11-15,2016-11-18,4,0.2,0.2,0,-0.0032718941197920296,-0.0032718941197920296,-0.0
ICE.US,long,2016-11-16,2016-11-18,3,0.20000000000000004,0.2,0,0.0013614535820198892,-0.0,0.0016528925619834212
ETN.US,long,2016-11-17,2016-11-18,2,0.2,0.2,0,-0.001975613520605024,-0.001975613520605024,-0.0
ABBV.US,long,2016-11-21,2016-11-23,3,0.20000000000000004,0.2,0,-0.0006898202766729483,-0.004932141674942093,-0.0
BALL.US,long,2016-11-21,2016-11-21,1,0.2,0.2,0,0.0,-0.0,-0.0
GAP.US,long,2016-11-21,2016-11-22,2,0.2,0.2,0,0.007042817126850754,-0.0,0.007042817126850754
URBN.US,long,2016-11-21,2016-11-21,1,0.2,0.2,0,0.0,-0.0,-0.0
HPE.US,long,2016-11-22,2016-11-22,1,0.2,0.2,0,0.0,-0.0,-0.0
VMC.US,long,2016-11-22,2016-11-22,1,0.2,0.2,0,0.0,-0.0,-0.0
BIIB.US,long,2016-11-23,2016-12-01,6,0.19999999999999998,0.2,0,-0.006656673822598337,-0.007819662226719794,-0.0
HPQ.US,long,2016-11-23,2016-11-29,4,0.2,0.2,0,0.0037803276351957796,-0.0,0.004169468728984516
SWK.US,long,2016-11-23,2016-11-23,1,0.2,0.2,0,0.0,-0.0,-0.0
SPGI.US,long,2016-11-25,2016-12-12,12,0.20000000000000004,0.2,0,-0.010873918224426248,-0.010873918224426246,-0.0
CXO.US,long,2016-11-28,2016-11-29,2,0.2,0.2,0,-0.0033513513513513393,-0.0033513513513513393,-0.0
URBN.US,long,2016-11-28,2016-12-02,5,0.2,0.2,0,-0.004553978420544547,-0.004996896449923161,6.170934896641001e-05
GAP.US,long,2016-11-30,2016-12-02,3,0.20000000000000004,0.2,0,-0.005347255029388554,-0.005347255029388554,0.0006407689227072577
NVDA.US,long,2016-11-30,2016-12-02,3,0.20000000000000004,0.2,0,-0.008043069112351753,-0.009891540130151878,-0.0
CI.US,long,2016-12-02,2016-12-05,2,0.2,0.2,0,0.001888489208633093,-0.0,0.001888489208633093
CELG.US,long,2016-12-05,2016-12-08,4,0.2,0.2,0,-0.005924347637891404,-0.006634448827310902,0.001424159231297173
J.US,long,2016-12-05,2016-12-30,19,0.20000000000000004,0.2,0,-0.009591036091888806,-0.009591036091888803,0.0057331818827783595
ROST.US,long,2016-12-05,2016-12-06,2,0.2,0.2,0,0.00032762472077441096,-0.0,0.00032762472077441096
HUM.US,long,2016-12-06,2016-12-07,2,0.2,0.2,0,-0.0012726382770435586,-0.0012726382770435586,-0.0
BIIB.US,long,2016-12-07,2016-12-07,1,0.2,0.2,0,0.0,-0.0,-0.0
NOC.US,long,2016-12-08,2016-12-19,8,0.2,0.2,0,-0.0034672153073647795,-0.005177080279607304,0.0005973414100622688
RTN.US,long,2016-12-08,2016-12-19,8,0.2,0.2,0,-0.0043495396123208515,-0.005985416075443117,0.00019157088122607747
ULTA.US,long,2016-12-09,2016-12-12,2,0.2,0.2,0,0.0003742932229035656,-0.0,0.0003742932229035656
NUE.US,long,2016-12-13,2016-12-19,5,0.2,0.2,0,-0.009226947067657077,-0.009226947067657077,-0.0
RL.US,long,2016-12-13,2016-12-28,11,0.2,0.2,0,-0.02695941075300861,-0.02926095091910297,-0.0
DVN.US,long,2016-12-20,2016-12-30,8,0.2,0.2,0,-0.004249469815550788,-0.004249469815550789,0.001031451991531207
NFX.US,long,2016-12-20,2016-12-30,8,0.2,0.2,0,-0.015317180295490408,-0.015317180295490408,-0.0
XEC.US,long,2016-12-20,2016-12-30,8,0.2,0.2,0,-0.00035087659292736277,-0.0006226671479498957,0.0009127572872333013
FCX.US,long,2016-12-29,2016-12-30,2,0.2,0.2,0,-0.0043026706231454,-0.0043026706231454,-0.0
AAL.US,long,2017-01-03,2017-01-06,4,0.2,0.2,0,-0.0003464496234270478,-0.0017410889784063468,0.0017278617710583255
AMAT.US,long,2017-01-03,2017-01-06,4,0.2,0.2,0,0.0006362041011214402,-0.0,0.0018785222291797243
CHKAQ.US,long,2017-01-03,2017-01-04,2,0.2,0.2,0,0.0023121387283237204,-0.0,0.0023121387283237204
HUM.US,long,2017-01-03,2017-01-04,2,0.2,0.2,0,0.00017205607003694114,-0.0,0.00017205607003694114
UAL.US,long,2017-01-03,2017-01-09,5,0.2,0.2,0,-0.003883303539608551,-0.004871756535466653,0.0008527025168477476
BHI.US,long,2017-01-05,2017-01-23,12,0.20000000000000004,0.2,0,-0.009142108154121531,-0.010812668790358339,-0.0
XLNX.US,long,2017-01-05,2017-01-12,6,0.19999999999999998,0.2,0,0.000396471213722971,-0.0,0.0039006053175509427
MPC.US,long,2017-01-09,2017-01-23,10,0.2,0.2,0,-0.0029221577964146706,-0.004370658662126626,0.0008366527580986548
MUR.US,long,2017-01-09,2017-01-18,7,0.19999999999999998,0.2,0,0.004422197957806163,-0.0,0.004422197957806163
WMB.US,long,2017-01-10,2017-01-24,10,0.2,0.2,0,-0.0001068778412537828,-0.0020210926586944344,0.001964912280701725
AET.US,long,2017-01-13,2017-01-18,3,0.20000000000000004,0.2,0,-0.0021923546201365164,-0.0021923546201365164,-0.0
CF.US,long,2017-01-19,2017-01-19,1,0.2,0.2,0,0.0,-0.0,-0.0
CHKAQ.US,long,2017-01-19,2017-01-23,3,0.20000000000000004,0.2,0,0.001815849963195304,-0.0,0.002114803625377659
ALXN.US,long,2017-01-20,2017-01-30,7,0.19999999999999998,0.2,0,-0.0059887886618334545,-0.0059887886618334545,-0.0
AET.US,long,2017-01-24,2017-01-24,1,0.2,0.2,0,0.0,-0.0,-0.0
BFH.US,long,2017-01-24,2017-01-27,4,0.2,0.2,0,-0.0033783526301178765,-0.003964821094920979,0.0009283409221519713
WU.US,long,2017-01-24,2017-02-02,8,0.2,0.2,0,-0.00677617860484665,-0.008720907366361507,-0.0
TSS.US,long,2017-01-25,2017-02-02,7,0.19999999999999998,0.2,0,-0.0027205982859537015,-0.005423300988656421,-0.0
TXT.US,long,2017-01-25,2017-01-25,1,0.2,0.2,0,0.0,-0.0,-0.0
WHR.US,long,2017-01-26,2017-01-27,2,0.2,0.2,0,-0.0035529492928596087,-0.0035529492928596087,-0.0
CHKAQ.US,long,2017-01-30,2017-02-02,4,0.2,0.2,0,-0.00029748512011904546,-0.0018599851201190455,-0.0
RIG.US,long,2017-01-30,2017-01-31,2,0.2,0.2,0,0.0017328519855595915,-0.0,0.0017328519855595915
NAVI.US,long,2017-01-31,2017-02-02,3,0.20000000000000004,0.2,0,0.0009347517730496248,-0.0005319148936170137,0.0009347517730496248
AAL.US,long,2017-02-01,2017-02-03,3,0.20000000000000004,0.2,0,0.0006818283224764965,-0.0001816118047673232,0.0006818283224764965
AN.US,long,2017-02-03,2017-02-16,10,0.2,0.2,0,-0.011653170378005017,-0.011653170378005017,-0.0
CAT.US,long,2017-02-03,2017-02-06,2,0.2,0.2,0,-0.0008790737564322582,-0.0008790737564322582,-0.0
EA.US,long,2017-02-03,2017-02-06,2,0.2,0.2,0,0.0005905511811023612,-0.0,0.0005905511811023612
IP.US,long,2017-02-03,2017-02-07,3,0.20000000000000004,0.2,0,-0.003265487424487712,-0.0053197509903791795,-0.0
HUM.US,long,2017-02-06,2017-02-07,2,0.2,0.2,0,-0.001252099557184283,-0.001252099557184283,-0.0
CXO.US,long,2017-02-07,2017-02-08,2,0.2,0.2,0,0.0005777777777777882,-0.0,0.0005777777777777882
HP.US,long,2017-02-07,2017-02-07,1,0.2,0.2,0,0.0,-0.0,-0.0
CHKAQ.US,long,2017-02-08,2017-02-08,1,0.2,0.2,0,0.0,-0.0,-0.0
FTI.US,long,2017-02-08,2017-02-09,2,0.2,0.2,0,0.00019218449711724264,-0.0,0.00019218449711724264
XEC.US,long,2017-02-08,2017-02-08,1,0.2,0.2,0,0.0,-0.0,-0.0
CF.US,long,2017-02-09,2017-02-09,1,0.2,0.2,0,0.0,-0.0,-0.0
FCX.US,long,2017-02-09,2017-02-09,1,0.2,0.2,0,0.0,-0.0,-0.0
RIG.US,long,2017-02-09,2017-02-13,3,0.20000000000000004,0.2,0,0.0031751440343240405,-0.0,0.0031751440343240405
INTC.US,long,2017-02-10,2017-02-10,1,0.2,0.2,0,0.0,-0.0,-0.0
TFCF.US,long,2017-02-10,2017-02-13,2,0.2,0.2,0,-0.0011467116357504192,-0.0011467116357504192,-0.0
TFCFA.US,long,2017-02-10,2017-02-13,2,0.2,0.2,0,-0.0012704781009695854,-0.0012704781009695854,-0.0
NVDA.US,long,2017-02-13,2017-02-17,5,0.2,0.2,0,-0.0021056755239119433,-0.0021056755239119433,0.0011426296876960063
FLIR.US,long,2017-02-14,2017-02-23,7,0.19999999999999998,0.2,0,0.014294435544336872,-0.0,0.016281112737920943
MU.US,long,2017-02-14,2017-02-16,3,0.20000000000000004,0.2,0,-0.0012125757953817652,-0.0012125757953817652,-0.0
NFLX.US,long,2017-02-14,2017-02-21,5,0.2,0.2,0,0.002524001523042352,-0.0,0.002524001523042352
FCX.US,long,2017-02-17,2017-02-28,7,0.19999999999999998,0.2,0,-0.020917419333975642,-0.023178612833286063,-0.0
NBL.US,long,2017-02-17,2017-02-17,1,0.2,0.2,0,0.0,-0.0,-0.0
FLS.US,long,2017-02-21,2017-02-24,4,0.2,0.2,0,-0.002552589072428923,-0.0065714005303169065,0.0011161637040099316
WDC.US,long,2017-02-21,2017-02-24,4,0.2,0.2,0,-0.0006653064005721632,-0.0011484630861640977,-0.0
CHKAQ.US,long,2017-02-22,2017-03-10,13,0.20000000000000004,0.2,0,-0.026898122238318622,-0.03537015702614288,-0.0
CF.US,long,2017-02-24,2017-02-28,3,0.20000000000000004,0.2,0,0.0017383999710474554,-0.0,0.002182985553772099
GT.US,long,2017-02-27,2017-02-28,2,0.2,0.2,0,-0.0011911514463981865,-0.0011911514463981865,-0.0
HPE.US,long,2017-02-27,2017-02-27,1,0.2,0.2,0,0.0,-0.0,-0.0
ETFC.US,long,2017-02-28,2017-02-28,1,0.2,0.2,0,0.0,-0.0,-0.0
BBY.US,long,2017-03-01,2017-03-01,1,0.2,0.2,0,0.0,-0.0,-0.0
MOS.US,long,2017-03-01,2017-03-14,10,0.2,0.2,0,-0.016123447062378893,-0.016123447062378893,-0.0
WBD.US,long,2017-03-01,2017-03-14,10,0.2,0.2,0,-0.007510910018782169,-0.007510910018782169,-0.0
XRX.US,long,2017-03-01,2017-03-03,3,0.20000000000000004,0.2,0,-0.0007859209883968267,-0.002706359945872805,-0.0
DISCK.US,long,2017-03-02,2017-03-15,10,0.2,0.2,0,-0.0031850552167052466,-0.007234549029978599,-0.0
RIG.US,long,2017-03-06,2017-03-09,4,0.2,0.2,0,-0.01669762612257404,-0.01669762612257404,-0.0
OKE.US,long,2017-03-10,2017-03-14,3,0.20000000000000004,0.2,0,-0.007883457800835214,-0.007883457800835214,-0.0
UAL.US,long,2017-03-13,2017-03-22,8,0.2,0.2,0,-0.007985972470306036,-0.013102394038933499,-0.0
CFG.US,long,2017-03-15,2017-03-27,9,0.2,0.2,0,-0.013991636188932823,-0.013991636188932823,0.0017400761283306032
RF.US,long,2017-03-15,2017-03-27,9,0.2,0.2,0,-0.012344592188936288,-0.012344592188936288,0.0006666666666666821
ZION.US,long,2017-03-15,2017-03-27,9,0.2,0.2,0,-0.015167063089778776,-0.015415006760518813,0.0013160880417517618
VTRS.US,long,2017-03-16,2017-03-24,7,0.19999999999999998,0.2,0,-0.007282293745810287,-0.007282293745810287,-0.0
INCY.US,long,2017-03-23,2017-04-06,11,0.2,0.2,0,-0.0046809231381684585,-0.007670896824707674,0.003960599586789781
RIG.US,long,2017-03-27,2017-03-27,1,0.2,0.2,0,0.0,-0.0,-0.0
AMGN.US,long,2017-03-28,2017-04-21,18,0.20000000000000004,0.2,0,-0.005225282588230563,-0.005225282588230563,-0.0
EL.US,long,2017-03-28,2017-04-07,9,0.2,0.2,0,-0.003366033371872557,-0.004962983426182777,-0.0
IFF.US,long,2017-03-28,2017-03-29,2,0.2,0.2,0,0.0006233371341695104,-0.0,0.0006233371341695104
XLNX.US,long,2017-03-28,2017-04-17,14,0.20000000000000004,0.2,0,-0.007165685157771894,-0.010097097740953975,0.0001725030188028498
AKAM.US,long,2017-03-30,2017-04-10,8,0.2,0.2,0,-0.0066295817185327635,-0.008102575767764431,-0.0
BWA.US,long,2017-04-07,2017-04-10,2,0.2,0.2,0,-0.00015789099731848834,-0.00015789099731848834,0.0
NVDA.US,long,2017-04-10,2017-04-13,4,0.2,0.2,0,-0.004675696252692441,-0.004675696252692441,0.0007159660427534132
MU.US,long,2017-04-11,2017-04-19,6,0.19999999999999998,0.2,0,0.0006440808652133036,-0.0036055923473141908,0.0006440808652133036
SCHW.US,long,2017-04-11,2017-04-21,8,0.2,0.2,0,-0.0029773010328979057,-0.007254085859234505,-0.0
DISH.US,long,2017-04-17,2017-04-18,2,0.2,0.2,0,-0.0025514543289675063,-0.0025514543289675063,-0.0
NOV.US,long,2017-04-18,2017-04-21,4,0.2,0.2,0,-0.012416823232192398,-0.012416823232192398,-0.0
INCY.US,long,2017-04-19,2017-05-03,11,0.2,0.2,0,-0.0021054316648976943,-0.0024589072793158584,-0.0
URI.US,long,2017-04-20,2017-04-21,2,0.2,0.2,0,-0.0031437654539032247,-0.0031437654539032247,-0.0
EBAY.US,long,2017-04-24,2017-04-24,1,0.2,0.2,0,0.0,-0.0,-0.0
PHM.US,long,2017-04-24,2017-04-25,2,0.2,0.2,0,-0.00762564991334489,-0.00762564991334489,-0.0
PSKY.US,long,2017-04-24,2017-04-25,2,0.2,0.2,0,0.0013949962092493886,-0.0,0.0013949962092493886
VIAB.US,long,2017-04-24,2017-04-25,2,0.2,0.2,0,0.0009356725146199008,-0.0,0.0009356725146199008
LEN.US,long,2017-04-25,2017-05-08,10,0.2,0.2,0,-0.0031971291408514624,-0.0036794981569113097,0.0016142497872673634
CHRW.US,long,2017-04-26,2017-05-04,7,0.19999999999999998,0.2,0,-0.0006857139182197214,-0.0007148110427415144,-0.0
DOC.US,long,2017-04-26,2017-05-09,10,0.2,0.2,0,-0.00879560037450038,-0.008795600374500378,-0.0
STX.US,long,2017-04-26,2017-05-01,4,0.2,0.2,0,0.0008142017057994,-0.0,0.0013806236610330648
AMD.US,long,2017-05-02,2017-05-09,6,0.19999999999999998,0.2,0,-0.0025987414841507797,-0.0053875861056647215,0.0013565891472868243
NRG.US,long,2017-05-04,2017-05-09,4,0.2,0.2,0,0.0017502126536889985,-0.0,0.005890410958904102
NAVI.US,long,2017-05-05,2017-05-12,6,0.19999999999999998,0.2,0,-0.013421340014108952,-0.013421340014108952,-0.0
NUE.US,long,2017-05-09,2017-05-18,8,0.2,0.2,0,-0.010072429285451046,-0.010072429285451046,-0.0
ETFC.US,long,2017-05-10,2017-05-12,3,0.20000000000000004,0.2,0,-0.005134546173209343,-0.005134546173209343,-0.0
PWR.US,long,2017-05-10,2017-05-18,7,0.19999999999999998,0.2,0,-0.014894925252629254,-0.015989933304159033,-0.0
TGNA.US,long,2017-05-10,2017-05-12,3,0.20000000000000004,0.2,0,-0.00561041971686711,-0.00561041971686711,-0.0
CBRE.US,long,2017-05-15,2017-05-18,4,0.2,0.2,0,-0.008480583592138859,-0.008480583592138859,-0.0
CHTR.US,long,2017-05-15,2017-05-22,6,0.19999999999999998,0.2,0,-0.002861280839851643,-0.004972657386715973,-0.0
GT.US,long,2017-05-15,2017-05-22,6,0.19999999999999998,0.2,0,-0.014163885506627616,-0.014731171986299852,-0.0
DXC.US,long,2017-05-19,2017-06-15,19,0.20000000000000004,0.2,0,-0.010290557867814718,-0.010290557867814722,0.0015187191806312228
GEN.US,long,2017-05-19,2017-05-22,2,0.2,0.2,0,0.003859407305306695,-0.0,0.003859407305306695
MSI.US,long,2017-05-19,2017-05-19,1,0.2,0.2,0,0.0,0.0,0.0
CNC.US,long,2017-05-22,2017-05-24,3,0.20000000000000004,0.2,0,0.001973272493244993,-8.105917319642942e-05,0.001973272493244993
BEN.US,long,2017-05-23,2017-05-24,2,0.2,0.2,0,-0.00024154589371980784,-0.00024154589371980784,-0.0
CMG.US,long,2017-05-23,2017-05-24,2,0.2,0.2,0,0.0016000000000000016,-0.0,0.0016000000000000016
ESS.US,long,2017-05-23,2017-05-23,1,0.2,0.2,0,0.0,-0.0,-0.0
TIF.US,long,2017-05-24,2017-05-25,2,0.2,0.2,0,0.0018581677055156565,-0.0,0.0018581677055156565
FLS.US,long,2017-05-25,2017-05-26,2,0.2,0.2,0,0.000877009814157459,-0.0,0.000877009814157459
HPQ.US,long,2017-05-25,2017-05-26,2,0.2,0.2,0,0.0010887316276537717,-0.0,0.0010887316276537717
ILMN.US,long,2017-05-25,2017-05-25,1,0.2,0.2,0,0.0,-0.0,-0.0
WFM.US,long,2017-05-26,2017-06-07,8,0.2,0.2,0,-0.0011143822086174817,-0.0022085371179178196,0.0005220826582746917
WMB.US,long,2017-05-26,2017-05-31,3,0.20000000000000004,0.2,0,-0.007363671145346351,-0.007363671145346351,-0.0
INCY.US,long,2017-05-30,2017-06-01,3,0.20000000000000004,0.2,0,-0.0018552355968528558,-0.0018552355968528558,-0.0
REGN.US,long,2017-05-30,2017-05-30,1,0.2,0.2,0,0.0,-0.0,-0.0
URI.US,long,2017-05-31,2017-06-08,7,0.19999999999999998,0.2,0,-0.003945232622864037,-0.00637730558505294,0.0022808792421594505
RF.US,long,2017-06-01,2017-06-06,4,0.2,0.2,0,-0.004216985276045859,-0.004216985276045859,-0.0
HPE.US,long,2017-06-02,2017-06-16,11,0.2,0.2,0,-0.009922420590893453,-0.009922420590893453,-0.0
INCY.US,long,2017-06-07,2017-06-13,5,0.2,0.2,0,-0.0009742940179808144,-0.004546949462845107,0.0010071338648761864
BF-B.US,long,2017-06-08,2017-06-27,14,0.20000000000000004,0.2,0,-0.002709326765859732,-0.002709326765859732,0.0019879582498114837
QRVO.US,long,2017-06-09,2017-06-16,6,0.19999999999999998,0.2,0,-0.009534593970043859,-0.009646201112900977,-0.0
AVGO.US,long,2017-06-14,2017-06-16,3,0.20000000000000004,0.2,0,-0.0027398014230907153,-0.0027398014230907153,-0.0
AMD.US,long,2017-06-16,2017-06-16,1,0.2,0.2,0,0.0,-0.0,-0.0
COST.US,long,2017-06-19,2017-06-23,5,0.2,0.2,0,-0.008893806409368123,-0.008893806409368123,-0.0
LUMN.US,long,2017-06-19,2017-07-13,18,0.20000000000000004,0.2,0,-0.021101459571263505,-0.0235903484601524,-0.0
LVLT.US,long,2017-06-19,2017-07-13,18,0.20000000000000004,0.2,0,-0.012221998670785996,-0.013476135580732039,-0.0
ULTA.US,long,2017-06-19,2017-06-23,5,0.2,0.2,0,-0.0064360159235894235,-0.006837226594385527,0.0015841180269911882
JNPR.US,long,2017-06-26,2017-07-03,6,0.19999999999999998,0.2,0,-0.002621021694877479,-0.002621021694877479,0.00043685113727718336
QRVO.US,long,2017-06-26,2017-07-03,6,0.19999999999999998,0.2,0,-0.010316860398986829,-0.010316860398986829,-0.0
ALK.US,long,2017-06-28,2017-06-29,2,0.2,0.2,0,0.0015609093993891765,-0.0,0.0015609093993891765
AMD.US,long,2017-06-30,2017-07-03,2,0.2,0.2,0,-0.005288461538461542,-0.005288461538461542,-0.0
DLR.US,long,2017-07-05,2017-07-11,5,0.2,0.2,0,-0.0025095066002819746,-0.0029549549549549694,-0.0
ULTA.US,long,2017-07-05,2017-07-24,14,0.20000000000000004,0.2,0,-0.01968127475817816,-0.01968127475817816,-0.0
WFM.US,long,2017-07-05,2017-07-13,7,0.19999999999999998,0.2,0,-0.00014115077917675742,-0.0006666326503598219,9.526077637529441e-05
BBY.US,long,2017-07-12,2017-07-12,1,0.2,0.2,0,0.0,-0.0,-0.0
BMY.US,long,2017-07-13,2017-07-18,4,0.2,0.2,0,0.0002679450591791309,-0.0,0.001755990488384862
CME.US,long,2017-07-14,2017-07-20,5,0.2,0.2,0,-1.441116198228629e-05,-0.0006634916313173812,0.0001161151198473931
HRB.US,long,2017-07-14,2017-07-24,7,0.19999999999999998,0.2,0,-0.004890309760908851,-0.004890309760908851,0.00040900505662810915
WYNN.US,long,2017-07-14,2017-07-17,2,0.2,0.2,0,-0.0008740990645606406,-0.0008740990645606406,-0.0
CFG.US,long,2017-07-18,2017-07-24,5,0.2,0.2,0,-0.0006540129785891349,-0.006280463094598443,-0.0
NAVI.US,long,2017-07-19,2017-07-28,8,0.2,0.2,0,-0.008012861076001965,-0.0092465828032124,-0.0
UAL.US,long,2017-07-21,2017-08-03,10,0.2,0.2,0,-0.009505428637251612,-0.011729627925507824,-0.0
AAL.US,long,2017-07-25,2017-07-27,3,0.20000000000000004,0.2,0,-0.0023792925679383403,-0.0023792925679383403,0.0015807152736613261
MU.US,long,2017-07-25,2017-07-26,2,0.2,0.2,0,-0.0006020066889632192,-0.0006020066889632192,-0.0
WDC.US,long,2017-07-25,2017-08-11,14,0.20000000000000004,0.2,0,-0.031101096533566925,-0.032893999677903324,-0.0
WYNN.US,long,2017-07-27,2017-08-03,6,0.19999999999999998,0.2,0,-0.0025989259849142467,-0.003218219355299312,0.002056963786033617
MGM.US,long,2017-07-28,2017-08-11,11,0.2,0.2,0,-0.01583391983124647,-0.016358338054779712,-0.0
MU.US,long,2017-07-31,2017-08-04,5,0.2,0.2,0,-0.0013304595465711607,-0.0019772435925647256,0.0036112998932892994
AMD.US,long,2017-08-04,2017-08-04,1,0.2,0.2,0,0.0,-0.0,-0.0
QRVO.US,long,2017-08-04,2017-08-04,1,0.2,0.2,0,0.0,-0.0,-0.0
EXPE.US,long,2017-08-07,2017-08-11,5,0.2,0.2,0,-0.006122869583614054,-0.007460382645265007,-0.0
GEN.US,long,2017-08-07,2017-08-11,5,0.2,0.2,0,-0.0039422163963359624,-0.007174975017025598,-0.0
HAS.US,long,2017-08-07,2017-08-15,7,0.19999999999999998,0.2,0,-0.009220608306187362,-0.010818492211041987,-0.0
CVX.US,long,2017-08-14,2017-08-23,8,0.2,0.2,0,-0.0018798641828993159,-0.0034465813421513452,-0.0
MCK.US,long,2017-08-14,2017-08-21,6,0.19999999999999998,0.2,0,-0.003965269688563744,-0.004157050510481541,0.00024148108398169832
NWS.US,long,2017-08-14,2017-08-24,9,0.2,0.2,0,-0.0028530727826190155,-0.004334554264100476,1.3271822856064782e-05
NWSA.US,long,2017-08-14,2017-08-21,6,0.19999999999999998,0.2,0,-0.0008934464200367918,-0.0021009963411188436,-0.0
TPR.US,long,2017-08-16,2017-08-24,7,0.19999999999999998,0.2,0,0.0029777326593818376,-0.0016491446643346341,0.0029777326593818376
CPRI.US,long,2017-08-22,2017-08-31,8,0.2,0.2,0,0.002023311488785074,-0.0006698564593301537,0.0031511329327757135
MSI.US,long,2017-08-22,2017-08-24,3,0.20000000000000004,0.2,0,0.00023306555941418063,-0.0004629093854878086,0.00023306555941418063
PHM.US,long,2017-08-24,2017-08-24,1,0.2,0.2,0,0.0,-0.0,-0.0
EW.US,long,2017-08-25,2017-08-30,4,0.2,0.2,0,0.0016906512285058016,-0.0,0.0024158933570985752
NRG.US,long,2017-08-25,2017-08-28,2,0.2,0.2,0,-8.136696501219731e-05,-8.136696501219731e-05,-0.0
PEP.US,long,2017-08-25,2017-08-30,4,0.2,0.2,0,0.00018406502905206064,-0.0005351747949934982,0.00018406502905206064
TSN.US,long,2017-08-25,2017-08-30,4,0.2,0.2,0,-0.0016694323294558667,-0.003396492292332165,-0.0
BBY.US,long,2017-08-29,2017-08-31,3,0.20000000000000004,0.2,0,-0.002758734447350553,-0.0030170846964740375,-0.0
HRB.US,long,2017-08-31,2017-09-11,7,0.19999999999999998,0.2,0,-0.004842008368763674,-0.00795489634169242,0.0002243829468960623
PNC.US,long,2017-08-31,2017-08-31,1,0.2,0.2,0,0.0,-0.0,-0.0
XL.US,long,2017-08-31,2017-09-07,5,0.2,0.2,0,-0.022537200612709807,-0.022537200612709807,-0.0
FE.US,long,2017-09-01,2017-09-08,5,0.2,0.2,0,-0.0012902629619165884,-0.001850661467520598,0.0006169031462060826
PGR.US,long,2017-09-01,2017-09-07,4,0.2,0.2,0,-0.008410951054483463,-0.008410951054483463,-0.0
VZ.US,long,2017-09-01,2017-09-11,6,0.19999999999999998,0.2,0,-0.00683013381694555,-0.007654250060710455,-0.0
INCY.US,long,2017-09-08,2017-09-27,14,0.20000000000000004,0.2,0,-0.031554078006797236,-0.03367959335265156,-0.0
WDC.US,long,2017-09-08,2017-09-11,2,0.2,0.2,0,0.000873563218390805,-0.0,0.000873563218390805
REGN.US,long,2017-09-11,2017-09-19,7,0.19999999999999998,0.2,0,-0.006198445071864445,-0.006198445071864445,-0.0
FCX.US,long,2017-09-13,2017-09-15,3,0.20000000000000004,0.2,0,-0.0008591758950438732,-0.0011477761836441891,-0.0
MGM.US,long,2017-09-13,2017-09-18,4,0.2,0.2,0,-0.00562965329527656,-0.00562965329527656,-0.0
NRG.US,long,2017-09-13,2017-09-15,3,0.20000000000000004,0.2,0,-0.005376785071182378,-0.005376785071182378,-0.0
CHTR.US,long,2017-09-18,2017-09-26,7,0.19999999999999998,0.2,0,-0.004968435688098217,-0.005785036169109459,-0.0
VRTX.US,long,2017-09-18,2017-09-28,9,0.2,0.2,0,-0.0046984680005990095,-0.006258146539580767,-0.0
BBY.US,long,2017-09-19,2017-09-20,2,0.2,0.2,0,-0.0006444275966641434,-0.0006444275966641434,-0.0
QRVO.US,long,2017-09-20,2017-09-21,2,0.2,0.2,0,0.0008248009101251786,-0.0,0.0008248009101251786
SWKS.US,long,2017-09-21,2017-09-26,4,0.2,0.2,0,-0.00539304172744084,-0.00539304172744084,0.0018603740330950915
AVGO.US,long,2017-09-22,2017-09-26,3,0.20000000000000004,0.2,0,-0.0016235789793946022,-0.0031182076575823506,-0.0
ABBV.US,long,2017-09-27,2017-09-27,1,0.2,0.2,0,0.0,-0.0,-0.0
BIIB.US,long,2017-09-27,2017-09-29,3,0.20000000000000004,0.2,0,0.00022262189588317938,-0.0017902813299232713,0.00022262189588317938
TDG.US,long,2017-09-27,2017-09-28,2,0.2,0.2,0,-0.0007230714819035367,-0.0007230714819035367,-0.0
ALXN.US,long,2017-09-28,2017-09-28,1,0.2,0.2,0,0.0,-0.0,-0.0
PRGO.US,long,2017-09-28,2017-09-29,2,0.2,0.2,0,0.0034855769230769163,-0.0,0.0034855769230769163
ACN.US,long,2017-09-29,2017-10-04,4,0.2,0.2,0,0.00014630809621614112,-0.0012093716058322768,0.0005478640704819516
INTU.US,long,2017-09-29,2017-10-03,3,0.20000000000000004,0.2,0,-0.0004076116117301299,-0.0005628253834247366,-0.0
WMT.US,long,2017-09-29,2017-10-02,2,0.2,0.2,0,0.0007931906921029964,-0.0,0.0007931906921029964
KSS.US,long,2017-10-02,2017-10-13,10,0.2,0.2,0,-0.0113053616254015,-0.0113053616254015,-0.0
WDC.US,long,2017-10-02,2017-10-03,2,0.2,0.2,0,-0.0009353639525122803,-0.0009353639525122803,-0.0
CTRA.US,long,2017-10-03,2017-10-11,7,0.19999999999999998,0.2,0,-0.008131137311537629,-0.009314102611222232,-0.0
CSX.US,long,2017-10-04,2017-10-04,1,0.2,0.2,0,0.0,-0.0,-0.0
CVS.US,long,2017-10-04,2017-10-17,10,0.2,0.2,0,-0.019082806137314258,-0.0196073781969498,0.0020731859622830306
CELG.US,long,2017-10-05,2017-10-16,8,0.2,0.2,0,-0.004738056804124402,-0.0051044645426558295,-0.0
JBHT.US,long,2017-10-05,2017-10-11,5,0.2,0.2,0,-0.0022306532444738457,-0.0022306532444738457,-0.0
CNC.US,long,2017-10-12,2017-10-16,3,0.20000000000000004,0.2,0,-0.005865920523366519,-0.006660973526900094,-0.0
GAP.US,long,2017-10-12,2017-10-19,6,0.19999999999999998,0.2,0,-0.004398843224498062,-0.004852374686459605,0.0002940095553105149
BBY.US,long,2017-10-16,2017-10-17,2,0.2,0.2,0,-0.0009470041886723513,-0.0009470041886723513,-0.0
HBI.US,long,2017-10-17,2017-10-19,3,0.20000000000000004,0.2,0,0.00017472379948637597,-0.0,0.0006917423259836131
HWM.US,long,2017-10-17,2017-10-19,3,0.20000000000000004,0.2,0,-0.001189342614408684,-0.001189342614408684,0.00037312707697689795
EA.US,long,2017-10-18,2017-10-19,2,0.2,0.2,0,-0.00015906680805939378,-0.00015906680805939378,-0.0
NCLH.US,long,2017-10-18,2017-10-23,4,0.2,0.2,0,-0.01314599122079545,-0.01314599122079545,-0.0
AMD.US,long,2017-10-20,2017-10-20,1,0.2,0.2,0,0.0,-0.0,-0.0
ETFC.US,long,2017-10-20,2017-11-01,9,0.2,0.2,0,0.0016334517782760302,-0.002083333333333326,0.002083189459227342
RCL.US,long,2017-10-20,2017-10-25,4,0.2,0.2,0,0.0009607820739706116,-0.0,0.0027908474334477516
REGN.US,long,2017-10-20,2017-11-02,10,0.2,0.2,0,-0.017011507551414718,-0.017238207803303873,-0.0
NFLX.US,long,2017-10-23,2017-10-23,1,0.2,0.2,0,0.0,-0.0,-0.0
BIIB.US,long,2017-10-24,2017-10-27,4,0.2,0.2,0,-0.005074981939876989,-0.0051399929917558046,-0.0
VRTX.US,long,2017-10-24,2017-10-26,3,0.20000000000000004,0.2,0,-0.009846143082515479,-0.009846143082515479,0.0
AAL.US,long,2017-10-26,2017-10-31,4,0.2,0.2,0,-0.007443821049660704,-0.007443821049660704,-0.0
FCX.US,long,2017-10-27,2017-10-31,3,0.20000000000000004,0.2,0,-0.0021154254255169036,-0.0026893135173390093,-0.0
GAP.US,long,2017-10-30,2017-11-01,3,0.20000000000000004,0.2,0,-0.00076713672318518,-0.00076713672318518,-0.0
GILD.US,long,2017-11-01,2017-11-09,7,0.19999999999999998,0.2,0,-0.0048408684474892105,-0.006614936032698871,-0.0
TGT.US,long,2017-11-01,2017-11-01,1,0.2,0.2,0,0.0,-0.0,-0.0
AMGN.US,long,2017-11-02,2017-11-06,3,0.20000000000000004,0.2,0,-0.0018494541566261183,-0.0018494541566261183,0.0011948262861782855
COO.US,long,2017-11-02,2017-11-07,4,0.2,0.2,0,0.002151922259967698,-0.0,0.002151922259967698
GM.US,long,2017-11-02,2017-11-09,6,0.19999999999999998,0.2,0,-0.0022872407027114236,-0.004253667561224583,-0.0
ATVI.US,long,2017-11-03,2017-11-07,3,0.20000000000000004,0.2,0,-0.007077705548034529,-0.007373417721519004,-0.0
RL.US,long,2017-11-07,2017-11-15,7,0.19999999999999998,0.2,0,0.0049681201749635535,-0.0,0.005128670633679189
CNC.US,long,2017-11-08,2017-11-09,2,0.2,0.2,0,0.00027911969940954686,-0.0,0.00027911969940954686
GAP.US,long,2017-11-08,2017-11-08,1,0.2,0.2,0,0.0,-0.0,-0.0
AET.US,long,2017-11-09,2017-11-15,5,0.2,0.2,0,-0.0017376136505931285,-0.0017376136505931285,0.003002376398307538
JBHT.US,long,2017-11-10,2017-11-10,1,0.2,0.2,0,0.0,-0.0,-0.0
NFLX.US,long,2017-11-10,2017-11-10,1,0.2,0.2,0,0.0,-0.0,-0.0
ZION.US,long,2017-11-10,2017-11-10,1,0.2,0.2,0,0.0,-0.0,-0.0
GWW.US,long,2017-11-13,2017-11-15,3,0.20000000000000004,0.2,0,-6.112563520810355e-05,-0.00021451555237752553,-0.0
KLAC.US,long,2017-11-13,2017-11-14,2,0.2,0.2,0,0.0005477515681597379,-0.0,0.0005477515681597379
XEC.US,long,2017-11-13,2017-11-29,12,0.20000000000000004,0.2,0,-0.012498694677028445,-0.015304090470498941,-0.0
CF.US,long,2017-11-15,2017-11-15,1,0.2,0.2,0,0.0,-0.0,-0.0
BBY.US,long,2017-11-16,2017-11-17,2,0.2,0.2,0,0.0020995475113122276,-0.0,0.0020995475113122276
FCX.US,long,2017-11-16,2017-11-16,1,0.2,0.2,0,0.0,-0.0,-0.0
MRO.US,long,2017-11-16,2017-11-16,1,0.2,0.2,0,0.0,-0.0,-0.0
NCLH.US,long,2017-11-16,2017-11-16,1,0.2,0.2,0,0.0,-0.0,-0.0
AMT.US,long,2017-11-17,2017-11-22,4,0.2,0.2,0,-0.0007604013560677859,-0.0007604013560677859,0.0009859660632650425
CCI.US,long,2017-11-17,2017-11-20,2,0.2,0.2,0,0.0008362115978913121,-0.0,0.0008362115978913121
EA.US,long,2017-11-17,2017-11-27,6,0.19999999999999998,0.2,0,-0.0033676366908542924,-0.0033676366908542924,-0.0
VRTX.US,long,2017-11-20,2017-11-21,2,0.2,0.2,0,0.0006498893805310324,-0.0,0.0006498893805310324
COP.US,long,2017-11-21,2017-11-28,5,0.2,0.2,0,0.0005905464172043296,-0.0033557513858876397,0.0018354513087824654
KMX.US,long,2017-11-22,2017-12-01,7,0.19999999999999998,0.2,0,0.0011814322717113024,-0.0015607183657773585,0.002719670553528175
FITB.US,long,2017-11-24,2017-11-27,2,0.2,0.2,0,0.0014184397163120367,-0.0,0.0014184397163120367
EXR.US,long,2017-11-28,2017-12-07,8,0.2,0.2,0,0.00010245027277480114,-0.0008431660118518591,0.0005472068270819142
IQV.US,long,2017-11-28,2017-12-12,11,0.2,0.2,0,-0.00013693778764816154,-0.0015812979426610642,0.0010659359647802625
MU.US,long,2017-11-29,2017-12-06,6,0.19999999999999998,0.2,0,-0.009652731493287691,-0.018014828193421928,-0.0
ADSK.US,long,2017-11-30,2017-12-06,5,0.2,0.2,0,-0.005050997610039466,-0.005670192656479101,0.0
ALGN.US,long,2017-12-04,2017-12-06,3,0.20000000000000004,0.2,0,0.006351845249263067,-0.0,0.006351845249263067
ABBV.US,long,2017-12-07,2017-12-07,1,0.2,0.2,0,0.0,-0.0,-0.0
CTRA.US,long,2017-12-07,2017-12-08,2,0.2,0.2,0,-0.0002159827213822796,-0.0002159827213822796,-0.0
HPQ.US,long,2017-12-07,2017-12-08,2,0.2,0.2,0,0.0009537434430138437,-0.0,0.0009537434430138437
MKC.US,long,2017-12-08,2017-12-14,5,0.2,0.2,0,-0.0018149910412704087,-0.0018149910412704087,-0.0
XRAY.US,long,2017-12-08,2017-12-12,3,0.20000000000000004,0.2,0,0.000277520393156272,-0.0,0.00036979969183357223
TJX.US,long,2017-12-11,2017-12-12,2,0.2,0.2,0,0.0008731241473397323,-0.0,0.0008731241473397323
WTW.US,long,2017-12-11,2017-12-14,4,0.2,0.2,0,-0.002309014069988291,-0.003028297402231783,-0.0
GM.US,long,2017-12-13,2017-12-15,3,0.20000000000000004,0.2,0,-0.002164135199409967,-0.002850241545893684,-0.0
RCL.US,long,2017-12-13,2017-12-14,2,0.2,0.2,0,-4.930561262224132e-05,-4.930561262224132e-05,-0.0
SYF.US,long,2017-12-13,2017-12-15,3,0.20000000000000004,0.2,0,0.0029918536934920416,-0.0,0.0029918536934920416
CNC.US,long,2017-12-15,2017-12-18,2,0.2,0.2,0,0.006472696605523964,-0.0,0.006472696605523964
CSX.US,long,2017-12-15,2017-12-18,2,0.2,0.2,0,0.0024938598148498414,-0.0,0.0024938598148498414
ORLY.US,long,2017-12-15,2017-12-15,1,0.2,0.2,0,0.0,-0.0,-0.0
MET.US,long,2017-12-18,2018-01-03,11,0.2,0.2,0,-0.0016757308501718748,-0.0029511393794664498,0.00039495406317531246
ORCL.US,long,2017-12-18,2017-12-22,5,0.2,0.2,0,-0.0014546097374178002,-0.0017930192128831068,0.0007957073006867876
SBAC.US,long,2017-12-18,2017-12-21,4,0.2,0.2,0,-0.004887343962307366,-0.004887343962307366,-0.0
AMT.US,long,2017-12-19,2017-12-26,5,0.2,0.2,0,-0.0013222250837643835,-0.0031818824117642477,-0.0
CBOE.US,long,2017-12-19,2017-12-26,5,0.2,0.2,0,-0.0009776095984486367,-0.0009776095984486367,-0.0
RCL.US,long,2017-12-22,2017-12-26,2,0.2,0.2,0,-0.0014538245498100012,-0.0014538245498100012,-0.0
RHT.US,long,2017-12-26,2018-01-02,5,0.2,0.2,0,0.0007277444073724438,-0.0008376177907957638,0.001011524749191617
DIS.US,long,2017-12-27,2017-12-29,3,0.20000000000000004,0.2,0,-0.00024096315332484684,-0.00024096315332484684,0.00024154589371976344
GM.US,long,2017-12-27,2017-12-29,3,0.20000000000000004,0.2,0,-0.0015460675913611776,-0.0015460675913611776,0.0003389009924957609
KSU.US,long,2017-12-27,2017-12-29,3,0.20000000000000004,0.2,0,-0.0028558607837614993,-0.0028558607837614993,-0.0
HII.US,long,2018-01-02,2018-01-03,2,0.2,0.2,0,0.001210473224858566,-0.0,0.001210473224858566
VRSN.US,long,2018-01-02,2018-01-03,2,0.2,0.2,0,0.0026125879236320593,-0.0,0.0026125879236320593
WYNN.US,long,2018-01-02,2018-01-04,3,0.20000000000000004,0.2,0,-0.0010838244694150176,-0.002166768107121153,-0.0
BBWI.US,long,2018-01-03,2018-01-10,6,0.19999999999999998,0.2,0,-0.03513312597734187,-0.03914368741795274,-0.0
GAP.US,long,2018-01-04,2018-01-10,5,0.2,0.2,0,-0.0043661845482661395,-0.004616262697687824,-0.0
IRM.US,long,2018-01-04,2018-01-22,12,0.20000000000000004,0.2,0,-0.005987431247881347,-0.00886724338025402,0.0006542936549059909
SPG.US,long,2018-01-04,2018-01-05,2,0.2,0.2,0,0.0018607442977191192,-0.0,0.0018607442977191192
STZ.US,long,2018-01-05,2018-01-08,2,0.2,0.2,0,-0.0027651446243405434,-0.0027651446243405434,-0.0
LUV.US,long,2018-01-08,2018-01-10,3,0.20000000000000004,0.2,0,-0.003202929624879736,-0.005062499999999992,-0.0
FCX.US,long,2018-01-09,2018-01-10,2,0.2,0.2,0,0.006236786469344624,-0.0,0.006236786469344624
CCI.US,long,2018-01-11,2018-01-12,2,0.2,0.2,0,-0.0002314591571028979,-0.0002314591571028979,-0.0
LRCX.US,long,2018-01-11,2018-01-16,3,0.20000000000000004,0.2,0,0.0013494960838586149,-0.0006450930626057616,0.0013494960838586149
SBAC.US,long,2018-01-11,2018-01-12,2,0.2,0.2,0,-0.00198095238095235,-0.00198095238095235,-0.0
ZBH.US,long,2018-01-11,2018-01-18,5,0.2,0.2,0,-0.00015717241943089542,-0.0009986974612046229,0.0003326634855409516
ALB.US,long,2018-01-16,2018-01-24,7,0.19999999999999998,0.2,0,-0.025376363853117836,-0.025376363853117836,-0.0
SYF.US,long,2018-01-16,2018-01-18,3,0.20000000000000004,0.2,0,-0.003308220926925287,-0.003308220926925287,0.0006854732401793129
CF.US,long,2018-01-17,2018-01-19,3,0.20000000000000004,0.2,0,0.004175824286714702,-0.0,0.004175824286714702
FMC.US,long,2018-01-19,2018-01-24,4,0.2,0.2,0,-0.0002687220987002358,-0.0021814133678271564,-0.0
NFX.US,long,2018-01-19,2018-01-19,1,0.2,0.2,0,0.0,-0.0,-0.0
HOLX.US,long,2018-01-22,2018-01-25,4,0.2,0.2,0,-0.0015741794720750993,-0.0015741794720750993,-0.0
F.US,long,2018-01-23,2018-01-23,1,0.2,0.2,0,0.0,-0.0,-0.0
UPS.US,long,2018-01-23,2018-01-25,3,0.20000000000000004,0.2,0,-0.001182939692334961,-0.001182939692334961,-0.0
UAL.US,long,2018-01-24,2018-01-29,4,0.2,0.2,0,-0.009493427480437534,-0.009493427480437534,-0.0
AAL.US,long,2018-01-25,2018-01-30,4,0.2,0.2,0,-0.00173604200851476,-0.00173604200851476,7.540056550423558e-05
JWN.US,long,2018-01-25,2018-01-26,2,0.2,0.2,0,0.0036363636363636155,-0.0,0.0036363636363636155
DHI.US,long,2018-01-26,2018-01-30,3,0.20000000000000004,0.2,0,-0.007194349816187341,-0.008063555114200606,0.0
XEC.US,long,2018-01-26,2018-02-13,13,0.20000000000000004,0.2,0,-0.035841881823270354,-0.035841881823270354,-0.0
WYNN.US,long,2018-01-29,2018-02-06,7,0.19999999999999998,0.2,0,0.00018854803032608645,-0.0,0.009677024712503047
LRCX.US,long,2018-01-30,2018-02-09,9,0.2,0.2,0,-0.02702409093928737,-0.031511547020160215,0.00046054008792131287
BBWI.US,long,2018-01-31,2018-02-06,5,0.2,0.2,0,-0.011548286583866352,-0.016809853747234184,-0.0
FL.US,long,2018-01-31,2018-02-06,5,0.2,0.2,0,-0.005687488147573739,-0.014497481572951765,0.00024415055951170216
ALGN.US,long,2018-02-07,2018-02-09,3,0.20000000000000004,0.2,0,-0.0037772303616624425,-0.011624631929330432,-0.0
CBOE.US,long,2018-02-07,2018-02-09,3,0.20000000000000004,0.2,0,-0.013239604944239659,-0.013239604944239659,-0.0
DVN.US,long,2018-02-07,2018-02-09,3,0.20000000000000004,0.2,0,-0.011390333062803749,-0.011390333062803749,-0.0
KR.US,long,2018-02-12,2018-02-12,1,0.2,0.2,0,0.0,-0.0,-0.0
MGM.US,long,2018-02-12,2018-02-13,2,0.2,0.2,0,-0.00042168674698794817,-0.00042168674698794817,-0.0
SBAC.US,long,2018-02-12,2018-02-13,2,0.2,0.2,0,0.0022426862118649638,-0.0,0.0022426862118649638
KDP.US,long,2018-02-13,2018-02-23,8,0.2,0.2,0,-0.0009760912464945148,-0.00195161602656595,0.00020823118069475117
ORLY.US,long,2018-02-13,2018-02-14,2,0.2,0.2,0,0.001826251716187466,-0.0,0.001826251716187466
CNC.US,long,2018-02-15,2018-02-23,6,0.19999999999999998,0.2,0,0.001395025415735196,-0.0005348167794603231,0.001395025415735196
OXY.US,long,2018-02-16,2018-03-02,10,0.2,0.2,0,-0.007446178934662973,-0.007568116217954701,0.0004973557797148592
QRVO.US,long,2018-02-16,2018-02-16,1,0.2,0.2,0,0.0,-0.0,-0.0
VFC.US,long,2018-02-16,2018-02-22,4,0.2,0.2,0,0.0015671419752137487,-0.002866827438370856,0.0015671419752137487
BBWI.US,long,2018-02-20,2018-02-22,3,0.20000000000000004,0.2,0,0.005532636013360782,-0.0,0.005532636013360782
GRMN.US,long,2018-02-23,2018-03-02,6,0.19999999999999998,0.2,0,-0.003058600816746382,-0.0049614210681905085,0.0009942004971002394
TNL.US,long,2018-02-26,2018-03-02,5,0.2,0.2,0,-0.0027458000912836903,-0.004095116866629423,-0.0
AZO.US,long,2018-02-27,2018-03-05,5,0.2,0.2,0,0.00042848518894003087,-0.0,0.0031323055296652138
TRIP.US,long,2018-02-27,2018-03-02,4,0.2,0.2,0,-0.0001870262870422802,-0.0001870262870422802,0.0017618927762395931
FCX.US,long,2018-03-05,2018-03-05,1,0.2,0.2,0,0.0,-0.0,-0.0
HLT.US,long,2018-03-05,2018-03-05,1,0.2,0.2,0,0.0,-0.0,-0.0
LKQ.US,long,2018-03-05,2018-03-05,1,0.2,0.2,0,0.0,-0.0,-0.0
NCLH.US,long,2018-03-05,2018-03-08,4,0.2,0.2,0,-0.0004545594532999963,-0.0004545594532999963,0.0015113350125944614
HII.US,long,2018-03-06,2018-03-07,2,0.2,0.2,0,0.0007192019178718035,-0.0,0.0007192019178718035
QCOM.US,long,2018-03-06,2018-03-08,3,0.20000000000000004,0.2,0,-0.0010178545207078836,-0.0010178545207078836,0.0011264885741873343
TGT.US,long,2018-03-06,2018-03-12,5,0.2,0.2,0,-0.0030742565819820832,-0.005706831120377177,-0.0
VFC.US,long,2018-03-06,2018-03-13,6,0.19999999999999998,0.2,0,0.0013813770460830766,-0.00046648908956050674,0.0017038405807692004
KSS.US,long,2018-03-08,2018-03-12,3,0.20000000000000004,0.2,0,0.0026990088083200807,-0.0,0.0026990088083200807
M.US,long,2018-03-09,2018-03-12,2,0.2,0.2,0,-0.0008310249307478924,-0.0008310249307478924,-0.0
VIAB.US,long,2018-03-09,2018-03-26,12,0.20000000000000004,0.2,0,-0.015293567313257461,-0.015293567313257463,0.0018989844987192142
DVA.US,long,2018-03-13,2018-04-05,17,0.2,0.2,0,-0.017554888449612126,-0.01918831078352135,-0.0
QCOM.US,long,2018-03-13,2018-03-15,3,0.20000000000000004,0.2,0,0.0006418987820004941,-0.0,0.0014070351758793899
BBY.US,long,2018-03-14,2018-03-19,4,0.2,0.2,0,-0.003900328283697663,-0.003900328283697663,-0.0
NBL.US,long,2018-03-14,2018-03-20,5,0.2,0.2,0,-0.0029657855439293008,-0.0062319425974386895,-0.0
CF.US,long,2018-03-16,2018-03-20,3,0.20000000000000004,0.2,0,-0.0019597445124889925,-0.0033394208192016883,-0.0
QRVO.US,long,2018-03-20,2018-04-03,10,0.2,0.2,0,-0.014248289242580835,-0.017814750072248132,-0.0
ESRX.US,long,2018-03-21,2018-03-23,3,0.20000000000000004,0.2,0,-0.004255923081503821,-0.004255923081503821,-0.0
TRIP.US,long,2018-03-21,2018-03-23,3,0.20000000000000004,0.2,0,-0.007466135595254464,-0.007466135595254464,-0.0
ABBV.US,long,2018-03-26,2018-04-03,6,0.19999999999999998,0.2,0,-0.009788369741907443,-0.009788369741907443,-0.0
GAP.US,long,2018-03-26,2018-04-03,6,0.19999999999999998,0.2,0,0.001566713925183061,-0.00284237726098191,0.001589540691912217
HCA.US,long,2018-03-27,2018-04-05,7,0.19999999999999998,0.2,0,0.0017411482531338731,-0.004347489980156593,0.0017411482531338731
HPE.US,long,2018-04-06,2018-04-09,2,0.2,0.2,0,0.0013173652694610462,-0.0,0.0013173652694610462
HPQ.US,long,2018-04-06,2018-04-09,2,0.2,0.2,0,0.0010587102983637743,-0.0,0.0010587102983637743
JBHT.US,long,2018-04-06,2018-04-10,3,0.20000000000000004,0.2,0,0.0027556372643359863,-0.0013099244974074777,0.0027556372643359863
NKTR.US,long,2018-04-06,2018-04-06,1,0.2,0.2,0,0.0,-0.0,-0.0
NVDA.US,long,2018-04-06,2018-04-09,2,0.2,0.2,0,0.0010828471411901575,-0.0,0.0010828471411901575
STX.US,long,2018-04-09,2018-04-09,1,0.2,0.2,0,0.0,-0.0,-0.0
HLT.US,long,2018-04-10,2018-04-10,1,0.2,0.2,0,0.0,-0.0,-0.0
TNL.US,long,2018-04-10,2018-04-16,5,0.2,0.2,0,0.004472640652271265,-0.0,0.004863965771876533
ETR.US,long,2018-04-11,2018-04-13,3,0.20000000000000004,0.2,0,0.0005570105671331761,-0.0028043339706819827,0.0005570105671331761
LEN.US,long,2018-04-11,2018-04-25,11,0.2,0.2,0,-0.014864844683530555,-0.016510394032112276,-0.0
NEE.US,long,2018-04-11,2018-04-13,3,0.20000000000000004,0.2,0,-0.0010006927998749138,-0.0024465971187282777,-0.0
FAST.US,long,2018-04-12,2018-04-25,10,0.2,0.2,0,-0.002999876479950302,-0.004873222030754643,-0.0
AAP.US,long,2018-04-16,2018-04-16,1,0.2,0.2,0,0.0,-0.0,-0.0
NKTR.US,long,2018-04-16,2018-05-01,12,0.20000000000000004,0.2,0,-0.020681753925704215,-0.024396947333727572,0.000513533754145712
CMA.US,long,2018-04-17,2018-04-18,2,0.2,0.2,0,0.001164546042700021,-0.0,0.001164546042700021
FL.US,long,2018-04-17,2018-04-23,5,0.2,0.2,0,-0.003867574942467633,-0.005482056351469633,0.00023601604909133657
KSS.US,long,2018-04-19,2018-04-25,5,0.2,0.2,0,-0.0002477075059422523,-0.0057884231536926125,-0.0
MU.US,long,2018-04-24,2018-04-25,2,0.2,0.2,0,0.002080237741456159,-0.0,0.002080237741456159
EBAY.US,long,2018-04-26,2018-05-03,6,0.19999999999999998,0.2,0,-0.0053837756654429685,-0.007858224293737791,-0.0
EW.US,long,2018-04-26,2018-04-30,3,0.20000000000000004,0.2,0,-0.0034793242857195095,-0.0034793242857195095,0.0
JBHT.US,long,2018-04-26,2018-04-26,1,0.2,0.2,0,0.0,-0.0,-0.0
UAL.US,long,2018-04-26,2018-04-26,1,0.2,0.2,0,0.0,-0.0,-0.0
HP.US,long,2018-04-27,2018-05-03,5,0.2,0.2,0,-0.0035033009350893037,-0.004199697460286677,-0.0
NOC.US,long,2018-04-27,2018-05-02,4,0.2,0.2,0,-0.009124818146046843,-0.009124818146046843,0.00011806742271245341
STX.US,long,2018-05-01,2018-05-01,1,0.2,0.2,0,0.0,-0.0,-0.0
BA.US,long,2018-05-02,2018-05-03,2,0.2,0.2,0,0.0040099941392393035,-0.0,0.0040099941392393035
TPR.US,long,2018-05-02,2018-05-09,6,0.19999999999999998,0.2,0,-0.004195773559558269,-0.004195773559558269,-0.0
FL.US,long,2018-05-03,2018-05-07,3,0.20000000000000004,0.2,0,-0.0054235200199589835,-0.0054235200199589835,9.603841536618419e-05
CHRW.US,long,2018-05-04,2018-05-07,2,0.2,0.2,0,-0.00026653743639446507,-0.00026653743639446507,-0.0
CPRI.US,long,2018-05-04,2018-05-08,3,0.20000000000000004,0.2,0,-0.0005523911472576692,-0.0005523911472576692,0.0
NKTR.US,long,2018-05-04,2018-05-11,6,0.19999999999999998,0.2,0,0.005849874426058799,-0.0,0.005849874426058799
JWN.US,long,2018-05-08,2018-05-08,1,0.2,0.2,0,0.0,-0.0,-0.0
M.US,long,2018-05-08,2018-05-10,3,0.20000000000000004,0.2,0,-0.002359974027629286,-0.002359974027629286,0.002417730020147735
DISCK.US,long,2018-05-09,2018-05-09,1,0.2,0.2,0,0.0,-0.0,-0.0
WBD.US,long,2018-05-09,2018-05-09,1,0.2,0.2,0,0.0,-0.0,-0.0
AET.US,long,2018-05-10,2018-05-10,1,0.2,0.2,0,0.0,0.0,0.0
DG.US,long,2018-05-10,2018-05-11,2,0.2,0.2,0,0.0014633096621476495,-0.0,0.0014633096621476495
XL.US,long,2018-05-10,2018-05-14,3,0.20000000000000004,0.2,0,0.0005832236734306218,-0.0,0.0005832236734306218
FLS.US,long,2018-05-11,2018-05-16,4,0.2,0.2,0,-0.0008380794415153933,-0.0008380794415153933,0.004043188605559323
NWSA.US,long,2018-05-11,2018-05-15,3,0.20000000000000004,0.2,0,0.0080528808116342,-0.0,0.00843214756258237
CXO.US,long,2018-05-14,2018-05-16,3,0.20000000000000004,0.2,0,-0.0016232806250120026,-0.0016232806250120026,-0.0
DRI.US,long,2018-05-14,2018-05-23,8,0.2,0.2,0,-0.002864712688634175,-0.004407440736804303,0.0007588823732321615
RHT.US,long,2018-05-15,2018-05-17,3,0.20000000000000004,0.2,0,-0.003043156645352174,-0.003043156645352174,-0.0
IDXX.US,long,2018-05-16,2018-05-17,2,0.2,0.2,0,-0.0038411393039815334,-0.0038411393039815334,-0.0
ANSS.US,long,2018-05-17,2018-05-29,8,0.2,0.2,0,-0.003651330114094398,-0.003651330114094398,0.0004253250698748268
CSCO.US,long,2018-05-17,2018-05-18,2,0.2,0.2,0,-0.0011504832029452406,-0.0011504832029452406,-0.0
CFG.US,long,2018-05-18,2018-05-30,8,0.2,0.2,0,-0.005107637433948465,-0.010334737154831488,0.0030203881976053728
IPGP.US,long,2018-05-18,2018-05-23,4,0.2,0.2,0,0.0030491015929525966,-0.0,0.0030491015929525966
FITB.US,long,2018-05-21,2018-05-21,1,0.2,0.2,0,0.0,-0.0,-0.0
NVDA.US,long,2018-05-22,2018-05-22,1,0.2,0.2,0,0.0,-0.0,-0.0
CXO.US,long,2018-05-23,2018-05-29,4,0.2,0.2,0,-0.009099138567670063,-0.009099138567670063,-0.0
BBY.US,long,2018-05-24,2018-05-29,3,0.20000000000000004,0.2,0,-0.007700039459273978,-0.007700039459273978,-0.0
TTWO.US,long,2018-05-24,2018-05-30,4,0.2,0.2,0,-0.0025739273271627064,-0.0025739273271627064,-0.0
ADSK.US,long,2018-05-30,2018-05-31,2,0.2,0.2,0,-0.000417407436036199,-0.000417407436036199,-0.0
CPRI.US,long,2018-05-30,2018-06-01,3,0.20000000000000004,0.2,0,-0.0014602718099376404,-0.009998344644926327,-0.0
IPG.US,long,2018-05-30,2018-05-31,2,0.2,0.2,0,-8.845643520565272e-05,-8.845643520565272e-05,-0.0
ABMD.US,long,2018-05-31,2018-05-31,1,0.2,0.2,0,0.0,-0.0,-0.0
MU.US,long,2018-05-31,2018-06-04,3,0.20000000000000004,0.2,0,0.0052194894663253775,-0.0,0.0052194894663253775
ULTA.US,long,2018-06-01,2018-06-01,1,0.2,0.2,0,0.0,-0.0,-0.0
BKR.US,long,2018-06-04,2018-06-05,2,0.2,0.2,0,0.005754514845423931,-0.0,0.005754514845423931
DVN.US,long,2018-06-04,2018-06-05,2,0.2,0.2,0,-0.0038413569468695565,-0.0038413569468695565,-0.0
HP.US,long,2018-06-04,2018-06-06,3,0.20000000000000004,0.2,0,0.003277876535550739,-0.0,0.003277876535550739
WYNN.US,long,2018-06-04,2018-06-08,5,0.2,0.2,0,-0.0050451349369966085,-0.007167120752599487,-0.0
MRO.US,long,2018-06-05,2018-06-06,2,0.2,0.2,0,0.0011661807580174877,-0.0,0.0011661807580174877
BF-B.US,long,2018-06-06,2018-06-07,2,0.2,0.2,0,-0.004688393367638644,-0.004688393367638644,-0.0
NBL.US,long,2018-06-06,2018-06-15,8,0.2,0.2,0,-0.0034507572857460874,-0.003450757285746087,0.002322206095790991
EVRG.US,long,2018-06-07,2018-06-11,3,0.20000000000000004,0.2,0,-0.0013750373539294538,-0.002349316387444667,-0.0
META.US,long,2018-06-07,2018-06-08,2,0.2,0.2,0,0.0009777872249973286,-0.0,0.0009777872249973286
ANDV.US,long,2018-06-11,2018-07-02,16,0.2,0.2,0,-0.015791224780627534,-0.018718442034383928,-0.0
MPC.US,long,2018-06-11,2018-07-02,16,0.2,0.2,0,-0.01987436973398871,-0.022954424020414744,-0.0
NRG.US,long,2018-06-11,2018-06-12,2,0.2,0.2,0,0.005205143906919796,-0.0,0.005205143906919796
ULTA.US,long,2018-06-12,2018-06-14,3,0.20000000000000004,0.2,0,-0.0013636167312016001,-0.0013636167312016001,-0.0
M.US,long,2018-06-13,2018-06-15,3,0.20000000000000004,0.2,0,0.001506454696700943,-0.002274162981680328,0.001506454696700943
MU.US,long,2018-06-15,2018-06-18,2,0.2,0.2,0,0.000755624248669129,-0.0,0.000755624248669129
BKR.US,long,2018-06-18,2018-06-25,6,0.19999999999999998,0.2,0,-0.0005271594109150567,-0.001290915493124678,0.003244917588217922
FCX.US,long,2018-06-18,2018-06-26,7,0.19999999999999998,0.2,0,-0.006257885209110192,-0.012738190164637508,-0.0
UAA.US,long,2018-06-19,2018-06-25,5,0.2,0.2,0,-0.0026612927169688888,-0.0026612927169688888,0.004332449160035346
INTC.US,long,2018-06-26,2018-06-28,3,0.20000000000000004,0.2,0,-0.001654339477301603,-0.0036641836118381566,-0.0
MAT.US,long,2018-06-26,2018-06-29,4,0.2,0.2,0,-0.00812253966897918,-0.009101731835441851,-0.0
DINO.US,long,2018-06-27,2018-06-28,2,0.2,0.2,0,0.001473905850503865,-0.0,0.001473905850503865
HBAN.US,long,2018-06-29,2018-07-06,5,0.2,0.2,0,0.0014997573912342464,-0.0005349699484857197,0.0014997573912342464
ZION.US,long,2018-06-29,2018-07-06,5,0.2,0.2,0,-0.0003995464534283901,-0.001354291675816888,0.0010248624027329623
GAP.US,long,2018-07-02,2018-07-16,10,0.2,0.2,0,-0.01289426001441829,-0.013438477701493113,0.0032146233848093344
ALGN.US,long,2018-07-03,2018-07-05,2,0.2,0.2,0,0.0015944254163221762,-0.0,0.0015944254163221762
RL.US,long,2018-07-03,2018-07-05,2,0.2,0.2,0,0.0014607913957781272,-0.0,0.0014607913957781272
PEG.US,long,2018-07-06,2018-07-10,3,0.20000000000000004,0.2,0,-0.004528706794367943,-0.007058381828421268,-0.0
AES.US,long,2018-07-09,2018-07-10,2,0.2,0.2,0,0.003325415676959587,-0.0,0.003325415676959587
EVRG.US,long,2018-07-09,2018-07-10,2,0.2,0.2,0,0.0008398758444403854,-0.0,0.0008398758444403854
KIM.US,long,2018-07-11,2018-07-16,4,0.2,0.2,0,0.0008553380616605822,-0.0,0.00133901399878269
KR.US,long,2018-07-11,2018-07-16,4,0.2,0.2,0,0.0001447456513784529,-0.00014301036825170588,0.0005725531380094796
KSS.US,long,2018-07-11,2018-07-16,4,0.2,0.2,0,0.001340660817226569,-0.003056851116810755,0.001340660817226569
UAL.US,long,2018-07-11,2018-07-11,1,0.2,0.2,0,0.0,-0.0,-0.0
TFCFA.US,long,2018-07-12,2018-07-25,10,0.2,0.2,0,-0.00938359689967887,-0.00938359689967887,0.0007598142676234599
APA.US,long,2018-07-17,2018-07-24,6,0.19999999999999998,0.2,0,0.00025241372682154343,-0.003535130357931937,0.00025241372682154343
MRO.US,long,2018-07-17,2018-07-17,1,0.2,0.2,0,0.0,0.0,0.0
NBL.US,long,2018-07-17,2018-07-18,2,0.2,0.2,0,-0.0006966618287373106,-0.0006966618287373106,-0.0
NFLX.US,long,2018-07-17,2018-08-01,12,0.20000000000000004,0.2,0,-0.02237971840497086,-0.024417655860202635,-0.0
UA.US,long,2018-07-18,2018-07-25,6,0.19999999999999998,0.2,0,-0.0026368769128737313,-0.007834382110378924,0.0016983016983016963
STX.US,long,2018-07-19,2018-07-25,5,0.2,0.2,0,-0.0025604229994721003,-0.005144773322515883,-0.0
FL.US,long,2018-07-25,2018-07-30,4,0.2,0.2,0,-0.0036527708758885115,-0.007623203822034231,-0.0
ABMD.US,long,2018-07-26,2018-08-01,5,0.2,0.2,0,-0.010911644051682788,-0.015796985207579328,-0.0
DRI.US,long,2018-07-26,2018-08-01,5,0.2,0.2,0,-0.0008936751409295951,-0.0011041499413321665,-0.0
LH.US,long,2018-07-26,2018-07-30,3,0.20000000000000004,0.2,0,-0.002239627399649069,-0.002239627399649069,-0.0
STX.US,long,2018-07-31,2018-08-02,3,0.20000000000000004,0.2,0,0.003029388907617392,-0.0,0.003029388907617392
TTWO.US,long,2018-07-31,2018-08-02,3,0.20000000000000004,0.2,0,0.00040160926235244254,-0.0013802866749248023,0.00040160926235244254
ALXN.US,long,2018-08-02,2018-08-21,14,0.20000000000000004,0.2,0,-0.014577154350186028,-0.017498408533410427,-0.0
DINO.US,long,2018-08-02,2018-08-06,3,0.20000000000000004,0.2,0,-0.002030927579628439,-0.0036569438397910273,-0.0
TRIP.US,long,2018-08-02,2018-08-02,1,0.2,0.2,0,0.0,-0.0,-0.0
CPRI.US,long,2018-08-03,2018-08-06,2,0.2,0.2,0,0.001183063511830662,-0.0,0.001183063511830662
EOG.US,long,2018-08-03,2018-08-21,13,0.20000000000000004,0.2,0,-0.011157457204243017,-0.012412140483845693,0.0032899702827245752
ULTA.US,long,2018-08-03,2018-08-06,2,0.2,0.2,0,0.0009190707173857504,0.0,0.0009190707173857504
ATVI.US,long,2018-08-07,2018-08-20,10,0.2,0.2,0,-0.003630071357782616,-0.0036300713577826164,0.0030142001324197976
NBL.US,long,2018-08-07,2018-08-21,11,0.2,0.2,0,-0.01640435460187506,-0.01640435460187506,-0.0
TDG.US,long,2018-08-07,2018-08-17,9,0.2,0.2,0,-0.001715841377183769,-0.0029476051860925392,0.0015003044614483318
KLAC.US,long,2018-08-20,2018-08-20,1,0.2,0.2,0,0.0,-0.0,-0.0
ETFC.US,long,2018-08-21,2018-08-24,4,0.2,0.2,0,0.0008433915118432945,-0.0004230811905356236,0.0018442622950819666
MSFT.US,long,2018-08-21,2018-08-22,2,0.2,0.2,0,0.002038120400075494,-0.0,0.002038120400075494
EQIX.US,long,2018-08-22,2018-08-24,3,0.20000000000000004,0.2,0,3.79239134292053e-05,-0.0003581895148160097,3.79239134292053e-05
EXPE.US,long,2018-08-22,2018-08-23,2,0.2,0.2,0,6.207324643074941e-05,-0.0,6.207324643074941e-05
PSA.US,long,2018-08-22,2018-08-23,2,0.2,0.2,0,0.0005970432145564697,-0.0,0.0005970432145564697
TRIP.US,long,2018-08-23,2018-08-28,4,0.2,0.2,0,7.904701846133126e-05,-0.0,0.0009410878976096271
EIX.US,long,2018-08-24,2018-09-05,8,0.2,0.2,0,-0.000357471718496982,-0.005109017452919518,0.00041518386714116677
MNST.US,long,2018-08-24,2018-08-28,3,0.20000000000000004,0.2,0,0.00046567545610833874,-0.000692497938994241,0.00046567545610833874
UA.US,long,2018-08-27,2018-08-31,5,0.2,0.2,0,-0.0005933863842065845,-0.0005933863842065845,0.002836208251575201
UAA.US,long,2018-08-27,2018-08-28,2,0.2,0.2,0,0.0031037827352085492,-0.0,0.0031037827352085492
BBY.US,long,2018-08-29,2018-08-29,1,0.2,0.2,0,0.0,0.0,0.0
CMG.US,long,2018-08-29,2018-09-07,7,0.19999999999999998,0.2,0,-0.0022718953817844273,-0.005141647677997363,-0.0
KSS.US,long,2018-08-29,2018-08-30,2,0.2,0.2,0,0.0024308249288854445,-0.0,0.0024308249288854445
M.US,long,2018-08-30,2018-08-30,1,0.2,0.2,0,0.0,-0.0,-0.0
LUMN.US,long,2018-08-31,2018-09-04,2,0.2,0.2,0,0.0013108614232209882,-0.0,0.0013108614232209882
TIF.US,long,2018-08-31,2018-09-05,3,0.20000000000000004,0.2,0,-0.0031444700076302293,-0.0031444700076302293,0.00016306563391763618
ANET.US,long,2018-09-04,2018-09-12,7,0.19999999999999998,0.2,0,-0.015346254747017986,-0.01595492842977964,-0.0
TWTR.US,long,2018-09-05,2018-09-10,4,0.2,0.2,0,-0.013481626898197919,-0.01380960328389813,-0.0
M.US,long,2018-09-06,2018-09-10,3,0.20000000000000004,0.2,0,0.003495557939832095,-0.0,0.003495557939832095
TRIP.US,long,2018-09-06,2018-09-17,8,0.2,0.2,0,-0.005337581971843464,-0.0053375819718434634,0.0020490395396133955
HES.US,long,2018-09-10,2018-09-10,1,0.2,0.2,0,0.0,-0.0,-0.0
BIIB.US,long,2018-09-11,2018-09-12,2,0.2,0.2,0,0.0013799230085874915,-0.0,0.0013799230085874915
REGN.US,long,2018-09-11,2018-09-12,2,0.2,0.2,0,-0.002483683368463807,-0.002483683368463807,-0.0
XLNX.US,long,2018-09-11,2018-09-12,2,0.2,0.2,0,-0.0009155113784985458,-0.0009155113784985458,-0.0
KR.US,long,2018-09-13,2018-09-14,2,0.2,0.2,0,-0.005458362491252622,-0.005458362491252622,-0.0
SIVBQ.US,long,2018-09-13,2018-09-19,5,0.2,0.2,0,0.002812401818266519,-0.0,0.0028461611765826958
WCG.US,long,2018-09-13,2018-09-17,3,0.20000000000000004,0.2,0,-0.00039812879466509803,-0.00039812879466509803,0.0
WMB.US,long,2018-09-13,2018-09-28,12,0.20000000000000004,0.2,0,-0.007164850589447691,-0.007832089396832087,0.0004338813563431021
UA.US,long,2018-09-17,2018-09-19,3,0.20000000000000004,0.2,0,-0.004438765687081014,-0.004438765687081014,-0.0
AZO.US,long,2018-09-18,2018-09-18,1,0.2,0.2,0,0.0,-0.0,-0.0
JWN.US,long,2018-09-18,2018-10-04,13,0.20000000000000004,0.2,0,-0.014907498996536293,-0.01760437581052601,0.00024976584452076624
CPRT.US,long,2018-09-19,2018-09-28,8,0.2,0.2,0,-0.014605173336321076,-0.016170118563238158,0.002015838732901365
CMG.US,long,2018-09-20,2018-10-03,10,0.2,0.2,0,-0.018850220136264584,-0.018882303001722757,-0.0
KSS.US,long,2018-09-20,2018-09-28,7,0.19999999999999998,0.2,0,-0.0062508150204054315,-0.00666598830150662,-0.0
CCL.US,long,2018-10-01,2018-10-16,12,0.20000000000000004,0.2,0,-0.014301583787011542,-0.01904863853406631,-0.0
DRI.US,long,2018-10-01,2018-10-08,6,0.19999999999999998,0.2,0,-0.001570627714820927,-0.003973631203076389,-0.0
PYPL.US,long,2018-10-01,2018-10-11,9,0.2,0.2,0,-0.02797003357681001,-0.029162876519155927,-0.0
AMD.US,long,2018-10-04,2018-10-11,6,0.19999999999999998,0.2,0,-0.017754689770363586,-0.02015468977036359,-0.0
ABMD.US,long,2018-10-05,2018-10-11,5,0.2,0.2,0,-0.02417424405090505,-0.02417424405090505,-0.0
ALGN.US,long,2018-10-09,2018-10-11,3,0.20000000000000004,0.2,0,-0.01663499163599025,-0.01663499163599025,-0.0
MO.US,long,2018-10-12,2018-10-12,1,0.2,0.2,0,0.0,-0.0,-0.0
PSX.US,long,2018-10-12,2018-10-16,3,0.20000000000000004,0.2,0,0.0008324778875218328,-0.004111090809428108,0.0008324778875218328
QCOM.US,long,2018-10-12,2018-10-16,3,0.20000000000000004,0.2,0,0.0057042979120076834,-0.00037330844610361513,0.0057042979120076834
SIVBQ.US,long,2018-10-12,2018-10-16,3,0.20000000000000004,0.2,0,0.0031817548630826086,-0.001972345781179974,0.0031817548630826086
SCG.US,long,2018-10-15,2018-10-16,2,0.2,0.2,0,0.0052631578947368585,-0.0,0.0052631578947368585
APA.US,long,2018-10-17,2018-10-30,10,0.2,0.2,0,-0.027045133552185616,-0.03406558684129565,-0.0
AZO.US,long,2018-10-17,2018-11-01,12,0.20000000000000004,0.2,0,0.008705745347661354,-0.0,0.009052146271457362
EOG.US,long,2018-10-17,2018-11-05,14,0.20000000000000004,0.2,0,-0.023273094372615426,-0.032016558532527245,-0.0
HES.US,long,2018-10-18,2018-10-30,9,0.2,0.2,0,-0.02267561538992482,-0.025951968666278108,-0.0
HP.US,long,2018-10-18,2018-10-30,9,0.2,0.2,0,-0.013390362263412595,-0.018677684780644487,-0.0
AAP.US,long,2018-10-31,2018-11-01,2,0.2,0.2,0,0.004694541812719111,-0.0,0.004694541812719111
WCG.US,long,2018-10-31,2018-11-07,6,0.19999999999999998,0.2,0,0.00020047248343557297,-0.014404954840332333,0.00020047248343557297
WEC.US,long,2018-11-01,2018-11-05,3,0.20000000000000004,0.2,0,-0.0007719153202754739,-0.002592810842663518,-0.0
GPC.US,long,2018-11-02,2018-11-07,4,0.2,0.2,0,0.007019428773536207,-0.0,0.007019428773536207
LIN.US,long,2018-11-02,2018-11-02,1,0.2,0.2,0,0.0,-0.0,-0.0
CBOE.US,long,2018-11-08,2018-11-12,3,0.20000000000000004,0.2,0,-0.004026855740715663,-0.004026855740715663,-0.0
ALB.US,long,2018-11-09,2018-11-14,4,0.2,0.2,0,-0.004623201327421112,-0.008419613205704236,-0.0
LUMN.US,long,2018-11-09,2018-11-15,5,0.2,0.2,0,0.0006349338302994447,-0.0011917303767772225,0.0033844526705446576
AAPL.US,long,2018-11-12,2018-11-15,4,0.2,0.2,0,-0.0027119711766791397,-0.007647731347985354,-0.0
AMD.US,long,2018-11-12,2018-11-13,2,0.2,0.2,0,0.0060956384655806335,-0.0,0.0060956384655806335
CF.US,long,2018-11-13,2018-11-15,3,0.20000000000000004,0.2,0,-0.010082374905582416,-0.017099918765231516,-0.0
M.US,long,2018-11-14,2018-11-15,2,0.2,0.2,0,-0.005719446116797067,-0.005719446116797067,-0.0
FTNT.US,long,2018-11-15,2018-11-15,1,0.2,0.2,0,0.0,-0.0,-0.0
DISCK.US,long,2018-11-16,2018-11-20,3,0.20000000000000004,0.2,0,-0.012369603013619224,-0.012369603013619224,-0.0
KSS.US,long,2018-11-16,2018-11-20,3,0.20000000000000004,0.2,0,-0.022561616075262435,-0.022561616075262435,-0.0
UA.US,long,2018-11-16,2018-11-20,3,0.20000000000000004,0.2,0,-0.008229858371751608,-0.008229858371751608,-0.0
UAA.US,long,2018-11-16,2018-11-20,3,0.20000000000000004,0.2,0,-0.008542024162942209,-0.008542024162942209,-0.0
WBD.US,long,2018-11-16,2018-11-20,3,0.20000000000000004,0.2,0,-0.012471763408049142,-0.012471763408049142,-0.0
CVS.US,long,2018-11-21,2018-11-23,2,0.2,0.2,0,0.000239712345185783,-0.0,0.000239712345185783
DG.US,long,2018-11-21,2018-11-23,2,0.2,0.2,0,0.0012547528517110164,-0.0,0.0012547528517110164
GLW.US,long,2018-11-21,2018-11-23,2,0.2,0.2,0,0.002995766851188542,-0.0,0.002995766851188542
HUM.US,long,2018-11-21,2018-11-23,2,0.2,0.2,0,0.0005375286791216016,-0.0,0.0005375286791216016
PGR.US,long,2018-11-21,2018-11-27,4,0.2,0.2,0,-0.005672655160607309,-0.005672655160607309,-0.0
CBOE.US,long,2018-11-26,2018-12-06,8,0.2,0.2,0,-0.006229231517203294,-0.006229231517203294,0.0012771009984580807
REG.US,long,2018-11-26,2018-11-27,2,0.2,0.2,0,0.00019175455417066447,-0.0,0.00019175455417066447
SBUX.US,long,2018-11-26,2018-11-27,2,0.2,0.2,0,0.001187395341756714,-0.0,0.001187395341756714
SPG.US,long,2018-11-26,2018-11-27,2,0.2,0.2,0,0.0011066231394898374,-0.0,0.0011066231394898374
ULTA.US,long,2018-11-28,2018-11-30,3,0.20000000000000004,0.2,0,0.001826199495470382,-0.0,0.0035440807752253447
DISCK.US,long,2018-12-03,2018-12-04,2,0.2,0.2,0,-0.0007730962504831851,-0.0007730962504831851,-0.0
LW.US,long,2018-12-03,2018-12-10,5,0.2,0.2,0,-0.0058937346126670676,-0.0058937346126670676,-0.0
WBD.US,long,2018-12-03,2018-12-04,2,0.2,0.2,0,-0.0015602836879432536,-0.0015602836879432536,-0.0
DG.US,long,2018-12-04,2018-12-10,4,0.2,0.2,0,0.003220618856886604,-0.002504794969793056,0.004956772334293947
ALK.US,long,2018-12-06,2018-12-17,8,0.2,0.2,0,-0.024840792379235442,-0.024840792379235442,-0.0
ORLY.US,long,2018-12-06,2018-12-10,3,0.20000000000000004,0.2,0,-0.0012756963329870752,-0.005264272643977885,-0.0
ULTA.US,long,2018-12-07,2018-12-31,16,0.2,0.2,0,-0.007038629548804699,-0.02074341206436725,0.000653065503782857
CHTR.US,long,2018-12-11,2018-12-31,14,0.20000000000000004,0.2,0,-0.017889870726459797,-0.026285625295657124,0.0027132527036539235
FL.US,long,2018-12-11,2018-12-31,14,0.20000000000000004,0.2,0,0.004704695471877353,-0.01883430406043403,0.00470469547187735
MOS.US,long,2018-12-11,2018-12-31,14,0.20000000000000004,0.2,0,-0.023211005449467307,-0.034623829096532166,-0.0
DISCK.US,long,2018-12-18,2018-12-31,9,0.2,0.2,0,-0.016258487743677132,-0.01881105585297087,0.00031859816806054656
AEP.US,long,2019-01-02,2019-01-07,4,0.2,0.2,0,0.0002587238820326743,-0.0004661365505895354,0.0013752816162374783
PNW.US,long,2019-01-02,2019-01-03,2,0.2,0.2,0,0.002027271630264238,-0.0,0.002027271630264238
VTR.US,long,2019-01-02,2019-01-07,4,0.2,0.2,0,0.0035167474119657044,-0.0,0.0035167474119657044
WELL.US,long,2019-01-02,2019-01-07,4,0.2,0.2,0,0.005328516207746637,-0.0,0.005328516207746637
XEL.US,long,2019-01-02,2019-01-07,4,0.2,0.2,0,0.0003030760089860919,-0.0007880547490667356,0.0011690553904293967
AZO.US,long,2019-01-07,2019-01-14,6,0.19999999999999998,0.2,0,0.0011728461726738806,-0.0026631968090281345,0.001254500159627714
CME.US,long,2019-01-09,2019-01-10,2,0.2,0.2,0,0.0014448924731182535,-0.0,0.0014448924731182535
D.US,long,2019-01-11,2019-01-15,3,0.20000000000000004,0.2,0,-0.002705311587947379,-0.005382963493199689,-0.0
IFF.US,long,2019-01-14,2019-01-15,2,0.2,0.2,0,0.00016481869943065777,-0.0,0.00016481869943065777
DIS.US,long,2019-01-16,2019-01-30,10,0.2,0.2,0,-0.001397084522322256,-0.001397084522322256,0.0003821938682020187
DLTR.US,long,2019-01-16,2019-01-17,2,0.2,0.2,0,0.0015128915405923761,-0.0,0.0015128915405923761
MCD.US,long,2019-01-16,2019-01-17,2,0.2,0.2,0,0.0019626428770560533,-0.0,0.0019626428770560533
TFCF.US,long,2019-01-16,2019-01-17,2,0.2,0.2,0,4.162330905308487e-05,-0.0,4.162330905308487e-05
TFCFA.US,long,2019-01-16,2019-01-17,2,0.2,0.2,0,0.0001240694789081953,-0.0,0.0001240694789081953
AAP.US,long,2019-01-24,2019-01-28,3,0.20000000000000004,0.2,0,-0.0018129690855022583,-0.003953681786194085,-0.0
CHD.US,long,2019-01-24,2019-01-30,5,0.2,0.2,0,-0.00343181773929242,-0.00343181773929242,-0.0
HRL.US,long,2019-01-24,2019-01-30,5,0.2,0.2,0,-0.00022821098081771108,-0.0005772005772005873,0.0012558915597989276
PFE.US,long,2019-01-24,2019-01-28,3,0.20000000000000004,0.2,0,-0.0069766399392383605,-0.0069766399392383605,-0.0
AMGN.US,long,2019-01-29,2019-02-04,5,0.2,0.2,0,-0.006107755583979336,-0.007547759096351059,0.0
VZ.US,long,2019-01-29,2019-01-30,2,0.2,0.2,0,0.002702702702702675,-0.0,0.002702702702702675
BK.US,long,2019-01-31,2019-01-31,1,0.2,0.2,0,0.0,-0.0,-0.0
DRI.US,long,2019-01-31,2019-02-01,2,0.2,0.2,0,9.530162965787348e-05,-0.0,9.530162965787348e-05
FL.US,long,2019-01-31,2019-02-04,3,0.20000000000000004,0.2,0,-0.00010052307484531564,-0.0029701198783324448,-0.0
TSCO.US,long,2019-01-31,2019-02-01,2,0.2,0.2,0,0.003676814988290378,-0.0,0.003676814988290378
MCD.US,long,2019-02-01,2019-02-13,9,0.2,0.2,0,-0.0029168458071027414,-0.0031237780367975314,0.0009618679325597236
CI.US,long,2019-02-04,2019-02-11,6,0.19999999999999998,0.2,0,-0.009629099387817041,-0.011305231052370135,-0.0
CHD.US,long,2019-02-05,2019-02-05,1,0.2,0.2,0,0.0,-0.0,-0.0
UNH.US,long,2019-02-05,2019-02-11,5,0.2,0.2,0,-0.006889138849763233,-0.006889138849763233,0.00239570425444029
REGN.US,long,2019-02-06,2019-02-08,3,0.20000000000000004,0.2,0,0.00014762810442134903,-4.9193231011424035e-05,0.00014762810442134903
VRTX.US,long,2019-02-06,2019-02-08,3,0.20000000000000004,0.2,0,-0.0011357771870957436,-0.0024233784746970468,-0.0
MOS.US,long,2019-02-11,2019-02-11,1,0.2,0.2,0,0.0,-0.0,-0.0
WHR.US,long,2019-02-11,2019-02-11,1,0.2,0.2,0,0.0,-0.0,-0.0
DOC.US,long,2019-02-12,2019-02-13,2,0.2,0.2,0,0.002369200394866722,-0.0,0.002369200394866722
FIS.US,long,2019-02-12,2019-02-14,3,0.20000000000000004,0.2,0,-0.0004671961957642079,-0.0004671961957642079,0.0004504927264195491
IRM.US,long,2019-02-12,2019-02-20,6,0.19999999999999998,0.2,0,-0.00034945812769271445,-0.00375197714616633,0.00027940765576981444
SRE.US,long,2019-02-12,2019-02-14,3,0.20000000000000004,0.2,0,-0.00012232811105514772,-0.00012232811105514772,0.00021030494216613962
IFF.US,long,2019-02-14,2019-02-26,8,0.2,0.2,0,-0.010162859822292503,-0.010162859822292503,-0.0
PPL.US,long,2019-02-14,2019-02-19,3,0.20000000000000004,0.2,0,0.0008553193638621615,-0.000589198036006522,0.0008553193638621615
AES.US,long,2019-02-15,2019-02-20,3,0.20000000000000004,0.2,0,0.0027240427458394834,-0.0,0.003073286052009472
DE.US,long,2019-02-15,2019-02-19,2,0.2,0.2,0,-0.0021762374992138067,-0.0021762374992138067,-0.0
LUV.US,long,2019-02-20,2019-02-27,6,0.19999999999999998,0.2,0,-0.0020450916240440935,-0.0029085480031503025,-0.0
TRIP.US,long,2019-02-20,2019-02-26,5,0.2,0.2,0,-0.007802816157466209,-0.00806612253324206,-0.0
AAP.US,long,2019-02-21,2019-03-08,12,0.20000000000000004,0.2,0,-0.011786074896475787,-0.011786074896475787,0.0021482275299139477
MCHP.US,long,2019-02-21,2019-02-28,6,0.19999999999999998,0.2,0,-0.004779043094934443,-0.004779043094934443,0.0018194473888770715
BHF.US,long,2019-02-27,2019-03-08,8,0.2,0.2,0,-0.016497525856322182,-0.016977142163276615,-0.0
LRCX.US,long,2019-02-27,2019-03-07,7,0.19999999999999998,0.2,0,-0.011520913081220364,-0.011520913081220364,0.0006509675629763123
LEN.US,long,2019-02-28,2019-03-06,5,0.2,0.2,0,-0.008709682212981651,-0.008709682212981651,-0.0
NFLX.US,long,2019-03-01,2019-03-05,3,0.20000000000000004,0.2,0,-0.0016577183368826631,-0.0035150565319601148,-0.0
AMD.US,long,2019-03-06,2019-03-08,3,0.20000000000000004,0.2,0,-0.003579171759501754,-0.003579171759501754,-0.0
UAA.US,long,2019-03-07,2019-03-08,2,0.2,0.2,0,-0.0016628175519630473,-0.0016628175519630473,-0.0
FL.US,long,2019-03-08,2019-03-15,6,0.19999999999999998,0.2,0,-0.003680708814487366,-0.003680708814487366,6.977608246092613e-05
BA.US,long,2019-03-11,2019-03-18,6,0.19999999999999998,0.2,0,-0.013906916640438083,-0.013906916640438083,-0.0
HBI.US,long,2019-03-11,2019-03-18,6,0.19999999999999998,0.2,0,-0.0026874896716608146,-0.002914375661450941,-0.0
TSCO.US,long,2019-03-11,2019-03-12,2,0.2,0.2,0,0.0023458445040214215,-0.0,0.0023458445040214215
WHR.US,long,2019-03-11,2019-03-11,1,0.2,0.2,0,0.0,-0.0,-0.0
LLY.US,long,2019-03-12,2019-03-12,1,0.2,0.2,0,0.0,0.0,0.0
LEG.US,long,2019-03-13,2019-03-25,9,0.2,0.2,0,-0.009837576789000125,-0.011652636882205903,-0.0
DG.US,long,2019-03-14,2019-03-14,1,0.2,0.2,0,0.0,-0.0,-0.0
WHR.US,long,2019-03-15,2019-03-20,4,0.2,0.2,0,-0.004041858029591916,-0.004041858029591916,0.00019522450818438842
BSX.US,long,2019-03-18,2019-03-25,6,0.19999999999999998,0.2,0,-0.001671927238664184,-0.0034949835389323173,0.001053463260468801
DHI.US,long,2019-03-19,2019-03-20,2,0.2,0.2,0,-0.001869631126831739,-0.001869631126831739,-0.0
EIX.US,long,2019-03-19,2019-03-20,2,0.2,0.2,0,0.000888747817806701,-0.0,0.000888747817806701
REGN.US,long,2019-03-21,2019-03-25,3,0.20000000000000004,0.2,0,-0.0037268056359066387,-0.0053602921085968095,-0.0
BA.US,long,2019-03-22,2019-03-22,1,0.2,0.2,0,0.0,-0.0,-0.0
FL.US,long,2019-03-22,2019-03-27,4,0.2,0.2,0,0.0070807899790494636,-0.0,0.0070807899790494636
ELV.US,long,2019-03-25,2019-03-28,4,0.2,0.2,0,-0.010483696643515051,-0.010483696643515051,-0.0
HCA.US,long,2019-03-26,2019-03-28,3,0.20000000000000004,0.2,0,-0.001680410487876638,-0.001680410487876638,-0.0
NCLH.US,long,2019-03-26,2019-03-28,3,0.20000000000000004,0.2,0,-0.0005363276866611423,-0.001982378854625555,-0.0
RCL.US,long,2019-03-26,2019-03-28,3,0.20000000000000004,0.2,0,-0.0011176956996820976,-0.0037485633454159787,-0.0
CRM.US,long,2019-03-28,2019-03-28,1,0.2,0.2,0,0.0,0.0,0.0
AWK.US,long,2019-03-29,2019-04-04,5,0.2,0.2,0,-0.0007658383532828327,-0.0010561149439279438,-0.0
CHTR.US,long,2019-03-29,2019-04-04,5,0.2,0.2,0,-0.0006852728629019422,-0.0008879540454018953,-0.0
PSA.US,long,2019-03-29,2019-04-01,2,0.2,0.2,0,0.00048672972724768117,-0.0,0.00048672972724768117
CTRA.US,long,2019-04-01,2019-04-04,4,0.2,0.2,0,-0.000344843604334422,-0.002934094290878209,0.00023192887514493778
NRG.US,long,2019-04-01,2019-04-08,6,0.19999999999999998,0.2,0,0.0008342507809378616,-0.0,0.0027764480612733067
VZ.US,long,2019-04-02,2019-04-05,4,0.2,0.2,0,0.0019085158186439965,-0.0,0.0019085158186439965
CLX.US,long,2019-04-05,2019-04-10,4,0.2,0.2,0,-0.0023158096378414596,-0.003427356649741542,-0.0
COO.US,long,2019-04-05,2019-04-25,14,0.20000000000000004,0.2,0,-0.005332879290608772,-0.006956899619928047,0.004241700408805272
HOLX.US,long,2019-04-05,2019-04-09,3,0.20000000000000004,0.2,0,-0.0005461537544523942,-0.0013579461065138965,-0.0
WELL.US,long,2019-04-08,2019-04-09,2,0.2,0.2,0,0.00010561056105613532,-0.0,0.00010561056105613532
BA.US,long,2019-04-09,2019-04-10,2,0.2,0.2,0,-0.0022219813570345083,-0.0022219813570345083,-0.0
DE.US,long,2019-04-10,2019-04-10,1,0.2,0.2,0,0.0,-0.0,-0.0
FISV.US,long,2019-04-10,2019-04-22,8,0.2,0.2,0,-0.0022971730343350765,-0.0039919412528784505,-0.0
ELV.US,long,2019-04-11,2019-04-18,6,0.19999999999999998,0.2,0,-0.026930607123541672,-0.029783517176451713,-0.0
KSS.US,long,2019-04-11,2019-04-15,3,0.20000000000000004,0.2,0,-0.0007094926006337321,-0.001225769669327237,-0.0
NEM.US,long,2019-04-11,2019-05-06,17,0.2,0.2,0,-0.031404665766168335,-0.031404665766168335,0.0015568529329997194
INCY.US,long,2019-04-16,2019-04-22,4,0.2,0.2,0,-0.008690918906680833,-0.008690918906680833,-0.0
WBD.US,long,2019-04-22,2019-04-23,2,0.2,0.2,0,0.002403846153846123,-0.0,0.002403846153846123
FCX.US,long,2019-04-23,2019-05-02,8,0.2,0.2,0,-0.029858333442495465,-0.029858333442495465,0.0017830609212481363
WAT.US,long,2019-04-23,2019-04-24,2,0.2,0.2,0,-0.0036146858440575524,-0.0036146858440575524,-0.0
STX.US,long,2019-04-24,2019-04-29,4,0.2,0.2,0,-0.008826515839697135,-0.008826515839697135,-0.0
XLNX.US,long,2019-04-25,2019-04-29,3,0.20000000000000004,0.2,0,0.002188425654966575,-0.0,0.005299499395822549
MU.US,long,2019-04-26,2019-05-02,5,0.2,0.2,0,0.002199572769993341,-0.000950785225233397,0.002199572769993341
FL.US,long,2019-04-30,2019-05-07,6,0.19999999999999998,0.2,0,-0.01058318445279829,-0.01058318445279829,-0.0
INTC.US,long,2019-04-30,2019-05-02,3,0.20000000000000004,0.2,0,-0.0019246018512342868,-0.0019246018512342868,-0.0
ANET.US,long,2019-05-03,2019-05-15,9,0.2,0.2,0,-0.021774122958192147,-0.02571311577145681,-0.0
FTNT.US,long,2019-05-03,2019-05-09,5,0.2,0.2,0,-0.009735445799370869,-0.01012736251706834,-0.0
PVH.US,long,2019-05-03,2019-05-20,12,0.20000000000000004,0.2,0,-0.03575886849628978,-0.03575886849628978,-0.0
IPGP.US,long,2019-05-07,2019-05-20,10,0.2,0.2,0,-0.038416478431849685,-0.038416478431849685,8.829465186677155e-05
MCHP.US,long,2019-05-08,2019-05-14,5,0.2,0.2,0,-0.01513851656123939,-0.017650177845774717,-0.0
WYNN.US,long,2019-05-10,2019-05-14,3,0.20000000000000004,0.2,0,-0.009969325813196518,-0.012348910616675625,-0.0
ORLY.US,long,2019-05-15,2019-05-20,4,0.2,0.2,0,0.00033508798588042225,-0.00046972030136798186,0.00033508798588042225
SWK.US,long,2019-05-15,2019-05-15,1,0.2,0.2,0,0.0,-0.0,-0.0
AVY.US,long,2019-05-16,2019-05-20,3,0.20000000000000004,0.2,0,-0.005621832747134037,-0.005621832747134037,-0.0
CBRE.US,long,2019-05-16,2019-05-23,6,0.19999999999999998,0.2,0,-0.001399652078170366,-0.003834294512170522,-0.0
EW.US,long,2019-05-21,2019-05-29,6,0.19999999999999998,0.2,0,-0.005594549427003171,-0.005594549427003171,0.0007674423066525105
TSN.US,long,2019-05-21,2019-05-22,2,0.2,0.2,0,0.0016127031385684276,-0.0,0.0016127031385684276
VAR.US,long,2019-05-21,2019-05-23,3,0.20000000000000004,0.2,0,-0.00114881910213489,-0.00114881910213489,0.000812881037986557
QCOM.US,long,2019-05-22,2019-05-29,5,0.2,0.2,0,-0.010380484928948166,-0.011573692822477312,-0.0
ALGN.US,long,2019-05-23,2019-06-03,7,0.19999999999999998,0.2,0,-0.016307534450183757,-0.016307534450183757,0.0023517947052135836
AVGO.US,long,2019-05-24,2019-05-29,3,0.20000000000000004,0.2,0,-0.0014238222929145118,-0.0014238222929145118,-0.0
LRCX.US,long,2019-05-24,2019-05-29,3,0.20000000000000004,0.2,0,-0.0047520453488753885,-0.0047520453488753885,-0.0
COTY.US,long,2019-05-30,2019-06-03,3,0.20000000000000004,0.2,0,0.00023028254094736855,-0.003659506762132048,0.00023028254094736855
CTRA.US,long,2019-05-30,2019-06-03,3,0.20000000000000004,0.2,0,0.0009663782680649157,-0.0011918951132300348,0.0009663782680649157
FLS.US,long,2019-05-30,2019-06-03,3,0.20000000000000004,0.2,0,-0.0011018600065962891,-0.0045033670033670205,0.0
HSIC.US,long,2019-05-30,2019-05-31,2,0.2,0.2,0,-0.00205742361430985,-0.00205742361430985,-0.0
TWTR.US,long,2019-06-03,2019-06-04,2,0.2,0.2,0,0.009700842288701716,-0.0,0.009700842288701716
VTR.US,long,2019-06-04,2019-06-04,1,0.2,0.2,0,0.0,-0.0,-0.0
NCLH.US,long,2019-06-05,2019-06-10,4,0.2,0.2,0,0.005538582824706185,-0.0016800305460099364,0.005538582824706185
CBOE.US,long,2019-06-11,2019-06-13,3,0.20000000000000004,0.2,0,-0.0014280258991299145,-0.0014280258991299145,-0.0
D.US,long,2019-06-11,2019-06-12,2,0.2,0.2,0,0.003166012718170741,-0.0,0.003166012718170741
INCY.US,long,2019-06-11,2019-06-13,3,0.20000000000000004,0.2,0,0.002139214533244127,-0.0,0.002139214533244127
LHX.US,long,2019-06-11,2019-06-12,2,0.2,0.2,0,0.0005952064622415598,-0.0,0.0005952064622415598
NOC.US,long,2019-06-11,2019-06-12,2,0.2,0.2,0,0.002739999334951593,-0.0,0.002739999334951593
MNST.US,long,2019-06-13,2019-06-19,5,0.2,0.2,0,0.005751951369649923,-0.0,0.005751951369649923
NFLX.US,long,2019-06-13,2019-06-14,2,0.2,0.2,0,-0.002154733133389608,-0.002154733133389608,-0.0
NSC.US,long,2019-06-13,2019-06-19,5,0.2,0.2,0,-0.004154752777351045,-0.005878666221508589,-0.0
AMD.US,long,2019-06-14,2019-06-25,8,0.2,0.2,0,-0.009663794180284714,-0.009663794180284714,0.0012484173319851294
LRCX.US,long,2019-06-14,2019-06-17,2,0.2,0.2,0,-0.004852941176470615,-0.004852941176470615,-0.0
ALGN.US,long,2019-06-17,2019-06-27,9,0.2,0.2,0,-0.013046583920477396,-0.014441689859003206,0.005630970781169121
CPB.US,long,2019-06-18,2019-07-01,10,0.2,0.2,0,-0.003560603505441584,-0.005420229662810839,0.001957905041605468
RCL.US,long,2019-06-20,2019-06-26,5,0.2,0.2,0,-0.0035644746038359324,-0.006568974229408786,-0.0
TWTR.US,long,2019-06-20,2019-06-28,7,0.19999999999999998,0.2,0,-0.0029316516100871505,-0.0040062071910520036,0.0008279693126017396
DISH.US,long,2019-06-26,2019-06-27,2,0.2,0.2,0,0.0035190615835777542,-0.0,0.0035190615835777542
PYPL.US,long,2019-06-27,2019-06-28,2,0.2,0.2,0,0.001389988563385236,-0.0,0.001389988563385236
CBOE.US,long,2019-06-28,2019-07-01,2,0.2,0.2,0,0.005924925214706178,-0.0,0.005924925214706178
CSCO.US,long,2019-06-28,2019-07-01,2,0.2,0.2,0,3.65430294171798e-05,-0.0,3.65430294171798e-05
COTY.US,long,2019-07-01,2019-07-29,20,0.20000000000000004,0.2,0,-0.010357053613603465,-0.0114714880827246,0.0018981880931837392
LHX.US,long,2019-07-01,2019-07-08,5,0.2,0.2,0,0.007385442069675907,-0.0,0.008554588829637976
BWA.US,long,2019-07-02,2019-07-11,7,0.19999999999999998,0.2,0,-0.010251341930895386,-0.010251341930895386,-0.0
ROST.US,long,2019-07-02,2019-07-02,1,0.2,0.2,0,0.0,-0.0,-0.0
DE.US,long,2019-07-05,2019-07-11,5,0.2,0.2,0,-0.002633993648782451,-0.003193660336177495,0.0005752049932688852
SNA.US,long,2019-07-05,2019-07-11,5,0.2,0.2,0,-0.006494772691344709,-0.006494772691344709,-0.0
LEN.US,long,2019-07-09,2019-07-09,1,0.2,0.2,0,0.0,-0.0,-0.0
HBI.US,long,2019-07-10,2019-07-11,2,0.2,0.2,0,-0.0031823745410036967,-0.0031823745410036967,-0.0
INCY.US,long,2019-07-12,2019-07-17,4,0.2,0.2,0,0.00038675870539444095,-0.0004895557663131323,0.00322097378277153
MRK.US,long,2019-07-12,2019-07-12,1,0.2,0.2,0,0.0,-0.0,-0.0
VAR.US,long,2019-07-12,2019-07-23,8,0.2,0.2,0,-0.0028076584278589945,-0.0040030885557246435,0.0007282125351637747
WY.US,long,2019-07-12,2019-07-15,2,0.2,0.2,0,0.0,0.0,0.0
GEN.US,long,2019-07-15,2019-07-15,1,0.2,0.2,0,0.0,-0.0,-0.0
AGN.US,long,2019-07-16,2019-08-12,20,0.20000000000000004,0.2,0,-0.0059026701791822025,-0.006671620719656457,-0.0
KMX.US,long,2019-07-16,2019-07-17,2,0.2,0.2,0,-0.0028707026276189266,-0.0028707026276189266,-0.0
FBIN.US,long,2019-07-18,2019-07-23,4,0.2,0.2,0,-0.0041809544326526955,-0.007918559314422358,-0.0
KEYS.US,long,2019-07-18,2019-07-22,3,0.20000000000000004,0.2,0,0.00011450547291360635,-0.0,0.0001831082627603564
ALGN.US,long,2019-07-23,2019-07-29,5,0.2,0.2,0,-0.057220958720797806,-0.057220958720797806,0.0016119577960140852
MKTX.US,long,2019-07-24,2019-07-25,2,0.2,0.2,0,0.005833956619296954,-0.0,0.005833956619296954
NSC.US,long,2019-07-24,2019-07-25,2,0.2,0.2,0,0.002778528569111849,-0.0,0.002778528569111849
MTD.US,long,2019-07-26,2019-08-05,7,0.19999999999999998,0.2,0,-0.02197632015444846,-0.02197632015444846,-0.0
NEM.US,long,2019-07-26,2019-08-02,6,0.19999999999999998,0.2,0,-0.0018429494823777315,-0.004001054556534567,0.0024129396125616154
DISH.US,long,2019-07-30,2019-08-07,7,0.19999999999999998,0.2,0,-0.020468394594426554,-0.020468394594426554,-0.0
UA.US,long,2019-07-30,2019-08-05,5,0.2,0.2,0,-0.026243147444945384,-0.026243147444945384,-0.0
AMD.US,long,2019-08-05,2019-08-05,1,0.2,0.2,0,0.0,-0.0,-0.0
COR.US,long,2019-08-06,2019-08-07,2,0.2,0.2,0,0.004137439067887261,-0.0,0.004137439067887261
HES.US,long,2019-08-06,2019-08-07,2,0.2,0.2,0,0.0018086956521738973,-0.0,0.0018086956521738973
QCOM.US,long,2019-08-06,2019-08-07,2,0.2,0.2,0,0.003608625495085827,-0.0,0.003608625495085827
ALLE.US,long,2019-08-12,2019-08-15,4,0.2,0.2,0,-0.004585739903846253,-0.00594628412153333,0.000989894823674975
DFS.US,long,2019-08-12,2019-08-27,12,0.20000000000000004,0.2,0,-0.008687464405211578,-0.010614230163222715,0.003408533594899499
GS.US,long,2019-08-12,2019-08-15,4,0.2,0.2,0,-0.005173294512578953,-0.005807371010840346,0.0025704644700278224
PYPL.US,long,2019-08-12,2019-08-12,1,0.2,0.2,0,0.0,-0.0,-0.0
F.US,long,2019-08-13,2019-08-16,4,0.2,0.2,0,-0.006469325523935509,-0.008726661867050645,-0.0
NEM.US,long,2019-08-13,2019-08-19,5,0.2,0.2,0,0.002522044597277762,-0.0,0.004854859527293299
RTN.US,long,2019-08-16,2019-08-19,2,0.2,0.2,0,0.0011223974409338311,-0.0,0.0011223974409338311
DVA.US,long,2019-08-19,2019-08-28,8,0.2,0.2,0,-0.0087876216415957,-0.011353631310617618,-0.0
MKC.US,long,2019-08-20,2019-08-21,2,0.2,0.2,0,-0.0002729020653724712,-0.0002729020653724712,-0.0
COO.US,long,2019-08-22,2019-08-26,3,0.20000000000000004,0.2,0,-0.0033441787221660576,-0.0049420896246437085,-0.0
SEE.US,long,2019-08-22,2019-09-06,11,0.2,0.2,0,-0.008757241367321034,-0.011454255256311873,-0.0
HAS.US,long,2019-08-23,2019-08-28,4,0.2,0.2,0,0.00789169014468416,-0.0,0.00789169014468416
WDC.US,long,2019-08-27,2019-08-28,2,0.2,0.2,0,0.002962020508925223,-0.0,0.002962020508925223
ANSS.US,long,2019-08-28,2019-09-03,4,0.2,0.2,0,0.0019002352721302134,-0.0,0.004937787792691318
AIG.US,long,2019-08-30,2019-09-03,2,0.2,0.2,0,0.0013835511145273039,-0.0,0.0013835511145273039
EG.US,long,2019-08-30,2019-08-30,1,0.2,0.2,0,0.0,-0.0,-0.0
NEE.US,long,2019-08-30,2019-08-30,1,0.2,0.2,0,0.0,-0.0,-0.0
CERN.US,long,2019-09-03,2019-09-10,6,0.19999999999999998,0.2,0,-7.34622840210977e-05,-0.002629853261464721,0.0013679534835383312
COO.US,long,2019-09-03,2019-09-04,2,0.2,0.2,0,0.0011283968752086703,-0.0,0.0011283968752086703
IQV.US,long,2019-09-04,2019-09-16,9,0.2,0.2,0,-0.0007568340709732889,-0.001571208531596402,0.003459659315991015
TSN.US,long,2019-09-04,2019-09-11,6,0.19999999999999998,0.2,0,-0.008709093839312822,-0.010820559589374158,-0.0
CHD.US,long,2019-09-05,2019-09-11,5,0.2,0.2,0,-0.014868739715100212,-0.015679021916832528,-0.0
NEM.US,long,2019-09-09,2019-09-10,2,0.2,0.2,0,0.0005254860746189749,-0.0,0.0005254860746189749
AMD.US,long,2019-09-11,2019-09-20,8,0.2,0.2,0,0.002034260336872328,-0.0,0.008152248606516865
MKTX.US,long,2019-09-11,2019-09-16,4,0.2,0.2,0,-0.003973545412674117,-0.006431991021078854,0.0021732126643821295
AMGN.US,long,2019-09-12,2019-09-16,3,0.20000000000000004,0.2,0,9.325079019164564e-05,-0.0,0.0015154639175257501
EL.US,long,2019-09-12,2019-09-18,5,0.2,0.2,0,-0.005310226249930517,-0.006021002877922599,-0.0
GPN.US,long,2019-09-17,2019-10-02,12,0.20000000000000004,0.2,0,-0.008595343265869415,-0.008595343265869415,0.0007450836692317165
MAS.US,long,2019-09-17,2019-09-25,7,0.19999999999999998,0.2,0,-0.0028863738692529455,-0.005122954386151535,0.0009203196899975286
VFC.US,long,2019-09-17,2019-09-26,8,0.2,0.2,0,0.00045840273601782493,-0.005154066341408515,0.0004584027360178258
NBL.US,long,2019-09-19,2019-10-09,15,0.20000000000000007,0.2,0,-0.035330358560469885,-0.035330358560469885,0.0012178459199659209
DISH.US,long,2019-09-23,2019-09-24,2,0.2,0.2,0,0.0009574931089511018,-0.0,0.0009574931089511018
HES.US,long,2019-09-25,2019-10-02,6,0.19999999999999998,0.2,0,-0.013481297428862438,-0.013481297428862438,-0.0
MKTX.US,long,2019-09-26,2019-10-02,5,0.2,0.2,0,-0.008058216960265496,-0.008058216960265496,-0.0
MU.US,long,2019-09-27,2019-10-02,4,0.2,0.2,0,-0.00574637783330183,-0.00574637783330183,-0.0
AMP.US,long,2019-10-03,2019-10-03,1,0.2,0.2,0,0.0,-0.0,-0.0
CAG.US,long,2019-10-03,2019-10-03,1,0.2,0.2,0,0.0,-0.0,-0.0
MCK.US,long,2019-10-03,2019-10-08,4,0.2,0.2,0,-0.0012680077215210474,-0.0013294374996060344,0.0
TSN.US,long,2019-10-03,2019-10-08,4,0.2,0.2,0,-0.004083963610105346,-0.004083963610105346,0.0003654080389768666
FMC.US,long,2019-10-04,2019-10-10,5,0.2,0.2,0,-0.0055131316380339305,-0.007733688740984479,-0.0
STZ.US,long,2019-10-04,2019-10-08,3,0.20000000000000004,0.2,0,-0.004335022869410054,-0.0051615567255083985,-0.0
EG.US,long,2019-10-09,2019-10-14,4,0.2,0.2,0,0.00010692995311107907,-0.0007824976045991416,0.00010692995311107907
LKQ.US,long,2019-10-09,2019-10-09,1,0.2,0.2,0,0.0,-0.0,-0.0
PRGO.US,long,2019-10-09,2019-10-10,2,0.2,0.2,0,0.0003081664098613324,-0.0,0.0003081664098613324
DRE.US,long,2019-10-10,2019-10-16,5,0.2,0.2,0,0.0007889834979307954,-0.0,0.0013201320132012917
HRL.US,long,2019-10-10,2019-10-17,6,0.19999999999999998,0.2,0,-0.0038910625265193184,-0.005370352467347695,-0.0
EIX.US,long,2019-10-11,2019-10-16,4,0.2,0.2,0,-0.004189294363112084,-0.004189294363112084,-0.0
NVR.US,long,2019-10-11,2019-10-11,1,0.2,0.2,0,0.0,-0.0,-0.0
MKC.US,long,2019-10-14,2019-10-16,3,0.20000000000000004,0.2,0,-0.003174180908003566,-0.003174180908003566,-0.0
CAG.US,long,2019-10-15,2019-10-28,10,0.2,0.2,0,0.0017408879211835645,-0.0011816838995568624,0.003939534979997416
FIS.US,long,2019-10-17,2019-10-23,5,0.2,0.2,0,-0.005414967671405813,-0.007854380936711957,-0.0
LHX.US,long,2019-10-17,2019-10-23,5,0.2,0.2,0,-0.0005286176774108143,-0.0028466208818552553,-0.0
LMT.US,long,2019-10-17,2019-10-29,9,0.2,0.2,0,-0.0031547835636477565,-0.003355581456793666,-0.0
TWTR.US,long,2019-10-18,2019-10-18,1,0.2,0.2,0,0.0,-0.0,-0.0
CF.US,long,2019-10-21,2019-10-24,4,0.2,0.2,0,-0.004285511553009047,-0.004285511553009047,-0.0
MSI.US,long,2019-10-24,2019-10-29,4,0.2,0.2,0,0.001844624474976686,-0.0005260916532631166,0.001844624474976686
TXN.US,long,2019-10-24,2019-10-24,1,0.2,0.2,0,0.0,-0.0,-0.0
EIX.US,long,2019-10-25,2019-10-31,5,0.2,0.2,0,-0.00943680755171077,-0.011817759932663142,-0.0
VFC.US,long,2019-10-25,2019-11-01,6,0.19999999999999998,0.2,0,-0.0029097816376910893,-0.007104079244494433,-0.0
CMG.US,long,2019-10-29,2019-10-30,2,0.2,0.2,0,0.003063549003691968,-0.0,0.003063549003691968
FAST.US,long,2019-10-30,2019-10-31,2,0.2,0.2,0,-0.0019289060347203125,-0.0019289060347203125,-0.0
NVR.US,long,2019-10-30,2019-10-30,1,0.2,0.2,0,0.0,-0.0,-0.0
MCK.US,long,2019-10-31,2019-10-31,1,0.2,0.2,0,0.0,-0.0,-0.0
WDC.US,long,2019-10-31,2019-11-01,2,0.2,0.2,0,0.008441029155800273,-0.0,0.008441029155800273
DINO.US,long,2019-11-01,2019-11-04,2,0.2,0.2,0,-7.361059992641029e-05,-7.361059992641029e-05,-0.0
TTWO.US,long,2019-11-01,2019-11-12,8,0.2,0.2,0,0.003602724001344759,-0.0003736980219175345,0.004705941719689943
WHR.US,long,2019-11-01,2019-11-01,1,0.2,0.2,0,0.0,-0.0,-0.0
BALL.US,long,2019-11-04,2019-11-12,7,0.19999999999999998,0.2,0,-0.006431281230167808,-0.006431281230167808,0.0004972122633245309
COTY.US,long,2019-11-04,2019-11-05,2,0.2,0.2,0,0.0001746724890830276,-0.0,0.0001746724890830276
NVR.US,long,2019-11-04,2019-11-05,2,0.2,0.2,0,-0.0018723265000818003,-0.0018723265000818003,-0.0
MKTX.US,long,2019-11-05,2019-11-06,2,0.2,0.2,0,0.00237395630291215,-0.0,0.00237395630291215
BIIB.US,long,2019-11-06,2019-11-07,2,0.2,0.2,0,-0.0014740484429065727,-0.0014740484429065727,-0.0
PRGO.US,long,2019-11-06,2019-11-14,7,0.19999999999999998,0.2,0,-0.009932945287059458,-0.009932945287059458,-0.0
COR.US,long,2019-11-07,2019-11-11,3,0.20000000000000004,0.2,0,1.6496319847702536e-05,-0.0,0.004733587059942934
WDC.US,long,2019-11-08,2019-11-11,2,0.2,0.2,0,-0.00011495578623608172,-0.00011495578623608172,-0.0
ATVI.US,long,2019-11-12,2019-11-13,2,0.2,0.2,0,0.0014629451395572703,-0.0,0.0014629451395572703
LRCX.US,long,2019-11-12,2019-11-13,2,0.2,0.2,0,0.0018147476019406918,-0.0,0.0018147476019406918
BIIB.US,long,2019-11-13,2019-11-18,4,0.2,0.2,0,0.0006413412428186048,-0.004782007165915792,0.0006413412428186048
DINO.US,long,2019-11-13,2019-11-13,1,0.2,0.2,0,0.0,-0.0,-0.0
BWA.US,long,2019-11-14,2019-11-21,6,0.19999999999999998,0.2,0,-0.008730399680962942,-0.010586653164117577,0.0011276125129779048
HES.US,long,2019-11-14,2019-11-19,4,0.2,0.2,0,-0.00488220952496099,-0.00488220952496099,0.0005011053795136444
HOG.US,long,2019-11-14,2019-11-14,1,0.2,0.2,0,0.0,-0.0,-0.0
COTY.US,long,2019-11-15,2019-11-15,1,0.2,0.2,0,0.0,-0.0,-0.0
WHR.US,long,2019-11-15,2019-11-22,6,0.19999999999999998,0.2,0,-0.0003439237640360253,-0.004708053838580462,-0.0
CF.US,long,2019-11-18,2019-11-22,5,0.2,0.2,0,-0.0007446828874083432,-0.0007446828874083432,0.0027919344116995592
MPC.US,long,2019-11-19,2019-11-20,2,0.2,0.2,0,-0.00016168148746968926,-0.00016168148746968926,-0.0
QCOM.US,long,2019-11-20,2019-12-03,9,0.2,0.2,0,-0.012029154042592683,-0.012029154042592683,-0.0
AMAT.US,long,2019-11-21,2019-11-22,2,0.2,0.2,0,-0.0017717930545712024,-0.0017717930545712024,-0.0
COTY.US,long,2019-11-22,2019-12-02,6,0.19999999999999998,0.2,0,0.0008713844319653052,-0.0008673026886383273,0.0008713844319653052
LHX.US,long,2019-11-25,2019-11-26,2,0.2,0.2,0,0.003277520484503027,-0.0,0.003277520484503027
SBAC.US,long,2019-11-25,2019-11-25,1,0.2,0.2,0,0.0,-0.0,-0.0
TTWO.US,long,2019-11-25,2019-11-26,2,0.2,0.2,0,0.001809651474530849,-0.0,0.001809651474530849
LUMN.US,long,2019-11-26,2019-11-27,2,0.2,0.2,0,0.0036389083275017776,-0.0,0.0036389083275017776
CBOE.US,long,2019-11-27,2019-12-02,3,0.20000000000000004,0.2,0,0.001415957205374374,-0.0,0.001415957205374374
HES.US,long,2019-11-27,2019-12-03,4,0.2,0.2,0,-0.01073855349331787,-0.01073855349331787,-0.0
DINO.US,long,2019-11-29,2019-11-29,1,0.2,0.2,0,0.0,-0.0,-0.0
BIIB.US,long,2019-12-02,2019-12-04,3,0.20000000000000004,0.2,0,-0.001967823792277468,-0.001967823792277468,-0.0
AMAT.US,long,2019-12-03,2019-12-03,1,0.2,0.2,0,0.0,-0.0,-0.0
JWN.US,long,2019-12-03,2019-12-03,1,0.2,0.2,0,0.0,-0.0,-0.0
EMN.US,long,2019-12-04,2019-12-05,2,0.2,0.2,0,0.001786190349240169,-0.0,0.001786190349240169
GE.US,long,2019-12-04,2019-12-05,2,0.2,0.2,0,-0.0020165137614678976,-0.0020165137614678976,-0.0
MKTX.US,long,2019-12-04,2019-12-10,5,0.2,0.2,0,-0.012373818941085846,-0.013997708647368913,-0.0
WBA.US,long,2019-12-04,2019-12-11,6,0.19999999999999998,0.2,0,-0.00306417582193872,-0.00306417582193872,0.0006450517738923801
MPC.US,long,2019-12-05,2019-12-11,5,0.2,0.2,0,-0.009207191886801103,-0.009207191886801103,0.0011695906432748428
NOW.US,long,2019-12-06,2019-12-12,5,0.2,0.2,0,-0.004730437754076733,-0.004730437754076733,-0.0
XRX.US,long,2019-12-06,2019-12-11,4,0.2,0.2,0,-0.006689833984125392,-0.006689833984125392,-0.0
LUMN.US,long,2019-12-11,2019-12-26,11,0.2,0.2,0,-0.013097716395132353,-0.013097716395132353,-0.0
CAG.US,long,2019-12-12,2019-12-13,2,0.2,0.2,0,0.001062699256110511,-0.0,0.001062699256110511
CBOE.US,long,2019-12-12,2019-12-13,2,0.2,0.2,0,0.00013862415525904838,-0.0,0.00013862415525904838
SBAC.US,long,2019-12-12,2019-12-18,5,0.2,0.2,0,0.005338931700045824,-0.00019709641946212813,0.006516114887086167
CNC.US,long,2019-12-13,2019-12-13,1,0.2,0.2,0,0.0,-0.0,-0.0
MAA.US,long,2019-12-16,2019-12-19,4,0.2,0.2,0,-0.0018369774977359254,-0.0037689597058372607,0.0
PLD.US,long,2019-12-16,2019-12-19,4,0.2,0.2,0,-0.0011502967092809958,-0.0023766410140334763,-0.0
WRB.US,long,2019-12-16,2019-12-30,10,0.2,0.2,0,-0.0018408480339945354,-0.0025125858660482113,0.0008655958839443034
WHR.US,long,2019-12-19,2019-12-19,1,0.2,0.2,0,0.0,-0.0,-0.0
FCX.US,long,2019-12-20,2019-12-23,2,0.2,0.2,0,0.002202989771833197,-0.0,0.002202989771833197
INCY.US,long,2019-12-20,2019-12-23,2,0.2,0.2,0,0.00013318534961155316,-0.0,0.00013318534961155316
KEYS.US,long,2019-12-20,2019-12-31,7,0.19999999999999998,0.2,0,-0.000925196153657848,-0.0018059947443801018,0.0016291698991465877
CPRI.US,long,2019-12-24,2019-12-31,5,0.2,0.2,0,0.0033477643759853406,-0.0,0.0033477643759853406
KMX.US,long,2019-12-24,2019-12-31,5,0.2,0.2,0,-0.002678188431160211,-0.0032271990682412933,0.00038262435291471777
NTAP.US,long,2019-12-27,2019-12-30,2,0.2,0.2,0,0.0003255738238645556,-0.0,0.0003255738238645556
HOG.US,long,2019-12-31,2020-01-13,9,0.2,0.2,0,-0.009753565651659746,-0.012796045559811266,-0.0
INCY.US,long,2019-12-31,2020-01-08,6,0.19999999999999998,0.2,0,-0.02540254359665646,-0.02540254359665646,-0.0
AMCR.US,long,2020-01-02,2020-01-09,6,0.19999999999999998,0.2,0,-0.004343070703174745,-0.0056961061645781404,-0.0
CNC.US,long,2020-01-02,2020-01-03,2,0.2,0.2,0,-0.0023270846800258703,-0.0023270846800258703,-0.0
NVR.US,long,2020-01-02,2020-01-10,7,0.19999999999999998,0.2,0,0.0024840861419515026,-0.0,0.003764375971081613
CF.US,long,2020-01-06,2020-01-16,9,0.2,0.2,0,-0.00041313489593550754,-0.005376620524632903,-0.0
NBL.US,long,2020-01-09,2020-01-13,3,0.20000000000000004,0.2,0,-0.0016042780748663167,-0.0016042780748663167,-0.0
PVH.US,long,2020-01-10,2020-01-16,5,0.2,0.2,0,-0.002161790212509751,-0.003478379234182838,-0.0
NOV.US,long,2020-01-13,2020-01-31,14,0.20000000000000004,0.2,0,-0.026405163897216945,-0.026405163897216945,0.0005089058524173406
ILMN.US,long,2020-01-14,2020-01-15,2,0.2,0.2,0,0.0020687465134327176,-0.0,0.0020687465134327176
URI.US,long,2020-01-14,2020-01-15,2,0.2,0.2,0,0.0007127121938577119,-0.0,0.0007127121938577119
HP.US,long,2020-01-16,2020-02-03,12,0.20000000000000004,0.2,0,-0.02048979856398456,-0.026276629940173463,-0.0
MPC.US,long,2020-01-16,2020-02-04,13,0.20000000000000004,0.2,0,-0.014451434215158999,-0.0195609232662539,-0.0
JWN.US,long,2020-01-17,2020-02-03,11,0.2,0.2,0,-0.014144303598474385,-0.017725421341285054,-0.0
VLO.US,long,2020-01-17,2020-02-04,12,0.20000000000000004,0.2,0,-0.02241807087970953,-0.024885360599335687,-0.0
LUMN.US,long,2020-02-03,2020-02-03,1,0.2,0.2,0,0.0,-0.0,-0.0
CAG.US,long,2020-02-04,2020-02-10,5,0.2,0.2,0,0.002091380522937003,-0.0,0.0046992481203007586
CNC.US,long,2020-02-04,2020-02-04,1,0.2,0.2,0,0.0,-0.0,-0.0
PHM.US,long,2020-02-04,2020-02-04,1,0.2,0.2,0,0.0,-0.0,-0.0
AEP.US,long,2020-02-05,2020-02-10,4,0.2,0.2,0,0.0009856745990958872,-0.0001589869363293861,0.0009856745990958872
ES.US,long,2020-02-05,2020-02-05,1,0.2,0.2,0,0.0,-0.0,-0.0
EVRG.US,long,2020-02-05,2020-02-05,1,0.2,0.2,0,0.0,0.0,0.0
TDG.US,long,2020-02-05,2020-02-07,3,0.20000000000000004,0.2,0,0.002667247892767888,-0.0,0.002667247892767888
BDX.US,long,2020-02-06,2020-02-07,2,0.2,0.2,0,-0.004233817337489532,-0.004233817337489532,-0.0
ICE.US,long,2020-02-06,2020-02-13,6,0.19999999999999998,0.2,0,0.008990404097605632,-0.0,0.010321653600940906
LEG.US,long,2020-02-10,2020-02-10,1,0.2,0.2,0,0.0,-0.0,-0.0
EFX.US,long,2020-02-11,2020-02-12,2,0.2,0.2,0,0.0015785010762507492,-0.0,0.0015785010762507492
GS.US,long,2020-02-11,2020-02-18,5,0.2,0.2,0,-0.0027294729725871438,-0.0027294729725871438,0.0018523217457498298
KSU.US,long,2020-02-11,2020-02-12,2,0.2,0.2,0,0.0006343984962405625,-0.0,0.0006343984962405625
PG.US,long,2020-02-11,2020-02-12,2,0.2,0.2,0,-0.0011436855670102998,-0.0011436855670102998,-0.0
COTY.US,long,2020-02-13,2020-02-14,2,0.2,0.2,0,-8.760402978535975e-05,-8.760402978535975e-05,-0.0
TXT.US,long,2020-02-13,2020-02-28,11,0.2,0.2,0,-0.03283828989748763,-0.03283828989748763,0.0003333333333333411
VTRS.US,long,2020-02-13,2020-02-20,5,0.2,0.2,0,-0.006543490202199865,-0.006830571541912801,0.002402957486136792
HII.US,long,2020-02-14,2020-03-03,12,0.20000000000000004,0.2,0,-0.03245467365815493,-0.034507896327255816,-0.0
LUMN.US,long,2020-02-18,2020-02-28,9,0.2,0.2,0,-0.019524932958407116,-0.019524932958407116,0.0004502250000280928
CAG.US,long,2020-02-19,2020-02-28,8,0.2,0.2,0,-0.021605998974530683,-0.024032999353749522,0.0005369127516778428
QRVO.US,long,2020-02-21,2020-02-27,5,0.2,0.2,0,-0.006968620590738284,-0.006968620590738284,-0.0
BBWI.US,long,2020-02-28,2020-03-03,3,0.20000000000000004,0.2,0,0.003919740213929224,-0.0,0.005447830101569684
LW.US,long,2020-03-02,2020-03-23,16,0.2,0.2,0,-0.10909791925659638,-0.12148390385091148,0.0034041229251239313
STT.US,long,2020-03-03,2020-03-09,5,0.2,0.2,0,-0.042360364311877424,-0.042360364311877424,0.0034927866362946427
ALB.US,long,2020-03-09,2020-03-16,6,0.19999999999999998,0.2,0,-0.03822875593493474,-0.03822875593493474,0.0061129385964912245
MSCI.US,long,2020-03-09,2020-03-09,1,0.2,0.2,0,0.0,-0.0,-0.0
NVDA.US,long,2020-03-09,2020-03-09,1,0.2,0.2,0,0.0,-0.0,-0.0
DGX.US,long,2020-03-10,2020-03-12,3,0.20000000000000004,0.2,0,-0.031122286709756766,-0.031122286709756766,-0.0
NDAQ.US,long,2020-03-10,2020-03-12,3,0.20000000000000004,0.2,0,-0.030954951063273107,-0.030954951063273107,-0.0
NEE.US,long,2020-03-10,2020-03-16,5,0.2,0.2,0,-0.04424526875596364,-0.04424526875596364,-0.0
TIF.US,long,2020-03-16,2020-03-18,3,0.20000000000000004,0.2,0,-0.007697021433437845,-0.007697021433437845,0.0003457814661134151
GEN.US,long,2020-03-18,2020-03-23,4,0.2,0.2,0,-0.0002878499459578743,-0.0002878499459578743,0.0041932821295138645
BIIB.US,long,2020-03-23,2020-03-24,2,0.2,0.2,0,0.00520078754782869,-0.0,0.00520078754782869
CLX.US,long,2020-03-24,2020-03-25,2,0.2,0.2,0,-0.003160646387832711,-0.003160646387832711,-0.0
KR.US,long,2020-03-24,2020-04-09,13,0.20000000000000004,0.2,0,0.007039333526645671,-0.014660033167495846,0.016774088281895503
SJM.US,long,2020-04-13,2020-04-20,6,0.19999999999999998,0.2,0,0.019957619202620337,-0.0,0.019957619202620337
AAPL.US,long,2020-04-21,2020-04-23,3,0.20000000000000004,0.2,0,0.004985622014140213,-0.0,0.005760703506353205
DVA.US,long,2020-04-21,2020-04-24,4,0.2,0.2,0,0.004037753386324372,-0.0003308975596305164,0.004037753386324372
FTNT.US,long,2020-04-21,2020-04-24,4,0.2,0.2,0,0.004382969401930704,-0.0009455920852946328,0.006186993476971692
INTC.US,long,2020-04-21,2020-04-21,1,0.2,0.2,0,0.0,-0.0,-0.0
ODFL.US,long,2020-04-21,2020-04-22,2,0.2,0.2,0,0.006571635660787623,-0.0,0.006571635660787623
BIIB.US,long,2020-04-22,2020-04-23,2,0.2,0.2,0,-0.003865642092547228,-0.003865642092547228,-0.0
HRL.US,long,2020-04-23,2020-04-27,3,0.20000000000000004,0.2,0,-0.002328363012229162,-0.0025000000000000135,-0.0
TIF.US,long,2020-04-24,2020-04-28,3,0.20000000000000004,0.2,0,0.00034344939918105064,-0.0021527502967946255,0.00034344939918105064
ES.US,long,2020-04-27,2020-05-13,13,0.20000000000000004,0.2,0,-0.021351239048584807,-0.02391500275943452,0.0015192240271123315
NFLX.US,long,2020-04-28,2020-04-29,2,0.2,0.2,0,0.003991778718767769,-0.0,0.003991778718767769
REGN.US,long,2020-04-28,2020-05-01,4,0.2,0.2,0,-0.0010885484092566953,-0.00471425058171433,-0.0
VRTX.US,long,2020-04-28,2020-05-01,4,0.2,0.2,0,-0.001534579752941267,-0.0045999377334993595,-0.0
AMD.US,long,2020-04-29,2020-05-01,3,0.20000000000000004,0.2,0,-0.014315488562123682,-0.014315488562123682,-0.0
NEM.US,long,2020-04-30,2020-05-01,2,0.2,0.2,0,0.005077336919973119,-0.0,0.005077336919973119
ABT.US,long,2020-05-04,2020-05-04,1,0.2,0.2,0,0.0,-0.0,-0.0
KHC.US,long,2020-05-04,2020-05-14,9,0.2,0.2,0,-0.000722861567791422,-0.0010010256846203491,0.004434741652134333
NDAQ.US,long,2020-05-04,2020-05-04,1,0.2,0.2,0,0.0,-0.0,-0.0
PGR.US,long,2020-05-04,2020-05-04,1,0.2,0.2,0,0.0,-0.0,-0.0
HRL.US,long,2020-05-05,2020-05-07,3,0.20000000000000004,0.2,0,0.0012943175630026893,-0.0,0.0012943175630026893
CMG.US,long,2020-05-06,2020-05-06,1,0.2,0.2,0,0.0,-0.0,-0.0
GILD.US,long,2020-05-06,2020-05-08,3,0.20000000000000004,0.2,0,5.219173086392639e-05,-0.0,0.00036143023105719154
CAG.US,long,2020-05-07,2020-05-11,3,0.20000000000000004,0.2,0,0.001454016086940535,-0.0,0.002110340669279465
DLR.US,long,2020-05-12,2020-05-19,6,0.19999999999999998,0.2,0,-0.0022716336260188985,-0.003250605001243967,0.000737230121116328
EQIX.US,long,2020-05-12,2020-05-12,1,0.2,0.2,0,0.0,-0.0,-0.0
ADSK.US,long,2020-05-13,2020-05-14,2,0.2,0.2,0,0.0011421463304308599,-0.0,0.0011421463304308599
LDOS.US,long,2020-05-13,2020-05-14,2,0.2,0.2,0,0.000670086901895095,-0.0,0.000670086901895095
CTRA.US,long,2020-05-14,2020-05-19,4,0.2,0.2,0,-0.004693961617684272,-0.004693961617684272,-0.0
ABT.US,long,2020-05-15,2020-05-21,5,0.2,0.2,0,0.0012089502022107905,-0.0036964519600492184,0.0012089502022107905
AMT.US,long,2020-05-15,2020-05-15,1,0.2,0.2,0,0.0,-0.0,-0.0
CCI.US,long,2020-05-15,2020-05-15,1,0.2,0.2,0,0.0,-0.0,-0.0
CTXS.US,long,2020-05-18,2020-05-22,5,0.2,0.2,0,-0.004074827374051893,-0.004528275776011937,-0.0
GILD.US,long,2020-05-18,2020-05-26,6,0.19999999999999998,0.2,0,-0.0041160523127861115,-0.0064740502942750135,-0.0
BIIB.US,long,2020-05-20,2020-05-28,6,0.19999999999999998,0.2,0,-0.005775618058102828,-0.008917404225461546,-0.0
SJM.US,long,2020-05-20,2020-05-26,4,0.2,0.2,0,-0.005142555181635755,-0.005142555181635755,-0.0
DVA.US,long,2020-05-22,2020-05-27,3,0.20000000000000004,0.2,0,0.004919408664805447,-0.0,0.004919408664805447
NEM.US,long,2020-05-26,2020-05-29,4,0.2,0.2,0,-0.002506900529007794,-0.002506900529007794,-0.0
DXCM.US,long,2020-05-27,2020-06-05,8,0.2,0.2,0,0.0036220021991492327,-0.007768457420975451,0.010538910004662273
FTNT.US,long,2020-05-27,2020-05-28,2,0.2,0.2,0,0.005367899351887084,-0.0,0.005367899351887084
AMD.US,long,2020-05-28,2020-05-28,1,0.2,0.2,0,0.0,-0.0,-0.0
BMY.US,long,2020-05-29,2020-06-04,5,0.2,0.2,0,0.003910949077437764,-0.0,0.003910949077437764
EA.US,long,2020-06-03,2020-06-05,3,0.20000000000000004,0.2,0,0.0006737835444312389,-0.0012719409819384132,0.0006737835444312389
TTWO.US,long,2020-06-03,2020-06-05,3,0.20000000000000004,0.2,0,-0.000575883926345444,-0.0026450116009280934,-0.0
KEYS.US,long,2020-06-04,2020-06-04,1,0.2,0.2,0,0.0,-0.0,-0.0
NEM.US,long,2020-06-05,2020-06-05,1,0.2,0.2,0,0.0,-0.0,-0.0
VRTX.US,long,2020-06-05,2020-06-08,2,0.2,0.2,0,-0.0005118747412397928,-0.0005118747412397928,-0.0
MKTX.US,long,2020-06-08,2020-06-08,1,0.2,0.2,0,0.0,-0.0,-0.0
SBAC.US,long,2020-06-08,2020-06-08,1,0.2,0.2,0,0.0,-0.0,-0.0
WMT.US,long,2020-06-08,2020-06-08,1,0.2,0.2,0,0.0,-0.0,-0.0
BAX.US,long,2020-06-09,2020-06-15,5,0.2,0.2,0,-0.007417112599304177,-0.007921851345623333,-0.0
FTNT.US,long,2020-06-09,2020-06-12,4,0.2,0.2,0,-0.00816709663509374,-0.00816709663509374,0.002530900529723379
IDXX.US,long,2020-06-09,2020-06-09,1,0.2,0.2,0,0.0,-0.0,-0.0
IQV.US,long,2020-06-09,2020-06-15,5,0.2,0.2,0,-0.00974610065178878,-0.011086301917871855,0.0005313351498637431
LLY.US,long,2020-06-09,2020-06-15,5,0.2,0.2,0,-0.01022181391475976,-0.01022181391475976,0.0025078790317173195
AMCR.US,long,2020-06-10,2020-06-11,2,0.2,0.2,0,-0.012830957230142583,-0.012830957230142583,-0.0
DVA.US,long,2020-06-12,2020-06-15,2,0.2,0.2,0,0.0007156549520766831,-0.0,0.0007156549520766831
CTRA.US,long,2020-06-15,2020-07-01,13,0.20000000000000004,0.2,0,-0.025814223300677643,-0.031039865951876158,-0.0
KSU.US,long,2020-06-18,2020-06-22,3,0.20000000000000004,0.2,0,0.0007539734876846227,-0.0010343400910219236,0.0007539734876846227
DGX.US,long,2020-06-19,2020-06-24,4,0.2,0.2,0,-0.006844922525100117,-0.006844922525100117,0.003029463378590558
IFF.US,long,2020-06-19,2020-06-30,8,0.2,0.2,0,-0.004459046345335117,-0.010165107084638827,-0.0
PLD.US,long,2020-06-19,2020-06-29,7,0.19999999999999998,0.2,0,-0.0013879365835215208,-0.0045048509388403435,0.0015021225644933356
TWTR.US,long,2020-06-23,2020-06-30,6,0.19999999999999998,0.2,0,-0.019167572433476603,-0.02423142032613721,-0.0
DISH.US,long,2020-06-25,2020-06-29,3,0.20000000000000004,0.2,0,-0.004722311793942402,-0.007794508414526136,-0.0
HRL.US,long,2020-07-01,2020-07-09,6,0.19999999999999998,0.2,0,-0.0017633546237034942,-0.0017633546237034942,0.0029905745698584514
DG.US,long,2020-07-06,2020-07-08,3,0.20000000000000004,0.2,0,-0.0006469269753828445,-0.0006469269753828445,0.0007267286523457983
ARE.US,long,2020-07-07,2020-07-08,2,0.2,0.2,0,0.00033628098144227185,-0.0,0.00033628098144227185
JKHY.US,long,2020-07-07,2020-07-16,8,0.2,0.2,0,-0.0010545296622864297,-0.0015613956829377603,0.0027538664430777795
MCK.US,long,2020-07-07,2020-07-10,4,0.2,0.2,0,-0.003754566734897736,-0.006778202195185946,-0.0
CNC.US,long,2020-07-09,2020-07-10,2,0.2,0.2,0,-0.0014847575422524129,-0.0014847575422524129,-0.0
KMX.US,long,2020-07-09,2020-07-13,3,0.20000000000000004,0.2,0,0.002482255630873631,-0.0,0.004545981676910582
INCY.US,long,2020-07-10,2020-07-14,3,0.20000000000000004,0.2,0,-0.003125726173975574,-0.008018327605956489,-0.0
DXCM.US,long,2020-07-13,2020-07-14,2,0.2,0.2,0,0.003023031442495583,-0.0,0.003023031442495583
PAYC.US,long,2020-07-13,2020-07-14,2,0.2,0.2,0,-0.002625322997416024,-0.002625322997416024,-0.0
INTU.US,long,2020-07-14,2020-07-16,3,0.20000000000000004,0.2,0,0.0002787525261004342,-0.0,0.003223884781161335
ADBE.US,long,2020-07-16,2020-07-16,1,0.2,0.2,0,0.0,-0.0,-0.0
AMZN.US,long,2020-07-16,2020-07-17,2,0.2,0.2,0,-0.0025287509583652892,-0.0025287509583652892,-0.0
PYPL.US,long,2020-07-16,2020-07-16,1,0.2,0.2,0,0.0,-0.0,-0.0
MSFT.US,long,2020-07-17,2020-07-17,1,0.2,0.2,0,0.0,-0.0,-0.0
NFLX.US,long,2020-07-17,2020-07-24,6,0.19999999999999998,0.2,0,-0.004988926409063411,-0.006190819285649508,0.003821578531004688
ORCL.US,long,2020-07-17,2020-07-20,2,0.2,0.2,0,0.0018214936247723302,-0.0,0.0018214936247723302
ADI.US,long,2020-07-22,2020-07-24,3,0.20000000000000004,0.2,0,-0.0029246939015136644,-0.0034070951879171087,-0.0
ALXN.US,long,2020-07-22,2020-07-24,3,0.20000000000000004,0.2,0,-0.00835724555052142,-0.00835724555052142,-0.0
EBAY.US,long,2020-07-22,2020-07-24,3,0.20000000000000004,0.2,0,-0.004333146345317629,-0.004333146345317629,-0.0
GS.US,long,2020-07-22,2020-08-03,9,0.2,0.2,0,-0.00644846237081127,-0.007893198681177016,-0.0
ALB.US,long,2020-07-27,2020-07-31,5,0.2,0.2,0,-0.007820384920160618,-0.007820384920160618,-0.0
CTXS.US,long,2020-07-27,2020-07-29,3,0.20000000000000004,0.2,0,-0.0037658592283979827,-0.005591549295774656,-0.0
JBHT.US,long,2020-07-27,2020-07-31,5,0.2,0.2,0,-0.0013905745928385785,-0.0036363636363636155,-0.0
UNH.US,long,2020-07-27,2020-07-28,2,0.2,0.2,0,0.0008908238446081462,-0.0,0.0008908238446081462
FFIV.US,long,2020-07-29,2020-07-31,3,0.20000000000000004,0.2,0,-0.002645176903344493,-0.003978510236677813,-0.0
WAT.US,long,2020-07-30,2020-08-10,8,0.2,0.2,0,-1.722748783439254e-05,-0.0024965233511361263,0.00036661026508744143
ALGN.US,long,2020-08-03,2020-08-04,2,0.2,0.2,0,0.0006333518930957461,-0.0,0.0006333518930957461
CAT.US,long,2020-08-03,2020-08-04,2,0.2,0.2,0,-0.0003945970556988865,-0.0003945970556988865,-0.0
CCI.US,long,2020-08-03,2020-08-06,4,0.2,0.2,0,-0.00026050815977993755,-0.00026050815977993755,0.0021694088970140245
IPGP.US,long,2020-08-04,2020-08-14,9,0.2,0.2,0,-0.011400131228372959,-0.011492698107044987,-0.0
BF-B.US,long,2020-08-05,2020-08-06,2,0.2,0.2,0,0.0002961646675551322,-0.0,0.0002961646675551322
DVA.US,long,2020-08-05,2020-08-14,8,0.2,0.2,0,-0.0017784553182354612,-0.0030028951370183465,-0.0
FTNT.US,long,2020-08-07,2020-08-14,6,0.19999999999999998,0.2,0,-0.005154199568917207,-0.00674720117824863,-0.0
ILMN.US,long,2020-08-07,2020-08-12,4,0.2,0.2,0,-0.006452896635134242,-0.008170254943109278,-0.0
AMD.US,long,2020-08-11,2020-08-11,1,0.2,0.2,0,0.0,-0.0,-0.0
NEM.US,long,2020-08-12,2020-08-14,3,0.20000000000000004,0.2,0,0.0027450141073363855,0.0,0.003556120019050635
ANET.US,long,2020-08-13,2020-08-17,3,0.20000000000000004,0.2,0,-0.0011649477297368985,-0.0033655401969395985,0.0
BKNG.US,long,2020-08-17,2020-08-20,4,0.2,0.2,0,0.001817207406404231,-0.0,0.0029653378362960226
EMN.US,long,2020-08-17,2020-08-21,5,0.2,0.2,0,-0.004452740965355418,-0.004452740965355418,-0.0
FFIV.US,long,2020-08-17,2020-08-21,5,0.2,0.2,0,0.0007616832974692179,-0.0006973013683041929,0.0007616832974692179
JNPR.US,long,2020-08-17,2020-08-21,5,0.2,0.2,0,-0.005731253636686496,-0.005731253636686496,-0.0
SIVBQ.US,long,2020-08-18,2020-08-21,4,0.2,0.2,0,-0.001722049387433122,-0.001722049387433122,0.0012753095109933723
GAP.US,long,2020-08-21,2020-08-21,1,0.2,0.2,0,0.0,-0.0,-0.0
DXCM.US,long,2020-08-24,2020-08-24,1,0.2,0.2,0,0.0,-0.0,-0.0
JKHY.US,long,2020-08-24,2020-08-25,2,0.2,0.2,0,0.002003278091422356,-0.0,0.002003278091422356
LRCX.US,long,2020-08-24,2020-09-01,7,0.19999999999999998,0.2,0,-0.005696717401275952,-0.00820608292425864,0.0008432567944846703
PAYC.US,long,2020-08-24,2020-08-25,2,0.2,0.2,0,0.0019969764089582845,-0.0,0.0019969764089582845
REGN.US,long,2020-08-24,2020-08-26,3,0.20000000000000004,0.2,0,0.005780840106713959,-0.0,0.005780840106713959
VMC.US,long,2020-08-25,2020-08-26,2,0.2,0.2,0,-0.0026022006264556866,-0.0026022006264556866,-0.0
AEE.US,long,2020-08-26,2020-09-01,5,0.2,0.2,0,0.00011665781786744959,-0.0,0.0017093768167297577
CTRA.US,long,2020-08-26,2020-09-08,9,0.2,0.2,0,-0.00854211491182586,-0.00854211491182586,0.00417558886509637
DGX.US,long,2020-08-27,2020-08-28,2,0.2,0.2,0,0.0013453322425233784,-0.0,0.0013453322425233784
HOLX.US,long,2020-08-27,2020-09-01,4,0.2,0.2,0,-0.007630273294888879,-0.007630273294888879,-0.0
HBI.US,long,2020-08-31,2020-09-01,2,0.2,0.2,0,0.0032701111837802445,-0.0,0.0032701111837802445
DPZ.US,long,2020-09-02,2020-09-09,5,0.2,0.2,0,-0.010737000514562278,-0.013792910378507873,-0.0
FTNT.US,long,2020-09-03,2020-09-17,10,0.2,0.2,0,-0.008835003032419976,-0.009237477797500794,-0.0
MSCI.US,long,2020-09-03,2020-09-08,3,0.20000000000000004,0.2,0,-0.011719024707762381,-0.011719024707762381,-0.0
NVR.US,long,2020-09-03,2020-09-08,3,0.20000000000000004,0.2,0,-0.0057358525912796,-0.0057358525912796,-0.0
LRCX.US,long,2020-09-09,2020-09-11,3,0.20000000000000004,0.2,0,-0.0046261189187817965,-0.0046261189187817965,-0.0
MCHP.US,long,2020-09-09,2020-09-14,4,0.2,0.2,0,0.001522111791986247,-0.0016757023164120312,0.001522111791986247
NFLX.US,long,2020-09-09,2020-09-14,4,0.2,0.2,0,-0.009633199154690275,-0.009633199154690275,-0.0
BBWI.US,long,2020-09-10,2020-09-11,2,0.2,0.2,0,-7.14030703320434e-05,-7.14030703320434e-05,-0.0
CMG.US,long,2020-09-14,2020-09-21,6,0.19999999999999998,0.2,0,-0.00968117900342309,-0.00968117900342309,0.001605126303080029
META.US,long,2020-09-14,2020-09-21,6,0.19999999999999998,0.2,0,-0.01369155587941544,-0.01369155587941544,0.004711628780762789
DLTR.US,long,2020-09-15,2020-09-23,7,0.19999999999999998,0.2,0,-0.004323134364842129,-0.006069708697652443,0.0013761985335589257
KR.US,long,2020-09-15,2020-09-17,3,0.20000000000000004,0.2,0,-0.0012181414733150931,-0.004278728606356941,-0.0
AAPL.US,long,2020-09-18,2020-09-21,2,0.2,0.2,0,0.006065144140771262,-0.0,0.006065144140771262
AMD.US,long,2020-09-18,2020-09-18,1,0.2,0.2,0,0.0,-0.0,-0.0
PVH.US,long,2020-09-21,2020-10-01,9,0.2,0.2,0,-0.012596650867727854,-0.01901978100425783,-0.0
GM.US,long,2020-09-22,2020-09-25,4,0.2,0.2,0,-0.00300292735670642,-0.00300292735670642,-0.0
SIVBQ.US,long,2020-09-22,2020-09-25,4,0.2,0.2,0,-0.0007021474652184837,-0.0043206122783088444,-0.0
SYF.US,long,2020-09-22,2020-09-25,4,0.2,0.2,0,-0.0036248164222401074,-0.006612301282958733,-0.0
CTLT.US,long,2020-09-24,2020-09-25,2,0.2,0.2,0,0.002945909147171655,-0.0,0.002945909147171655
CTRA.US,long,2020-09-28,2020-10-02,5,0.2,0.2,0,-0.011910338926655628,-0.013809448718940454,-0.0
MRK.US,long,2020-09-29,2020-10-07,7,0.19999999999999998,0.2,0,-0.0044969346503168865,-0.005526697302583639,0.002564102564102555
PSKY.US,long,2020-09-30,2020-10-02,3,0.20000000000000004,0.2,0,-0.00026092559841346414,-0.002356301320956811,-0.0
KSU.US,long,2020-10-01,2020-10-06,4,0.2,0.2,0,0.0001815258322459103,-0.0,0.0019147046146050341
AKAM.US,long,2020-10-02,2020-10-07,4,0.2,0.2,0,0.001989772174469806,-0.0008208787131041896,0.001989772174469806
CHD.US,long,2020-10-05,2020-10-08,4,0.2,0.2,0,0.0009260789939774306,-0.0019398214482530653,0.0009260789939774306
MGM.US,long,2020-10-06,2020-10-07,2,0.2,0.2,0,0.00427553444180524,-0.0,0.00427553444180524
ZTS.US,long,2020-10-07,2020-10-08,2,0.2,0.2,0,0.0040772934775811015,-0.0,0.0040772934775811015
DPZ.US,long,2020-10-08,2020-10-12,3,0.20000000000000004,0.2,0,-0.004183465015320231,-0.005017331238622469,-0.0
HLT.US,long,2020-10-13,2020-10-15,3,0.20000000000000004,0.2,0,9.355413731495512e-05,-0.0007671480144404441,9.355413731495512e-05
PSKY.US,long,2020-10-13,2020-10-14,2,0.2,0.2,0,-0.0008014571948997906,-0.0008014571948997906,-0.0
SBAC.US,long,2020-10-13,2020-10-23,9,0.2,0.2,0,-0.0040972406652220565,-0.009607257331321839,0.0011323932230645098
TDG.US,long,2020-10-13,2020-10-13,1,0.2,0.2,0,0.0,-0.0,-0.0
BWA.US,long,2020-10-14,2020-10-19,4,0.2,0.2,0,0.000563783933664963,-0.0,0.0033713551601977534
URI.US,long,2020-10-14,2020-10-15,2,0.2,0.2,0,0.00031892840057410335,-0.0,0.00031892840057410335
EXPE.US,long,2020-10-15,2020-10-16,2,0.2,0.2,0,0.001063947689238587,-0.0,0.001063947689238587
ALB.US,long,2020-10-16,2020-10-20,3,0.20000000000000004,0.2,0,0.00031918308298435334,-0.0018197388139584937,0.00031918308298435334
VTR.US,long,2020-10-16,2020-10-21,4,0.2,0.2,0,-0.007255238524766972,-0.007255238524766972,-0.0
AMD.US,long,2020-10-19,2020-10-22,4,0.2,0.2,0,-0.006304765740153729,-0.0068603212957092825,-0.0
MOS.US,long,2020-10-20,2020-10-30,9,0.2,0.2,0,-0.0034778970163553483,-0.008209345149147996,0.0007430997876857415
ETSY.US,long,2020-10-21,2020-10-23,3,0.20000000000000004,0.2,0,0.007208390859825676,-0.0,0.007208390859825676
NFLX.US,long,2020-10-22,2020-10-28,5,0.2,0.2,0,0.00042299613577272415,-0.0,0.0015233581507850813
NTRS.US,long,2020-10-23,2020-10-30,6,0.19999999999999998,0.2,0,-0.014865099142677862,-0.016073647152007098,-0.0
LYB.US,long,2020-10-26,2020-10-30,5,0.2,0.2,0,-0.018580671583474116,-0.018580671583474116,-0.0
WRK.US,long,2020-10-26,2020-10-30,5,0.2,0.2,0,-0.005863954051534281,-0.010316749101068213,-0.0
ABMD.US,long,2020-10-29,2020-11-02,3,0.20000000000000004,0.2,0,0.00021380961370560687,-0.0021444562271709876,0.00021380961370560687
ADBE.US,long,2020-11-02,2020-11-03,2,0.2,0.2,0,0.004081449184159647,-0.0,0.004081449184159647
CMG.US,long,2020-11-02,2020-11-03,2,0.2,0.2,0,0.0035354300233900295,-0.0,0.0035354300233900295
PAYC.US,long,2020-11-02,2020-11-03,2,0.2,0.2,0,0.004736550194120915,-0.0,0.004736550194120915
TTWO.US,long,2020-11-02,2020-11-02,1,0.2,0.2,0,0.0,-0.0,-0.0
EXPD.US,long,2020-11-03,2020-11-13,9,0.2,0.2,0,0.0053007813230618655,-0.0,0.005300781323061865
WAT.US,long,2020-11-03,2020-11-05,3,0.20000000000000004,0.2,0,0.0006062944673624676,-0.0037396951135264533,0.0006062944673624676
HBI.US,long,2020-11-05,2020-11-12,6,0.19999999999999998,0.2,0,-0.011015381586127006,-0.011015381586127006,-0.0
EXR.US,long,2020-11-06,2020-11-10,3,0.20000000000000004,0.2,0,0.005777101775051464,-0.010290986515259039,0.005777101775051464
DHI.US,long,2020-11-09,2020-11-10,2,0.2,0.2,0,0.018260200153964592,-0.0,0.018260200153964592
POOL.US,long,2020-11-09,2020-11-10,2,0.2,0.2,0,0.011183637946040027,-0.0,0.011183637946040027
APD.US,long,2020-11-11,2020-11-17,5,0.2,0.2,0,-0.010309867506705397,-0.012145200704739746,-0.0
ALGN.US,long,2020-11-12,2020-11-20,7,0.19999999999999998,0.2,0,-0.002739584022257824,-0.005050674993142601,0.0019878081102570723
ROK.US,long,2020-11-12,2020-11-13,2,0.2,0.2,0,0.004931413187470613,-0.0,0.004931413187470613
AAP.US,long,2020-11-17,2020-11-23,5,0.2,0.2,0,-0.005026908309701407,-0.006731335663681849,-0.0
MKTX.US,long,2020-11-17,2020-11-18,2,0.2,0.2,0,-0.0007119375984749876,-0.0007119375984749876,-0.0
POOL.US,long,2020-11-17,2020-11-18,2,0.2,0.2,0,-0.004255577477614181,-0.004255577477614181,-0.0
LOW.US,long,2020-11-18,2020-11-20,3,0.20000000000000004,0.2,0,0.00433922744510098,-0.0,0.00433922744510098
CAH.US,long,2020-11-19,2020-11-23,3,0.20000000000000004,0.2,0,1.3636903037927885e-05,-0.001644673933830565,1.3636903037927885e-05
CI.US,long,2020-11-19,2020-11-20,2,0.2,0.2,0,7.814789489106744e-05,-0.0,7.814789489106744e-05
BIO.US,long,2020-11-23,2020-11-25,3,0.20000000000000004,0.2,0,-0.01126307534488027,-0.013845543983567011,-0.0
CTLT.US,long,2020-11-23,2020-11-25,3,0.20000000000000004,0.2,0,-0.010321729450872997,-0.010321729450872997,-0.0
HOLX.US,long,2020-11-23,2020-11-25,3,0.20000000000000004,0.2,0,0.0004794162663174673,-0.001145879241956771,0.0004794162663174673
TMO.US,long,2020-11-24,2020-11-24,1,0.2,0.2,0,0.0,-0.0,-0.0
WST.US,long,2020-11-24,2020-11-25,2,0.2,0.2,0,0.0011131448208882677,-0.0,0.0011131448208882677
HUM.US,long,2020-11-25,2020-12-03,6,0.19999999999999998,0.2,0,0.00144560908983884,-0.00021940825879089836,0.0027179333732295866
DHR.US,long,2020-11-27,2020-11-27,1,0.2,0.2,0,0.0,-0.0,-0.0
DOC.US,long,2020-11-27,2020-12-02,4,0.2,0.2,0,-0.002362197826455392,-0.00682730923694781,-0.0
MRK.US,long,2020-11-27,2020-11-30,2,0.2,0.2,0,0.001327322814926113,-0.0,0.001327322814926113
XEL.US,long,2020-11-27,2020-11-30,2,0.2,0.2,0,-0.0007690032534753311,-0.0007690032534753311,-0.0
VNO.US,long,2020-11-30,2020-12-02,3,0.20000000000000004,0.2,0,0.004142030640291461,-0.0,0.004142030640291461
COP.US,long,2020-12-01,2020-12-02,2,0.2,0.2,0,0.0035650623885918,-0.0,0.0035650623885918
CXO.US,long,2020-12-01,2020-12-02,2,0.2,0.2,0,0.004322614654717993,-0.0,0.004322614654717993
ALB.US,long,2020-12-03,2020-12-03,1,0.2,0.2,0,0.0,-0.0,-0.0
BBWI.US,long,2020-12-03,2020-12-04,2,0.2,0.2,0,-0.0005215123859191762,-0.0005215123859191762,-0.0
BBY.US,long,2020-12-03,2020-12-08,4,0.2,0.2,0,-0.006695047459329561,-0.007201228711154739,-0.0
CRM.US,long,2020-12-03,2020-12-15,9,0.2,0.2,0,-0.0005670281230763399,-0.0005670281230763406,0.006195803867824212
LOW.US,long,2020-12-04,2020-12-08,3,0.20000000000000004,0.2,0,0.0016664262999758874,-0.0,0.002653333333333352
POOL.US,long,2020-12-04,2020-12-04,1,0.2,0.2,0,0.0,-0.0,-0.0
HAS.US,long,2020-12-07,2020-12-11,5,0.2,0.2,0,-0.0012636229052956473,-0.001985318890861687,0.0003349335715082891
LUMN.US,long,2020-12-07,2020-12-08,2,0.2,0.2,0,0.008722109533468548,-0.0,0.008722109533468548
ALK.US,long,2020-12-09,2020-12-16,6,0.19999999999999998,0.2,0,-0.002196210000007093,-0.005613882261507519,0.0036934074662430486
AMD.US,long,2020-12-09,2020-12-11,3,0.20000000000000004,0.2,0,0.004052542916361368,-0.0,0.004074362685071798
LUV.US,long,2020-12-09,2020-12-22,10,0.2,0.2,0,-0.0016967585877355475,-0.002088872088872096,0.004545454545454542
CCL.US,long,2020-12-14,2020-12-15,2,0.2,0.2,0,0.005733397037744892,-0.0,0.005733397037744892
GAP.US,long,2020-12-14,2020-12-22,7,0.19999999999999998,0.2,0,-0.0024664786160918163,-0.0024664786160918163,0.0040933774802965235
DISH.US,long,2020-12-16,2020-12-22,5,0.2,0.2,0,-0.017308480184679412,-0.017308480184679412,-0.0
RCL.US,long,2020-12-16,2020-12-24,7,0.19999999999999998,0.2,0,-0.008070794333670838,-0.010907383253541948,0.0007875084860828441
BA.US,long,2020-12-17,2021-01-04,11,0.2,0.2,0,-0.017155317860270625,-0.017155317860270625,-0.0
BXP.US,long,2020-12-23,2020-12-24,2,0.2,0.2,0,0.0028725701943844942,-0.0,0.0028725701943844942
REG.US,long,2020-12-23,2020-12-24,2,0.2,0.2,0,0.0011071744906997695,-0.0,0.0011071744906997695
WELL.US,long,2020-12-23,2020-12-23,1,0.2,0.2,0,0.0,-0.0,-0.0
BKR.US,long,2020-12-24,2021-01-05,7,0.19999999999999998,0.2,0,0.002470628015287169,-0.002482716677517183,0.002470628015287169
ETSY.US,long,2020-12-28,2020-12-29,2,0.2,0.2,0,-0.001246350774758609,-0.001246350774758609,-0.0
OKE.US,long,2020-12-28,2021-01-04,5,0.2,0.2,0,-0.004732014199056046,-0.004732014199056046,-0.0
WMB.US,long,2020-12-28,2021-01-04,5,0.2,0.2,0,-0.00038818845939121455,-0.001990251506387564,-0.0
MKTX.US,long,2020-12-30,2021-01-26,18,0.20000000000000004,0.2,0,-0.019080829240794194,-0.019261451602627887,0.002948761271275391
LEN.US,long,2021-01-05,2021-01-06,2,0.2,0.2,0,-0.001139576997984082,-0.001139576997984082,-0.0
PAYC.US,long,2021-01-05,2021-01-06,2,0.2,0.2,0,-0.006086019490254869,-0.006086019490254869,-0.0
PHM.US,long,2021-01-05,2021-01-06,2,0.2,0.2,0,-0.0010713416118821374,-0.0010713416118821374,-0.0
DHI.US,long,2021-01-06,2021-01-06,1,0.2,0.2,0,0.0,-0.0,-0.0
FDX.US,long,2021-01-07,2021-01-11,3,0.20000000000000004,0.2,0,-0.000584066350387391,-0.0008697864298780056,-0.0
KO.US,long,2021-01-07,2021-01-07,1,0.2,0.2,0,0.0,-0.0,-0.0
TWTR.US,long,2021-01-07,2021-01-19,8,0.2,0.2,0,-0.02543711498952881,-0.028757168110378744,-0.0
UPS.US,long,2021-01-07,2021-01-08,2,0.2,0.2,0,-0.0007672955974842966,-0.0007672955974842966,-0.0
AAL.US,long,2021-01-11,2021-01-11,1,0.2,0.2,0,0.0,-0.0,-0.0
LVS.US,long,2021-01-11,2021-01-20,7,0.19999999999999998,0.2,0,-0.006883291433702076,-0.010589769661818859,0.0007445488388583499
META.US,long,2021-01-12,2021-01-15,4,0.2,0.2,0,0.0003265946636675345,-0.004330627287154854,0.00043808992791429804
WDC.US,long,2021-01-12,2021-01-13,2,0.2,0.2,0,-0.0017234468937875613,-0.0017234468937875613,-0.0
VTRS.US,long,2021-01-14,2021-01-15,2,0.2,0.2,0,-0.003004043905257081,-0.003004043905257081,-0.0
NOV.US,long,2021-01-19,2021-02-01,10,0.2,0.2,0,-0.017745962443355138,-0.02501254563739055,-0.0
PVH.US,long,2021-01-19,2021-02-01,10,0.2,0.2,0,-0.031891101627163757,-0.031891101627163757,0.004227523157246305
HAL.US,long,2021-01-20,2021-01-27,6,0.19999999999999998,0.2,0,-0.02949203803170859,-0.02949203803170859,-0.0
EOG.US,long,2021-01-21,2021-01-22,2,0.2,0.2,0,-0.000617844811920798,-0.000617844811920798,-0.0
APA.US,long,2021-01-25,2021-02-01,6,0.19999999999999998,0.2,0,-0.00703068804663376,-0.018795393928986704,-0.0
ENPH.US,long,2021-01-27,2021-01-27,1,0.2,0.2,0,0.0,-0.0,-0.0
ALB.US,long,2021-01-28,2021-02-01,3,0.20000000000000004,0.2,0,0.00010172367234186856,-0.004459938690869781,0.00010172367234186856
HES.US,long,2021-01-28,2021-02-02,4,0.2,0.2,0,-0.005016164659410527,-0.00686940966010734,-0.0
KMI.US,long,2021-02-02,2021-02-05,4,0.2,0.2,0,0.004988553367488314,-0.0,0.006227371469949317
LLY.US,long,2021-02-02,2021-02-03,2,0.2,0.2,0,-0.00060741040696497,-0.00060741040696497,-0.0
TAP.US,long,2021-02-02,2021-02-16,10,0.2,0.2,0,-0.017879738917065558,-0.020106505561010124,0.001963591736551429
VNO.US,long,2021-02-02,2021-02-05,4,0.2,0.2,0,-0.0004247863152367471,-0.0006389764089449247,0.0003202562049639646
SLG.US,long,2021-02-03,2021-02-05,3,0.20000000000000004,0.2,0,0.0002697396963393659,-0.0017904821737081634,0.0002697396963393659
ALB.US,long,2021-02-04,2021-02-04,1,0.2,0.2,0,0.0,-0.0,-0.0
QCOM.US,long,2021-02-05,2021-02-11,5,0.2,0.2,0,-0.00036404567140220246,-0.00044651989820634365,0.0021119034558420235
DGX.US,long,2021-02-08,2021-02-09,2,0.2,0.2,0,0.0002466293982242629,-0.0,0.0002466293982242629
ELV.US,long,2021-02-08,2021-02-08,1,0.2,0.2,0,0.0,-0.0,-0.0
KSU.US,long,2021-02-08,2021-02-09,2,0.2,0.2,0,-0.0009512135327286232,-0.0009512135327286232,-0.0
FTI.US,long,2021-02-09,2021-02-09,1,0.2,0.2,0,0.0,-0.0,-0.0
DD.US,long,2021-02-10,2021-02-23,9,0.2,0.2,0,-0.004592741038440496,-0.004592741038440495,0.0032579622106018395
HOLX.US,long,2021-02-10,2021-02-11,2,0.2,0.2,0,0.0010552763819095645,-0.0,0.0010552763819095645
TSLA.US,long,2021-02-10,2021-02-23,9,0.2,0.2,0,-0.027319447085149128,-0.027319447085149128,0.0027987662722753995
NWL.US,long,2021-02-12,2021-02-18,4,0.2,0.2,0,-0.0045236376061081884,-0.0045236376061081884,-0.0
RCL.US,long,2021-02-12,2021-02-12,1,0.2,0.2,0,0.0,-0.0,-0.0
PHM.US,long,2021-02-16,2021-02-23,6,0.19999999999999998,0.2,0,-0.0031113862089454662,-0.005224062265283514,-0.0
SLG.US,long,2021-02-17,2021-02-18,2,0.2,0.2,0,-0.004746423927178123,-0.004746423927178123,-0.0
HOLX.US,long,2021-02-19,2021-02-26,6,0.19999999999999998,0.2,0,-0.009563709838415035,-0.009563709838415035,-0.0
IRM.US,long,2021-02-19,2021-02-23,3,0.20000000000000004,0.2,0,-0.0004147840422965123,-0.0022381100404103463,-0.0
ANET.US,long,2021-02-24,2021-02-26,3,0.20000000000000004,0.2,0,-0.00456009324727873,-0.00456009324727873,-0.0
BIO.US,long,2021-02-24,2021-02-26,3,0.20000000000000004,0.2,0,-0.003428975325862527,-0.004132898409388974,0.0
ILMN.US,long,2021-02-24,2021-02-26,3,0.20000000000000004,0.2,0,-0.0094825910752508,-0.0094825910752508,-0.0
TSCO.US,long,2021-02-24,2021-02-26,3,0.20000000000000004,0.2,0,-0.0026305222968686206,-0.0026305222968686206,0.00012416190712691844
HSY.US,long,2021-03-01,2021-03-03,3,0.20000000000000004,0.2,0,-0.0011280683581929686,-0.0011280683581929686,0.00022040085405330425
PSA.US,long,2021-03-01,2021-03-04,4,0.2,0.2,0,-0.0005000709730226705,-0.0009332526927541052,0.0021209639177479644
DXCM.US,long,2021-03-02,2021-03-12,9,0.2,0.2,0,-0.017338287136890763,-0.02080549252938713,-0.0
TGT.US,long,2021-03-02,2021-03-05,4,0.2,0.2,0,-0.0009419393820733427,-0.00422777143954598,0.00013833650354486693
WBA.US,long,2021-03-02,2021-03-05,4,0.2,0.2,0,-0.0009811135180589625,-0.0024322445466547606,0.0008010118043844995
ENPH.US,long,2021-03-04,2021-03-08,3,0.20000000000000004,0.2,0,-0.024455116862560033,-0.024455116862560033,-0.0
TSLA.US,long,2021-03-05,2021-03-08,2,0.2,0.2,0,-0.011689938675484802,-0.011689938675484802,-0.0
MPWR.US,long,2021-03-08,2021-03-10,3,0.20000000000000004,0.2,0,0.01416341980553988,-0.0,0.01444131766263861
TER.US,long,2021-03-08,2021-03-12,5,0.2,0.2,0,0.01700683391264941,-0.0,0.0188160733294771
APTV.US,long,2021-03-09,2021-03-09,1,0.2,0.2,0,0.0,-0.0,-0.0
LYV.US,long,2021-03-09,2021-03-12,4,0.2,0.2,0,0.0014419277645046024,-0.0,0.0034694114319973046
GE.US,long,2021-03-11,2021-03-12,2,0.2,0.2,0,0.005054604726976342,-0.0,0.005054604726976342
AON.US,long,2021-03-15,2021-03-25,9,0.2,0.2,0,-0.00039974662208510644,-0.002306087824559588,0.001108647450110878
LLY.US,long,2021-03-15,2021-03-19,5,0.2,0.2,0,-0.005136596270735128,-0.005528049541000968,0.0018397124127722542
PKG.US,long,2021-03-15,2021-03-24,8,0.2,0.2,0,-0.007237335143461987,-0.008726515318750882,0.00022683386897444087
MRO.US,long,2021-03-16,2021-03-25,8,0.2,0.2,0,-0.015554931962918062,-0.022588804407226836,0.00349040139616057
NOV.US,long,2021-03-16,2021-03-25,8,0.2,0.2,0,-0.022327384773637986,-0.022327384773637982,0.007246376811594191
CZR.US,long,2021-03-22,2021-03-31,8,0.2,0.2,0,-0.0011809301859835725,-0.013293436647770872,-0.0
PSKY.US,long,2021-03-25,2021-04-20,18,0.20000000000000004,0.2,0,-0.10115358238650442,-0.10115358238650442,-0.0
DISCK.US,long,2021-03-26,2021-04-20,17,0.2,0.2,0,-0.03380557653307186,-0.03380557653307186,0.006472856399874206
TWTR.US,long,2021-03-26,2021-03-26,1,0.2,0.2,0,0.0,0.0,0.0
WBD.US,long,2021-03-26,2021-04-20,17,0.2,0.2,0,-0.03199274590725169,-0.0319927459072517,0.007615657736786542
FOXA.US,long,2021-03-29,2021-04-05,5,0.2,0.2,0,-0.0044305667387607665,-0.006034024333867261,-0.0
KMX.US,long,2021-04-01,2021-04-07,4,0.2,0.2,0,0.0046381760401816635,-0.0,0.007704160246533132
BIIB.US,long,2021-04-06,2021-04-14,7,0.19999999999999998,0.2,0,-0.004350356565687807,-0.006629728031223548,-0.0
OXY.US,long,2021-04-08,2021-04-13,4,0.2,0.2,0,-0.003564993765629909,-0.004060247583211396,-0.0
AAL.US,long,2021-04-14,2021-04-23,8,0.2,0.2,0,-0.010659093983661449,-0.021022820939316667,-0.0
ENPH.US,long,2021-04-15,2021-04-20,4,0.2,0.2,0,0.0022670823189074657,-0.006036729499145532,0.0057891487756361664
HAL.US,long,2021-04-21,2021-04-23,3,0.20000000000000004,0.2,0,-0.0004083878595050549,-0.0004083878595050549,0.0012565445026177626
NRG.US,long,2021-04-21,2021-05-07,13,0.20000000000000004,0.2,0,-0.014763600007658308,-0.014763600007658308,-0.0
TDG.US,long,2021-04-21,2021-04-23,3,0.20000000000000004,0.2,0,-0.00028641056616993674,-0.0008051124641473839,0.0
ZBRA.US,long,2021-04-21,2021-04-22,2,0.2,0.2,0,-0.0016362415287868527,-0.0016362415287868527,-0.0
INTC.US,long,2021-04-23,2021-04-28,4,0.2,0.2,0,-0.005516951819125593,-0.005516951819125593,-0.0
BBY.US,long,2021-04-26,2021-04-26,1,0.2,0.2,0,0.0,-0.0,-0.0
CPB.US,long,2021-04-26,2021-04-30,5,0.2,0.2,0,-0.0006894395429972722,-0.0014568568049345477,0.00043509190223387515
KR.US,long,2021-04-26,2021-04-28,3,0.20000000000000004,0.2,0,0.0006061883520081191,-0.0,0.0012588943623426552
NEM.US,long,2021-04-27,2021-04-30,4,0.2,0.2,0,-0.005598022497253497,-0.005918998263583109,-0.0
ENPH.US,long,2021-04-29,2021-05-17,13,0.20000000000000004,0.2,0,-0.036951087097494596,-0.04370215760049585,-0.0
TSLA.US,long,2021-04-29,2021-04-29,1,0.2,0.2,0,0.0,-0.0,-0.0
TWTR.US,long,2021-04-30,2021-05-14,11,0.2,0.2,0,-0.012544831956198241,-0.019010607250550635,-0.0
ETSY.US,long,2021-05-03,2021-05-07,5,0.2,0.2,0,-0.025694383419258802,-0.03562589026857386,-0.0
WBD.US,long,2021-05-03,2021-05-04,2,0.2,0.2,0,0.002214839424141779,-0.0,0.002214839424141779
QRVO.US,long,2021-05-05,2021-05-13,7,0.19999999999999998,0.2,0,-0.017320067906979823,-0.01913440113951688,0.0023334794040315468
SWKS.US,long,2021-05-10,2021-05-13,4,0.2,0.2,0,-0.0044733356449464965,-0.0052905213070526536,0.001132871346791209
TSLA.US,long,2021-05-10,2021-05-19,8,0.2,0.2,0,-0.021475031276250035,-0.021475031276250035,-0.0
COR.US,long,2021-05-14,2021-05-18,3,0.20000000000000004,0.2,0,0.0007648746159147016,-0.0,0.002729145211122575
DIS.US,long,2021-05-14,2021-05-19,4,0.2,0.2,0,-0.0051217354279106345,-0.0051217354279106345,-0.0
DGX.US,long,2021-05-17,2021-05-19,3,0.20000000000000004,0.2,0,-0.00200338770727595,-0.00200338770727595,-0.0
TAP.US,long,2021-05-18,2021-05-19,2,0.2,0.2,0,0.0003244412400865482,-0.0,0.0003244412400865482
LEN.US,long,2021-05-19,2021-05-24,4,0.2,0.2,0,0.00038896392948544183,-0.0005412349439238186,0.0009278623161083299
BBWI.US,long,2021-05-20,2021-05-21,2,0.2,0.2,0,0.0003401360544217358,-0.0,0.0003401360544217358
DISCK.US,long,2021-05-20,2021-05-25,4,0.2,0.2,0,-0.008987438120416847,-0.008987438120416847,-0.0
GAP.US,long,2021-05-20,2021-05-25,4,0.2,0.2,0,0.0004974043908181347,-0.0002455494168201344,0.0012295581431061465
RL.US,long,2021-05-20,2021-05-25,4,0.2,0.2,0,-0.0004806393811360057,-0.003724515311242205,-0.0
UAA.US,long,2021-05-24,2021-05-25,2,0.2,0.2,0,0.0009394081728510972,-0.0,0.0009394081728510972
APA.US,long,2021-05-25,2021-05-26,2,0.2,0.2,0,0.005416248746238717,-0.0,0.005416248746238717
AZO.US,long,2021-05-26,2021-06-10,11,0.2,0.2,0,-0.005068316611557844,-0.005068316611557844,0.00017304964539008872
COR.US,long,2021-05-26,2021-06-01,4,0.2,0.2,0,-0.000626099856601181,-0.000626099856601181,0.0005755144750610342
MCK.US,long,2021-05-26,2021-06-02,5,0.2,0.2,0,-0.002588291955620425,-0.002588291955620425,1.0293360782265282e-05
WBA.US,long,2021-05-26,2021-06-01,4,0.2,0.2,0,0.00321152676839862,-0.0,0.003960776773697372
KR.US,long,2021-05-27,2021-05-28,2,0.2,0.2,0,0.0038027004684486167,-0.0,0.0038027004684486167
FFIV.US,long,2021-06-01,2021-06-01,1,0.2,0.2,0,0.0,-0.0,-0.0
NWSA.US,long,2021-06-02,2021-06-03,2,0.2,0.2,0,-0.00015438054805094747,-0.00015438054805094747,-0.0
PVH.US,long,2021-06-02,2021-06-10,7,0.19999999999999998,0.2,0,-0.0011355381298857603,-0.0011355381298857603,0.0063738054268349005
TPR.US,long,2021-06-02,2021-06-03,2,0.2,0.2,0,-0.0008897213767267598,-0.0008897213767267598,-0.0
GAP.US,long,2021-06-03,2021-06-07,3,0.20000000000000004,0.2,0,-0.0017087806948014263,-0.0017087806948014263,-0.0
BBWI.US,long,2021-06-04,2021-06-18,11,0.2,0.2,0,-0.00867506673377554,-0.00867506673377554,0.003978460752726098
MHK.US,long,2021-06-04,2021-06-18,11,0.2,0.2,0,-0.021374260526740588,-0.021374260526740588,0.0017193809728371257
DISH.US,long,2021-06-08,2021-06-15,6,0.19999999999999998,0.2,0,-0.015789819977291588,-0.016439332842642564,-0.0
APA.US,long,2021-06-11,2021-06-18,6,0.19999999999999998,0.2,0,-0.01777166403055115,-0.01777166403055115,0.002069123466635214
OXY.US,long,2021-06-11,2021-06-15,3,0.20000000000000004,0.2,0,0.006153382218358994,-0.0003529827038474931,0.006153382218358994
FCX.US,long,2021-06-16,2021-06-18,3,0.20000000000000004,0.2,0,-0.011388690363326105,-0.011388690363326105,-0.0
MOS.US,long,2021-06-16,2021-06-18,3,0.20000000000000004,0.2,0,-0.01692242873469547,-0.01692242873469547,-0.0
EA.US,long,2021-06-21,2021-06-25,5,0.2,0.2,0,-0.0033656121600245345,-0.0033656121600245345,-0.0
STX.US,long,2021-06-21,2021-06-23,3,0.20000000000000004,0.2,0,-0.0012835721306006186,-0.0018989567459852142,0.0
WDC.US,long,2021-06-21,2021-06-22,2,0.2,0.2,0,-0.0021387283236994348,-0.0021387283236994348,-0.0
EXC.US,long,2021-06-22,2021-06-24,3,0.20000000000000004,0.2,0,-0.0004043901154192398,-0.0008120911346717997,-0.0
BIIB.US,long,2021-06-23,2021-06-28,4,0.2,0.2,0,-0.017336826449243684,-0.017336826449243684,-0.0
LUMN.US,long,2021-06-23,2021-06-24,2,0.2,0.2,0,0.0023205221174764645,-0.0,0.0023205221174764645
EQIX.US,long,2021-06-24,2021-06-25,2,0.2,0.2,0,0.001047066673510244,-0.0,0.001047066673510244
DAL.US,long,2021-06-25,2021-06-30,4,0.2,0.2,0,-0.00523701706509423,-0.007056471228845119,-0.0
UAL.US,long,2021-06-25,2021-06-30,4,0.2,0.2,0,-0.00591818605952148,-0.006455098811199323,-0.0
AAL.US,long,2021-06-28,2021-06-30,3,0.20000000000000004,0.2,0,-0.0016651541401974336,-0.002898550724637694,-0.0
BKR.US,long,2021-06-28,2021-06-30,3,0.20000000000000004,0.2,0,0.0019403856710700218,-0.0,0.0019403856710700218
NCLH.US,long,2021-06-29,2021-07-08,7,0.19999999999999998,0.2,0,-0.015291073876750149,-0.015291073876750149,0.0041390515253813655
CVS.US,long,2021-07-01,2021-07-08,5,0.2,0.2,0,-0.00488173863642849,-0.00488173863642849,0.0005108246168815889
DRE.US,long,2021-07-01,2021-07-01,1,0.2,0.2,0,0.0,0.0,0.0
KR.US,long,2021-07-01,2021-07-08,5,0.2,0.2,0,-0.001240201149355968,-0.0037450580059534833,0.0012588512981903666
WBA.US,long,2021-07-01,2021-07-08,5,0.2,0.2,0,-0.008291917006507377,-0.008291917006507377,-0.0
PWR.US,long,2021-07-02,2021-07-08,4,0.2,0.2,0,-0.0050998340124710495,-0.0050998340124710495,-0.0
ZBH.US,long,2021-07-09,2021-07-19,7,0.19999999999999998,0.2,0,-0.011706952496903213,-0.011706952496903213,0.0005649362877408582
CHTR.US,long,2021-07-12,2021-07-15,4,0.2,0.2,0,-0.004138904495319706,-0.005154060547047012,-0.0
CRM.US,long,2021-07-12,2021-07-19,6,0.19999999999999998,0.2,0,-0.004413021805579943,-0.004413021805579943,0.0009139187353341072
HPQ.US,long,2021-07-12,2021-07-19,6,0.19999999999999998,0.2,0,-0.011193188741900208,-0.011701909672132783,-0.0
NVR.US,long,2021-07-12,2021-07-19,6,0.19999999999999998,0.2,0,-0.007025835820682835,-0.007025835820682835,-0.0
OXY.US,long,2021-07-16,2021-07-19,2,0.2,0.2,0,-0.008635312259059358,-0.008635312259059358,-0.0
BIIB.US,long,2021-07-20,2021-07-21,2,0.2,0.2,0,0.0002914819064157026,-0.0,0.0002914819064157026
OMC.US,long,2021-07-20,2021-07-23,4,0.2,0.2,0,-0.0020555899292246994,-0.00288892326255803,0.0017243738880525772
POOL.US,long,2021-07-20,2021-07-22,3,0.20000000000000004,0.2,0,-0.0008436728741636479,-0.0008436728741636479,0.0022894521668029633
PPG.US,long,2021-07-20,2021-07-20,1,0.2,0.2,0,0.0,-0.0,-0.0
SEE.US,long,2021-07-20,2021-07-22,3,0.20000000000000004,0.2,0,0.00018351991191041251,-0.0,0.00018351991191041251
GEN.US,long,2021-07-21,2021-08-10,15,0.20000000000000007,0.2,0,-0.011446903242568519,-0.0136235461894082,0.0014824015543557058
TRV.US,long,2021-07-22,2021-08-05,11,0.2,0.2,0,0.0038534844784507524,-0.001241110801727419,0.0038534844784507524
TAP.US,long,2021-07-23,2021-07-23,1,0.2,0.2,0,0.0,-0.0,-0.0
ELV.US,long,2021-07-26,2021-07-26,1,0.2,0.2,0,0.0,-0.0,-0.0
LMT.US,long,2021-07-26,2021-07-26,1,0.2,0.2,0,0.0,-0.0,-0.0
CNC.US,long,2021-07-27,2021-07-30,4,0.2,0.2,0,-0.005325259504492853,-0.005325259504492853,-0.0
FDX.US,long,2021-07-27,2021-08-10,11,0.2,0.2,0,-0.008097598533330785,-0.008097598533330787,-0.0
UPS.US,long,2021-07-27,2021-08-02,5,0.2,0.2,0,-0.0033301848322451868,-0.003936372123215093,-0.0
CZR.US,long,2021-08-02,2021-08-04,3,0.20000000000000004,0.2,0,-0.0034779756663251733,-0.0034779756663251733,0.0006473988439306578
AAL.US,long,2021-08-03,2021-08-04,2,0.2,0.2,0,-0.005012531328320802,-0.005012531328320802,-0.0
APTV.US,long,2021-08-05,2021-08-05,1,0.2,0.2,0,0.0,-0.0,-0.0
XRAY.US,long,2021-08-05,2021-08-11,5,0.2,0.2,0,-0.0027822095116095905,-0.005013969168261934,0.0018075313807531135
BWA.US,long,2021-08-06,2021-08-10,3,0.20000000000000004,0.2,0,0.0014044767094333111,-0.0,0.0014044767094333111
EBAY.US,long,2021-08-06,2021-08-09,2,0.2,0.2,0,-0.00042754619025806576,-0.00042754619025806576,-0.0
EOG.US,long,2021-08-10,2021-08-20,9,0.2,0.2,0,-0.012582885033526205,-0.013236479804767987,0.0030744414866085367
AMAT.US,long,2021-08-11,2021-08-13,3,0.20000000000000004,0.2,0,-0.007254904135251629,-0.008307372793354096,-0.0
DXCM.US,long,2021-08-11,2021-08-13,3,0.20000000000000004,0.2,0,0.000472225926659564,-0.0,0.001056582221678326
TWTR.US,long,2021-08-11,2021-08-20,8,0.2,0.2,0,-0.009117364592810673,-0.010632271925606828,-0.0
LRCX.US,long,2021-08-12,2021-08-13,2,0.2,0.2,0,-0.001062535346437965,-0.001062535346437965,-0.0
ENPH.US,long,2021-08-16,2021-08-20,5,0.2,0.2,0,-0.001758960806229593,-0.006082228949032298,-0.0
FANG.US,long,2021-08-16,2021-08-20,5,0.2,0.2,0,-0.012224666033052368,-0.013108578820324058,-0.0
GAP.US,long,2021-08-16,2021-08-18,3,0.20000000000000004,0.2,0,-0.009529788597053135,-0.009529788597053135,-0.0
DXC.US,long,2021-08-19,2021-08-20,2,0.2,0.2,0,0.00073633531577455,-0.0,0.00073633531577455
CERN.US,long,2021-08-23,2021-08-26,4,0.2,0.2,0,-0.004785779334662954,-0.004785779334662954,-0.0
DOC.US,long,2021-08-23,2021-08-26,4,0.2,0.2,0,0.001259864120312493,-0.0,0.0016572527095830127
FTV.US,long,2021-08-23,2021-08-24,2,0.2,0.2,0,0.0016136711908931733,-0.0,0.0016136711908931733
TSN.US,long,2021-08-23,2021-08-30,6,0.19999999999999998,0.2,0,-0.0034081727762110166,-0.0036174515146087274,-0.0
VTR.US,long,2021-08-23,2021-08-24,2,0.2,0.2,0,0.0011063986723216068,-0.0,0.0011063986723216068
DLR.US,long,2021-08-25,2021-08-26,2,0.2,0.2,0,0.00028998297925992845,-0.0,0.00028998297925992845
EQIX.US,long,2021-08-25,2021-08-25,1,0.2,0.2,0,0.0,-0.0,-0.0
ADSK.US,long,2021-08-26,2021-09-14,13,0.20000000000000004,0.2,0,-0.02052391337963313,-0.020523913379633132,0.003513975305457917
DG.US,long,2021-08-27,2021-09-01,4,0.2,0.2,0,-0.0022740187239516764,-0.0022740187239516764,9.766925638179381e-05
LLY.US,long,2021-08-27,2021-09-01,4,0.2,0.2,0,-0.0017830974481090724,-0.0017830974481090724,0.0019711260827719014
PFE.US,long,2021-08-27,2021-09-01,4,0.2,0.2,0,-0.0023947816939037694,-0.0023947816939037694,0.0006866952789699177
ILMN.US,long,2021-08-31,2021-08-31,1,0.2,0.2,0,0.0,0.0,0.0
WFC.US,long,2021-09-01,2021-09-10,7,0.19999999999999998,0.2,0,0.004112016747137638,-0.0,0.005155350978135776
BBWI.US,long,2021-09-02,2021-09-14,8,0.2,0.2,0,-0.006810369252009863,-0.006810369252009863,-0.0
BIIB.US,long,2021-09-02,2021-09-22,14,0.20000000000000004,0.2,0,-0.02900937544941551,-0.029009375449415516,-0.0
COF.US,long,2021-09-02,2021-09-10,6,0.19999999999999998,0.2,0,-0.005643781527797009,-0.006887851971121339,-0.0
ALB.US,long,2021-09-13,2021-09-21,7,0.19999999999999998,0.2,0,-0.010680127666140373,-0.011617569656116246,0.004215591269415064
NUE.US,long,2021-09-13,2021-09-24,10,0.2,0.2,0,-0.014679386734976044,-0.02432300057026817,0.0013116253139165092
KR.US,long,2021-09-15,2021-09-28,10,0.2,0.2,0,-0.00285194391925796,-0.005494905111224946,-0.0
LEN.US,long,2021-09-15,2021-09-15,1,0.2,0.2,0,0.0,-0.0,-0.0
LLY.US,long,2021-09-16,2021-09-17,2,0.2,0.2,0,-0.0008137119113573289,-0.0008137119113573289,-0.0
PVH.US,long,2021-09-20,2021-09-22,3,0.20000000000000004,0.2,0,0.0021767508422094292,-0.0017477917684646017,0.0021767508422094292
ILMN.US,long,2021-09-22,2021-10-06,11,0.2,0.2,0,-0.01967810139660819,-0.026504593269526235,-0.0
ETR.US,long,2021-09-23,2021-10-01,7,0.19999999999999998,0.2,0,-0.006332260264176926,-0.006596169851904633,-0.0
EXR.US,long,2021-09-23,2021-09-28,4,0.2,0.2,0,-0.006612310497200636,-0.00880725975375012,-0.0
ABMD.US,long,2021-09-27,2021-10-04,6,0.19999999999999998,0.2,0,-0.014935940400830107,-0.014935940400830107,-0.0
GNRC.US,long,2021-09-29,2021-10-06,6,0.19999999999999998,0.2,0,-0.0006506889743616018,-0.0021802470335025694,0.0010528128305414164
MRNA.US,long,2021-09-29,2021-10-04,4,0.2,0.2,0,-0.028541906274081288,-0.028541906274081288,0.0031459487991554627
NUE.US,long,2021-10-04,2021-10-06,3,0.20000000000000004,0.2,0,-0.0015236261102956174,-0.0015236261102956174,0.003967761934283942
BIO.US,long,2021-10-05,2021-10-06,2,0.2,0.2,0,-0.0003039219749402689,-0.0003039219749402689,-0.0
REGN.US,long,2021-10-05,2021-10-19,11,0.2,0.2,0,0.0005465986323027533,-0.002629231205041793,0.0017557753970077752
LUMN.US,long,2021-10-08,2021-10-13,4,0.2,0.2,0,-0.005793996049208272,-0.005793996049208272,-0.0
PNR.US,long,2021-10-08,2021-10-13,4,0.2,0.2,0,-0.0027750267711640795,-0.0027750267711640795,-0.0
RCL.US,long,2021-10-08,2021-10-22,11,0.2,0.2,0,-0.007069525232043649,-0.009219292340606899,0.0021573891576615713
ZBRA.US,long,2021-10-08,2021-10-13,4,0.2,0.2,0,-0.0007356011263984332,-0.002245704088384515,-0.0
CTRA.US,long,2021-10-14,2021-10-19,4,0.2,0.2,0,0.001147967194127842,-0.003951807228915682,0.001147967194127842
USB.US,long,2021-10-14,2021-10-18,3,0.20000000000000004,0.2,0,0.0016615457435356974,-0.0,0.0016615457435356974
WFC.US,long,2021-10-14,2021-10-14,1,0.2,0.2,0,0.0,-0.0,-0.0
OXY.US,long,2021-10-15,2021-10-15,1,0.2,0.2,0,0.0,-0.0,-0.0
IP.US,long,2021-10-18,2021-10-19,2,0.2,0.2,0,-0.003064119538490595,-0.003064119538490595,-0.0
ULTA.US,long,2021-10-19,2021-10-20,2,0.2,0.2,0,-0.0028622540250447417,-0.0028622540250447417,-0.0
BKR.US,long,2021-10-20,2021-10-22,3,0.20000000000000004,0.2,0,-0.005471678332760367,-0.008520710059171589,-0.0
DRI.US,long,2021-10-20,2021-10-29,8,0.2,0.2,0,0.0014294654565887076,-0.0,0.0036012099428582413
EXPE.US,long,2021-10-20,2021-10-29,8,0.2,0.2,0,0.000851077271486078,-0.0028088119306540096,0.000851077271486078
IPG.US,long,2021-10-21,2021-10-27,5,0.2,0.2,0,-0.005713171981946319,-0.005713171981946319,-0.0
CF.US,long,2021-10-25,2021-10-29,5,0.2,0.2,0,-0.00789462286140088,-0.008145244179770784,-0.0
OTIS.US,long,2021-10-25,2021-10-28,4,0.2,0.2,0,-0.004753300000875926,-0.005255056147388748,-0.0
MTCH.US,long,2021-10-28,2021-11-03,5,0.2,0.2,0,-0.003656260539193502,-0.00956672839513424,-0.0
HES.US,long,2021-10-29,2021-10-29,1,0.2,0.2,0,0.0,-0.0,-0.0
AON.US,long,2021-11-01,2021-11-05,5,0.2,0.2,0,-0.012158126097852075,-0.012158126097852075,-0.0
BSX.US,long,2021-11-01,2021-11-29,20,0.20000000000000004,0.2,0,-0.02026124600032924,-0.020364953545053126,0.0026026711361580635
CHRW.US,long,2021-11-01,2021-11-03,3,0.20000000000000004,0.2,0,-0.003169501868104785,-0.003169501868104785,-0.0
NOC.US,long,2021-11-01,2021-11-03,3,0.20000000000000004,0.2,0,-0.00041468162181041985,-0.0009299704100324213,-0.0
CZR.US,long,2021-11-04,2021-11-11,6,0.19999999999999998,0.2,0,-0.0021103775815404908,-0.005931141734371038,0.006516679596586483
GNRC.US,long,2021-11-04,2021-11-10,5,0.2,0.2,0,-0.005121047347617158,-0.005389351122060071,-0.0
MRNA.US,long,2021-11-04,2021-11-12,7,0.19999999999999998,0.2,0,-0.03767713837701612,-0.04243313873128059,-0.0
CRL.US,long,2021-11-08,2021-11-08,1,0.2,0.2,0,0.0,-0.0,-0.0
TSLA.US,long,2021-11-09,2021-11-15,5,0.2,0.2,0,-0.0016806900861373376,-0.0016806900861373376,0.008685841847988086
MGM.US,long,2021-11-11,2021-11-12,2,0.2,0.2,0,-0.0014531043593130734,-0.0014531043593130734,-0.0
RCL.US,long,2021-11-12,2021-12-03,15,0.20000000000000007,0.2,0,-0.043862312687089705,-0.052052408658155504,0.0016317843206810957
BKNG.US,long,2021-11-15,2021-11-26,9,0.2,0.2,0,-0.021239007035226232,-0.021239007035226232,-0.0
HAL.US,long,2021-11-15,2021-11-22,6,0.19999999999999998,0.2,0,-0.009513318460407484,-0.011781921001242337,0.001794871794871833
EXPE.US,long,2021-11-16,2021-11-16,1,0.2,0.2,0,0.0,-0.0,-0.0
APA.US,long,2021-11-17,2021-11-22,4,0.2,0.2,0,-0.007959107517306996,-0.012036030594230085,-0.0
BBY.US,long,2021-11-23,2021-12-02,7,0.19999999999999998,0.2,0,-0.029821766336232947,-0.033088270003714615,-0.0
UAA.US,long,2021-11-23,2021-11-26,3,0.20000000000000004,0.2,0,-0.006583106620028501,-0.006583106620028501,0.0008064516129032029
DXCM.US,long,2021-11-29,2021-12-06,6,0.19999999999999998,0.2,0,-0.01632096056765011,-0.018222825858608526,-0.0
PVH.US,long,2021-11-29,2021-12-03,5,0.2,0.2,0,-0.020449607259197734,-0.020449607259197734,-0.0
NUE.US,long,2021-11-30,2021-12-02,3,0.20000000000000004,0.2,0,0.0025278381423023744,-0.0029550159984942817,0.0025278381423023744
ENPH.US,long,2021-12-03,2021-12-06,2,0.2,0.2,0,-0.0038323353293413078,-0.0038323353293413078,-0.0
ETSY.US,long,2021-12-03,2021-12-06,2,0.2,0.2,0,-0.00555915791293824,-0.00555915791293824,-0.0
MRNA.US,long,2021-12-06,2021-12-10,5,0.2,0.2,0,-0.0054550127806947575,-0.0054550127806947575,0.013573064648317024
TSLA.US,long,2021-12-06,2021-12-06,1,0.2,0.2,0,0.0,-0.0,-0.0
LLY.US,long,2021-12-09,2021-12-10,2,0.2,0.2,0,0.0010209962947715036,-0.0,0.0010209962947715036
AMAT.US,long,2021-12-13,2021-12-14,2,0.2,0.2,0,0.0008565601631543185,-0.0,0.0008565601631543185
AMD.US,long,2021-12-13,2021-12-14,2,0.2,0.2,0,0.0026905829596412193,-0.0,0.0026905829596412193
MPWR.US,long,2021-12-13,2021-12-14,2,0.2,0.2,0,-0.0008708151913501494,-0.0008708151913501494,-0.0
NVDA.US,long,2021-12-13,2021-12-14,2,0.2,0.2,0,0.0012499556123717337,-0.0,0.0012499556123717337
UAA.US,long,2021-12-13,2021-12-23,9,0.2,0.2,0,-0.017739507045390047,-0.024544531443420038,-0.0
ALB.US,long,2021-12-15,2021-12-20,4,0.2,0.2,0,-0.018208252513257528,-0.018208252513257528,-0.0
FANG.US,long,2021-12-15,2021-12-15,1,0.2,0.2,0,0.0,-0.0,-0.0
MRO.US,long,2021-12-15,2021-12-15,1,0.2,0.2,0,0.0,-0.0,-0.0
OXY.US,long,2021-12-15,2021-12-20,4,0.2,0.2,0,-0.010938448414520253,-0.010938448414520253,-0.0
ENPH.US,long,2021-12-16,2021-12-20,3,0.20000000000000004,0.2,0,-0.012801159359783654,-0.012801159359783654,-0.0
EPAM.US,long,2021-12-16,2021-12-20,3,0.20000000000000004,0.2,0,-0.003991461575554545,-0.003991461575554545,0.00018875937898163997
AJG.US,long,2021-12-21,2021-12-22,2,0.2,0.2,0,0.0015246691467951214,-0.0,0.0015246691467951214
EQIX.US,long,2021-12-21,2021-12-23,3,0.20000000000000004,0.2,0,0.0035246915195635167,-0.0,0.0035246915195635167
HUM.US,long,2021-12-21,2021-12-21,1,0.2,0.2,0,0.0,-0.0,-0.0
ORCL.US,long,2021-12-21,2022-01-03,9,0.2,0.2,0,-0.007988664766303801,-0.009571052107205082,-0.0
BDX.US,long,2021-12-22,2021-12-23,2,0.2,0.2,0,0.0008634602969657568,-0.0,0.0008634602969657568
KR.US,long,2021-12-23,2021-12-27,2,0.2,0.2,0,0.0024531358481832744,-0.0,0.0024531358481832744
DXCM.US,long,2021-12-28,2021-12-29,2,0.2,0.2,0,0.002228517469310676,-0.0,0.002228517469310676
MCO.US,long,2021-12-30,2022-01-11,9,0.2,0.2,0,-0.012018107520360765,-0.01537364526325027,-0.0
CTRA.US,long,2021-12-31,2021-12-31,1,0.2,0.2,0,0.0,-0.0,-0.0
ETSY.US,long,2021-12-31,2022-01-28,20,0.20000000000000004,0.2,0,-0.07795980141445294,-0.08714713121236034,-0.0
NFLX.US,long,2021-12-31,2022-01-26,18,0.20000000000000004,0.2,0,-0.09662315803109263,-0.09662315803109263,-0.0
FTNT.US,long,2022-01-03,2022-01-07,5,0.2,0.2,0,-0.010824560401388328,-0.018171035683735348,-0.0
EPAM.US,long,2022-01-04,2022-01-10,5,0.2,0.2,0,-0.02458633343468666,-0.02458633343468666,-0.0
AMD.US,long,2022-01-10,2022-01-10,1,0.2,0.2,0,0.0,0.0,0.0
APTV.US,long,2022-01-11,2022-01-28,13,0.20000000000000004,0.2,0,-0.039161017520628574,-0.03916101752062858,0.00011271133375077014
DPZ.US,long,2022-01-11,2022-01-18,5,0.2,0.2,0,-0.008317089769999586,-0.008317089769999586,0.00019324863286867002
DGX.US,long,2022-01-12,2022-01-28,12,0.20000000000000004,0.2,0,-0.016428422628554727,-0.016428422628554734,-0.0
NVDA.US,long,2022-01-19,2022-01-28,8,0.2,0.2,0,-0.0178202315854733,-0.02598647292707008,-0.0
TSLA.US,long,2022-01-27,2022-01-28,2,0.2,0.2,0,0.004161138082120619,-0.0,0.004161138082120619
SCHW.US,long,2022-01-31,2022-02-02,3,0.20000000000000004,0.2,0,0.006048206554809133,-0.0,0.006048206554809133
AOS.US,long,2022-02-03,2022-02-14,8,0.2,0.2,0,-0.0077373663844391375,-0.0077373663844391375,0.001518014131287071
BKR.US,long,2022-02-03,2022-02-04,2,0.2,0.2,0,0.003132161955691393,-0.0,0.003132161955691393
DOC.US,long,2022-02-03,2022-02-08,4,0.2,0.2,0,-0.00818135789514416,-0.008611465422025889,-0.0
DOV.US,long,2022-02-03,2022-02-07,3,0.20000000000000004,0.2,0,-0.0017272108398431964,-0.0017272108398431964,-0.0
MRK.US,long,2022-02-03,2022-02-14,8,0.2,0.2,0,-0.006505667471601528,-0.006505667471601528,-0.0
F.US,long,2022-02-07,2022-02-08,2,0.2,0.2,0,-0.0019005030743432184,-0.0019005030743432184,-0.0
APA.US,long,2022-02-08,2022-02-15,6,0.19999999999999998,0.2,0,-0.0035050153083159073,-0.004065065090518739,0.007651396538069433
CL.US,long,2022-02-09,2022-02-16,6,0.19999999999999998,0.2,0,-0.006326442398554088,-0.006326442398554088,-0.0
PFE.US,long,2022-02-09,2022-02-24,11,0.2,0.2,0,-0.022445776801422946,-0.022445776801422946,-0.0
DRE.US,long,2022-02-15,2022-02-24,7,0.19999999999999998,0.2,0,-0.005897931023413116,-0.006779325926651314,-0.0
EXR.US,long,2022-02-15,2022-02-24,7,0.19999999999999998,0.2,0,-0.0024874159864475276,-0.007277670712183615,-0.0
GEN.US,long,2022-02-16,2022-02-24,6,0.19999999999999998,0.2,0,-0.01011711034952616,-0.015542882768516364,-0.0
STT.US,long,2022-02-17,2022-02-24,5,0.2,0.2,0,-0.017875292727034833,-0.017875292727034833,-0.0
EOG.US,long,2022-02-25,2022-02-25,1,0.2,0.2,0,0.0,-0.0,-0.0
HPE.US,long,2022-02-25,2022-03-01,3,0.20000000000000004,0.2,0,-0.007655474626566017,-0.007655474626566017,-0.0
HPQ.US,long,2022-02-25,2022-03-01,3,0.20000000000000004,0.2,0,-0.0022105056847078197,-0.0022105056847078197,-0.0
HST.US,long,2022-03-01,2022-03-07,5,0.2,0.2,0,-0.009690004484612746,-0.009690004484612746,0.00574052812858783
VLO.US,long,2022-03-01,2022-03-02,2,0.2,0.2,0,0.0074165943197321395,-0.0,0.0074165943197321395
WFC.US,long,2022-03-01,2022-03-08,6,0.19999999999999998,0.2,0,-0.015018520148975823,-0.017856328487766505,0.007675482203221318
AXP.US,long,2022-03-04,2022-03-08,3,0.20000000000000004,0.2,0,-0.014825210230381969,-0.015981497542642376,-0.0
EXPE.US,long,2022-03-04,2022-03-08,3,0.20000000000000004,0.2,0,-0.010755783647039064,-0.021812404244453278,-0.0
LYV.US,long,2022-03-07,2022-03-08,2,0.2,0.2,0,0.011364769215432169,-0.0,0.011364769215432169
CMA.US,long,2022-03-08,2022-03-08,1,0.2,0.2,0,0.0,-0.0,-0.0
FANG.US,long,2022-03-09,2022-03-09,1,0.2,0.2,0,0.0,-0.0,-0.0
OGN.US,long,2022-03-09,2022-03-15,5,0.2,0.2,0,-0.023268695574712405,-0.023268695574712405,-0.0
TSN.US,long,2022-03-09,2022-03-15,5,0.2,0.2,0,-0.011074471920480234,-0.011542308177790162,-0.0
FOX.US,long,2022-03-10,2022-03-15,4,0.2,0.2,0,0.00014726743072452936,-0.0048919262982788595,0.00014726743072452936
FOXA.US,long,2022-03-10,2022-03-15,4,0.2,0.2,0,5.458781219778216e-05,-0.0052615412200602615,5.458781219778216e-05
KHC.US,long,2022-03-10,2022-03-21,8,0.2,0.2,0,0.0004399155016396208,-0.0009589770911028417,0.0014974563513327156
CF.US,long,2022-03-16,2022-03-17,2,0.2,0.2,0,0.00918784029038111,-0.0,0.00918784029038111
MRO.US,long,2022-03-16,2022-03-16,1,0.2,0.2,0,0.0,-0.0,-0.0
OXY.US,long,2022-03-16,2022-03-16,1,0.2,0.2,0,0.0,-0.0,-0.0
SLB.US,long,2022-03-16,2022-03-18,3,0.20000000000000004,0.2,0,0.009719766719932642,-0.0,0.009719766719932642
ATVI.US,long,2022-03-17,2022-03-21,3,0.20000000000000004,0.2,0,-0.0001264240164172259,-0.00032957282291798954,-0.0
FE.US,long,2022-03-18,2022-03-23,4,0.2,0.2,0,0.0017195368640751997,-0.0,0.002132591562355124
SO.US,long,2022-03-18,2022-03-18,1,0.2,0.2,0,0.0,-0.0,-0.0
CNC.US,long,2022-03-23,2022-03-24,2,0.2,0.2,0,0.00545719136551055,-0.0,0.00545719136551055
LOW.US,long,2022-03-23,2022-03-28,4,0.2,0.2,0,-0.0064798040723278,-0.00728761921416512,-0.0
PFE.US,long,2022-03-23,2022-03-25,3,0.20000000000000004,0.2,0,0.0022554315322402376,-0.0,0.0022554315322402376
UHS.US,long,2022-03-23,2022-03-23,1,0.2,0.2,0,0.0,-0.0,-0.0
JBHT.US,long,2022-03-24,2022-04-06,10,0.2,0.2,0,-0.03872657257294805,-0.038726572572948044,0.0010542555746521744
WY.US,long,2022-03-24,2022-03-24,1,0.2,0.2,0,0.0,-0.0,-0.0
FDS.US,long,2022-03-25,2022-03-25,1,0.2,0.2,0,0.0,-0.0,-0.0
CVS.US,long,2022-03-29,2022-04-05,6,0.19999999999999998,0.2,0,-0.01015214134350173,-0.01015214134350173,-0.0
DE.US,long,2022-03-29,2022-04-07,8,0.2,0.2,0,-0.0011509630738235407,-0.001150963073823541,0.0027006238393505466
ICE.US,long,2022-03-29,2022-04-19,15,0.20000000000000007,0.2,0,-0.015006910940934804,-0.015512538081694905,0.0025631360723708863
LHX.US,long,2022-03-29,2022-03-29,1,0.2,0.2,0,0.0,-0.0,-0.0
SEDG.US,long,2022-03-30,2022-04-01,3,0.20000000000000004,0.2,0,0.0054663047928321445,-0.0,0.0054663047928321445
ZION.US,long,2022-04-04,2022-04-18,10,0.2,0.2,0,-0.0011931169648578648,-0.003608883016987563,0.0009360374414976836
NVDA.US,long,2022-04-06,2022-04-18,8,0.2,0.2,0,-0.021866773264590716,-0.0268060902276164,-0.0
LYV.US,long,2022-04-07,2022-04-12,4,0.2,0.2,0,-0.0023038468846485307,-0.0031566462913967808,0.0
SEDG.US,long,2022-04-08,2022-05-02,16,0.2,0.2,0,-0.031288274666126804,-0.03986638588152658,0.004264315016767206
ABBV.US,long,2022-04-13,2022-04-20,5,0.2,0.2,0,-0.0027371718119253213,-0.003184885275308758,0.004227744573765335
NLSN.US,long,2022-04-19,2022-04-27,7,0.19999999999999998,0.2,0,-0.005357052039699539,-0.005509085487057952,0.0005914972273567188
PFE.US,long,2022-04-19,2022-04-27,7,0.19999999999999998,0.2,0,-0.0016472467102311545,-0.008277735054126345,-0.0
BKR.US,long,2022-04-20,2022-04-25,4,0.2,0.2,0,-0.027082526519427483,-0.027082526519427483,-0.0
MOS.US,long,2022-04-21,2022-05-02,8,0.2,0.2,0,-0.018569402127344724,-0.018569402127344727,-0.0
OXY.US,long,2022-04-26,2022-04-27,2,0.2,0.2,0,0.0028091937249179024,-0.0,0.0028091937249179024
AFL.US,long,2022-04-28,2022-05-03,4,0.2,0.2,0,-0.00444853520193993,-0.0066824164697941064,-0.0
AZO.US,long,2022-04-28,2022-04-29,2,0.2,0.2,0,-0.005854728857647796,-0.005854728857647796,-0.0
WTW.US,long,2022-04-28,2022-05-03,4,0.2,0.2,0,-0.013039853492954268,-0.015413600419377605,-0.0
NUE.US,long,2022-05-02,2022-05-03,2,0.2,0.2,0,0.0028935262350823446,-0.0,0.0028935262350823446
FMC.US,long,2022-05-03,2022-05-12,8,0.2,0.2,0,-0.014660133676705402,-0.018039210895561,-0.0
PLD.US,long,2022-05-03,2022-05-12,8,0.2,0.2,0,-0.04030191954250498,-0.04060901506537553,-0.0
PSA.US,long,2022-05-04,2022-05-12,7,0.19999999999999998,0.2,0,-0.023894148438605666,-0.025026259257315563,-0.0
LW.US,long,2022-05-05,2022-05-12,6,0.19999999999999998,0.2,0,-0.006335710381348924,-0.006661761897488461,-0.0
REGN.US,long,2022-05-05,2022-05-11,5,0.2,0.2,0,-0.008132633345965302,-0.01257794075558818,-0.0
NUE.US,long,2022-05-12,2022-05-16,3,0.20000000000000004,0.2,0,-0.00789111124569013,-0.00789111124569013,-0.0
HII.US,long,2022-05-13,2022-05-16,2,0.2,0.2,0,0.000981450583963106,0.0,0.000981450583963106
JKHY.US,long,2022-05-13,2022-05-13,1,0.2,0.2,0,0.0,-0.0,-0.0
NEM.US,long,2022-05-13,2022-05-18,4,0.2,0.2,0,-0.004180749677490314,-0.004180749677490314,0.0007658152080058489
PKG.US,long,2022-05-13,2022-05-16,2,0.2,0.2,0,0.00018018018018017834,-0.0,0.00018018018018017834
NLSN.US,long,2022-05-16,2022-05-16,1,0.2,0.2,0,0.0,-0.0,-0.0
KR.US,long,2022-05-17,2022-05-19,3,0.20000000000000004,0.2,0,-0.012582658663679337,-0.013000195198126098,-0.0
DLTR.US,long,2022-05-18,2022-05-24,5,0.2,0.2,0,-0.00507588237058907,-0.008698952868324474,0.0026457399103138714
KHC.US,long,2022-05-18,2022-05-20,3,0.20000000000000004,0.2,0,-0.003444493571865892,-0.003444493571865892,-0.0
TAP.US,long,2022-05-18,2022-05-20,3,0.20000000000000004,0.2,0,-0.004558693684396809,-0.006331045003813896,-0.0
IRM.US,long,2022-05-19,2022-05-20,2,0.2,0.2,0,0.003536911371581342,-0.0,0.003536911371581342
CF.US,long,2022-05-20,2022-05-27,6,0.19999999999999998,0.2,0,0.000322109070672782,-0.0,0.011065873264432646
ABBV.US,long,2022-05-23,2022-05-24,2,0.2,0.2,0,0.0014591636830372234,-0.0,0.0014591636830372234
ATVI.US,long,2022-05-23,2022-05-24,2,0.2,0.2,0,-0.00044041450777201343,-0.00044041450777201343,-0.0
LYB.US,long,2022-05-24,2022-05-24,1,0.2,0.2,0,0.0,-0.0,-0.0
BMY.US,long,2022-05-31,2022-06-06,5,0.2,0.2,0,-0.0005261146836349041,-0.0012988734261100143,-0.0
CAH.US,long,2022-06-01,2022-06-09,7,0.19999999999999998,0.2,0,-0.01133295985268461,-0.01133295985268461,-0.0
COR.US,long,2022-06-01,2022-06-06,4,0.2,0.2,0,-0.0041826125364357696,-0.0041826125364357696,-0.0
MCK.US,long,2022-06-01,2022-06-06,4,0.2,0.2,0,-0.0028251641234006363,-0.0036343176729296987,-0.0
NRG.US,long,2022-06-01,2022-06-03,3,0.20000000000000004,0.2,0,-2.585091642457447e-05,-2.585091642457447e-05,0.0018905253901956522
INCY.US,long,2022-06-06,2022-06-06,1,0.2,0.2,0,0.0,-0.0,-0.0
CF.US,long,2022-06-07,2022-06-13,5,0.2,0.2,0,-0.013320839257848173,-0.013320839257848173,-0.0
CTXS.US,long,2022-06-07,2022-06-08,2,0.2,0.2,0,-6.074719044244504e-05,-6.074719044244504e-05,-0.0
MOS.US,long,2022-06-07,2022-06-13,5,0.2,0.2,0,-0.020737508471345523,-0.020737508471345523,-0.0
HPQ.US,long,2022-06-08,2022-06-14,5,0.2,0.2,0,-0.023002868789852315,-0.023002868789852315,-0.0
ALB.US,long,2022-06-09,2022-06-16,6,0.19999999999999998,0.2,0,-0.034825193185378404,-0.034825193185378404,-0.0
OXY.US,long,2022-06-10,2022-06-13,2,0.2,0.2,0,-0.012650696727728207,-0.012650696727728207,-0.0
CTRA.US,long,2022-06-14,2022-06-29,11,0.2,0.2,0,-0.028806868011632267,-0.03524815698645838,-0.0
HAL.US,long,2022-06-14,2022-06-24,8,0.2,0.2,0,-0.03211946540796176,-0.038178053956563596,-0.0
SLB.US,long,2022-06-14,2022-06-29,11,0.2,0.2,0,-0.03347434534895908,-0.04041114408725917,-0.0
BKR.US,long,2022-06-15,2022-06-17,3,0.20000000000000004,0.2,0,-0.01112191878517812,-0.01165721487082545,-0.0
APA.US,long,2022-06-17,2022-06-29,8,0.2,0.2,0,-0.01515637122906388,-0.01524402791231998,0.005762366139724629
MRO.US,long,2022-06-23,2022-06-24,2,0.2,0.2,0,0.0002724795640327571,-0.0,0.0002724795640327571
OGN.US,long,2022-06-30,2022-07-21,15,0.20000000000000007,0.2,0,-0.011918832688129143,-0.015492501045050998,0.0029629629629629676
STZ.US,long,2022-06-30,2022-07-05,3,0.20000000000000004,0.2,0,0.0031211830784301673,-0.0,0.0031211830784301673
DVN.US,long,2022-07-05,2022-07-06,2,0.2,0.2,0,-0.0034303333975717943,-0.0034303333975717943,-0.0
HES.US,long,2022-07-05,2022-07-06,2,0.2,0.2,0,-0.005377329666972197,-0.005377329666972197,-0.0
MRO.US,long,2022-07-05,2022-07-06,2,0.2,0.2,0,-0.004259346900141981,-0.004259346900141981,-0.0
PXD.US,long,2022-07-06,2022-07-06,1,0.2,0.2,0,0.0,-0.0,-0.0
BMY.US,long,2022-07-07,2022-07-14,6,0.19999999999999998,0.2,0,-0.003014649498481759,-0.003014649498481759,0.0011163878192386623
CL.US,long,2022-07-08,2022-07-21,10,0.2,0.2,0,-0.004386919174180482,-0.005841753190844946,0.000893426930440322
IRM.US,long,2022-07-11,2022-07-18,6,0.19999999999999998,0.2,0,-0.011209015870281069,-0.014109898972425495,-0.0
TMUS.US,long,2022-07-11,2022-07-14,4,0.2,0.2,0,0.0013805289202218907,-0.000430490610851364,0.0013805289202218907
HSY.US,long,2022-07-15,2022-07-22,6,0.19999999999999998,0.2,0,-0.0008028597267583539,-0.0016051660516605227,-0.0
LMT.US,long,2022-07-15,2022-07-19,3,0.20000000000000004,0.2,0,-0.0039716600009422455,-0.005572568904061459,-0.0
IBM.US,long,2022-07-19,2022-07-22,4,0.2,0.2,0,-0.004010461014760347,-0.00574070088892471,-0.0
EXC.US,long,2022-07-20,2022-07-21,2,0.2,0.2,0,0.0007424593967517269,-0.0,0.0007424593967517269
CTXS.US,long,2022-07-25,2022-07-26,2,0.2,0.2,0,-0.0004938271604938205,-0.0004938271604938205,-0.0
STZ.US,long,2022-07-25,2022-07-26,2,0.2,0.2,0,0.0006897411393194108,-0.0,0.0006897411393194108
AZO.US,long,2022-07-26,2022-07-29,4,0.2,0.2,0,0.0038065274117836004,-0.0,0.0038065274117836004
DLTR.US,long,2022-07-26,2022-07-27,2,0.2,0.2,0,0.0041946521353440685,-0.0,0.0041946521353440685
NOC.US,long,2022-07-26,2022-07-27,2,0.2,0.2,0,0.0005217586866074431,-0.0,0.0005217586866074431
ROL.US,long,2022-07-27,2022-07-27,1,0.2,0.2,0,0.0,-0.0,-0.0
WRB.US,long,2022-07-28,2022-08-02,4,0.2,0.2,0,-0.0021972741696412836,-0.0021972741696412836,0.0023627831715210324
ABBV.US,long,2022-07-29,2022-08-05,6,0.19999999999999998,0.2,0,-0.0076850198539308405,-0.0076850198539308405,-0.0
INCY.US,long,2022-07-29,2022-08-05,6,0.19999999999999998,0.2,0,-0.014327568964211636,-0.015022882550639107,-0.0
MRK.US,long,2022-07-29,2022-08-05,6,0.19999999999999998,0.2,0,-0.004335793844410763,-0.005694927684539764,-0.0
VRTX.US,long,2022-08-01,2022-08-04,4,0.2,0.2,0,0.0007454677728458982,-0.0,0.0008763625843209778
SEDG.US,long,2022-08-03,2022-08-09,5,0.2,0.2,0,0.011760973364294469,-0.0,0.013333625094448864
MNST.US,long,2022-08-05,2022-08-09,3,0.20000000000000004,0.2,0,-0.005654451637932479,-0.005654451637932479,-0.0
LHX.US,long,2022-08-08,2022-08-09,2,0.2,0.2,0,0.0015102481121898493,-0.0,0.0015102481121898493
NLSN.US,long,2022-08-08,2022-08-08,1,0.2,0.2,0,0.0,-0.0,-0.0
NOC.US,long,2022-08-08,2022-08-11,4,0.2,0.2,0,0.00012044057815405727,-0.0,0.0015657908733113235
ON.US,long,2022-08-09,2022-08-09,1,0.2,0.2,0,0.0,-0.0,-0.0
SYY.US,long,2022-08-10,2022-08-11,2,0.2,0.2,0,0.0013215859030836887,-0.0,0.0013215859030836887
JKHY.US,long,2022-08-11,2022-08-17,5,0.2,0.2,0,-0.00904613579981155,-0.00904613579981155,0.003797726844847915
ADI.US,long,2022-08-17,2022-08-24,6,0.19999999999999998,0.2,0,-0.007685065698713456,-0.007685065698713456,-0.0
ODFL.US,long,2022-08-17,2022-08-24,6,0.19999999999999998,0.2,0,-0.007899023985693312,-0.007899023985693312,5.93628388628531e-05
TXN.US,long,2022-08-17,2022-08-24,6,0.19999999999999998,0.2,0,-0.00507327021472499,-0.005950621879958252,0.0019806462565785665
CVS.US,long,2022-08-18,2022-08-24,5,0.2,0.2,0,-0.004563699916286468,-0.004860347795254172,0.0007912003087610753
URI.US,long,2022-08-18,2022-08-24,5,0.2,0.2,0,-0.0095250926238593,-0.01017002275642831,-0.0
AZO.US,long,2022-08-25,2022-09-06,8,0.2,0.2,0,-0.008386660863249818,-0.00951405746609908,-0.0
BMY.US,long,2022-08-25,2022-08-30,4,0.2,0.2,0,-0.011992480291575425,-0.01334079489831701,-0.0
DG.US,long,2022-08-25,2022-08-31,5,0.2,0.2,0,-0.006991065785765783,-0.007932379713914185,-0.0
GILD.US,long,2022-08-25,2022-08-30,4,0.2,0.2,0,-0.0034204196097426197,-0.0038370813020915497,-0.0
PAYX.US,long,2022-08-25,2022-09-06,8,0.2,0.2,0,-0.01917802434759739,-0.020352548747928245,-0.0
MOS.US,long,2022-08-31,2022-09-01,2,0.2,0.2,0,-0.0038240207907926263,-0.0038240207907926263,-0.0
MPWR.US,long,2022-08-31,2022-09-06,4,0.2,0.2,0,-0.015328617381067234,-0.015328617381067234,-0.0
APA.US,long,2022-09-01,2022-09-01,1,0.2,0.2,0,0.0,-0.0,-0.0
ENPH.US,long,2022-09-02,2022-09-02,1,0.2,0.2,0,0.0,-0.0,-0.0
ON.US,long,2022-09-02,2022-09-07,3,0.20000000000000004,0.2,0,-0.00035859324286609,-0.004325285142941815,-0.0
OXY.US,long,2022-09-06,2022-09-12,5,0.2,0.2,0,0.0002898386944434339,-0.006842619893278679,0.0002898386944434339
CTRA.US,long,2022-09-07,2022-09-08,2,0.2,0.2,0,0.00013745704467353905,-0.0,0.00013745704467353905
PXD.US,long,2022-09-07,2022-09-08,2,0.2,0.2,0,-0.0004434211648332465,-0.0004434211648332465,-0.0
WMB.US,long,2022-09-08,2022-09-08,1,0.2,0.2,0,0.0,-0.0,-0.0
CAH.US,long,2022-09-13,2022-09-16,4,0.2,0.2,0,9.768949910438085e-05,-0.001318186385818021,9.768949910438085e-05
CHRW.US,long,2022-09-13,2022-09-16,4,0.2,0.2,0,-0.011550886917849735,-0.011550886917849735,-0.0
EXR.US,long,2022-09-13,2022-09-29,13,0.20000000000000004,0.2,0,-0.02646305357659087,-0.02873877957036395,-0.0
MCK.US,long,2022-09-13,2022-09-15,3,0.20000000000000004,0.2,0,-0.00395367718785653,-0.00395367718785653,-0.0
TMUS.US,long,2022-09-13,2022-09-16,4,0.2,0.2,0,0.003284088720232692,-0.0,0.006083926237839422
VLO.US,long,2022-09-16,2022-09-19,2,0.2,0.2,0,0.0004020677771396031,-0.0,0.0004020677771396031
LLY.US,long,2022-09-19,2022-09-21,3,0.20000000000000004,0.2,0,-0.005682561122390162,-0.005682561122390162,-0.0
NDAQ.US,long,2022-09-19,2022-09-27,7,0.19999999999999998,0.2,0,-0.012685812654059724,-0.014064635351602583,-0.0
PTC.US,long,2022-09-19,2022-09-30,10,0.2,0.2,0,-0.01822139329688757,-0.018958210078550187,-0.0
SEDG.US,long,2022-09-20,2022-10-03,10,0.2,0.2,0,-0.04177845817657449,-0.04642720958070477,-0.0
ENPH.US,long,2022-09-22,2022-10-18,19,0.20000000000000004,0.2,0,-0.022075343503112976,-0.03332808243210252,0.006271950825596063
HII.US,long,2022-09-29,2022-09-30,2,0.2,0.2,0,-0.0016388304303049496,-0.0016388304303049496,-0.0
PGR.US,long,2022-09-30,2022-09-30,1,0.2,0.2,0,0.0,-0.0,-0.0
GIS.US,long,2022-10-06,2022-10-07,2,0.2,0.2,0,0.0010137388288649074,-0.0,0.0010137388288649074
ON.US,long,2022-10-10,2022-10-12,3,0.20000000000000004,0.2,0,-0.009693234313077847,-0.009693234313077847,-0.0
BIIB.US,long,2022-10-11,2022-10-12,2,0.2,0.2,0,-0.00031487385366237854,-0.00031487385366237854,-0.0
MPC.US,long,2022-10-11,2022-10-12,2,0.2,0.2,0,0.002958522672338759,-0.0,0.002958522672338759
VLO.US,long,2022-10-11,2022-10-11,1,0.2,0.2,0,0.0,-0.0,-0.0
ALB.US,long,2022-10-12,2022-10-18,5,0.2,0.2,0,0.0009713310591821442,-0.010857552756512213,0.003619009743487789
TMUS.US,long,2022-10-13,2022-10-18,4,0.2,0.2,0,0.004650352132767521,-0.0023444544634806165,0.004650352132767521
CSGP.US,long,2022-10-14,2022-10-18,3,0.20000000000000004,0.2,0,0.008587873754939546,-0.0,0.008587873754939546
PGR.US,long,2022-10-14,2022-10-18,3,0.20000000000000004,0.2,0,0.007505860457405556,-0.0,0.007505860457405556
REGN.US,long,2022-10-19,2022-10-20,2,0.2,0.2,0,-0.0009811522900602166,-0.0009811522900602166,-0.0
EQT.US,long,2022-10-21,2022-10-28,6,0.19999999999999998,0.2,0,0.004335871731510154,-0.0,0.009002587158536236
LW.US,long,2022-10-21,2022-10-28,6,0.19999999999999998,0.2,0,0.009060663640540879,-0.0,0.009060663640540879
NUE.US,long,2022-10-31,2022-11-03,4,0.2,0.2,0,-0.0037675261670344407,-0.003845214172006517,0.004749581367026945
PXD.US,long,2022-10-31,2022-11-07,6,0.19999999999999998,0.2,0,0.0012095728928127377,-0.002722310040540399,0.0012095728928127377
LHX.US,long,2022-11-01,2022-11-07,5,0.2,0.2,0,-0.008867059464930672,-0.009957191588944127,-0.0
DVN.US,long,2022-11-02,2022-11-03,2,0.2,0.2,0,0.00975682087781733,-0.0,0.00975682087781733
NFLX.US,long,2022-11-02,2022-11-07,4,0.2,0.2,0,-0.01071328687127453,-0.01071328687127453,-0.0
CTRA.US,long,2022-11-04,2022-11-10,5,0.2,0.2,0,-0.009066168838104982,-0.014974919773033958,0.004009678534393358
TSCO.US,long,2022-11-04,2022-11-09,4,0.2,0.2,0,-0.003028587343850431,-0.003028587343850431,0.0023528272656855535
CEG.US,long,2022-11-08,2022-11-09,2,0.2,0.2,0,-0.0004340872743888724,-0.0004340872743888724,-0.0
KEYS.US,long,2022-11-08,2022-11-09,2,0.2,0.2,0,-0.0031780955873365047,-0.0031780955873365047,0.0
DVN.US,long,2022-11-09,2022-11-10,2,0.2,0.2,0,0.00665068903535051,-0.0,0.00665068903535051
CBOE.US,long,2022-11-10,2022-11-14,3,0.20000000000000004,0.2,0,-0.003572732935243783,-0.009689153439153442,-0.0
COR.US,long,2022-11-10,2022-11-16,5,0.2,0.2,0,0.001113354561849755,-0.0028400424796477977,0.001113354561849755
MCK.US,long,2022-11-10,2022-11-15,4,0.2,0.2,0,-0.00898490894488808,-0.00898490894488808,-0.0
NOC.US,long,2022-11-11,2022-11-14,2,0.2,0.2,0,-0.0044489547391921794,-0.0044489547391921794,-0.0
REGN.US,long,2022-11-11,2022-11-11,1,0.2,0.2,0,0.0,-0.0,-0.0
HII.US,long,2022-11-14,2022-11-17,4,0.2,0.2,0,0.0026159165340657433,-0.0,0.0026159165340657433
CAH.US,long,2022-11-15,2022-11-16,2,0.2,0.2,0,0.0023143164693218755,-0.0,0.0023143164693218755
HUM.US,long,2022-11-15,2022-11-17,3,0.20000000000000004,0.2,0,0.0028605366400047405,-0.0,0.0028605366400047405
ALB.US,long,2022-11-16,2022-11-18,3,0.20000000000000004,0.2,0,-0.006838782348169259,-0.006838782348169259,-0.0
NRG.US,long,2022-11-17,2022-11-21,3,0.20000000000000004,0.2,0,-0.0007594999340282847,-0.0007594999340282847,0.004354136429608114
PTC.US,long,2022-11-17,2022-11-21,3,0.20000000000000004,0.2,0,-0.0010663050914574647,-0.0010663050914574647,-0.0
BKR.US,long,2022-11-18,2022-11-21,2,0.2,0.2,0,-0.0028149673875729423,-0.0028149673875729423,-0.0
APA.US,long,2022-11-21,2022-11-21,1,0.2,0.2,0,0.0,-0.0,-0.0
NCLH.US,long,2022-11-21,2022-11-28,5,0.2,0.2,0,-0.0025080329103686736,-0.0025080329103686736,0.0038218514475132363
CSGP.US,long,2022-11-22,2022-11-29,5,0.2,0.2,0,-0.002959767897611454,-0.002959767897611454,0.0014855847916404041
ODFL.US,long,2022-11-22,2022-11-29,5,0.2,0.2,0,-0.00253915743930162,-0.005140433798902055,0.0007637715444407168
ROL.US,long,2022-11-22,2022-11-23,2,0.2,0.2,0,0.0009104704097116834,-0.0,0.0009104704097116834
ALB.US,long,2022-11-25,2022-11-28,2,0.2,0.2,0,-0.00491899420863573,-0.00491899420863573,-0.0
FANG.US,long,2022-11-28,2022-11-28,1,0.2,0.2,0,0.0,-0.0,-0.0
MRNA.US,long,2022-11-29,2022-11-30,2,0.2,0.2,0,0.0031879872942535137,-0.0,0.0031879872942535137
SEDG.US,long,2022-11-29,2022-11-29,1,0.2,0.2,0,0.0,-0.0,-0.0
URI.US,long,2022-11-29,2022-11-29,1,0.2,0.2,0,0.0,-0.0,-0.0
ADM.US,long,2022-12-01,2022-12-06,4,0.2,0.2,0,-0.001019531045313138,-0.001195800737942876,0.0008541392904073408
VLO.US,long,2022-12-01,2022-12-09,7,0.19999999999999998,0.2,0,-0.027688594921410428,-0.027688594921410428,-0.0
COP.US,long,2022-12-02,2022-12-12,7,0.19999999999999998,0.2,0,-0.017514911961554948,-0.020714330249139025,-0.0
EQT.US,long,2022-12-02,2022-12-09,6,0.19999999999999998,0.2,0,-0.02193866806180971,-0.02193866806180971,-0.0
MPC.US,long,2022-12-02,2022-12-09,6,0.19999999999999998,0.2,0,-0.019915285035068918,-0.019915285035068918,-0.0
APA.US,long,2022-12-07,2022-12-09,3,0.20000000000000004,0.2,0,-0.00833227746318257,-0.00833227746318257,-0.0
CF.US,long,2022-12-12,2023-01-04,16,0.2,0.2,0,-0.035267007734907097,-0.036389643488415314,0.0
CTVA.US,long,2022-12-12,2022-12-22,9,0.2,0.2,0,-0.011016268453862632,-0.013088253898234713,0.0011237758869802495
FMC.US,long,2022-12-12,2022-12-12,1,0.2,0.2,0,0.0,-0.0,-0.0
ROL.US,long,2022-12-12,2022-12-20,7,0.19999999999999998,0.2,0,-0.006385459640883596,-0.008339338324252732,-0.0
HBAN.US,long,2022-12-13,2022-12-16,4,0.2,0.2,0,-0.005711874241455007,-0.006668812040498096,-0.0
SCHW.US,long,2022-12-13,2022-12-15,3,0.20000000000000004,0.2,0,-0.001778639071266852,-0.001778639071266852,-0.0
BBWI.US,long,2022-12-16,2022-12-20,3,0.20000000000000004,0.2,0,-4.9467888120946474e-05,-4.9467888120946474e-05,0.00014884644008930083
DAY.US,long,2022-12-19,2022-12-20,2,0.2,0.2,0,-0.0006335128286347969,-0.0006335128286347969,-0.0
JNPR.US,long,2022-12-22,2022-12-22,1,0.2,0.2,0,0.0,-0.0,-0.0
VICI.US,long,2022-12-22,2022-12-22,1,0.2,0.2,0,0.0,-0.0,-0.0
BIIB.US,long,2022-12-23,2023-01-05,8,0.2,0.2,0,-0.005436849452511772,-0.006012899081402856,-0.0
ENPH.US,long,2022-12-27,2023-01-10,10,0.2,0.2,0,-0.03491924219545459,-0.03657757333522822,-0.0
MRNA.US,long,2022-12-27,2023-01-05,7,0.19999999999999998,0.2,0,-0.007414146651702525,-0.007414146651702525,-0.0
SEDG.US,long,2022-12-27,2022-12-30,4,0.2,0.2,0,-0.006384330496273206,-0.011739011739011774,-0.0
ETSY.US,long,2023-01-03,2023-01-04,2,0.2,0.2,0,0.0062522014793941596,-0.0,0.0062522014793941596
AES.US,long,2023-01-05,2023-01-06,2,0.2,0.2,0,0.004329339002705846,-0.0,0.004329339002705846
APA.US,long,2023-01-05,2023-01-05,1,0.2,0.2,0,0.0,-0.0,-0.0
CI.US,long,2023-01-06,2023-01-10,3,0.20000000000000004,0.2,0,0.0007328591439878185,-0.0,0.0007328591439878185
LMT.US,long,2023-01-06,2023-01-23,11,0.2,0.2,0,-0.01378508011138271,-0.014690095671809102,-0.0
WAT.US,long,2023-01-06,2023-01-09,2,0.2,0.2,0,-0.001123490891033807,-0.001123490891033807,-0.0
NOC.US,long,2023-01-09,2023-01-23,10,0.2,0.2,0,-0.01841695010642446,-0.022286606196974777,0.00015340828808461105
ABBV.US,long,2023-01-11,2023-01-30,13,0.20000000000000004,0.2,0,-0.013192435953772619,-0.013192435953772619,-0.0
ZBH.US,long,2023-01-11,2023-01-19,6,0.19999999999999998,0.2,0,-0.0038344143559856823,-0.0038344143559856823,-0.0
HPE.US,long,2023-01-12,2023-01-20,6,0.19999999999999998,0.2,0,-0.004517959341836498,-0.006288990334878864,0.001593137254901933
BA.US,long,2023-01-20,2023-01-20,1,0.2,0.2,0,0.0,-0.0,-0.0
SLB.US,long,2023-01-23,2023-01-25,3,0.20000000000000004,0.2,0,0.0014159829768348065,-0.0013963480128893924,0.0014159829768348065
XYL.US,long,2023-01-23,2023-01-23,1,0.2,0.2,0,0.0,-0.0,-0.0
AAL.US,long,2023-01-24,2023-01-25,2,0.2,0.2,0,0.0029962546816479476,-0.0,0.0029962546816479476
CPB.US,long,2023-01-24,2023-01-27,4,0.2,0.2,0,-0.001005409439780358,-0.0028210794614894398,0.0010116731517509693
IFF.US,long,2023-01-24,2023-01-24,1,0.2,0.2,0,0.0,-0.0,-0.0
DXCM.US,long,2023-01-25,2023-01-25,1,0.2,0.2,0,0.0,-0.0,-0.0
IBM.US,long,2023-01-26,2023-02-01,5,0.2,0.2,0,0.0009568449959098669,-8.925251022684488e-05,0.0012650149203855988
NSC.US,long,2023-01-26,2023-01-30,3,0.20000000000000004,0.2,0,-0.0024678286130835224,-0.0024678286130835224,-0.0
OGN.US,long,2023-01-26,2023-01-30,3,0.20000000000000004,0.2,0,-0.004978206192508151,-0.004978206192508151,-0.0
MRNA.US,long,2023-01-30,2023-02-01,3,0.20000000000000004,0.2,0,-0.007318055628750986,-0.007318055628750986,-0.0
GLW.US,long,2023-01-31,2023-02-01,2,0.2,0.2,0,0.0038717133776365654,-0.0,0.0038717133776365654
IDXX.US,long,2023-01-31,2023-02-01,2,0.2,0.2,0,0.0011238293444328917,-0.0,0.0011238293444328917
PSX.US,long,2023-01-31,2023-02-06,5,0.2,0.2,0,-0.004348193783175902,-0.004547721152887196,-0.0
APA.US,long,2023-02-02,2023-02-06,3,0.20000000000000004,0.2,0,-0.001606006779819369,-0.001606006779819369,-0.0
HAL.US,long,2023-02-02,2023-02-06,3,0.20000000000000004,0.2,0,-0.0012963308614934112,-0.0012963308614934112,5.1867219917012264e-05
HES.US,long,2023-02-02,2023-02-06,3,0.20000000000000004,0.2,0,-0.0021362945539926017,-0.0021362945539926017,-0.0
SLB.US,long,2023-02-02,2023-02-06,3,0.20000000000000004,0.2,0,0.003048414529445021,-0.0,0.003048414529445021
CARR.US,long,2023-02-07,2023-02-07,1,0.2,0.2,0,0.0,-0.0,-0.0
CTVA.US,long,2023-02-07,2023-02-07,1,0.2,0.2,0,0.0,0.0,0.0
FMC.US,long,2023-02-07,2023-02-07,1,0.2,0.2,0,0.0,0.0,0.0
NKE.US,long,2023-02-07,2023-02-10,4,0.2,0.2,0,-0.004967819415717312,-0.005049665871765763,-0.0
T.US,long,2023-02-07,2023-02-10,4,0.2,0.2,0,-0.0018640672164387474,-0.002918363473687058,-0.0
FSLR.US,long,2023-02-08,2023-02-14,5,0.2,0.2,0,-0.0005689787827168218,-0.0026640923415029993,0.0020855710199855666
MRNA.US,long,2023-02-08,2023-02-10,3,0.20000000000000004,0.2,0,0.0060069543591178675,-0.0,0.0060069543591178675
WBD.US,long,2023-02-08,2023-02-10,3,0.20000000000000004,0.2,0,-0.004697572782123927,-0.004697572782123927,-0.0
APTV.US,long,2023-02-13,2023-02-13,1,0.2,0.2,0,0.0,-0.0,-0.0
DIS.US,long,2023-02-13,2023-02-14,2,0.2,0.2,0,0.0,0.0,0.0
FCX.US,long,2023-02-13,2023-02-13,1,0.2,0.2,0,0.0,-0.0,-0.0
AJG.US,long,2023-02-14,2023-02-27,9,0.2,0.2,0,-0.0035552738139488,-0.0037393262147499716,0.002209827357237737
APD.US,long,2023-02-14,2023-02-23,7,0.19999999999999998,0.2,0,-0.0012222014058047125,-0.0028120482227429466,0.002110199296600213
ISRG.US,long,2023-02-14,2023-03-02,12,0.20000000000000004,0.2,0,-0.010210189554801198,-0.011591441479316213,0.0030528018582272054
BIIB.US,long,2023-02-15,2023-02-16,2,0.2,0.2,0,-0.005340884651229505,-0.005340884651229505,-0.0
ZBH.US,long,2023-02-15,2023-02-24,7,0.19999999999999998,0.2,0,-0.006070316024018263,-0.006070316024018263,-0.0
ON.US,long,2023-02-17,2023-02-24,5,0.2,0.2,0,-0.013935921965784526,-0.013935921965784526,-0.0
CCL.US,long,2023-02-24,2023-02-24,1,0.2,0.2,0,0.0,-0.0,-0.0
EFX.US,long,2023-02-27,2023-03-02,4,0.2,0.2,0,0.0022823089754581585,-0.0,0.002844408833692214
IDXX.US,long,2023-02-27,2023-03-01,3,0.20000000000000004,0.2,0,0.0004119210182358167,0.0,0.0021615617924729768
MKTX.US,long,2023-02-27,2023-02-28,2,0.2,0.2,0,-0.0005374302655022367,-0.0005374302655022367,-0.0
NCLH.US,long,2023-02-28,2023-03-01,2,0.2,0.2,0,0.004318488529014841,-0.0,0.004318488529014841
BBWI.US,long,2023-03-01,2023-03-17,13,0.20000000000000004,0.2,0,-0.026688951213306007,-0.026688951213306014,0.0018269474752601322
NFLX.US,long,2023-03-02,2023-03-14,9,0.2,0.2,0,-0.010883588192284478,-0.01237036640702296,0.0021161985378991945
UHS.US,long,2023-03-02,2023-03-15,10,0.2,0.2,0,-0.015884288858760254,-0.017788434071663643,-0.0
CB.US,long,2023-03-03,2023-03-15,9,0.2,0.2,0,-0.019670469802087198,-0.019670469802087198,0.0009270883631096183
HPE.US,long,2023-03-03,2023-03-15,9,0.2,0.2,0,-0.01854619135257307,-0.01854619135257307,-0.0
STLD.US,long,2023-03-15,2023-03-17,3,0.20000000000000004,0.2,0,0.004443003993582706,-0.0,0.008884520884520875
PH.US,long,2023-03-16,2023-03-17,2,0.2,0.2,0,-0.0057834394904458415,-0.0057834394904458415,0.0
SPG.US,long,2023-03-16,2023-03-21,4,0.2,0.2,0,0.0001658723975837004,-0.008956043956043968,0.0001658723975837004
XOM.US,long,2023-03-16,2023-03-17,2,0.2,0.2,0,-0.0023557359200237606,-0.0023557359200237606,-0.0
EQIX.US,long,2023-03-22,2023-03-24,3,0.20000000000000004,0.2,0,0.005608543356202844,-0.0,0.005608543356202844
PCG.US,long,2023-03-22,2023-03-24,3,0.20000000000000004,0.2,0,0.001360652439789156,-0.003217503217503204,0.001360652439789156
MO.US,long,2023-03-23,2023-03-24,2,0.2,0.2,0,0.0023469857340082893,-0.0,0.0023469857340082893
NVR.US,long,2023-03-23,2023-04-03,8,0.2,0.2,0,0.008239182506903987,-0.0,0.008239182506903987
PNW.US,long,2023-03-23,2023-03-23,1,0.2,0.2,0,0.0,-0.0,-0.0
HLT.US,long,2023-03-24,2023-03-28,3,0.20000000000000004,0.2,0,0.001030499838054988,-0.0,0.001030499838054988
ROST.US,long,2023-03-27,2023-03-27,1,0.2,0.2,0,0.0,-0.0,-0.0
ANET.US,long,2023-03-28,2023-04-03,5,0.2,0.2,0,0.005840856601566524,-0.0006258046248230232,0.00598383289133182
CDW.US,long,2023-03-28,2023-03-29,2,0.2,0.2,0,0.002669249811645669,-0.0,0.002669249811645669
MPC.US,long,2023-04-04,2023-04-10,4,0.2,0.2,0,0.008857623051869302,-0.0,0.010952153870608817
MU.US,long,2023-04-04,2023-04-05,2,0.2,0.2,0,-0.0008730574471800256,-0.0008730574471800256,-0.0
STLD.US,long,2023-04-04,2023-04-06,3,0.20000000000000004,0.2,0,0.0002713571773856005,-0.00013554071062060746,0.0002713571773856005
URI.US,long,2023-04-04,2023-04-06,3,0.20000000000000004,0.2,0,-0.002099794614487616,-0.004377245008771214,-0.0
VLO.US,long,2023-04-04,2023-04-10,4,0.2,0.2,0,0.012107158082358094,-0.0,0.012107158082358094
ON.US,long,2023-04-06,2023-04-06,1,0.2,0.2,0,0.0,-0.0,-0.0
BBY.US,long,2023-04-10,2023-04-17,6,0.19999999999999998,0.2,0,-0.004371417060461425,-0.0047544932047922876,0.000773745997865527
CRM.US,long,2023-04-10,2023-04-12,3,0.20000000000000004,0.2,0,-0.0012014377631970332,-0.00271554650373389,-0.0
MSCI.US,long,2023-04-10,2023-04-10,1,0.2,0.2,0,0.0,-0.0,-0.0
ADBE.US,long,2023-04-11,2023-04-12,2,0.2,0.2,0,-0.0006574869984640853,-0.0006574869984640853,-0.0
BKNG.US,long,2023-04-11,2023-04-12,2,0.2,0.2,0,-0.001497777102401332,-0.001497777102401332,-0.0
DAY.US,long,2023-04-11,2023-04-14,4,0.2,0.2,0,-0.0014709668395191506,-0.004869463185684975,-0.0
KR.US,long,2023-04-13,2023-04-14,2,0.2,0.2,0,-0.0017003188097768351,-0.0017003188097768351,-0.0
PGR.US,long,2023-04-13,2023-04-17,3,0.20000000000000004,0.2,0,0.00035376974177194756,-0.0034150929744591664,0.00035376974177194756
WBD.US,long,2023-04-13,2023-04-14,2,0.2,0.2,0,-0.003703703703703698,-0.003703703703703698,-0.0
AMAT.US,long,2023-04-17,2023-04-19,3,0.20000000000000004,0.2,0,-0.0026019253689158585,-0.0026019253689158585,-0.0
AMD.US,long,2023-04-17,2023-04-26,8,0.2,0.2,0,-0.008642505989518677,-0.013749904557537773,0.0005341673119847013
VLO.US,long,2023-04-17,2023-05-09,17,0.2,0.2,0,-0.0330628031011563,-0.040832272222510464,-0.0
EOG.US,long,2023-04-18,2023-04-21,4,0.2,0.2,0,-0.002851854823383149,-0.002851854823383149,-0.0
HUM.US,long,2023-04-18,2023-04-21,4,0.2,0.2,0,-0.008400122695697744,-0.008767237378245519,-0.0
ON.US,long,2023-04-20,2023-04-21,2,0.2,0.2,0,-0.0014004847831942113,-0.0014004847831942113,-0.0
CARR.US,long,2023-04-24,2023-04-27,4,0.2,0.2,0,-0.0020467664124311563,-0.006032006264829715,0.0018602432625804965
MU.US,long,2023-04-24,2023-04-25,2,0.2,0.2,0,-0.004604268190220107,-0.004604268190220107,-0.0
WBD.US,long,2023-04-24,2023-04-26,3,0.20000000000000004,0.2,0,-0.011824477508682853,-0.011824477508682853,-0.0
STLD.US,long,2023-04-26,2023-04-28,3,0.20000000000000004,0.2,0,0.0035217176197356757,-0.0,0.004326546593578717
ALGN.US,long,2023-04-27,2023-05-04,6,0.19999999999999998,0.2,0,-0.008517862173733582,-0.009177688639373117,0.004765052088251043
URI.US,long,2023-04-27,2023-04-27,1,0.2,0.2,0,0.0,-0.0,-0.0
FSLR.US,long,2023-04-28,2023-05-04,5,0.2,0.2,0,-0.012306667440371321,-0.012306667440371321,-0.0
FTNT.US,long,2023-04-28,2023-05-04,5,0.2,0.2,0,-0.0059347423315905925,-0.008216111152883366,-0.0
DXCM.US,long,2023-05-01,2023-05-04,4,0.2,0.2,0,-0.0017244387598214896,-0.0018949126773121219,-0.0
ANSS.US,long,2023-05-05,2023-05-11,5,0.2,0.2,0,-0.003728418152157187,-0.00533477919634151,-0.0
BKNG.US,long,2023-05-05,2023-05-16,8,0.2,0.2,0,0.005997030045664808,-0.0,0.006758135282729994
BSX.US,long,2023-05-05,2023-05-05,1,0.2,0.2,0,0.0,-0.0,-0.0
MTD.US,long,2023-05-05,2023-05-11,5,0.2,0.2,0,-0.011000142542127934,-0.011000142542127934,-0.0
MCHP.US,long,2023-05-08,2023-05-09,2,0.2,0.2,0,-0.004200888649522017,-0.004200888649522017,-0.0
AXON.US,long,2023-05-10,2023-05-25,12,0.20000000000000004,0.2,0,0.0019888808546319123,-0.0,0.012317750220515756
ROK.US,long,2023-05-10,2023-05-11,2,0.2,0.2,0,0.00029619756377505805,-0.0,0.00029619756377505805
CCL.US,long,2023-05-12,2023-05-12,1,0.2,0.2,0,0.0,-0.0,-0.0
MGM.US,long,2023-05-12,2023-05-17,4,0.2,0.2,0,0.0012708957621335058,-0.003783782245156875,0.0034310221586847604
WYNN.US,long,2023-05-12,2023-05-16,3,0.20000000000000004,0.2,0,-0.0044253682164661304,-0.0044253682164661304,0.0006072682417686437
ODFL.US,long,2023-05-15,2023-05-17,3,0.20000000000000004,0.2,0,-0.0016811706575470269,-0.00525319759853824,-0.0
ANET.US,long,2023-05-17,2023-05-17,1,0.2,0.2,0,0.0,-0.0,-0.0
TFX.US,long,2023-05-17,2023-05-30,9,0.2,0.2,0,-0.011092925399259192,-0.01109292539925919,-0.0
BALL.US,long,2023-05-18,2023-05-22,3,0.20000000000000004,0.2,0,-0.0029895857865345657,-0.0029895857865345657,-0.0
EIX.US,long,2023-05-18,2023-05-30,8,0.2,0.2,0,-0.009255275037269861,-0.009529539855188495,-0.0
PODD.US,long,2023-05-18,2023-05-19,2,0.2,0.2,0,-0.0012150427576188118,-0.0012150427576188118,-0.0
TT.US,long,2023-05-22,2023-05-31,7,0.19999999999999998,0.2,0,-0.00947315330179066,-0.00947315330179066,-0.0
WYNN.US,long,2023-05-23,2023-06-01,7,0.19999999999999998,0.2,0,-0.010801810350450514,-0.010801810350450514,-0.0
EG.US,long,2023-05-26,2023-06-01,4,0.2,0.2,0,-0.005107385789976871,-0.005107385789976871,0.0017221090095002724
BWA.US,long,2023-05-31,2023-06-01,2,0.2,0.2,0,0.004241014990066816,-0.0,0.004241014990066816
HPQ.US,long,2023-05-31,2023-06-01,2,0.2,0.2,0,0.0024776324845148245,-0.0,0.0024776324845148245
ACGL.US,long,2023-06-01,2023-06-01,1,0.2,0.2,0,0.0,-0.0,-0.0
ORLY.US,long,2023-06-02,2023-06-07,4,0.2,0.2,0,-0.0027114995201371395,-0.0027114995201371395,0.001512267234820497
COO.US,long,2023-06-05,2023-06-09,5,0.2,0.2,0,-0.004215412773740335,-0.004215412773740335,-0.0
TTWO.US,long,2023-06-05,2023-06-08,4,0.2,0.2,0,-0.0052616816888639405,-0.006577371669960376,-0.0
FSLR.US,long,2023-06-06,2023-06-09,4,0.2,0.2,0,-0.0048904209638221735,-0.005141753886800116,-0.0
MSI.US,long,2023-06-06,2023-06-09,4,0.2,0.2,0,-0.0001728460346518191,-0.0001728460346518191,0.0018760107816711447
MU.US,long,2023-06-08,2023-06-09,2,0.2,0.2,0,0.00033680342927131516,-0.0,0.00033680342927131516
HOLX.US,long,2023-06-09,2023-06-12,2,0.2,0.2,0,0.0018004115226337271,-0.0,0.0018004115226337271
PLD.US,long,2023-06-12,2023-06-12,1,0.2,0.2,0,0.0,-0.0,-0.0
AKAM.US,long,2023-06-13,2023-06-22,7,0.19999999999999998,0.2,0,-0.0077021780272731105,-0.008133652990370655,0.000653391467486042
VRSK.US,long,2023-06-13,2023-06-13,1,0.2,0.2,0,0.0,-0.0,-0.0
BBWI.US,long,2023-06-14,2023-06-26,8,0.2,0.2,0,-0.017039942383402652,-0.017039942383402652,0.00010075566750629151
RTX.US,long,2023-06-14,2023-06-20,4,0.2,0.2,0,0.0017414508134226518,-0.0,0.002353912863927299
EXPE.US,long,2023-06-15,2023-06-21,4,0.2,0.2,0,-0.0039045766501811354,-0.0039045766501811354,-0.0
WBD.US,long,2023-06-15,2023-06-26,7,0.19999999999999998,0.2,0,-0.02126416224047123,-0.02126416224047123,-0.0
AMD.US,long,2023-06-21,2023-06-29,7,0.19999999999999998,0.2,0,-0.0014055336053643277,-0.00830704049980353,-0.0
INTC.US,long,2023-06-22,2023-06-26,3,0.20000000000000004,0.2,0,0.003833764116246519,-0.0,0.003833764116246519
AXON.US,long,2023-06-23,2023-06-26,2,0.2,0.2,0,0.0009750410683058597,-0.0,0.0009750410683058597
CME.US,long,2023-06-27,2023-06-27,1,0.2,0.2,0,0.0,0.0,0.0
DVA.US,long,2023-06-27,2023-06-27,1,0.2,0.2,0,0.0,-0.0,-0.0
DXCM.US,long,2023-06-27,2023-06-27,1,0.2,0.2,0,0.0,-0.0,-0.0
EG.US,long,2023-06-27,2023-06-28,2,0.2,0.2,0,-0.0029772121929565023,-0.0029772121929565023,-0.0
HOLX.US,long,2023-06-28,2023-06-29,2,0.2,0.2,0,-0.00034908365540455846,-0.00034908365540455846,-0.0
JPM.US,long,2023-06-28,2023-06-28,1,0.2,0.2,0,0.0,-0.0,-0.0
RTX.US,long,2023-06-28,2023-06-28,1,0.2,0.2,0,0.0,-0.0,-0.0
BSX.US,long,2023-06-29,2023-06-29,1,0.2,0.2,0,0.0,-0.0,-0.0
HSY.US,long,2023-06-29,2023-06-29,1,0.2,0.2,0,0.0,-0.0,-0.0
MKC.US,long,2023-06-29,2023-06-30,2,0.2,0.2,0,0.0010371053238073635,-0.0,0.0010371053238073635
MU.US,long,2023-06-30,2023-07-07,5,0.2,0.2,0,-0.007451985385341953,-0.007451985385341953,0.002503565203612723
LIN.US,long,2023-07-05,2023-07-11,5,0.2,0.2,0,-0.00020519646818200076,-0.0014868471215595093,0.0001811455261045091
PTC.US,long,2023-07-05,2023-07-07,3,0.20000000000000004,0.2,0,-0.0014487280232525102,-0.0014487280232525102,-0.0
CZR.US,long,2023-07-06,2023-07-06,1,0.2,0.2,0,0.0,-0.0,-0.0
GNRC.US,long,2023-07-06,2023-07-07,2,0.2,0.2,0,0.004247654784240185,-0.0,0.004247654784240185
INTC.US,long,2023-07-07,2023-07-07,1,0.2,0.2,0,0.0,-0.0,-0.0
GOOG.US,long,2023-07-10,2023-07-11,2,0.2,0.2,0,0.0014374946521776178,-0.0,0.0014374946521776178
GOOGL.US,long,2023-07-10,2023-07-11,2,0.2,0.2,0,0.0011850579647917582,-0.0,0.0011850579647917582
ORCL.US,long,2023-07-10,2023-07-10,1,0.2,0.2,0,0.0,-0.0,-0.0
WELL.US,long,2023-07-10,2023-07-10,1,0.2,0.2,0,0.0,-0.0,-0.0
LLY.US,long,2023-07-11,2023-07-13,3,0.20000000000000004,0.2,0,-0.002127402578515958,-0.002127402578515958,0.0005507635585698445
MCK.US,long,2023-07-11,2023-07-19,7,0.19999999999999998,0.2,0,-0.0013056510584210203,-0.0023929227496857887,-0.0
KMB.US,long,2023-07-12,2023-07-20,7,0.19999999999999998,0.2,0,0.00032949154431050054,-0.0011270315682571754,0.0010387638014216715
MRK.US,long,2023-07-12,2023-07-19,6,0.19999999999999998,0.2,0,-0.002799426556561824,-0.003519328043726788,-0.0
PANW.US,long,2023-07-12,2023-07-14,3,0.20000000000000004,0.2,0,0.007359038763579262,-0.0,0.007359038763579262
CCL.US,long,2023-07-14,2023-07-17,2,0.2,0.2,0,0.005571677307022638,-0.0,0.005571677307022638
POOL.US,long,2023-07-17,2023-07-18,2,0.2,0.2,0,-0.0011943780901060965,-0.0011943780901060965,-0.0
TECH.US,long,2023-07-18,2023-07-18,1,0.2,0.2,0,0.0,-0.0,-0.0
ALGN.US,long,2023-07-19,2023-07-25,5,0.2,0.2,0,-0.006014738891494776,-0.006766302761398779,-0.0
OMC.US,long,2023-07-19,2023-07-28,8,0.2,0.2,0,-0.012013315629977718,-0.01252339578543067,0.0008885850991113831
AMD.US,long,2023-07-20,2023-07-24,3,0.20000000000000004,0.2,0,0.0006569525812427869,-0.0,0.0012698412698412655
TSLA.US,long,2023-07-20,2023-07-21,2,0.2,0.2,0,-0.0021909471281856166,-0.0021909471281856166,-0.0
AAL.US,long,2023-07-21,2023-07-27,5,0.2,0.2,0,-0.009870870643591156,-0.009870870643591156,-0.0
META.US,long,2023-07-24,2023-07-25,2,0.2,0.2,0,0.0019615239532252194,-0.0,0.0019615239532252194
ALK.US,long,2023-07-25,2023-07-27,3,0.20000000000000004,0.2,0,-0.004337127608770341,-0.004337127608770341,-0.0
NFLX.US,long,2023-07-26,2023-07-28,3,0.20000000000000004,0.2,0,0.0016087922901727447,-0.004495232687439343,0.0016087922901727447
RHI.US,long,2023-07-26,2023-08-01,5,0.2,0.2,0,-0.003910397308728308,-0.006045340050377846,-0.0
ANET.US,long,2023-07-28,2023-07-31,2,0.2,0.2,0,0.005294857369779616,-0.0,0.005294857369779616
LYV.US,long,2023-07-28,2023-08-03,5,0.2,0.2,0,-0.006962255602897005,-0.007613645622671351,-0.0
EMN.US,long,2023-07-31,2023-08-08,7,0.19999999999999998,0.2,0,-0.003278782951607196,-0.005192469020105484,0.000397289086235153
MHK.US,long,2023-07-31,2023-07-31,1,0.2,0.2,0,0.0,-0.0,-0.0
AAL.US,long,2023-08-01,2023-08-07,5,0.2,0.2,0,-0.002932475788182831,-0.0048264151821222345,-0.0
TECH.US,long,2023-08-01,2023-08-07,5,0.2,0.2,0,-0.0019357552024732885,-0.0026576982352719105,0.00020614573460835377
GNRC.US,long,2023-08-02,2023-08-11,8,0.2,0.2,0,-0.014541404295283965,-0.016095194538015202,-0.0
NCLH.US,long,2023-08-04,2023-08-04,1,0.2,0.2,0,0.0,-0.0,-0.0
MTCH.US,long,2023-08-07,2023-08-07,1,0.2,0.2,0,0.0,-0.0,-0.0
ALGN.US,long,2023-08-08,2023-08-11,4,0.2,0.2,0,-0.0026705648662934687,-0.005924891969366365,-0.0
ISRG.US,long,2023-08-08,2023-08-14,5,0.2,0.2,0,0.0014564789743037878,-0.0,0.0014564789743037878
PANW.US,long,2023-08-08,2023-08-08,1,0.2,0.2,0,0.0,-0.0,-0.0
NVDA.US,long,2023-08-09,2023-08-11,3,0.20000000000000004,0.2,0,-0.008013364378142507,-0.008013364378142507,-0.0
TSLA.US,long,2023-08-09,2023-08-18,8,0.2,0.2,0,-0.02302366633006472,-0.023023666330064717,0.0026012634708286967
FCX.US,long,2023-08-14,2023-08-25,10,0.2,0.2,0,-0.014209174569685378,-0.01420917456968538,-0.0
USB.US,long,2023-08-14,2023-08-28,11,0.2,0.2,0,-0.014219516967189729,-0.017091947268513354,-0.0
WBD.US,long,2023-08-14,2023-08-28,11,0.2,0.2,0,-0.010777768457602746,-0.01925372607781464,-0.0
CCL.US,long,2023-08-15,2023-08-22,6,0.19999999999999998,0.2,0,-0.011630077558224849,-0.012532988685132595,-0.0
CZR.US,long,2023-08-21,2023-08-22,2,0.2,0.2,0,0.0012478065899785397,-0.0,0.0012478065899785397
APA.US,long,2023-08-23,2023-08-28,4,0.2,0.2,0,0.001706226926715093,-0.001457451810061139,0.001706226926715093
HES.US,long,2023-08-23,2023-08-25,3,0.20000000000000004,0.2,0,-0.00028763702301568537,-0.0010608672589841994,-0.0
JBHT.US,long,2023-08-28,2023-08-31,4,0.2,0.2,0,0.0011610148922305053,-0.0,0.00340300215605871
LEN.US,long,2023-08-28,2023-08-28,1,0.2,0.2,0,0.0,0.0,0.0
LH.US,long,2023-08-29,2023-09-06,6,0.19999999999999998,0.2,0,-0.006413532309647052,-0.006560267452713809,0.0009747787819997189
PCG.US,long,2023-08-30,2023-09-06,5,0.2,0.2,0,-0.0009127392198257983,-0.003249762590059491,-0.0
PNW.US,long,2023-08-30,2023-09-06,5,0.2,0.2,0,-0.0066674854296066245,-0.010339191693105577,-0.0
VTRS.US,long,2023-08-31,2023-09-18,12,0.20000000000000004,0.2,0,-0.01775785592352612,-0.019201670220422115,0.0007441860465116079
MOH.US,long,2023-09-01,2023-09-06,3,0.20000000000000004,0.2,0,0.00025373833767299296,0.0,0.0014688828759180873
ALGN.US,long,2023-09-07,2023-09-13,5,0.2,0.2,0,-0.010945350995351278,-0.01101981809020376,-0.0
MTCH.US,long,2023-09-07,2023-10-04,20,0.20000000000000004,0.2,0,-0.031018388338330885,-0.031018388338330885,-0.0
NVDA.US,long,2023-09-07,2023-09-22,12,0.20000000000000004,0.2,0,-0.02070841759987421,-0.0235999016186957,-0.0
STX.US,long,2023-09-07,2023-09-13,5,0.2,0.2,0,3.309237695545662e-05,-0.0021033872148812807,0.006084489281210637
NFLX.US,long,2023-09-14,2023-10-05,16,0.2,0.2,0,-0.01427898025946448,-0.01427898025946448,-0.0
ON.US,long,2023-09-14,2023-09-21,6,0.19999999999999998,0.2,0,-0.011611129059383975,-0.011611129059383975,-0.0
CZR.US,long,2023-09-19,2023-10-09,15,0.20000000000000007,0.2,0,-0.020861334075483674,-0.025611904879866178,0.0014454928729170646
TSLA.US,long,2023-09-22,2023-09-27,4,0.2,0.2,0,-0.003566442233419109,-0.003566442233419109,0.0017232930414897041
CCL.US,long,2023-09-25,2023-09-26,2,0.2,0.2,0,-0.0020143884892086295,-0.0020143884892086295,-0.0
ORCL.US,long,2023-09-27,2023-09-27,1,0.2,0.2,0,0.0,-0.0,-0.0
MU.US,long,2023-09-28,2023-09-28,1,0.2,0.2,0,0.0,-0.0,-0.0
ZTS.US,long,2023-09-28,2023-10-04,5,0.2,0.2,0,-0.003475364801454939,-0.004250331043455758,-0.0
LLY.US,long,2023-09-29,2023-10-04,4,0.2,0.2,0,-0.002047632319052806,-0.004435339624980151,0.00043192523225288326
ABNB.US,long,2023-10-05,2023-10-06,2,0.2,0.2,0,0.0021921753740299366,-0.0,0.0021921753740299366
ON.US,long,2023-10-05,2023-10-05,1,0.2,0.2,0,0.0,-0.0,-0.0
VLO.US,long,2023-10-05,2023-10-09,3,0.20000000000000004,0.2,0,-0.0008265556913160222,-0.0014904298713523723,-0.0
CF.US,long,2023-10-06,2023-10-06,1,0.2,0.2,0,0.0,-0.0,-0.0
PSX.US,long,2023-10-06,2023-10-06,1,0.2,0.2,0,0.0,-0.0,-0.0
FDX.US,long,2023-10-09,2023-10-27,15,0.20000000000000007,0.2,0,-0.021762219793108797,-0.022560617984263457,0.0008368273985215335
WMT.US,long,2023-10-09,2023-10-09,1,0.2,0.2,0,0.0,-0.0,-0.0
HWM.US,long,2023-10-12,2023-10-16,3,0.20000000000000004,0.2,0,-0.0037157387138307962,-0.004752475247524779,-0.0
PCAR.US,long,2023-10-12,2023-10-23,8,0.2,0.2,0,-0.009343654703249958,-0.00934365470324996,-0.0
RCL.US,long,2023-10-13,2023-10-23,7,0.19999999999999998,0.2,0,-0.011259817410710759,-0.014358268185323464,0.0013703402624550165
TSLA.US,long,2023-10-13,2023-10-31,13,0.20000000000000004,0.2,0,-0.04291924014454298,-0.04644579061069618,0.0029625237348775537
WDC.US,long,2023-10-17,2023-10-23,5,0.2,0.2,0,-0.010678193919137203,-0.010678193919137203,0.0014046216583598172
HAL.US,long,2023-10-24,2023-11-01,7,0.19999999999999998,0.2,0,-0.004008337803839623,-0.004415048530835008,0.0007457121551081692
HES.US,long,2023-10-24,2023-11-01,7,0.19999999999999998,0.2,0,-0.016964404112824252,-0.016964404112824252,-0.0
ODFL.US,long,2023-10-24,2023-10-31,6,0.19999999999999998,0.2,0,-0.004605138961458511,-0.009094016535648187,-0.0
APA.US,long,2023-10-30,2023-11-06,6,0.19999999999999998,0.2,0,-0.0018910849229762273,-0.0018910849229762273,0.001412218380327124
PXD.US,long,2023-11-01,2023-11-01,1,0.2,0.2,0,0.0,-0.0,-0.0
BKR.US,long,2023-11-07,2023-11-09,3,0.20000000000000004,0.2,0,0.00035818186465346174,-0.0007088009450679334,0.00035818186465346174
CI.US,long,2023-11-07,2023-11-10,4,0.2,0.2,0,-0.0011672950722821712,-0.004144000620722821,0.0002169270921601907
HAL.US,long,2023-11-07,2023-11-10,4,0.2,0.2,0,0.0018023018903168709,-0.0008432147562582593,0.0018023018903168709
MPC.US,long,2023-11-07,2023-11-09,3,0.20000000000000004,0.2,0,-0.006009184722389094,-0.006009184722389094,-0.0
MRO.US,long,2023-11-07,2023-11-13,5,0.2,0.2,0,-0.0034704840392145507,-0.005729480683552946,-0.0
EQT.US,long,2023-11-10,2023-11-14,3,0.20000000000000004,0.2,0,0.0039269950570639985,-0.0,0.0039269950570639985
NWSA.US,long,2023-11-10,2023-11-13,2,0.2,0.2,0,-0.00449330783938815,-0.00449330783938815,-0.0
NWS.US,long,2023-11-13,2023-11-13,1,0.2,0.2,0,0.0,-0.0,-0.0
STLD.US,long,2023-11-13,2023-11-13,1,0.2,0.2,0,0.0,-0.0,-0.0
REGN.US,long,2023-11-14,2023-11-16,3,0.20000000000000004,0.2,0,0.000717381884422097,-0.0003326193775986086,0.000717381884422097
ACGL.US,long,2023-11-15,2023-11-20,4,0.2,0.2,0,0.004335131640478584,-0.0,0.004335131640478584
CI.US,long,2023-11-15,2023-11-17,3,0.20000000000000004,0.2,0,-0.00029624778976069523,-0.000523005159375245,-0.0
MCK.US,long,2023-11-15,2023-11-22,6,0.19999999999999998,0.2,0,0.004918613648386616,-0.0,0.004918613648386616
VRTX.US,long,2023-11-15,2023-11-17,3,0.20000000000000004,0.2,0,0.0007434761193160669,-0.0036297017232495457,0.0007434761193160669
CF.US,long,2023-11-17,2023-11-22,4,0.2,0.2,0,-0.0027215849490059177,-0.0027215849490059177,-0.0
DPZ.US,long,2023-11-20,2023-11-24,4,0.2,0.2,0,0.0009863670738463172,-0.0,0.0009863670738463172
PKG.US,long,2023-11-20,2023-11-21,2,0.2,0.2,0,0.0005487326887901212,-0.0,0.0005487326887901212
NRG.US,long,2023-11-21,2023-11-22,2,0.2,0.2,0,0.002787610619469039,-0.0,0.002787610619469039
J.US,long,2023-11-22,2023-11-27,3,0.20000000000000004,0.2,0,-0.00250852001866142,-0.00250852001866142,-0.0
NVDA.US,long,2023-11-24,2023-12-04,7,0.19999999999999998,0.2,0,-0.00954078769050215,-0.00954078769050215,0.0019507702612190593
NVR.US,long,2023-11-24,2023-11-30,5,0.2,0.2,0,-0.0012704023984879244,-0.002851510320238182,-0.0
SBUX.US,long,2023-11-24,2023-12-08,11,0.2,0.2,0,-0.012246926265451897,-0.01450202608047526,-0.0
LYV.US,long,2023-11-27,2023-12-06,8,0.2,0.2,0,-0.007948144093582778,-0.010724215829241813,-0.0
URI.US,long,2023-11-28,2023-11-28,1,0.2,0.2,0,0.0,-0.0,-0.0
ODFL.US,long,2023-11-29,2023-11-30,2,0.2,0.2,0,0.0026829204761532836,-0.0,0.0026829204761532836
LLY.US,long,2023-12-01,2023-12-04,2,0.2,0.2,0,0.0005616053694952772,-0.0,0.0005616053694952772
META.US,long,2023-12-01,2023-12-06,4,0.2,0.2,0,-0.004564486003873248,-0.004564486003873248,-0.0
AMD.US,long,2023-12-05,2023-12-06,2,0.2,0.2,0,-0.0026355803345159638,-0.0026355803345159638,-0.0
EQT.US,long,2023-12-05,2023-12-12,6,0.19999999999999998,0.2,0,-0.01242430762120401,-0.01242430762120401,-0.0
ACGL.US,long,2023-12-07,2023-12-08,2,0.2,0.2,0,0.002450855246362016,-0.0,0.002450855246362016
CEG.US,long,2023-12-07,2023-12-08,2,0.2,0.2,0,0.001230435175970346,-0.0,0.001230435175970346
MPC.US,long,2023-12-07,2023-12-12,4,0.2,0.2,0,0.0025275006126083133,-0.0,0.0031948624478533197
AMT.US,long,2023-12-11,2023-12-12,2,0.2,0.2,0,-0.0005350194552528942,-0.0005350194552528942,-0.0
CCI.US,long,2023-12-11,2023-12-12,2,0.2,0.2,0,-0.0009605309116311301,-0.0009605309116311301,-0.0
SBAC.US,long,2023-12-11,2023-12-12,2,0.2,0.2,0,-0.002302360125433256,-0.002302360125433256,-0.0
VZ.US,long,2023-12-13,2023-12-13,1,0.2,0.2,0,0.0,-0.0,-0.0
ADBE.US,long,2023-12-14,2023-12-15,2,0.2,0.2,0,1.3683634373284904e-05,-0.0,1.3683634373284904e-05
AJG.US,long,2023-12-14,2023-12-15,2,0.2,0.2,0,-0.0037262156448202967,-0.0037262156448202967,-0.0
CBOE.US,long,2023-12-14,2023-12-18,3,0.20000000000000004,0.2,0,0.003146956572120807,-0.0,0.003204086371023918
MCK.US,long,2023-12-14,2023-12-15,2,0.2,0.2,0,-0.0010007245064300064,-0.0010007245064300064,-0.0
PGR.US,long,2023-12-14,2023-12-18,3,0.20000000000000004,0.2,0,0.0031942215575490487,-0.00018235102572454755,0.0031942215575490487
COR.US,long,2023-12-18,2023-12-18,1,0.2,0.2,0,0.0,-0.0,-0.0
J.US,long,2023-12-18,2023-12-18,1,0.2,0.2,0,0.0,-0.0,-0.0
UNH.US,long,2023-12-18,2023-12-26,6,0.19999999999999998,0.2,0,-0.002459549201482969,-0.004048559321565226,-0.0
ALL.US,long,2023-12-19,2023-12-21,3,0.20000000000000004,0.2,0,-0.00412913755139146,-0.00412913755139146,-0.0
ABNB.US,long,2023-12-20,2024-01-05,11,0.2,0.2,0,-0.007234388601543086,-0.011064293719004949,0.0014460905933224577
DXCM.US,long,2023-12-20,2023-12-22,3,0.20000000000000004,0.2,0,0.009536355634196126,-0.0,0.010562414266117948
FDX.US,long,2023-12-20,2023-12-22,3,0.20000000000000004,0.2,0,0.001443183737671605,-0.0,0.001443183737671605
ULTA.US,long,2023-12-22,2023-12-22,1,0.2,0.2,0,0.0,-0.0,-0.0
AZO.US,long,2023-12-26,2023-12-28,3,0.20000000000000004,0.2,0,-0.00013242789005845078,-0.00013242789005845078,0.0003082479683656825
CMCSA.US,long,2023-12-26,2024-01-05,8,0.2,0.2,0,-0.0027200324135713055,-0.0046435604454736715,0.0008642052673540235
SNPS.US,long,2023-12-26,2024-01-05,8,0.2,0.2,0,-0.013976771091681984,-0.013976771091681984,-0.0
MPC.US,long,2023-12-28,2023-12-29,2,0.2,0.2,0,0.0020152505446623613,-0.0,0.0020152505446623613
STLD.US,long,2023-12-29,2024-01-19,14,0.20000000000000004,0.2,0,-0.008867549082340977,-0.01111859921327727,0.001708107747831722
NCLH.US,long,2024-01-02,2024-01-17,11,0.2,0.2,0,-0.013310063833375987,-0.017309198594353693,-0.0
BA.US,long,2024-01-08,2024-01-17,7,0.19999999999999998,0.2,0,-0.023239078065810825,-0.025772491191683566,-0.0
REG.US,long,2024-01-08,2024-01-18,8,0.2,0.2,0,-0.008444816062773364,-0.008444816062773364,0.0
TRGP.US,long,2024-01-08,2024-01-19,9,0.2,0.2,0,-0.004382999662367727,-0.006840557351342881,-0.0
BXP.US,long,2024-01-18,2024-01-18,1,0.2,0.2,0,0.0,-0.0,-0.0
ZION.US,long,2024-01-18,2024-01-18,1,0.2,0.2,0,0.0,-0.0,-0.0
CNC.US,long,2024-01-19,2024-01-22,2,0.2,0.2,0,0.0027511800404585343,-0.0,0.0027511800404585343
CVS.US,long,2024-01-19,2024-01-19,1,0.2,0.2,0,0.0,0.0,0.0
MOH.US,long,2024-01-19,2024-02-05,12,0.20000000000000004,0.2,0,-0.007808420780386949,-0.008421218818568032,0.0014719159530518944
BBWI.US,long,2024-01-22,2024-01-25,4,0.2,0.2,0,-0.001774347475538618,-0.004302300805630943,-0.0
GILD.US,long,2024-01-22,2024-01-24,3,0.20000000000000004,0.2,0,0.0028033646728727215,-0.0,0.0028033646728727215
TSN.US,long,2024-01-22,2024-01-22,1,0.2,0.2,0,0.0,-0.0,-0.0
CCL.US,long,2024-01-23,2024-01-26,4,0.2,0.2,0,-0.005013267556012857,-0.005013267556012857,0.00275843857634901
DOC.US,long,2024-01-23,2024-02-05,10,0.2,0.2,0,-0.016467592455390048,-0.016467592455390045,0.000546375961393908
EPAM.US,long,2024-01-25,2024-01-26,2,0.2,0.2,0,0.0022656332199347596,-0.0,0.0022656332199347596
INTC.US,long,2024-01-26,2024-02-08,10,0.2,0.2,0,-0.004664757560241273,-0.004786573755533352,0.0008705612829324139
AJG.US,long,2024-01-29,2024-01-30,2,0.2,0.2,0,0.0015648220998338846,-0.0,0.0015648220998338846
CBOE.US,long,2024-01-29,2024-02-06,7,0.19999999999999998,0.2,0,-0.003373164541585716,-0.003373164541585716,0.0013396156882240719
AMD.US,long,2024-01-31,2024-02-01,2,0.2,0.2,0,0.003327568728010011,-0.0,0.003327568728010011
BXP.US,long,2024-02-02,2024-02-07,4,0.2,0.2,0,0.00029429148238038186,-0.003265818809860255,0.00029429148238038186
CMA.US,long,2024-02-06,2024-02-07,2,0.2,0.2,0,0.003857868020304567,-0.0,0.003857868020304567
GEN.US,long,2024-02-06,2024-02-08,3,0.20000000000000004,0.2,0,0.002725712941213643,-0.0,0.003108305002428358
RCL.US,long,2024-02-07,2024-02-21,10,0.2,0.2,0,-0.007564965989432504,-0.007564965989432504,0.0025789165201373088
KEY.US,long,2024-02-08,2024-02-09,2,0.2,0.2,0,0.0002883922134102601,-0.0,0.0002883922134102601
RMD.US,long,2024-02-08,2024-02-14,5,0.2,0.2,0,-0.00345822339351245,-0.004998659850508647,0.0009578231292517004
CCL.US,long,2024-02-09,2024-02-13,3,0.20000000000000004,0.2,0,-0.002425871350809339,-0.002425871350809339,0.002351404310907901
EXPE.US,long,2024-02-09,2024-02-09,1,0.2,0.2,0,0.0,-0.0,-0.0
DXCM.US,long,2024-02-12,2024-02-29,13,0.20000000000000004,0.2,0,-0.005654376587789201,-0.007142732392376839,-0.0
TSN.US,long,2024-02-12,2024-02-14,3,0.20000000000000004,0.2,0,-0.0021437145420780904,-0.003577545195052334,-0.0
MGM.US,long,2024-02-14,2024-02-28,10,0.2,0.2,0,-0.002800760301029937,-0.004903126996210961,0.0014018691588785438
AAPL.US,long,2024-02-15,2024-02-21,4,0.2,0.2,0,-0.0016716510717611488,-0.002508839879868674,-0.0
AKAM.US,long,2024-02-15,2024-02-28,9,0.2,0.2,0,-0.006165327786248298,-0.008393442305842224,-0.0
ADBE.US,long,2024-02-22,2024-02-23,2,0.2,0.2,0,0.005904347340811445,-0.0,0.005904347340811445
ALLE.US,long,2024-02-22,2024-03-01,7,0.19999999999999998,0.2,0,-0.004437715879741045,-0.004437715879741045,-0.0
ZION.US,long,2024-02-26,2024-02-28,3,0.20000000000000004,0.2,0,-0.0017489167514980197,-0.0017489167514980197,0.0013534617386777637
AMGN.US,long,2024-02-29,2024-02-29,1,0.2,0.2,0,0.0,-0.0,-0.0
BAX.US,long,2024-02-29,2024-03-01,2,0.2,0.2,0,0.0004398826979472137,-0.0,0.0004398826979472137
EW.US,long,2024-02-29,2024-03-01,2,0.2,0.2,0,0.0008247908566041851,-0.0,0.0008247908566041851
ALGN.US,long,2024-03-01,2024-03-01,1,0.2,0.2,0,0.0,-0.0,-0.0
ZTS.US,long,2024-03-01,2024-03-08,6,0.19999999999999998,0.2,0,-0.009222974391503947,-0.009939188374204645,-0.0
AAL.US,long,2024-03-04,2024-03-05,2,0.2,0.2,0,-0.0018906144496961597,-0.0018906144496961597,-0.0
JBHT.US,long,2024-03-04,2024-03-19,12,0.20000000000000004,0.2,0,-0.01062027950023543,-0.01062027950023543,0.000940924119683384
MOH.US,long,2024-03-04,2024-03-05,2,0.2,0.2,0,-0.000501875565903509,-0.000501875565903509,-0.0
RL.US,long,2024-03-04,2024-03-11,6,0.19999999999999998,0.2,0,0.00031470001801066133,-0.0023666611136145873,0.0024020653271972225
BBWI.US,long,2024-03-06,2024-03-08,3,0.20000000000000004,0.2,0,8.618420307815629e-06,-0.004421616793211225,8.618420307815629e-06
PANW.US,long,2024-03-06,2024-03-12,5,0.2,0.2,0,0.004303395100030172,-0.0,0.005468693968299521
CEG.US,long,2024-03-11,2024-03-15,5,0.2,0.2,0,-0.002825427477383702,-0.0038944265055664397,0.0005479125722112954
STX.US,long,2024-03-11,2024-03-19,7,0.19999999999999998,0.2,0,-0.011388153364844222,-0.01415194303576588,-0.0
IDXX.US,long,2024-03-12,2024-03-26,11,0.2,0.2,0,-0.00597571177291596,-0.00639446060226705,-0.0
AVGO.US,long,2024-03-13,2024-03-19,5,0.2,0.2,0,-0.003135831515233201,-0.003541969452232974,0.0006995953476909734
SMCI.US,long,2024-03-18,2024-03-20,3,0.20000000000000004,0.2,0,-0.02111322760186945,-0.02111322760186945,-0.0
AMD.US,long,2024-03-20,2024-04-02,9,0.2,0.2,0,-0.0010364263599188291,-0.002069141653761197,0.004025207762476746
EQIX.US,long,2024-03-20,2024-03-26,5,0.2,0.2,0,-0.006044035398580716,-0.007949350090954432,-0.0
ULTA.US,long,2024-03-20,2024-03-27,6,0.19999999999999998,0.2,0,-0.003909048267668469,-0.007059544460844847,-0.0
ACN.US,long,2024-03-21,2024-03-25,3,0.20000000000000004,0.2,0,-0.006545578580928546,-0.006545578580928546,-0.0
MCHP.US,long,2024-03-26,2024-03-26,1,0.2,0.2,0,0.0,-0.0,-0.0
ANET.US,long,2024-03-27,2024-03-28,2,0.2,0.2,0,0.0010887278527096811,-0.0,0.0010887278527096811
META.US,long,2024-03-27,2024-04-02,4,0.2,0.2,0,0.001473754160212604,-0.003353177013728592,0.001473754160212604
SNPS.US,long,2024-03-27,2024-04-02,4,0.2,0.2,0,-0.0012101397222091803,-0.0012101397222091803,0.0012409341393588625
CDNS.US,long,2024-03-28,2024-04-02,3,0.20000000000000004,0.2,0,-0.003151045358393079,-0.003151045358393079,0.0005461320997173225
CCL.US,long,2024-04-01,2024-04-05,5,0.2,0.2,0,-0.01425665542310537,-0.015053468172109353,-0.0
INTC.US,long,2024-04-03,2024-04-30,20,0.20000000000000004,0.2,0,-0.05436137130231789,-0.05436137130231789,-0.0
MRNA.US,long,2024-04-03,2024-04-05,3,0.20000000000000004,0.2,0,0.003287575378499019,-0.0,0.003287575378499019
NCLH.US,long,2024-04-03,2024-04-05,3,0.20000000000000004,0.2,0,-0.0040307688578524285,-0.004668049792531148,0.0
NVDA.US,long,2024-04-03,2024-04-10,6,0.19999999999999998,0.2,0,-0.00410443860144536,-0.008052701131613871,-0.0
SMCI.US,long,2024-04-08,2024-04-10,3,0.20000000000000004,0.2,0,-0.00427428486381527,-0.005234227248249868,-0.0
TGT.US,long,2024-04-08,2024-04-18,9,0.2,0.2,0,-0.0035674854118241004,-0.0075415811129295515,0.002274602239245738
TSCO.US,long,2024-04-08,2024-04-16,7,0.19999999999999998,0.2,0,-0.003717034609456737,-0.0060892295096509836,0.0029878809697155622
IVZ.US,long,2024-04-11,2024-04-16,4,0.2,0.2,0,-0.006666047004166975,-0.006666047004166975,-0.0
POOL.US,long,2024-04-11,2024-04-19,7,0.19999999999999998,0.2,0,-0.009664117415855067,-0.009664117415855067,0.0005591602046737254
ANET.US,long,2024-04-17,2024-04-22,4,0.2,0.2,0,-0.010740136495956554,-0.010740136495956554,-0.0
MU.US,long,2024-04-17,2024-04-22,4,0.2,0.2,0,-0.012382749335205445,-0.016784734911678246,-0.0
SMCI.US,long,2024-04-19,2024-04-22,2,0.2,0.2,0,0.0009444405520913524,-0.0,0.0009444405520913524
UBER.US,long,2024-04-22,2024-05-02,9,0.2,0.2,0,-0.0009290750661048457,-0.00781759383717091,0.005276891852710897
FCX.US,long,2024-04-23,2024-04-24,2,0.2,0.2,0,0.001041883725776227,-0.0,0.001041883725776227
NUE.US,long,2024-04-23,2024-05-02,8,0.2,0.2,0,-0.004567652793017675,-0.0069274278564771755,0.001458946751917134
TPR.US,long,2024-04-23,2024-04-25,3,0.20000000000000004,0.2,0,-0.00020571538891467345,-0.00020571538891467345,0.002991886409736333
META.US,long,2024-04-25,2024-05-02,6,0.19999999999999998,0.2,0,0.0002464257665608428,-0.00508117069878431,0.0008654673977072314
DXCM.US,long,2024-04-26,2024-05-02,5,0.2,0.2,0,0.0037289231221118166,-0.0,0.004876208506340697
AMD.US,long,2024-05-01,2024-05-02,2,0.2,0.2,0,0.0026200873362445254,-0.0,0.0026200873362445254
COP.US,long,2024-05-03,2024-05-03,1,0.2,0.2,0,0.0,-0.0,-0.0
HII.US,long,2024-05-03,2024-05-08,4,0.2,0.2,0,0.0005707202369505725,0.0,0.001898314073696783
IR.US,long,2024-05-03,2024-05-06,2,0.2,0.2,0,0.004059040590405916,-0.0,0.004059040590405916
IRM.US,long,2024-05-03,2024-05-06,2,0.2,0.2,0,0.003929899097185308,-0.0,0.003929899097185308
PCAR.US,long,2024-05-03,2024-05-06,2,0.2,0.2,0,0.0006870884626395846,-0.0,0.0006870884626395846
DG.US,long,2024-05-06,2024-05-06,1,0.2,0.2,0,0.0,-0.0,-0.0
FAST.US,long,2024-05-07,2024-05-08,2,0.2,0.2,0,0.0011142900165638015,-0.0,0.0011142900165638015
FDX.US,long,2024-05-07,2024-05-08,2,0.2,0.2,0,-0.0011253932343353813,-0.0011253932343353813,-0.0
TMUS.US,long,2024-05-07,2024-05-07,1,0.2,0.2,0,0.0,-0.0,-0.0
HST.US,long,2024-05-08,2024-05-31,17,0.2,0.2,0,-0.0030516110834079234,-0.004736310516781073,0.005665040055873783
PYPL.US,long,2024-05-08,2024-05-13,4,0.2,0.2,0,0.0005308175476027802,-0.002710879576185565,0.0020059551794389566
ABNB.US,long,2024-05-09,2024-05-10,2,0.2,0.2,0,-0.0009928595715743116,-0.0009928595715743116,-0.0
NSC.US,long,2024-05-09,2024-05-09,1,0.2,0.2,0,0.0,-0.0,-0.0
VTRS.US,long,2024-05-09,2024-05-17,7,0.19999999999999998,0.2,0,-0.004244556437852088,-0.004244556437852088,0.0025147106741034266
CRL.US,long,2024-05-10,2024-05-13,2,0.2,0.2,0,0.00025425214799228434,-0.0,0.00025425214799228434
SMCI.US,long,2024-05-13,2024-05-13,1,0.2,0.2,0,0.0,-0.0,-0.0
AXON.US,long,2024-05-14,2024-05-24,9,0.2,0.2,0,-0.007304740464352967,-0.011333455775614088,-0.0
CSGP.US,long,2024-05-14,2024-06-03,14,0.20000000000000004,0.2,0,-0.02317101571217459,-0.02317101571217459,0.001594896331738438
MPC.US,long,2024-05-14,2024-05-15,2,0.2,0.2,0,-0.00119181276448741,-0.00119181276448741,-0.0
SYF.US,long,2024-05-16,2024-05-17,2,0.2,0.2,0,0.0021159153633854458,-0.0,0.0021159153633854458
BWA.US,long,2024-05-20,2024-05-24,5,0.2,0.2,0,-0.006386606960494623,-0.009864372068818428,-0.0
MHK.US,long,2024-05-20,2024-05-29,7,0.19999999999999998,0.2,0,-0.004874963701858203,-0.005330830211040816,0.0010763538513286265
MTD.US,long,2024-05-28,2024-05-30,3,0.20000000000000004,0.2,0,-0.009848881451050895,-0.009848881451050895,-0.0
UAL.US,long,2024-05-28,2024-05-30,3,0.20000000000000004,0.2,0,0.002809045186307535,-0.0,0.004699842022116885
PANW.US,long,2024-05-30,2024-06-06,6,0.19999999999999998,0.2,0,0.0019269015125372266,-0.0020929787922679523,0.0019269015125372266
ANET.US,long,2024-05-31,2024-06-10,7,0.19999999999999998,0.2,0,-9.45754349679351e-06,-0.0030126969322266106,-0.0
SMCI.US,long,2024-05-31,2024-06-04,3,0.20000000000000004,0.2,0,-0.003283980211537774,-0.0035486864412181077,-0.0
VST.US,long,2024-06-03,2024-06-10,6,0.19999999999999998,0.2,0,-0.01029554871624858,-0.017701214638430305,-0.0
CEG.US,long,2024-06-04,2024-06-04,1,0.2,0.2,0,0.0,-0.0,-0.0
ACGL.US,long,2024-06-05,2024-06-17,9,0.2,0.2,0,-0.0008530427001170789,-0.004862913150456372,0.0018016714911142982
STLD.US,long,2024-06-05,2024-06-14,8,0.2,0.2,0,-0.010323642578738766,-0.010323642578738768,0.0018716577540106806
MCHP.US,long,2024-06-07,2024-06-07,1,0.2,0.2,0,0.0,-0.0,-0.0
KEY.US,long,2024-06-10,2024-06-11,2,0.2,0.2,0,-0.0036576444769568675,-0.0036576444769568675,-0.0
BBWI.US,long,2024-06-11,2024-06-18,6,0.19999999999999998,0.2,0,-0.014460044707210608,-0.014460044707210608,-0.0
UAL.US,long,2024-06-11,2024-06-11,1,0.2,0.2,0,0.0,-0.0,-0.0
PYPL.US,long,2024-06-12,2024-06-20,6,0.19999999999999998,0.2,0,-0.011625188375742466,-0.013925594329734324,-0.0
VLO.US,long,2024-06-12,2024-06-14,3,0.20000000000000004,0.2,0,0.0022746962077636827,-0.0,0.0022746962077636827
MRNA.US,long,2024-06-17,2024-06-21,4,0.2,0.2,0,-0.006507300607926525,-0.006715010877447414,-0.0
VST.US,long,2024-06-17,2024-06-18,2,0.2,0.2,0,0.008966619741833838,-0.0,0.008966619741833838
ENPH.US,long,2024-06-18,2024-06-26,6,0.19999999999999998,0.2,0,-0.02777739042351526,-0.029937429696956633,-0.0
DECK.US,long,2024-06-20,2024-06-26,5,0.2,0.2,0,-0.0016465896116122814,-0.0028646516257332167,-0.0
PHM.US,long,2024-06-20,2024-06-21,2,0.2,0.2,0,0.001590026199295336,-0.0,0.001590026199295336
FSLR.US,long,2024-06-21,2024-07-02,8,0.2,0.2,0,-0.034254876252567915,-0.034254876252567915,0.0018619384246918891
NVDA.US,long,2024-06-24,2024-06-24,1,0.2,0.2,0,0.0,-0.0,-0.0
SMCI.US,long,2024-06-24,2024-06-26,3,0.20000000000000004,0.2,0,0.0010662786930754732,-0.0,0.003903383395003468
AVGO.US,long,2024-06-25,2024-06-28,4,0.2,0.2,0,0.0031260053539250657,-0.0,0.0031260053539250657
IP.US,long,2024-06-27,2024-07-01,3,0.20000000000000004,0.2,0,0.0004182211535241232,-0.00046242774566473965,0.0004182211535241232
MRNA.US,long,2024-06-27,2024-07-10,9,0.2,0.2,0,-0.006072817010561837,-0.008726352272825989,-0.0
QCOM.US,long,2024-06-27,2024-06-27,1,0.2,0.2,0,0.0,-0.0,-0.0
CEG.US,long,2024-06-28,2024-07-05,5,0.2,0.2,0,0.010811038362918924,-0.0,0.010811038362918924
MU.US,long,2024-07-01,2024-07-01,1,0.2,0.2,0,0.0,-0.0,-0.0
CMG.US,long,2024-07-02,2024-07-29,19,0.20000000000000004,0.2,0,-0.036201099250450945,-0.04077665614388861,0.004386254262086453
PWR.US,long,2024-07-02,2024-07-02,1,0.2,0.2,0,0.0,0.0,0.0
DECK.US,long,2024-07-03,2024-07-05,2,0.2,0.2,0,0.0007758981662512543,-0.0,0.0007758981662512543
HPE.US,long,2024-07-03,2024-07-05,2,0.2,0.2,0,-0.0011611030478955175,-0.0011611030478955175,-0.0
STLD.US,long,2024-07-08,2024-07-09,2,0.2,0.2,0,-3.218797779029892e-05,-3.218797779029892e-05,-0.0
UAL.US,long,2024-07-08,2024-07-15,6,0.19999999999999998,0.2,0,-0.010814176648598095,-0.010814176648598095,0.0016232379325074931
VLO.US,long,2024-07-08,2024-07-11,4,0.2,0.2,0,-0.00175606897249152,-0.004157725287191272,-0.0
CRWD.US,long,2024-07-10,2024-07-12,3,0.20000000000000004,0.2,0,-0.0016666265162341041,-0.002147149152089711,-0.0
DECK.US,long,2024-07-11,2024-07-11,1,0.2,0.2,0,0.0,-0.0,-0.0
DAL.US,long,2024-07-12,2024-07-15,2,0.2,0.2,0,-0.0028427326914259423,-0.0028427326914259423,-0.0
META.US,long,2024-07-12,2024-07-19,6,0.19999999999999998,0.2,0,-0.0086107669568523,-0.015005979313769346,-0.0
FSLR.US,long,2024-07-15,2024-07-15,1,0.2,0.2,0,0.0,-0.0,-0.0
CEG.US,long,2024-07-16,2024-07-19,4,0.2,0.2,0,-0.014965501737132713,-0.01777625927372122,-0.0
FCX.US,long,2024-07-16,2024-07-30,11,0.2,0.2,0,-0.02599909892938059,-0.02599909892938059,-0.0
VST.US,long,2024-07-16,2024-07-19,4,0.2,0.2,0,-0.02181279615393359,-0.022522417608012102,-0.0
MGM.US,long,2024-07-22,2024-07-26,5,0.2,0.2,0,-0.008857856690489552,-0.010788358620991501,4.569339730409183e-05
SMCI.US,long,2024-07-22,2024-08-09,15,0.20000000000000007,0.2,0,-0.07993629522990442,-0.08647166901548708,-0.0
STLD.US,long,2024-07-22,2024-07-24,3,0.20000000000000004,0.2,0,-0.007059942141781139,-0.007059942141781139,-0.0
VST.US,long,2024-07-25,2024-07-30,4,0.2,0.2,0,-0.0038482739577063727,-0.0038482739577063727,0.002440327951333465
GM.US,long,2024-07-29,2024-08-05,6,0.19999999999999998,0.2,0,-0.01958954642211577,-0.01958954642211577,0.0007693645053691967
NVDA.US,long,2024-07-30,2024-07-30,1,0.2,0.2,0,0.0,-0.0,-0.0
CCL.US,long,2024-07-31,2024-08-08,7,0.19999999999999998,0.2,0,-0.026886009250088574,-0.03373825764409286,-0.0
INCY.US,long,2024-07-31,2024-08-12,9,0.2,0.2,0,-0.012251243187722638,-0.015058890001297188,-0.0
UAL.US,long,2024-07-31,2024-08-07,6,0.19999999999999998,0.2,0,-0.030565375071278725,-0.03521663406604241,-0.0
GNRC.US,long,2024-08-06,2024-08-08,3,0.20000000000000004,0.2,0,0.002828221127533759,-0.0037095388140933497,0.002828221127533759
MCK.US,long,2024-08-08,2024-08-09,2,0.2,0.2,0,-0.002323245237529914,-0.002323245237529914,-0.0
PFE.US,long,2024-08-09,2024-08-12,2,0.2,0.2,0,-0.0007005253940455481,-0.0007005253940455481,-0.0
UNH.US,long,2024-08-09,2024-08-12,2,0.2,0.2,0,0.0023373183477700898,-0.0,0.0023373183477700898
FMC.US,long,2024-08-12,2024-08-14,3,0.20000000000000004,0.2,0,0.005922955424563537,-0.0,0.005922955424563537
MTCH.US,long,2024-08-12,2024-08-14,3,0.20000000000000004,0.2,0,0.002421764468792143,-0.0,0.004678708913236607
CL.US,long,2024-08-13,2024-08-13,1,0.2,0.2,0,0.0,-0.0,-0.0
KR.US,long,2024-08-13,2024-08-14,2,0.2,0.2,0,0.00034214027751380274,-0.0,0.00034214027751380274
CTLT.US,long,2024-08-14,2024-08-14,1,0.2,0.2,0,0.0,-0.0,-0.0
AMT.US,long,2024-08-15,2024-08-21,5,0.2,0.2,0,0.0013167676477788823,-0.0,0.002124463445945679
CCI.US,long,2024-08-15,2024-08-22,6,0.19999999999999998,0.2,0,0.0005935143694952626,-0.0,0.001485073464079245
HOLX.US,long,2024-08-15,2024-08-15,1,0.2,0.2,0,0.0,-0.0,-0.0
O.US,long,2024-08-15,2024-08-15,1,0.2,0.2,0,0.0,-0.0,-0.0
STE.US,long,2024-08-15,2024-08-16,2,0.2,0.2,0,0.0017540812782216087,-0.0,0.0017540812782216087
BR.US,long,2024-08-16,2024-08-20,3,0.20000000000000004,0.2,0,0.0007468844682615216,-0.0,0.0007468844682615216
HSY.US,long,2024-08-16,2024-08-16,1,0.2,0.2,0,0.0,-0.0,-0.0
MPC.US,long,2024-08-20,2024-08-22,3,0.20000000000000004,0.2,0,0.0011667409198509392,-0.0,0.0013877096934742372
XOM.US,long,2024-08-20,2024-08-22,3,0.20000000000000004,0.2,0,0.00027167483343917267,-0.0012742188863676064,0.00027167483343917267
BIO.US,long,2024-08-21,2024-08-26,4,0.2,0.2,0,-0.0017190244126779938,-0.003921196597413301,-0.0
NXPI.US,long,2024-08-22,2024-08-26,3,0.20000000000000004,0.2,0,0.0037172225010625227,-0.0,0.005925986305836295
GD.US,long,2024-08-23,2024-08-27,3,0.20000000000000004,0.2,0,-0.000858629002163025,-0.000858629002163025,-0.0
ZTS.US,long,2024-08-23,2024-09-03,7,0.19999999999999998,0.2,0,0.00293561231066346,-0.0,0.00293561231066346
AXON.US,long,2024-08-26,2024-09-06,9,0.2,0.2,0,-0.003195458312456223,-0.0031954583124562228,0.0024843810169979056
AMZN.US,long,2024-08-27,2024-08-29,3,0.20000000000000004,0.2,0,-0.0011345543641534618,-0.0026802218114602597,-0.0
META.US,long,2024-08-27,2024-09-04,6,0.19999999999999998,0.2,0,-0.002424868752128684,-0.0028078607796415914,0.0008559860677236797
NRG.US,long,2024-08-28,2024-08-29,2,0.2,0.2,0,0.00585523856982686,-0.0,0.00585523856982686
CBOE.US,long,2024-08-30,2024-08-30,1,0.2,0.2,0,0.0,-0.0,-0.0
DVA.US,long,2024-08-30,2024-09-09,6,0.19999999999999998,0.2,0,-0.0008588965771552993,-0.0028729484529797845,0.0014047177312483507
NVDA.US,long,2024-09-03,2024-09-09,5,0.2,0.2,0,-0.002522986520662163,-0.00960263253836129,-0.0
CEG.US,long,2024-09-04,2024-09-09,4,0.2,0.2,0,-0.0029047619203488085,-0.004995917832774377,-0.0
HPE.US,long,2024-09-05,2024-09-11,5,0.2,0.2,0,-0.013767281085374684,-0.017493989159908786,-0.0
FSLR.US,long,2024-09-09,2024-09-10,2,0.2,0.2,0,0.002785352551616649,-0.0,0.002785352551616649
BBY.US,long,2024-09-10,2024-09-11,2,0.2,0.2,0,0.002552661616685681,-0.0,0.002552661616685681
CHTR.US,long,2024-09-10,2024-09-10,1,0.2,0.2,0,0.0,-0.0,-0.0
UBER.US,long,2024-09-10,2024-09-12,3,0.20000000000000004,0.2,0,-0.0025155260440238303,-0.0025155260440238303,0.0032468473691839696
KMX.US,long,2024-09-11,2024-09-12,2,0.2,0.2,0,0.0028723404255319275,-0.0,0.0028723404255319275
LUV.US,long,2024-09-11,2024-09-20,8,0.2,0.2,0,0.001625997920648037,-0.0025767841418742558,0.0016259979206480367
MTCH.US,long,2024-09-12,2024-09-16,3,0.20000000000000004,0.2,0,0.0010852411286964793,-0.0,0.0010852411286964793
WAT.US,long,2024-09-12,2024-09-13,2,0.2,0.2,0,0.0023472429210134485,-0.0,0.0023472429210134485
GRMN.US,long,2024-09-13,2024-09-20,6,0.19999999999999998,0.2,0,-0.0019274155709062325,-0.0032676908777389494,-0.0
NSC.US,long,2024-09-13,2024-09-17,3,0.20000000000000004,0.2,0,0.0003614860880668758,-0.0,0.0010333604556549858
AAPL.US,long,2024-09-16,2024-09-17,2,0.2,0.2,0,0.0004345414201183395,-0.0,0.0004345414201183395
MDT.US,long,2024-09-17,2024-09-18,2,0.2,0.2,0,-0.0011282861333633987,-0.0011282861333633987,-0.0
PANW.US,long,2024-09-18,2024-09-19,2,0.2,0.2,0,0.00233510235026535,-0.0,0.00233510235026535
RMD.US,long,2024-09-18,2024-09-18,1,0.2,0.2,0,0.0,-0.0,-0.0
AMT.US,long,2024-09-19,2024-09-19,1,0.2,0.2,0,0.0,-0.0,-0.0
BAX.US,long,2024-09-19,2024-09-20,2,0.2,0.2,0,-0.001393188854489158,-0.001393188854489158,-0.0
CHTR.US,long,2024-09-20,2024-09-26,5,0.2,0.2,0,-0.008126657458119224,-0.009729252135215471,0.0007384987893462648
VTRS.US,long,2024-09-20,2024-09-25,4,0.2,0.2,0,-0.0020880996352223183,-0.0020880996352223183,0.0014047410008779515
PFE.US,long,2024-09-23,2024-09-23,1,0.2,0.2,0,0.0,-0.0,-0.0
REGN.US,long,2024-09-23,2024-10-08,12,0.20000000000000004,0.2,0,-0.016227514429559456,-0.01807681918333686,-0.0
VRTX.US,long,2024-09-23,2024-09-30,6,0.19999999999999998,0.2,0,0.002204692827391708,-0.0,0.002204692827391708
SBUX.US,long,2024-09-24,2024-09-25,2,0.2,0.2,0,0.00247750132345157,-0.0,0.00247750132345157
BLDR.US,long,2024-09-26,2024-10-07,8,0.2,0.2,0,0.0022939208071730997,-0.0,0.006053608204404793
GM.US,long,2024-09-26,2024-09-26,1,0.2,0.2,0,0.0,0.0,0.0
PANW.US,long,2024-09-27,2024-09-27,1,0.2,0.2,0,0.0,-0.0,-0.0
PODD.US,long,2024-09-27,2024-09-30,2,0.2,0.2,0,0.0006206094039563848,-0.0,0.0006206094039563848
UHS.US,long,2024-09-30,2024-10-10,9,0.2,0.2,0,-0.014372295373489299,-0.014748865405117842,-0.0
AVGO.US,long,2024-10-01,2024-10-03,3,0.20000000000000004,0.2,0,0.00525110010415446,-0.0,0.00525110010415446
NVDA.US,long,2024-10-01,2024-10-02,2,0.2,0.2,0,0.0031623931623931513,-0.0,0.0031623931623931513
TSLA.US,long,2024-10-03,2024-10-03,1,0.2,0.2,0,0.0,-0.0,-0.0
AES.US,long,2024-10-04,2024-10-11,6,0.19999999999999998,0.2,0,-0.01736314678591546,-0.01736314678591546,-0.0
FSLR.US,long,2024-10-04,2024-10-21,12,0.20000000000000004,0.2,0,-0.031401151125428586,-0.031401151125428586,-0.0
SW.US,long,2024-10-08,2024-10-15,6,0.19999999999999998,0.2,0,-0.0073581978311310975,-0.0073581978311310975,-0.0
NRG.US,long,2024-10-09,2024-10-10,2,0.2,0.2,0,-0.0021680216802168364,-0.0021680216802168364,-0.0
LEN.US,long,2024-10-11,2024-10-11,1,0.2,0.2,0,0.0,-0.0,-0.0
TSLA.US,long,2024-10-11,2024-10-23,9,0.2,0.2,0,-0.003788022197620622,-0.0037880221976206224,0.0032261414228965
BBY.US,long,2024-10-14,2024-10-14,1,0.2,0.2,0,0.0,-0.0,-0.0
HAS.US,long,2024-10-14,2024-10-17,4,0.2,0.2,0,0.0006704417968201426,-0.0,0.0006704417968201426
MPWR.US,long,2024-10-15,2024-10-16,2,0.2,0.2,0,0.0022912964266952776,-0.0,0.0022912964266952776
MTD.US,long,2024-10-16,2024-10-29,10,0.2,0.2,0,-0.015694113519948982,-0.016374244440063836,-0.0
ERIE.US,long,2024-10-17,2024-11-05,14,0.20000000000000004,0.2,0,-0.032524135653092756,-0.03559991205060831,-0.0
FICO.US,long,2024-10-18,2024-10-21,2,0.2,0.2,0,0.002127228319803809,-0.0,0.002127228319803809
DELL.US,long,2024-10-22,2024-10-24,3,0.20000000000000004,0.2,0,0.00029605474429112984,-0.0015116279069767647,0.00029605474429112984
MPWR.US,long,2024-10-22,2024-10-22,1,0.2,0.2,0,0.0,-0.0,-0.0
AVGO.US,long,2024-10-23,2024-10-28,4,0.2,0.2,0,-0.0016968353227153176,-0.0024897700420724923,-0.0
NEM.US,long,2024-10-24,2024-11-04,8,0.2,0.2,0,-0.014506614486266712,-0.016716070959974162,-0.0
MHK.US,long,2024-10-25,2024-10-29,3,0.20000000000000004,0.2,0,0.0023312787187677484,-0.0,0.0023312787187677484
DHI.US,long,2024-10-29,2024-10-29,1,0.2,0.2,0,0.0,-0.0,-0.0
DVA.US,long,2024-10-30,2024-11-01,3,0.20000000000000004,0.2,0,0.0005494285591485016,-0.001996884294009349,0.0005494285591485016
STX.US,long,2024-10-30,2024-11-04,4,0.2,0.2,0,0.0002257394319676641,-0.001348269245259637,0.0011624411263653656
SWK.US,long,2024-10-30,2024-11-04,4,0.2,0.2,0,0.00119284140173983,-0.0019814637264301996,0.00119284140173983
VST.US,long,2024-11-04,2024-11-04,1,0.2,0.2,0,0.0,-0.0,-0.0
ADI.US,long,2024-11-05,2024-11-05,1,0.2,0.2,0,0.0,-0.0,-0.0
ES.US,long,2024-11-05,2024-11-13,7,0.19999999999999998,0.2,0,-0.003932364187565729,-0.004823894648189797,-0.0
LVS.US,long,2024-11-05,2024-11-06,2,0.2,0.2,0,0.0014302741358760418,-0.0,0.0014302741358760418
MKTX.US,long,2024-11-05,2024-11-15,9,0.2,0.2,0,-0.012864615624856746,-0.012864615624856747,-0.0
NEE.US,long,2024-11-06,2024-11-07,2,0.2,0.2,0,0.00026838432635534204,-0.0,0.00026838432635534204
SBAC.US,long,2024-11-06,2024-11-06,1,0.2,0.2,0,0.0,-0.0,-0.0
CBOE.US,long,2024-11-07,2024-11-08,2,0.2,0.2,0,-0.002903484181017202,-0.002903484181017202,-0.0
CTVA.US,long,2024-11-07,2024-11-18,8,0.2,0.2,0,-0.005384143200655433,-0.011832250427607074,-0.0
FMC.US,long,2024-11-08,2024-11-18,7,0.19999999999999998,0.2,0,-0.015193781674604613,-0.018282584763407696,-0.0
RVTY.US,long,2024-11-11,2024-11-19,7,0.19999999999999998,0.2,0,-0.018199037419979795,-0.019002910627251193,-0.0
CEG.US,long,2024-11-14,2024-11-15,2,0.2,0.2,0,-0.0006639203295604412,-0.0006639203295604412,-0.0
LDOS.US,long,2024-11-18,2024-11-20,3,0.20000000000000004,0.2,0,0.004184603489965233,-0.0006925207756232733,0.004184603489965233
NCLH.US,long,2024-11-18,2024-11-20,3,0.20000000000000004,0.2,0,-0.00043882386824811714,-0.00043882386824811714,0.0018390804597701038
INCY.US,long,2024-11-19,2024-11-21,3,0.20000000000000004,0.2,0,-0.0004689576980217325,-0.0004689576980217325,0.001388888888888884
WAT.US,long,2024-11-19,2024-11-19,1,0.2,0.2,0,0.0,-0.0,-0.0
AVGO.US,long,2024-11-20,2024-11-29,7,0.19999999999999998,0.2,0,-0.0013158812931774126,-0.004334607415805359,0.0019176217571470922
MHK.US,long,2024-11-20,2024-11-20,1,0.2,0.2,0,0.0,0.0,0.0
BBY.US,long,2024-11-21,2024-11-21,1,0.2,0.2,0,0.0,-0.0,-0.0
GOOGL.US,long,2024-11-21,2024-11-22,2,0.2,0.2,0,-0.003424208077313118,-0.003424208077313118,-0.0
MMM.US,long,2024-11-21,2024-11-22,2,0.2,0.2,0,0.0017279296261388578,-0.0,0.0017279296261388578
AMZN.US,long,2024-11-22,2024-11-22,1,0.2,0.2,0,0.0,-0.0,-0.0
GOOG.US,long,2024-11-22,2024-11-22,1,0.2,0.2,0,0.0,-0.0,-0.0
CHRW.US,long,2024-11-25,2024-11-29,4,0.2,0.2,0,-0.00365470472844811,-0.004281783113246207,-0.0
LMT.US,long,2024-11-25,2024-11-26,2,0.2,0.2,0,-0.0001686179079882555,-0.0001686179079882555,-0.0
NVDA.US,long,2024-11-25,2024-11-27,3,0.20000000000000004,0.2,0,-0.0009845822281381088,-0.0009845822281381088,0.0013233348037053007
VTR.US,long,2024-11-25,2024-11-25,1,0.2,0.2,0,0.0,-0.0,-0.0
XOM.US,long,2024-11-26,2024-12-20,18,0.20000000000000004,0.2,0,-0.02144954344904804,-0.022131943221581407,-0.0
DELL.US,long,2024-11-27,2024-11-27,1,0.2,0.2,0,0.0,-0.0,-0.0
AME.US,long,2024-11-29,2024-12-19,15,0.20000000000000007,0.2,0,-0.012571747798976431,-0.014065441093953246,0.0012141166786706404
CHD.US,long,2024-11-29,2024-11-29,1,0.2,0.2,0,0.0,-0.0,-0.0
CFG.US,long,2024-12-02,2024-12-23,16,0.2,0.2,0,-0.01507688385948587,-0.020340668098982433,-0.0
CTRA.US,long,2024-12-02,2024-12-10,7,0.19999999999999998,0.2,0,-0.00993311494371123,-0.00993311494371123,0.0006132617861249302
EQT.US,long,2024-12-02,2024-12-10,7,0.19999999999999998,0.2,0,-0.006685266629993782,-0.006685266629993782,0.0012575791601167731
GM.US,long,2024-12-11,2024-12-19,7,0.19999999999999998,0.2,0,-0.006533805294877326,-0.00793408535088853,0.0018787724694785625
TPL.US,long,2024-12-11,2024-12-13,3,0.20000000000000004,0.2,0,-0.0013275762537869663,-0.0016801989793039818,-0.0
ORCL.US,long,2024-12-16,2024-12-23,6,0.19999999999999998,0.2,0,-0.0023381672080532876,-0.006842857860253626,-0.0
CHTR.US,long,2024-12-20,2024-12-31,7,0.19999999999999998,0.2,0,-0.004987515991257752,-0.004987515991257752,0.0004015931297875364
PAYC.US,long,2024-12-20,2024-12-23,2,0.2,0.2,0,-0.0003088355933021259,-0.0003088355933021259,0.0
GNRC.US,long,2024-12-23,2024-12-24,2,0.2,0.2,0,0.0005444646098003326,-0.0,0.0005444646098003326
EBAY.US,long,2024-12-27,2025-01-03,5,0.2,0.2,0,-0.0038293600664080613,-0.0038293600664080613,-0.0
EPAM.US,long,2024-12-27,2025-01-13,10,0.2,0.2,0,-0.01080077985853467,-0.010978069105941813,-0.0
MKC.US,long,2024-12-27,2025-01-13,10,0.2,0.2,0,-0.014237064482162665,-0.014237064482162666,-0.0
TAP.US,long,2024-12-27,2025-01-13,10,0.2,0.2,0,-0.01378485560618248,-0.019009874675595142,-0.0
TSLA.US,long,2025-01-02,2025-01-02,1,0.2,0.2,0,0.0,-0.0,-0.0
CCL.US,long,2025-01-03,2025-01-07,3,0.20000000000000004,0.2,0,-0.004454508274328917,-0.004454508274328917,-0.0
AXON.US,long,2025-01-06,2025-01-07,2,0.2,0.2,0,-0.0030418250950570605,-0.0030418250950570605,-0.0
PLTR.US,long,2025-01-08,2025-01-13,3,0.20000000000000004,0.2,0,-0.009622985067953116,-0.009622985067953116,-0.0
ULTA.US,long,2025-01-08,2025-01-15,5,0.2,0.2,0,-0.003642170987709604,-0.005344906051244092,0.0014886544298309268
FTNT.US,long,2025-01-14,2025-01-17,4,0.2,0.2,0,0.0037430003768617937,-0.0,0.0037430003768617937
GOOGL.US,long,2025-01-14,2025-01-14,1,0.2,0.2,0,0.0,-0.0,-0.0
NFLX.US,long,2025-01-14,2025-01-14,1,0.2,0.2,0,0.0,-0.0,-0.0
NVDA.US,long,2025-01-14,2025-01-17,4,0.2,0.2,0,0.009079685917816827,-0.0,0.009079685917816827
AZO.US,long,2025-01-15,2025-01-16,2,0.2,0.2,0,-0.0007541990923410458,-0.0007541990923410458,-0.0
LULU.US,long,2025-01-15,2025-01-21,4,0.2,0.2,0,-0.002026034836418877,-0.0030106727552700052,-0.0
DIS.US,long,2025-01-16,2025-01-17,2,0.2,0.2,0,0.0010520383242532461,-0.0,0.0010520383242532461
DAY.US,long,2025-01-17,2025-01-23,4,0.2,0.2,0,0.0010908735065921383,-8.618213157138844e-05,0.0010908735065921383
FOXA.US,long,2025-01-21,2025-01-21,1,0.2,0.2,0,0.0,-0.0,-0.0
EXPE.US,long,2025-01-22,2025-01-29,6,0.19999999999999998,0.2,0,-0.002580307236432745,-0.005144014778309015,0.003731644111718957
MAA.US,long,2025-01-22,2025-01-23,2,0.2,0.2,0,-0.00031264867803979527,-0.00031264867803979527,-0.0
CINF.US,long,2025-01-23,2025-01-24,2,0.2,0.2,0,0.0017197030939957614,-0.0,0.0017197030939957614
FICO.US,long,2025-01-23,2025-01-27,3,0.20000000000000004,0.2,0,-0.0012241265749378671,-0.00428663862827563,-0.0
HES.US,long,2025-01-24,2025-02-03,7,0.19999999999999998,0.2,0,-0.007619975334897667,-0.007619975334897667,0.002368421052631575
TPL.US,long,2025-01-24,2025-01-29,4,0.2,0.2,0,-0.012744172719895764,-0.015343441858700492,-0.0
VST.US,long,2025-01-27,2025-01-28,2,0.2,0.2,0,0.018325065655091868,-0.0,0.018325065655091868
PWR.US,long,2025-01-28,2025-01-29,2,0.2,0.2,0,0.0025988162460031106,0.0,0.0025988162460031106
TSLA.US,long,2025-01-29,2025-01-29,1,0.2,0.2,0,0.0,-0.0,-0.0
CHRW.US,long,2025-01-30,2025-02-07,7,0.19999999999999998,0.2,0,-0.0077530352624837215,-0.0077530352624837215,-0.0
CHTR.US,long,2025-01-30,2025-02-04,4,0.2,0.2,0,0.0022340665792533578,-0.0,0.005270037430931041
NOW.US,long,2025-01-30,2025-02-14,12,0.20000000000000004,0.2,0,-0.005049510974686866,-0.005914818900055208,0.0028489710440766204
STX.US,long,2025-01-30,2025-02-04,4,0.2,0.2,0,-0.007681108035443552,-0.009884787966979737,-0.0
DECK.US,long,2025-02-04,2025-02-12,7,0.19999999999999998,0.2,0,-0.01877052597100102,-0.01877052597100102,0.003575432178889626
DAY.US,long,2025-02-05,2025-02-12,6,0.19999999999999998,0.2,0,-0.0036037758939109874,-0.0036037758939109874,-0.0
IP.US,long,2025-02-05,2025-02-05,1,0.2,0.2,0,0.0,-0.0,-0.0
CF.US,long,2025-02-06,2025-02-07,2,0.2,0.2,0,-0.0001664289110794526,-0.0001664289110794526,-0.0
NCLH.US,long,2025-02-10,2025-02-12,3,0.20000000000000004,0.2,0,-0.0019595455632395843,-0.0022650056625141304,-0.0
TSLA.US,long,2025-02-10,2025-02-12,3,0.20000000000000004,0.2,0,-0.007799705428482073,-0.01267641775724917,-0.0
AXON.US,long,2025-02-13,2025-02-13,1,0.2,0.2,0,0.0,-0.0,-0.0
BX.US,long,2025-02-13,2025-02-13,1,0.2,0.2,0,0.0,-0.0,-0.0
KKR.US,long,2025-02-13,2025-02-25,8,0.2,0.2,0,-0.014032556108644668,-0.014032556108644668,0.002119808278118418
WAT.US,long,2025-02-13,2025-02-19,4,0.2,0.2,0,-0.0005069681092578328,-0.0049484318535517385,-0.0
ANET.US,long,2025-02-14,2025-02-14,1,0.2,0.2,0,0.0,-0.0,-0.0
GDDY.US,long,2025-02-14,2025-02-24,6,0.19999999999999998,0.2,0,-0.009025427831469401,-0.009370711827556177,-0.0
AVGO.US,long,2025-02-18,2025-02-25,6,0.19999999999999998,0.2,0,-0.023690877734685614,-0.023690877734685614,0.00017503172450008544
DVA.US,long,2025-02-18,2025-02-25,6,0.19999999999999998,0.2,0,-0.01579022724304615,-0.01711379806816582,-0.0
AXON.US,long,2025-02-20,2025-02-25,4,0.2,0.2,0,-0.01704318550256976,-0.01704318550256976,-0.0
PLTR.US,long,2025-02-25,2025-03-04,6,0.19999999999999998,0.2,0,-0.007649121532594627,-0.009998677993874905,0.003346994535519121
BA.US,long,2025-02-26,2025-03-10,9,0.2,0.2,0,-0.030148478041281533,-0.030148478041281533,0.0018335231899399675
EQT.US,long,2025-02-26,2025-02-28,3,0.20000000000000004,0.2,0,-0.0022490836247043506,-0.008854273416683744,-0.0
HSIC.US,long,2025-02-26,2025-03-04,5,0.2,0.2,0,-0.006214137693461264,-0.006214137693461264,-0.0
TSLA.US,long,2025-02-26,2025-03-11,10,0.2,0.2,0,-0.04268825543831693,-0.050277722014954326,0.001737424787531694
NCLH.US,long,2025-03-03,2025-03-11,7,0.19999999999999998,0.2,0,-0.030309360046061086,-0.030629530803798558,-0.0
RL.US,long,2025-03-05,2025-03-21,13,0.20000000000000004,0.2,0,-0.02132373675457713,-0.02807246825501484,-0.0
SYF.US,long,2025-03-05,2025-03-11,5,0.2,0.2,0,-0.013974215302547966,-0.013974215302547966,-0.0
UAL.US,long,2025-03-11,2025-03-13,3,0.20000000000000004,0.2,0,-0.01653217831644889,-0.01653217831644889,-0.0
CHTR.US,long,2025-03-12,2025-03-19,6,0.19999999999999998,0.2,0,0.0019147483116880746,-0.0024874910650464657,0.0027216322163290617
EXPE.US,long,2025-03-12,2025-03-14,3,0.20000000000000004,0.2,0,-0.00029267491593358824,-0.0066576421363524485,-0.0
SOLV.US,long,2025-03-12,2025-03-14,3,0.20000000000000004,0.2,0,0.000524231053221991,-0.004620997162545626,0.000524231053221991
MKC.US,long,2025-03-14,2025-03-14,1,0.2,0.2,0,0.0,-0.0,-0.0
CHD.US,long,2025-03-18,2025-03-26,7,0.19999999999999998,0.2,0,-0.0019271149679428003,-0.004944397503987852,0.0012847072566830155
GILD.US,long,2025-03-19,2025-03-20,2,0.2,0.2,0,-0.0030508789880011157,-0.0030508789880011157,-0.0
LKQ.US,long,2025-03-20,2025-03-21,2,0.2,0.2,0,-0.0028306490971205635,-0.0028306490971205635,-0.0
WBA.US,long,2025-03-20,2025-03-26,5,0.2,0.2,0,-0.0003566401514590201,-0.0003597122302158251,0.0005411886706850666
DE.US,long,2025-03-21,2025-03-21,1,0.2,0.2,0,0.0,-0.0,-0.0
AWK.US,long,2025-03-24,2025-03-25,2,0.2,0.2,0,-0.0007730851825339613,-0.0007730851825339613,-0.0
JKHY.US,long,2025-03-24,2025-03-25,2,0.2,0.2,0,0.0022682559888902,-0.0,0.0022682559888902
SBUX.US,long,2025-03-24,2025-03-25,2,0.2,0.2,0,0.00033430839949852856,-0.0,0.00033430839949852856
ABBV.US,long,2025-03-26,2025-03-27,2,0.2,0.2,0,0.0014108296075509231,-0.0,0.0014108296075509231
AMGN.US,long,2025-03-26,2025-03-28,3,0.20000000000000004,0.2,0,0.0008110748444033256,-0.0,0.0008110748444033256
MDT.US,long,2025-03-26,2025-03-28,3,0.20000000000000004,0.2,0,0.00022751478364642082,-0.0,0.0017001020061203854
GEV.US,long,2025-03-27,2025-03-31,3,0.20000000000000004,0.2,0,0.0015053089305232972,-4.6204620462031444e-05,0.0015053089305232972
NRG.US,long,2025-03-27,2025-03-31,3,0.20000000000000004,0.2,0,-0.0006233721558799088,-0.0011695906432748649,-0.0
PLTR.US,long,2025-03-28,2025-03-31,2,0.2,0.2,0,-0.003377984857309224,-0.003377984857309224,-0.0
CRWD.US,long,2025-03-31,2025-03-31,1,0.2,0.2,0,0.0,-0.0,-0.0
RCL.US,long,2025-03-31,2025-03-31,1,0.2,0.2,0,0.0,-0.0,-0.0
BA.US,long,2025-04-01,2025-04-08,6,0.19999999999999998,0.2,0,-0.035369305741834174,-0.03945648031956688,0.00046381637628591934
DASH.US,long,2025-04-01,2025-04-01,1,0.2,0.2,0,0.0,-0.0,-0.0
EXPE.US,long,2025-04-01,2025-04-08,6,0.19999999999999998,0.2,0,-0.03950060046715725,-0.03950060046715725,0.00017889087656528524
LUV.US,long,2025-04-01,2025-04-08,6,0.19999999999999998,0.2,0,-0.04646995799793687,-0.04646995799793687,0.0017094017094017033
NFLX.US,long,2025-04-01,2025-04-01,1,0.2,0.2,0,0.0,-0.0,-0.0
MOS.US,long,2025-04-02,2025-04-08,5,0.2,0.2,0,-0.029040550852780102,-0.029040550852780102,-0.0
VRTX.US,long,2025-04-02,2025-04-15,10,0.2,0.2,0,0.007114155811315715,-0.004613226031737506,0.007114155811315715
AWK.US,long,2025-04-09,2025-04-15,5,0.2,0.2,0,0.011209475384167635,-0.0,0.01382991481170244
CBOE.US,long,2025-04-09,2025-04-15,5,0.2,0.2,0,0.01157155875176512,-0.0,0.01157155875176512
TAP.US,long,2025-04-16,2025-04-21,3,0.20000000000000004,0.2,0,-0.0026552263741361328,-0.0026552263741361328,0.00013626298756599375
CVS.US,long,2025-04-17,2025-04-29,8,0.2,0.2,0,-0.004643311487352354,-0.006301084856590889,-0.0
MOH.US,long,2025-04-17,2025-04-22,3,0.20000000000000004,0.2,0,0.00014826676347072694,-0.01247710977994352,0.00014826676347072694
PGR.US,long,2025-04-17,2025-04-21,2,0.2,0.2,0,-0.006057637973252917,-0.006057637973252917,-0.0
EQT.US,long,2025-04-21,2025-04-24,4,0.2,0.2,0,0.004761599234226965,-0.0,0.004761599234226965
CBOE.US,long,2025-04-23,2025-04-24,2,0.2,0.2,0,0.001191940213792453,-0.0,0.001191940213792453
NEM.US,long,2025-04-23,2025-04-23,1,0.2,0.2,0,0.0,-0.0,-0.0
KDP.US,long,2025-04-24,2025-04-29,4,0.2,0.2,0,-0.0013249193624734756,-0.0024412530875028483,-0.0
MDLZ.US,long,2025-04-24,2025-04-29,4,0.2,0.2,0,0.00040925315222148937,-0.001280454989099611,0.00040925315222148937
TAP.US,long,2025-04-25,2025-04-29,3,0.20000000000000004,0.2,0,0.000917728593784939,-0.0003521126760563265,0.000917728593784939
TMUS.US,long,2025-04-25,2025-04-28,2,0.2,0.2,0,0.00343686901232978,-0.0,0.00343686901232978
BRO.US,long,2025-04-29,2025-04-29,1,0.2,0.2,0,0.0,-0.0,-0.0
VICI.US,long,2025-04-30,2025-05-08,7,0.19999999999999998,0.2,0,-0.00272026330798647,-0.0031855090568394975,-0.0
GL.US,long,2025-05-01,2025-05-01,1,0.2,0.2,0,0.0,-0.0,-0.0
NEM.US,long,2025-05-01,2025-05-02,2,0.2,0.2,0,0.00015536997475238402,-0.0,0.00015536997475238402
DG.US,long,2025-05-02,2025-05-02,1,0.2,0.2,0,0.0,-0.0,-0.0
PSKY.US,long,2025-05-02,2025-05-05,2,0.2,0.2,0,-0.0031496062992126153,-0.0031496062992126153,-0.0
ED.US,long,2025-05-05,2025-05-14,8,0.2,0.2,0,-0.017618463585599778,-0.017618463585599774,0.0027667973278130645
EXC.US,long,2025-05-05,2025-05-14,8,0.2,0.2,0,-0.01502927332531694,-0.01502927332531694,0.001476898945213101
GILD.US,long,2025-05-06,2025-05-09,4,0.2,0.2,0,-0.0019591386214995897,-0.0019591386214995897,0.0020841847159787986
DASH.US,long,2025-05-07,2025-05-09,3,0.20000000000000004,0.2,0,0.0073582995123749224,-0.0,0.0073582995123749224
FTNT.US,long,2025-05-09,2025-05-09,1,0.2,0.2,0,0.0,-0.0,-0.0
DG.US,long,2025-05-12,2025-05-14,3,0.20000000000000004,0.2,0,-0.003942702757575955,-0.005900100569896094,-0.0
NFLX.US,long,2025-05-12,2025-05-12,1,0.2,0.2,0,0.0,-0.0,-0.0
TMUS.US,long,2025-05-12,2025-05-14,3,0.20000000000000004,0.2,0,-0.0042075061963392285,-0.0042075061963392285,-0.0
CVS.US,long,2025-05-13,2025-05-19,5,0.2,0.2,0,0.007524629290778618,-0.0015206611570248052,0.007524629290778618
ABNB.US,long,2025-05-20,2025-05-23,4,0.2,0.2,0,-0.008231195932774571,-0.008231195932774571,-0.0
CPAY.US,long,2025-05-20,2025-05-23,4,0.2,0.2,0,-0.00978504322844329,-0.00978504322844329,-0.0
FICO.US,long,2025-05-20,2025-05-28,6,0.19999999999999998,0.2,0,-0.040117066990484875,-0.05558904794311921,-0.0
WYNN.US,long,2025-05-20,2025-05-23,4,0.2,0.2,0,-0.007099241591228167,-0.007099241591228167,-0.0
PLTR.US,long,2025-05-21,2025-05-29,6,0.19999999999999998,0.2,0,0.0029068511429631845,-0.0,0.005233935822989055
BA.US,long,2025-05-27,2025-05-28,2,0.2,0.2,0,0.00046759190170622136,-0.0,0.00046759190170622136
F.US,long,2025-05-27,2025-05-29,3,0.20000000000000004,0.2,0,-0.0017325257241825878,-0.002715809893307486,-0.0
TPL.US,long,2025-05-27,2025-06-05,8,0.2,0.2,0,-0.024846582634874693,-0.024846582634874693,-0.0
CDNS.US,long,2025-05-29,2025-05-30,2,0.2,0.2,0,0.0018066783831282686,-0.0,0.0018066783831282686
UBER.US,long,2025-05-29,2025-06-06,7,0.19999999999999998,0.2,0,0.003128041780360702,-0.004222120963257048,0.003128041780360702
COIN.US,long,2025-05-30,2025-06-02,2,0.2,0.2,0,8.109642364773073e-05,-0.0,8.109642364773073e-05
DELL.US,long,2025-05-30,2025-06-02,2,0.2,0.2,0,-0.005733800665048961,-0.005733800665048961,-0.0
WYNN.US,long,2025-06-02,2025-06-06,5,0.2,0.2,0,-0.010372474407666933,-0.010516635868503066,-0.0
CHTR.US,long,2025-06-03,2025-06-05,3,0.20000000000000004,0.2,0,0.0002472128919096539,-0.0010388945752303202,0.0002472128919096539
DPZ.US,long,2025-06-03,2025-06-05,3,0.20000000000000004,0.2,0,-0.0019299437111972352,-0.0019299437111972352,0.0005941489247196064
MOS.US,long,2025-06-06,2025-06-12,5,0.2,0.2,0,-0.0011569756168795524,-0.004155725693094459,-0.0
NEM.US,long,2025-06-06,2025-06-11,4,0.2,0.2,0,0.0036653115017337254,-0.0,0.0036653115017337254
PODD.US,long,2025-06-06,2025-06-12,5,0.2,0.2,0,-0.005190876434305314,-0.008454006125540814,-0.0
ISRG.US,long,2025-06-09,2025-06-13,5,0.2,0.2,0,-0.0053260662194605235,-0.0053260662194605235,0.0013114130951249693
RL.US,long,2025-06-09,2025-06-13,5,0.2,0.2,0,-0.007545856611830915,-0.007545856611830915,-0.0
COIN.US,long,2025-06-12,2025-06-13,2,0.2,0.2,0,0.0013773076125285222,-0.0,0.0013773076125285222
CCL.US,long,2025-06-13,2025-06-13,1,0.2,0.2,0,0.0,-0.0,-0.0
LUV.US,long,2025-06-13,2025-06-20,5,0.2,0.2,0,-0.0009215444947931145,-0.0023977960994144183,0.0029624960605105777
AZO.US,long,2025-06-16,2025-06-18,3,0.20000000000000004,0.2,0,2.5556318751696062e-05,-0.0,8.214988696479964e-05
CHTR.US,long,2025-06-16,2025-06-18,3,0.20000000000000004,0.2,0,0.001181365039206539,-0.000858140340591107,0.001181365039206539
ES.US,long,2025-06-16,2025-06-20,4,0.2,0.2,0,-0.005751753615707167,-0.00613636900032255,-0.0
HRL.US,long,2025-06-16,2025-06-18,3,0.20000000000000004,0.2,0,-0.0007877683646357659,-0.0014531043593130955,-0.0
ABNB.US,long,2025-06-20,2025-06-23,2,0.2,0.2,0,-0.001821908449100418,-0.001821908449100418,-0.0
DXCM.US,long,2025-06-20,2025-06-23,2,0.2,0.2,0,-0.0004000000000000004,-0.0004000000000000004,-0.0
PAYC.US,long,2025-06-20,2025-06-23,2,0.2,0.2,0,0.0007064398018522323,-0.0,0.0007064398018522323
CDNS.US,long,2025-06-23,2025-06-23,1,0.2,0.2,0,0.0,-0.0,-0.0
PSX.US,long,2025-06-23,2025-06-30,6,0.19999999999999998,0.2,0,-0.002854307145362323,-0.0029381645877103015,-0.0
CF.US,long,2025-06-24,2025-06-27,4,0.2,0.2,0,-0.007820617666083331,-0.008482212108690003,-0.0
MOS.US,long,2025-06-24,2025-06-27,4,0.2,0.2,0,-0.0012332002389122687,-0.0020291070041197345,-0.0
RTX.US,long,2025-06-24,2025-06-25,2,0.2,0.2,0,-0.0006626718364469265,-0.0006626718364469265,-0.0
ULTA.US,long,2025-06-24,2025-06-27,4,0.2,0.2,0,-0.0026815288804461937,-0.0029481023192435398,-0.0
CTRA.US,long,2025-06-26,2025-07-10,10,0.2,0.2,0,-0.006569090975470805,-0.00883404690789056,-0.0
EXE.US,long,2025-06-30,2025-07-11,9,0.2,0.2,0,-0.020112003613533158,-0.020815425666765065,-0.0
MO.US,long,2025-06-30,2025-07-02,3,0.20000000000000004,0.2,0,0.0018716724221519154,-0.0016714992324748492,0.0018716724221519154
TSLA.US,long,2025-06-30,2025-07-01,2,0.2,0.2,0,-0.01067178744569668,-0.01067178744569668,-0.0
AMD.US,long,2025-07-01,2025-07-07,4,0.2,0.2,0,-0.0018496736490836827,-0.0018496736490836827,0.003541253397986921
FOXA.US,long,2025-07-02,2025-07-09,5,0.2,0.2,0,0.0003961104488742873,-0.0009146542515670042,0.0040631235262107435
KR.US,long,2025-07-03,2025-07-03,1,0.2,0.2,0,0.0,-0.0,-0.0
EA.US,long,2025-07-07,2025-07-15,7,0.19999999999999998,0.2,0,-0.006297405261081735,-0.006364773154485071,-0.0
WMB.US,long,2025-07-08,2025-07-10,3,0.20000000000000004,0.2,0,0.0003126836683954304,-0.0,0.0005546888542208528
FTNT.US,long,2025-07-10,2025-07-11,2,0.2,0.2,0,-0.002275449101796401,-0.002275449101796401,-0.0
CRWD.US,long,2025-07-11,2025-07-17,5,0.2,0.2,0,-0.0036264111021509396,-0.0036264111021509396,-0.0
PAYC.US,long,2025-07-11,2025-07-16,4,0.2,0.2,0,0.0027536510083141733,-0.0,0.0027536510083141733
MPWR.US,long,2025-07-14,2025-07-17,4,0.2,0.2,0,-0.0021056077320651847,-0.0021056077320651847,-0.0
UBER.US,long,2025-07-14,2025-08-01,15,0.20000000000000007,0.2,0,-0.01515781600712385,-0.01515781600712385,-0.0
VST.US,long,2025-07-16,2025-07-17,2,0.2,0.2,0,-0.002313582794764568,-0.002313582794764568,-0.0
MU.US,long,2025-07-17,2025-07-17,1,0.2,0.2,0,0.0,-0.0,-0.0
AMAT.US,long,2025-07-18,2025-07-25,6,0.19999999999999998,0.2,0,-0.0049362267376109395,-0.0049362267376109395,0.002278932997269534
CVS.US,long,2025-07-18,2025-07-29,8,0.2,0.2,0,-0.003838534841777452,-0.008191489683943388,0.0018327625391770575
HCA.US,long,2025-07-18,2025-07-28,7,0.19999999999999998,0.2,0,-0.011387288337036307,-0.015108274218826236,0.001899645547186557
WYNN.US,long,2025-07-18,2025-07-21,2,0.2,0.2,0,-0.0007680059941931328,-0.0007680059941931328,-0.0
SMCI.US,long,2025-07-22,2025-07-23,2,0.2,0.2,0,0.007380665864420388,-0.0,0.007380665864420388
ON.US,long,2025-07-24,2025-07-24,1,0.2,0.2,0,0.0,-0.0,-0.0
COIN.US,long,2025-07-25,2025-08-06,9,0.2,0.2,0,-0.04716965984531469,-0.050921463597118445,-0.0
LUV.US,long,2025-07-28,2025-08-11,11,0.2,0.2,0,-0.022096682285807082,-0.022096682285807082,-0.0
AES.US,long,2025-07-29,2025-07-31,3,0.20000000000000004,0.2,0,-0.004141875075427893,-0.005212211466865214,-0.0
VRSN.US,long,2025-07-30,2025-08-05,5,0.2,0.2,0,0.0009683209055762811,-0.0011876522825851944,0.001415836392239056
CRL.US,long,2025-08-01,2025-08-01,1,0.2,0.2,0,0.0,-0.0,-0.0
MGM.US,long,2025-08-04,2025-08-11,6,0.19999999999999998,0.2,0,-0.0064045534131077055,-0.00757482842773618,-0.0
WBD.US,long,2025-08-04,2025-08-11,6,0.19999999999999998,0.2,0,-0.033095353310812016,-0.033095353310812016,-0.0
SMCI.US,long,2025-08-06,2025-08-15,8,0.2,0.2,0,-0.0058468817500052965,-0.00938372505649039,-0.0
EQT.US,long,2025-08-07,2025-08-14,6,0.19999999999999998,0.2,0,0.003172751884869163,-0.0,0.003172751884869163
AXON.US,long,2025-08-12,2025-08-15,4,0.2,0.2,0,-0.003716589569598217,-0.0048928561900321915,-0.0
CAH.US,long,2025-08-12,2025-08-13,2,0.2,0.2,0,0.0024880382775119615,-0.0,0.0024880382775119615
VRSN.US,long,2025-08-12,2025-08-12,1,0.2,0.2,0,0.0,-0.0,-0.0
CSGP.US,long,2025-08-13,2025-08-14,2,0.2,0.2,0,0.0009365006852443792,-0.0,0.0009365006852443792
GEV.US,long,2025-08-14,2025-08-15,2,0.2,0.2,0,-0.001074735714171493,-0.001074735714171493,-0.0
HWM.US,long,2025-08-15,2025-08-20,4,0.2,0.2,0,0.0008196328292049415,-0.0,0.0021021897810219238
NRG.US,long,2025-08-15,2025-08-26,8,0.2,0.2,0,-0.003170486086202318,-0.0051874785570180885,0.002449199300228733
BG.US,long,2025-08-18,2025-08-19,2,0.2,0.2,0,4.4408920985006264e-17,-0.0,4.4408920985006264e-17
EA.US,long,2025-08-18,2025-08-19,2,0.2,0.2,0,0.0017971151572476086,-0.0,0.0017971151572476086
PLTR.US,long,2025-08-18,2025-08-21,4,0.2,0.2,0,-0.020697505355683356,-0.020915440103455963,-0.0
AMD.US,long,2025-08-20,2025-08-21,2,0.2,0.2,0,-0.0018038740920096608,-0.0018038740920096608,-0.0
SMCI.US,long,2025-08-20,2025-08-21,2,0.2,0.2,0,-0.0014081201595869343,-0.0014081201595869343,-0.0
VST.US,long,2025-08-21,2025-08-25,3,0.20000000000000004,0.2,0,-0.00020983904716616043,-0.00020983904716616043,0.00018919487071684672
CEG.US,long,2025-08-22,2025-08-27,4,0.2,0.2,0,0.003729109877035453,-0.0,0.004133431059674875
CSX.US,long,2025-08-22,2025-08-27,4,0.2,0.2,0,-0.011873190765086729,-0.012675412301649525,-0.0
INTU.US,long,2025-08-22,2025-08-27,4,0.2,0.2,0,0.00016586390995150242,-0.001720339238825286,0.00016586390995150242
EBAY.US,long,2025-08-26,2025-09-03,6,0.19999999999999998,0.2,0,-0.009003616710601082,-0.009604350941327501,-0.0
WSM.US,long,2025-08-27,2025-08-29,3,0.20000000000000004,0.2,0,-0.004139208914463289,-0.004277462663266874,-0.0
CCI.US,long,2025-08-28,2025-09-08,7,0.19999999999999998,0.2,0,-0.007926549009290084,-0.007926549009290084,0.0028647431962349314
NEE.US,long,2025-08-28,2025-09-09,8,0.2,0.2,0,-0.005618419357945892,-0.0064783878257687055,0.001554537666840017
PSKY.US,long,2025-08-28,2025-09-02,3,0.20000000000000004,0.2,0,-0.0031291590836470817,-0.0031291590836470817,0.00013614703880189262
SMCI.US,long,2025-09-02,2025-09-08,5,0.2,0.2,0,-0.0035987407370384975,-0.0035987407370384975,-0.0
COIN.US,long,2025-09-03,2025-09-08,4,0.2,0.2,0,2.4502804899872912e-05,-0.0020686526436572983,0.002970460785286644
DLTR.US,long,2025-09-04,2025-09-16,9,0.2,0.2,0,-0.009469196608677712,-0.00946919660867771,0.0017356608478803271
DG.US,long,2025-09-09,2025-09-16,6,0.19999999999999998,0.2,0,-0.0005978956747388691,-0.0005978956747388691,0.0036728837876613962
HUM.US,long,2025-09-09,2025-09-10,2,0.2,0.2,0,0.0004102263570434417,-0.0,0.0004102263570434417
TER.US,long,2025-09-09,2025-09-17,7,0.19999999999999998,0.2,0,-0.0011025569183317654,-0.00480259408526671,0.004779699313461405
XYZ.US,long,2025-09-10,2025-09-12,3,0.20000000000000004,0.2,0,-0.0023625917612915886,-0.0023625917612915886,0.00130169491525427
MPWR.US,long,2025-09-11,2025-09-12,2,0.2,0.2,0,-0.0014850424807824948,-0.0014850424807824948,-0.0
DAL.US,long,2025-09-15,2025-09-16,2,0.2,0.2,0,-0.0019171516603902817,-0.0019171516603902817,-0.0
MCHP.US,long,2025-09-15,2025-09-16,2,0.2,0.2,0,0.004052556593319645,-0.0,0.004052556593319645
DHI.US,long,2025-09-17,2025-09-23,5,0.2,0.2,0,-0.0043323461128343295,-0.006816666882486656,-0.0
HUM.US,long,2025-09-17,2025-09-29,9,0.2,0.2,0,-0.0097049320331871,-0.012575567897465457,-0.0
MHK.US,long,2025-09-17,2025-09-25,7,0.19999999999999998,0.2,0,-0.00882724700740465,-0.00882724700740465,0.0022699573430835064
PODD.US,long,2025-09-17,2025-09-17,1,0.2,0.2,0,0.0,-0.0,-0.0
NKE.US,long,2025-09-18,2025-09-26,7,0.19999999999999998,0.2,0,-0.007778528817874909,-0.007980724080728786,-0.0
NUE.US,long,2025-09-18,2025-09-25,6,0.19999999999999998,0.2,0,0.0007235655987106074,-0.0014892032762472197,0.0031282576808220556
AXON.US,long,2025-09-24,2025-10-01,6,0.19999999999999998,0.2,0,0.0038416065483545267,-0.0,0.005597361522993617
GEV.US,long,2025-09-26,2025-10-07,8,0.2,0.2,0,0.0004345503448963447,-0.0032933892857453856,0.003234369394047265
ORCL.US,long,2025-09-26,2025-09-30,3,0.20000000000000004,0.2,0,-0.0015690135528636075,-0.0015690135528636075,-0.0
WBD.US,long,2025-09-29,2025-10-14,12,0.20000000000000004,0.2,0,-0.008955068866171987,-0.019158004025592822,0.007050092764378491
CCL.US,long,2025-09-30,2025-10-13,10,0.2,0.2,0,-0.0055038324488474455,-0.00839296209854048,0.001349766917557416
UAL.US,long,2025-10-01,2025-10-03,3,0.20000000000000004,0.2,0,0.0046616039584692626,-0.0,0.0046616039584692626
DLTR.US,long,2025-10-02,2025-10-07,4,0.2,0.2,0,-0.011710386111007609,-0.011710386111007609,-0.0
APP.US,long,2025-10-06,2025-10-14,7,0.19999999999999998,0.2,0,0.0022001875958324933,-0.004868805081297145,0.015281090289608203
NCLH.US,long,2025-10-08,2025-10-13,4,0.2,0.2,0,-0.005251190504743453,-0.010507315226347003,-0.0
STX.US,long,2025-10-08,2025-10-14,5,0.2,0.2,0,-0.011359631622703703,-0.011359631622703703,-0.0
ANET.US,long,2025-10-14,2025-10-14,1,0.2,0.2,0,0.0,-0.0,-0.0
COIN.US,long,2025-10-14,2025-10-17,4,0.2,0.2,0,-0.003177875978394451,-0.006672198461361867,-0.0
HUM.US,long,2025-10-15,2025-10-15,1,0.2,0.2,0,0.0,0.0,0.0
MRK.US,long,2025-10-15,2025-10-17,3,0.20000000000000004,0.2,0,0.001621613917677145,-0.0004517893235049364,0.001621613917677145
PFE.US,long,2025-10-15,2025-10-17,3,0.20000000000000004,0.2,0,0.0009991713619158737,-0.0013120131201311835,0.0009991713619158737
ULTA.US,long,2025-10-15,2025-10-30,12,0.20000000000000004,0.2,0,-0.010839069107373823,-0.012257845166021842,-0.0
HOOD.US,long,2025-10-16,2025-10-17,2,0.2,0.2,0,-0.0023280584297017625,-0.0023280584297017625,-0.0
APP.US,long,2025-10-20,2025-10-22,3,0.20000000000000004,0.2,0,-0.0002922120601849265,-0.004700144891684666,-0.0
GEV.US,long,2025-10-20,2025-11-06,14,0.20000000000000004,0.2,0,-0.014635263622523723,-0.015514852180225438,0.0005189461002947258
VST.US,long,2025-10-20,2025-10-22,3,0.20000000000000004,0.2,0,-0.008688796198189607,-0.008688796198189607,-0.0
CEG.US,long,2025-10-21,2025-10-22,2,0.2,0.2,0,-0.004866356364447189,-0.004866356364447189,-0.0
AES.US,long,2025-10-23,2025-10-23,1,0.2,0.2,0,0.0,-0.0,-0.0
LUV.US,long,2025-10-23,2025-10-31,7,0.19999999999999998,0.2,0,-0.008496275814875508,-0.00989208837718858,0.003786072434331267
SMCI.US,long,2025-10-23,2025-10-24,2,0.2,0.2,0,0.0015442404006677625,-0.0,0.0015442404006677625
MHK.US,long,2025-10-24,2025-11-11,13,0.20000000000000004,0.2,0,-0.019070352153044735,-0.02275974029943506,-0.0
NEM.US,long,2025-10-27,2025-10-29,3,0.20000000000000004,0.2,0,0.002637789359827636,-0.0,0.002637789359827636
GNRC.US,long,2025-10-30,2025-11-07,7,0.19999999999999998,0.2,0,-0.012638883536603097,-0.014589595546486712,0.002702376643744753
EBAY.US,long,2025-10-31,2025-11-06,5,0.2,0.2,0,-0.0010781717667327274,-0.0010781717667327274,0.0035911941950559356
MPWR.US,long,2025-11-03,2025-11-04,2,0.2,0.2,0,-0.009175938561453467,-0.009175938561453467,-0.0
ANET.US,long,2025-11-05,2025-11-07,3,0.20000000000000004,0.2,0,-0.008175352425678573,-0.009115510611024048,-0.0
ORCL.US,long,2025-11-07,2025-11-07,1,0.2,0.2,0,0.0,-0.0,-0.0
TECH.US,long,2025-11-07,2025-11-10,2,0.2,0.2,0,0.00017418568193692253,-0.0,0.00017418568193692253
DELL.US,long,2025-11-10,2025-11-21,10,0.2,0.2,0,-0.029119927611132808,-0.03782520870142239,-0.0
DHI.US,long,2025-11-10,2025-11-10,1,0.2,0.2,0,0.0,-0.0,-0.0
NUE.US,long,2025-11-10,2025-11-11,2,0.2,0.2,0,0.0019346698443852618,-0.0,0.0019346698443852618
HUBB.US,long,2025-11-11,2025-11-21,9,0.2,0.2,0,-0.012550850555795433,-0.019660041443462343,0.0012796587576646258
NTAP.US,long,2025-11-11,2025-11-21,9,0.2,0.2,0,-0.0053957035168135555,-0.013260872056139395,0.0020829559862343586
IRM.US,long,2025-11-12,2025-12-02,14,0.20000000000000004,0.2,0,-0.03285962492317782,-0.03285962492317782,-0.0
ORCL.US,long,2025-11-12,2025-11-18,5,0.2,0.2,0,-0.005556642147273739,-0.008299925106832907,-0.0
AMD.US,long,2025-11-19,2025-11-21,3,0.20000000000000004,0.2,0,-0.017857838488905122,-0.017857838488905122,-0.0
CVX.US,long,2025-11-24,2025-11-26,3,0.20000000000000004,0.2,0,-0.0003097835695772932,-0.0016293823038397105,-0.0
LHX.US,long,2025-11-24,2025-11-26,3,0.20000000000000004,0.2,0,0.0005378645263820925,-0.0,0.0006753812636165702
XOM.US,long,2025-11-24,2025-11-26,3,0.20000000000000004,0.2,0,-0.0020637837469627885,-0.002517892558420276,-0.0
CAH.US,long,2025-12-01,2025-12-12,10,0.2,0.2,0,-0.009579021059575267,-0.009760949700463062,-0.0
DGX.US,long,2025-12-01,2025-12-03,3,0.20000000000000004,0.2,0,-0.0012620112248667105,-0.0013277466398215366,-0.0
INCY.US,long,2025-12-01,2025-12-04,4,0.2,0.2,0,-0.0031069739618506675,-0.0031069739618506675,-0.0
PODD.US,long,2025-12-01,2025-12-03,3,0.20000000000000004,0.2,0,-0.0021095313549784668,-0.0021095313549784668,-0.0
SNDK.US,long,2025-12-03,2025-12-03,1,0.2,0.2,0,0.0,-0.0,-0.0
ALB.US,long,2025-12-04,2025-12-08,3,0.20000000000000004,0.2,0,0.013367237950740575,-0.0,0.013367237950740575
BBY.US,long,2025-12-04,2025-12-10,5,0.2,0.2,0,0.00023373830314963326,-0.004044321474875568,0.00029705644072373086
DDOG.US,long,2025-12-04,2025-12-05,2,0.2,0.2,0,-0.0020784313725490168,-0.0020784313725490168,-0.0
WYNN.US,long,2025-12-05,2025-12-05,1,0.2,0.2,0,0.0,-0.0,-0.0
LEN.US,long,2025-12-08,2025-12-31,17,0.2,0.2,0,-0.031524827378540635,-0.031524827378540635,-0.0
TECH.US,long,2025-12-08,2025-12-09,2,0.2,0.2,0,-0.0048764305855034,-0.0048764305855034,-0.0
FSLR.US,long,2025-12-09,2025-12-09,1,0.2,0.2,0,0.0,-0.0,-0.0
EQT.US,long,2025-12-10,2025-12-22,9,0.2,0.2,0,-0.013322906236429777,-0.014051924780503345,-0.0
EXE.US,long,2025-12-10,2025-12-16,5,0.2,0.2,0,-0.017893404008838144,-0.017893404008838144,-0.0
HOOD.US,long,2025-12-11,2026-01-02,15,0.20000000000000007,0.2,0,-0.012931245912513756,-0.016662457229931964,-0.0
AVGO.US,long,2025-12-15,2025-12-18,4,0.2,0.2,0,-0.0057090858731959175,-0.008077038759521904,0.0008769606544833941
GEV.US,long,2025-12-17,2025-12-19,3,0.20000000000000004,0.2,0,0.014114831061059398,-0.0,0.014114831061059398
ARES.US,long,2025-12-19,2025-12-19,1,0.2,0.2,0,0.0,-0.0,-0.0
DHI.US,long,2025-12-22,2025-12-23,2,0.2,0.2,0,-0.001251891594442145,-0.001251891594442145,-0.0
DLTR.US,long,2025-12-22,2025-12-24,3,0.20000000000000004,0.2,0,-0.0006834617176998186,-0.004833047595722096,-0.0
FICO.US,long,2025-12-23,2025-12-24,2,0.2,0.2,0,0.0006061027477430426,-0.0,0.0006061027477430426
PSX.US,long,2025-12-24,2025-12-29,3,0.20000000000000004,0.2,0,0.00028711116895476776,-0.0010279573241959385,0.00028711116895476776
MET.US,long,2025-12-26,2025-12-31,4,0.2,0.2,0,-0.0034029611659690544,-0.0034029611659690544,-0.0
PEP.US,long,2025-12-26,2025-12-26,1,0.2,0.2,0,0.0,0.0,0.0
APP.US,long,2025-12-29,2026-01-06,6,0.19999999999999998,0.2,0,-0.02390258376095589,-0.02390258376095589,-0.0
MRNA.US,long,2025-12-30,2025-12-31,2,0.2,0.2,0,-0.0060506412364353945,-0.0060506412364353945,-0.0
CVNA.US,long,2026-01-02,2026-01-02,1,0.2,0.2,0,0.0,-0.0,-0.0
PLTR.US,long,2026-01-02,2026-01-05,2,0.2,0.2,0,0.007363278922911932,-0.0,0.007363278922911932
TSLA.US,long,2026-01-02,2026-01-08,5,0.2,0.2,0,-0.0007565708916261078,-0.0027917578367594904,0.006209053347638527
EXE.US,long,2026-01-05,2026-01-06,2,0.2,0.2,0,-0.0026025088934656052,-0.0026025088934656052,-0.0
LLY.US,long,2026-01-05,2026-01-06,2,0.2,0.2,0,0.004326410692168059,-0.0,0.004326410692168059
HPE.US,long,2026-01-06,2026-01-21,11,0.2,0.2,0,-0.023963092383705822,-0.030142592138487582,-0.0
CEG.US,long,2026-01-07,2026-01-08,2,0.2,0.2,0,-0.009502997371762679,-0.009502997371762679,-0.0
DVN.US,long,2026-01-07,2026-01-07,1,0.2,0.2,0,0.0,-0.0,-0.0
FSLR.US,long,2026-01-07,2026-01-27,14,0.20000000000000004,0.2,0,-0.004636201485007187,-0.004636201485007187,0.0042719090871386365
GEV.US,long,2026-01-08,2026-01-09,2,0.2,0.2,0,-0.0018777848504137218,-0.0018777848504137218,-0.0
AMD.US,long,2026-01-09,2026-01-09,1,0.2,0.2,0,0.0,-0.0,-0.0
ANET.US,long,2026-01-09,2026-01-12,2,0.2,0.2,0,0.0008625600130197864,-0.0,0.0008625600130197864
QCOM.US,long,2026-01-12,2026-01-21,7,0.19999999999999998,0.2,0,-0.015606364145792152,-0.018592020016500267,-0.0
WST.US,long,2026-01-12,2026-01-14,3,0.20000000000000004,0.2,0,0.0015261552709138872,-0.0007914697152907602,0.0015261552709138872
UHS.US,long,2026-01-13,2026-01-14,2,0.2,0.2,0,-0.002566770724939316,-0.002566770724939316,-0.0
HOOD.US,long,2026-01-15,2026-02-05,15,0.20000000000000007,0.2,0,-0.08057453352835009,-0.08057453352835009,-0.0
NCLH.US,long,2026-01-15,2026-01-28,9,0.2,0.2,0,-0.01827191984854257,-0.022423086695696415,-0.0
APP.US,long,2026-01-22,2026-01-28,5,0.2,0.2,0,0.007744587137382086,-0.0,0.008186120730729617
DLTR.US,long,2026-01-22,2026-02-02,8,0.2,0.2,0,-0.015434212240618451,-0.015434212240618451,0.0033598864263742812
CVNA.US,long,2026-01-28,2026-02-05,7,0.19999999999999998,0.2,0,-0.012440305277493648,-0.012440305277493648,0.008486976880304331
DOW.US,long,2026-01-29,2026-01-30,2,0.2,0.2,0,0.0028718703976435833,-0.0,0.0028718703976435833
LVS.US,long,2026-01-29,2026-01-30,2,0.2,0.2,0,7.588692847653178e-05,-0.0,7.588692847653178e-05
ALB.US,long,2026-02-02,2026-02-06,5,0.2,0.2,0,-0.0010335468742536102,-0.009839784093067539,0.006924149639240884
TPL.US,long,2026-02-02,2026-02-03,2,0.2,0.2,0,-0.0003326600926696122,-0.0003326600926696122,-0.0
KLAC.US,long,2026-02-03,2026-02-05,3,0.20000000000000004,0.2,0,-0.0034864170173650507,-0.007129262139073722,-0.0
AMD.US,long,2026-02-04,2026-02-05,2,0.2,0.2,0,-0.007682701433638051,-0.007682701433638051,-0.0
FSLR.US,long,2026-02-06,2026-02-09,2,0.2,0.2,0,0.0031088556668038337,-0.0,0.0031088556668038337
GOOG.US,long,2026-02-06,2026-02-19,9,0.2,0.2,0,-0.012361257642928038,-0.012850921652154868,0.0008047044258742809
GOOGL.US,long,2026-02-06,2026-02-19,9,0.2,0.2,0,-0.012672124803223307,-0.013223130027919083,0.0009044167750727806
TMO.US,long,2026-02-06,2026-02-06,1,0.2,0.2,0,0.0,0.0,0.0
FOXA.US,long,2026-02-09,2026-02-19,8,0.2,0.2,0,-0.021704821991208403,-0.021704821991208403,0.0016547334924422953
MCHP.US,long,2026-02-09,2026-02-09,1,0.2,0.2,0,0.0,-0.0,-0.0
AMP.US,long,2026-02-10,2026-02-24,10,0.2,0.2,0,-0.015617506780924842,-0.021109154716047598,-0.0
GM.US,long,2026-02-11,2026-02-17,4,0.2,0.2,0,0.003498475911265775,-0.0,0.003498475911265775
AMD.US,long,2026-02-18,2026-02-18,1,0.2,0.2,0,0.0,-0.0,-0.0
INTC.US,long,2026-02-19,2026-02-23,3,0.20000000000000004,0.2,0,-0.004462347655574784,-0.004462347655574784,-0.0
AKAM.US,long,2026-02-20,2026-02-23,2,0.2,0.2,0,0.009748327492832099,-0.0,0.009748327492832099
ANET.US,long,2026-02-20,2026-02-24,3,0.20000000000000004,0.2,0,-0.00596978161957551,-0.00807289705550114,-0.0
DOW.US,long,2026-02-20,2026-02-23,2,0.2,0.2,0,-0.0014416775884665612,-0.0014416775884665612,-0.0
AVGO.US,long,2026-02-24,2026-02-24,1,0.2,0.2,0,0.0,-0.0,-0.0
STX.US,long,2026-02-24,2026-02-24,1,0.2,0.2,0,0.0,-0.0,-0.0
WDC.US,long,2026-02-24,2026-02-24,1,0.2,0.2,0,0.0,-0.0,-0.0
APA.US,long,2026-02-25,2026-02-25,1,0.2,0.2,0,0.0,-0.0,-0.0
DHI.US,long,2026-02-25,2026-02-26,2,0.2,0.2,0,0.0019179474152165366,-0.0,0.0019179474152165366
LUV.US,long,2026-02-25,2026-02-25,1,0.2,0.2,0,0.0,-0.0,-0.0
MCHP.US,long,2026-02-25,2026-03-24,20,0.20000000000000004,0.2,0,-0.026939506069572565,-0.03875628174447592,-0.0
SW.US,long,2026-02-25,2026-02-26,2,0.2,0.2,0,0.0021753317380900582,0.0,0.0021753317380900582
EME.US,long,2026-02-26,2026-03-06,7,0.19999999999999998,0.2,0,-0.010894291643124122,-0.010894291643124122,-0.0
UHS.US,long,2026-02-26,2026-03-11,10,0.2,0.2,0,-0.018139517033308253,-0.018139517033308253,0.0022375911206687694
NXPI.US,long,2026-02-27,2026-03-24,18,0.20000000000000004,0.2,0,-0.02819983444190092,-0.0339802889450781,-0.0
ON.US,long,2026-02-27,2026-03-06,6,0.19999999999999998,0.2,0,-0.030467230095470477,-0.030467230095470477,-0.0
SW.US,long,2026-03-09,2026-03-20,10,0.2,0.2,0,-0.02928755142781332,-0.02928755142781332,0.0030886196246139087
SWK.US,long,2026-03-09,2026-03-20,10,0.2,0.2,0,-0.020872656881152536,-0.020872656881152543,-0.0
LUV.US,long,2026-03-12,2026-03-13,2,0.2,0.2,0,0.0007252007252007254,-0.0,0.0007252007252007254
VTRS.US,long,2026-03-16,2026-03-16,1,0.2,0.2,0,0.0,0.0,0.0
LLY.US,long,2026-03-17,2026-03-24,6,0.19999999999999998,0.2,0,-0.005922920722766479,-0.005922920722766479,-0.0
MRNA.US,long,2026-03-23,2026-03-24,2,0.2,0.2,0,0.00023400936037440979,-0.0,0.00023400936037440979
MU.US,long,2026-03-23,2026-03-31,7,0.19999999999999998,0.2,0,-0.03389366529735976,-0.043862590095370926,-0.0
GOOG.US,long,2026-03-25,2026-03-30,4,0.2,0.2,0,-0.011537613483208232,-0.011537613483208232,0.0
HCA.US,long,2026-03-25,2026-03-31,5,0.2,0.2,0,-0.004446803300394176,-0.006759609234173536,-0.0
KR.US,long,2026-03-25,2026-03-26,2,0.2,0.2,0,0.004064809550881199,-0.0,0.004064809550881199
SNDK.US,long,2026-03-25,2026-03-31,5,0.2,0.2,0,-0.009958404195380788,-0.03191124262332841,-0.0
LRCX.US,long,2026-03-27,2026-03-31,3,0.20000000000000004,0.2,0,0.0028743937678220362,-0.010860413414691817,0.0028743937678220362
EQT.US,long,2026-04-01,2026-04-15,10,0.2,0.2,0,-0.014537758033479188,-0.01471409377673434,-0.0
EXE.US,long,2026-04-01,2026-04-15,10,0.2,0.2,0,-0.019603835923175984,-0.02035626564414994,-0.0
FANG.US,long,2026-04-01,2026-04-17,12,0.20000000000000004,0.2,0,-0.01075770041725481,-0.01075770041725481,0.005089007182582117
PSX.US,long,2026-04-01,2026-04-14,9,0.2,0.2,0,-0.019826752496613233,-0.019826752496613233,0.0019202653724785803
TPL.US,long,2026-04-01,2026-04-06,3,0.20000000000000004,0.2,0,0.004375038747331983,-0.0,0.004375038747331983
IFF.US,long,2026-04-07,2026-04-07,1,0.2,0.2,0,0.0,-0.0,-0.0
APA.US,long,2026-04-08,2026-04-10,3,0.20000000000000004,0.2,0,-0.0006094481280058516,-0.0006094481280058516,0.001135483870967713
OXY.US,long,2026-04-13,2026-04-15,3,0.20000000000000004,0.2,0,-0.007606693714314305,-0.009231829142266612,0.0
DVN.US,long,2026-04-15,2026-04-15,1,0.2,0.2,0,0.0,-0.0,-0.0
HCA.US,long,2026-04-16,2026-05-07,16,0.2,0.2,0,-0.022578831360584896,-0.02344019882678474,0.002082945110462342
HSY.US,long,2026-04-16,2026-04-22,5,0.2,0.2,0,-0.002823761305015871,-0.002823761305015871,0.0013273411371237387
LLY.US,long,2026-04-16,2026-04-16,1,0.2,0.2,0,0.0,-0.0,-0.0
WAB.US,long,2026-04-16,2026-04-16,1,0.2,0.2,0,0.0,-0.0,-0.0
LMT.US,long,2026-04-17,2026-04-29,9,0.2,0.2,0,-0.029492609663233305,-0.029492609663233305,-0.0
PCG.US,long,2026-04-17,2026-04-17,1,0.2,0.2,0,0.0,-0.0,-0.0
HII.US,long,2026-04-20,2026-05-11,16,0.2,0.2,0,-0.040554350233860496,-0.0424752637204527,-0.0
TRGP.US,long,2026-04-20,2026-04-21,2,0.2,0.2,0,0.0009848386678761312,-0.0,0.0009848386678761312
TEL.US,long,2026-04-22,2026-04-29,6,0.19999999999999998,0.2,0,-0.01465662890162347,-0.015586633796386074,-0.0
LUV.US,long,2026-04-23,2026-04-23,1,0.2,0.2,0,0.0,-0.0,-0.0
BF-B.US,long,2026-04-24,2026-05-04,7,0.19999999999999998,0.2,0,-0.026135668577270586,-0.026135668577270586,-0.0
HUBB.US,long,2026-04-30,2026-05-21,16,0.2,0.2,0,-0.019302779288083327,-0.01930277928808333,0.003080122347756609
PH.US,long,2026-04-30,2026-05-05,4,0.2,0.2,0,-0.008123649300607693,-0.009262226079633918,-0.0
ALGN.US,long,2026-05-05,2026-05-05,1,0.2,0.2,0,0.0,-0.0,-0.0
ANET.US,long,2026-05-06,2026-05-13,6,0.19999999999999998,0.2,0,-0.008365440484093512,-0.014726652163657828,-0.0
TPL.US,long,2026-05-06,2026-05-18,9,0.2,0.2,0,-0.015984349696971666,-0.016732071482157426,-0.0
CF.US,long,2026-05-08,2026-05-08,1,0.2,0.2,0,0.0,-0.0,-0.0
TGT.US,long,2026-05-11,2026-05-13,3,0.20000000000000004,0.2,0,0.0070329499807794795,-0.0,0.0070329499807794795
ODFL.US,long,2026-05-12,2026-05-13,2,0.2,0.2,0,-0.0020301381331100823,-0.0020301381331100823,-0.0
ALB.US,long,2026-05-14,2026-05-21,6,0.19999999999999998,0.2,0,-0.02296667693837675,-0.024034373681939968,-0.0
CHRW.US,long,2026-05-14,2026-05-15,2,0.2,0.2,0,0.004769057453999271,-0.0,0.004769057453999271
LUV.US,long,2026-05-14,2026-05-19,4,0.2,0.2,0,-0.010213871377712435,-0.010213871377712435,-0.0
GLW.US,long,2026-05-18,2026-05-19,2,0.2,0.2,0,-0.0030467656118734476,-0.0030467656118734476,-0.0
MRNA.US,long,2026-05-19,2026-05-19,1,0.2,0.2,0,0.0,-0.0,-0.0
DOW.US,long,2026-05-20,2026-05-29,7,0.19999999999999998,0.2,0,-0.012230477496088854,-0.012230477496088854,-0.0
LYB.US,long,2026-05-20,2026-06-05,12,0.20000000000000004,0.2,0,-0.017685239536363386,-0.017685239536363383,-0.0
MOH.US,long,2026-05-20,2026-05-21,2,0.2,0.2,0,-0.0010755048287972135,-0.0010755048287972135,-0.0
APO.US,long,2026-05-22,2026-06-03,8,0.2,0.2,0,-0.00639115196113711,-0.0063911519611371094,0.002733048620403045
EME.US,long,2026-05-22,2026-05-22,1,0.2,0.2,0,0.0,-0.0,-0.0
IBKR.US,long,2026-05-22,2026-05-27,3,0.20000000000000004,0.2,0,-0.0008947929969614025,-0.0008947929969614025,0.0037861094038107003
CF.US,long,2026-05-26,2026-06-02,6,0.19999999999999998,0.2,0,-0.009573655312920027,-0.01158253957205382,-0.0
APA.US,long,2026-05-28,2026-05-29,2,0.2,0.2,0,-0.0005474952094169261,-0.0005474952094169261,-0.0
GLW.US,long,2026-06-01,2026-06-01,1,0.2,0.2,0,0.0,-0.0,-0.0
INTC.US,long,2026-06-01,2026-06-02,2,0.2,0.2,0,-0.0025610536906612857,-0.0025610536906612857,-0.0
MRNA.US,long,2026-06-02,2026-06-02,1,0.2,0.2,0,0.0,-0.0,-0.0
ALB.US,long,2026-06-03,2026-06-05,3,0.20000000000000004,0.2,0,-0.015523108928106445,-0.015523108928106445,-0.0
UAL.US,long,2026-06-03,2026-06-05,3,0.20000000000000004,0.2,0,0.0011251771395479173,-0.00038044512079133953,0.0011251771395479173
XYZ.US,long,2026-06-03,2026-06-05,3,0.20000000000000004,0.2,0,-0.0046070771900935,-0.0046070771900935,0.003123209169054464
APP.US,long,2026-06-04,2026-06-05,2,0.2,0.2,0,-0.0005976345124984128,-0.0005976345124984128,-0.0
