date,returns
2010-01-05,0.02308533767047627
2010-01-06,-0.0023390411987442416
2010-01-07,-0.0006882299624425763
2010-01-08,0.007885703408769129
2010-01-11,0.0012154403836525996
2010-01-12,-0.030534014594300787
2010-01-13,0.024227786253576356
2010-01-14,0.009627254675208244
2010-01-15,-0.012926312630645254
2010-01-19,0.007143123737459823
2010-01-20,-0.02152454231456518
2010-01-21,-0.014725602543709339
2010-01-22,-0.02485647016719261
2010-01-25,0.004012195513581829
2010-01-26,0.015574818488458589
2010-01-27,0.002921913609082738
2010-01-28,-0.026433796123730046
2010-01-29,-0.01650183155945424
2010-02-01,0.05799166071677837
2010-02-02,0.019348055985391834
2010-02-03,-0.006679263302258355
2010-02-04,-0.03695630610783707
2010-02-05,0.007048198687710183
2010-02-08,-0.009481465006571856
2010-02-09,0.004230784371910357
2010-02-10,0.0029316823440529876
2010-02-11,0.00214688822149498
2010-02-12,-0.003547746131773155
2010-02-16,0.023161976681661936
2010-02-17,0.008933098283863461
2010-02-18,0.0004024096385542244
2010-02-19,0.0004675675675675951
2010-02-22,0.0012404636022310795
2010-02-23,-0.024039253879278792
2010-02-24,-0.0012043115343176591
2010-02-25,-0.0022422499282388265
2010-02-26,0.003929742747201593
2010-03-01,0.027561806713572185
2010-03-02,0.004363968874499636
2010-03-03,0.005286394763069968
2010-03-04,-0.0016734012709213601
2010-03-05,0.022903296855251533
2010-03-08,0.001684397300811281
2010-03-09,0.010487570319949426
2010-03-10,0.008395058385069577
2010-03-11,0.008193329123553616
2010-03-12,0.0056065901274516385
2010-03-15,-0.003997791056008526
2010-03-16,0.012116155452584022
2010-03-17,-0.004565117265718333
2010-03-18,-0.02829580569710375
2010-03-19,-0.014781803960038389
2010-03-22,-0.010673286461865873
2010-03-23,0.007660097175652592
2010-03-24,-0.0017692053232083887
2010-03-25,-0.011869652788313556
2010-03-26,0.01141462546651204
2010-03-29,0.018617812337956962
2010-03-30,0.0033943480247207395
2010-03-31,0.0027861910212529485
2010-04-01,0.007806912153346681
2010-04-05,0.029092639151206214
2010-04-06,-0.006314719451587769
2010-04-07,-0.00994177134400771
2010-04-08,0.0077662697229799365
2010-04-09,0.03293333573201951
2010-04-12,-0.008278424664787721
2010-04-13,-0.005382957692168011
2010-04-14,-0.0004381581902667355
2010-04-15,-0.0029880208014009925
2010-04-16,-0.008543387547979675
2010-04-19,0.023839506701903115
2010-04-20,-0.0031319831175540937
2010-04-21,-0.0051619120757777645
2010-04-22,0.010856571853981279
2010-04-23,0.012298536575365174
2010-04-26,-0.009340295884530803
2010-04-27,-0.04956676120910833
2010-04-28,-0.0061441765711629966
2010-04-29,0.01603247683295217
2010-04-30,-0.04144721113354344
2010-05-03,0.013006928401945816
2010-05-04,-0.04958189769154184
2010-05-05,0.031433262717444094
2010-05-06,0.008587808567284382
2010-05-07,-0.016296728720988418
2010-05-10,0.06363701673494152
2010-05-11,0.009152246469726831
2010-05-12,0.007283090832372519
2010-05-13,-0.012050903944731583
2010-05-14,-0.013059637533855072
2010-05-17,0.010337686224143572
2010-05-18,-0.010842388701560068
2010-05-19,-0.0003297062063199796
2010-05-20,-0.050786897124703856
2010-05-21,0.021076294985977007
2010-05-24,-0.007179529135292474
2010-05-25,-0.0018511910006502766
2010-05-26,-0.014054971233973592
2010-05-27,0.04565963955936434
2010-05-28,-0.0009018100404152296
2010-06-01,-0.012359200007937709
2010-06-02,0.011444747104909838
2010-06-03,-0.01712745581564128
2010-06-04,-0.048994752141901965
2010-06-07,-0.029775590811669098
2010-06-08,-0.008679261179664
2010-06-09,-0.0002162750899311611
2010-06-10,0.03534591890948394
2010-06-11,0.0022137183626979697
2010-06-14,0.0032081942985676907
2010-06-15,0.006089314334643348
2010-06-16,-0.005447394820713614
2010-06-17,-0.005924767962910571
2010-06-18,0.003588968824940087
2010-06-21,-0.010982287826137239
2010-06-22,-0.024239058710154637
2010-06-23,0.008093866431063801
2010-06-24,-0.03915433832176962
2010-06-25,0.00631933463739136
2010-06-28,-0.00936716066537735
2010-06-29,-0.053041227251460515
2010-06-30,-0.007851132493631964
2010-07-01,0.004922140508772777
2010-07-02,-0.006259548641795166
2010-07-06,-0.015248743871688529
2010-07-07,0.03933770179096851
2010-07-08,-0.006438855953678847
2010-07-09,0.0010056296177640479
2010-07-12,-0.0012414056753315527
2010-07-13,0.012424587696166058
2010-07-14,0.0
2010-07-15,-0.021052631578947368
2010-07-16,-0.0004
2010-07-19,-0.013710421980475363
2010-07-20,0.028767659256009853
2010-07-21,-0.013542283659935084
2010-07-22,0.027271708223718515
2010-07-23,0.0076524508788815455
2010-07-26,0.00866970964999917
2010-07-27,-0.014749543834683443
2010-07-28,-0.010469154966592786
2010-07-29,-0.005510696375380486
2010-07-30,0.015007286452112691
2010-08-02,0.0034798352453836905
2010-08-03,0.014710419910749839
2010-08-04,0.012444216776007579
2010-08-05,-0.004384767323225569
2010-08-06,-0.002997287132438564
2010-08-09,0.0036807334424858733
2010-08-10,-0.003339729991311491
2010-08-11,-0.030242313565149503
2010-08-12,0.0026580818515413497
2010-08-13,-0.00929962694187183
2010-08-16,-0.006046256386192294
2010-08-17,0.010338731532312486
2010-08-18,0.001333109150598144
2010-08-19,-0.019462157049869224
2010-08-20,-0.005322576764024501
2010-08-23,-0.001125555591898508
2010-08-24,-0.022167107516702568
2010-08-25,-0.0010596816962470837
2010-08-26,-0.002366634144752089
2010-08-27,0.04404770269966285
2010-08-30,-0.0050077123314361096
2010-08-31,6.48755575432203e-05
2010-09-01,0.019160432481260148
2010-09-02,0.0039222719072771525
2010-09-03,0.0027801613180023833
2010-09-07,-0.00047393364928907113
2010-09-08,7.32609433321876e-05
2010-09-09,0.003883918824550248
2010-09-10,-0.004573071434456421
2010-09-13,0.004241044813267036
2010-09-14,0.005761417439508776
2010-09-15,0.025735317640811252
2010-09-16,-0.004874530739775152
2010-09-17,-0.0029935166066428656
2010-09-20,0.021597279745961685
2010-09-21,-0.0068822030963130556
2010-09-22,0.006256387978675972
2010-09-23,0.0023133047727506907
2010-09-24,0.02598797959219854
2010-09-27,0.0008613207547169434
2010-09-28,-0.00290578358824769
2010-09-29,-0.0010368679280115868
2010-09-30,-0.005989289107132589
2010-10-01,0.0033291041795292303
2010-10-04,-0.01678214745628137
2010-10-05,0.018930948808799607
2010-10-06,-0.014160573887441796
2010-10-07,0.014244259099105141
2010-10-08,0.00010098643715281616
2010-10-11,-0.0027056479753945215
2010-10-12,0.011707705176708251
2010-10-13,0.0015566883700680822
2010-10-14,0.004183925326079253
2010-10-15,-0.0042012383323091875
2010-10-18,0.016677760370195947
2010-10-19,-0.02562804321171197
2010-10-20,0.016500179813105254
2010-10-21,0.0042666968040454105
2010-10-22,0.004651033271196048
2010-10-25,0.0115192836128569
2010-10-26,0.009299109871623011
2010-10-27,0.006050972809406896
2010-10-28,-0.002484410248801261
2010-10-29,0.003511689413615571
2010-11-01,-0.007037713585195762
2010-11-02,0.00924600787698755
2010-11-03,-0.002661460463531218
2010-11-04,0.019793325439618117
2010-11-05,0.004692621966075207
2010-11-08,0.003672213634583899
2010-11-09,-0.005159142631313096
2010-11-10,0.009459622070723993
2010-11-11,0.0006145802068043386
2010-11-12,-0.0065847782156551295
2010-11-15,0.0016185705035206114
2010-11-16,-0.012825178485096476
2010-11-17,0.015304606273014732
2010-11-18,0.03274984542527206
2010-11-19,-0.0010184231845309804
2010-11-22,0.0034364912504619483
2010-11-23,-0.016454787373005455
2010-11-24,0.018184838595097785
2010-11-26,-0.0050444312348168815
2010-11-29,-0.003466069352192936
2010-11-30,0.0002067900559749925
2010-12-01,0.013964181360192396
2010-12-02,0.00969683211911764
2010-12-03,0.00032741458268171765
2010-12-06,-0.0011439676059832205
2010-12-07,0.0022510534443560886
2010-12-08,-0.0026664283994358496
2010-12-09,-0.0002986014094891852
2010-12-10,-0.0023543380222008645
2010-12-13,-0.002848512987935448
2010-12-14,-0.0031035082836462944
2010-12-15,-0.004568161693194938
2010-12-16,0.012388484316244045
2010-12-17,0.010836500703860398
2010-12-20,0.01545994030854752
2010-12-21,0.008345539793929047
2010-12-22,-0.0019219829057374404
2010-12-23,0.0028697578032477636
2010-12-27,-0.002088203805324995
2010-12-28,-0.007125976137524504
2010-12-29,0.0025355410130168954
2010-12-30,0.005786063061886138
2010-12-31,-0.005575449482154426
2011-01-03,0.025311626800463463
2011-01-04,-0.0013095921436489192
2011-01-05,0.011804727837757989
2011-01-06,-0.015058284015870506
2011-01-07,0.004047093584355599
2011-01-10,-0.004712215352120586
2011-01-11,0.007146245653608308
2011-01-12,0.002710504600179209
2011-01-13,-0.008783093996959158
2011-01-14,0.002625389903505804
2011-01-18,-0.006220817766732733
2011-01-19,-0.026037666412084846
2011-01-20,0.002447473717898597
2011-01-21,-0.013963155896332503
2011-01-24,-0.006326493917244003
2011-01-25,-0.015551986090939041
2011-01-26,0.006903761370192974
2011-01-27,0.009371459155205986
2011-01-28,-0.07067447725335475
2011-01-31,0.019034687587253886
2011-02-01,0.00021003652084987628
2011-02-02,-0.005486021407952646
2011-02-03,0.008457147929650978
2011-02-04,0.002803024358809347
2011-02-07,0.025902674891225684
2011-02-08,0.004283422004333337
2011-02-09,-0.008794529524408958
2011-02-10,-0.025052873376803484
2011-02-11,-0.0006685116131514465
2011-02-14,0.01833423341821321
2011-02-15,-0.009025612683918528
2011-02-16,0.006128302224758754
2011-02-17,0.0013363214307100973
2011-02-18,-0.003062004526354079
2011-02-22,-0.025923702928531814
2011-02-23,0.004364077969622039
2011-02-24,0.015035170498961593
2011-02-25,0.013631490392970468
2011-02-28,0.004530819548909237
2011-03-01,0.0005941108636980498
2011-03-02,-0.00387135037986639
2011-03-03,0.00826966465168535
2011-03-04,0.025177689975397644
2011-03-07,-0.011617521520631759
2011-03-08,0.006760022882824579
2011-03-09,-0.011246110812758482
2011-03-10,-0.021352448279378166
2011-03-11,0.012356462635872936
2011-03-14,0.012053987667088225
2011-03-15,-0.019180501041255085
2011-03-16,-0.01772886762519099
2011-03-17,0.004896321495917344
2011-03-18,-0.01476876840985817
2011-03-21,0.016277865559890727
2011-03-22,-0.016094084116801688
2011-03-23,0.008919435819011001
2011-03-24,0.035531913586129046
2011-03-25,0.0024692307692307687
2011-03-28,0.0013796417328031502
2011-03-29,0.00492830517743934
2011-03-30,0.003441659631906812
2011-03-31,-0.0021875614595254114
2011-04-01,0.0018667540314505795
2011-04-04,-0.001696543246476323
2011-04-05,0.002196087854850681
2011-04-06,0.010296109059150039
2011-04-07,0.007283042931188556
2011-04-08,-0.005378589915183629
2011-04-11,-0.01240201576975526
2011-04-12,-0.002310404143459844
2011-04-13,0.013650576827659135
2011-04-14,-0.0013308240807016866
2011-04-15,-0.003982640483340783
2011-04-18,-0.0006534258214811357
2011-04-19,0.01174235226981504
2011-04-20,0.022007996315734583
2011-04-21,0.007946832127379079
2011-04-25,-0.008101016127298322
2011-04-26,0.0056502368773021965
2011-04-27,0.006315432176923253
2011-04-28,-0.003229136117045317
2011-04-29,0.004709213786627587
2011-05-02,-0.008188577365818617
2011-05-03,-0.003928738161296863
2011-05-04,-0.020673663486863128
2011-05-05,0.004361665803579018
2011-05-06,0.001110697208809741
2011-05-09,0.020726831996657858
2011-05-10,0.006594972571335301
2011-05-11,-0.009418323411311014
2011-05-12,0.0051178966456873155
2011-05-13,-0.017085562097784737
2011-05-16,-0.0008900069692704625
2011-05-17,-0.00681708029908532
2011-05-18,0.014138444672812469
2011-05-19,0.0066667333366070575
2011-05-20,-0.0033137678782203307
2011-05-23,-0.012527657430178564
2011-05-24,0.003258155730179269
2011-05-25,0.010989184224758189
2011-05-26,0.008746013555102895
2011-05-27,0.024948002887890165
2011-05-31,0.012895390602253556
2011-06-01,-0.021087553244406435
2011-06-02,-0.00762515731814064
2011-06-03,-0.015972019218411647
2011-06-06,-0.02071624175185749
2011-06-07,0.0031472598316711676
2011-06-08,-0.012326983373312839
2011-06-09,0.005601692454453167
2011-06-10,-0.01751071844876329
2011-06-13,0.0005511864742085761
2011-06-14,0.050871227990904065
2011-06-15,-0.010082961146592285
2011-06-16,-0.014228924627186236
2011-06-17,-0.004217320390347079
2011-06-20,0.00618339807914683
2011-06-21,0.03849510122167535
2011-06-22,-0.002956892230576447
2011-06-23,0.0017569611282566959
2011-06-24,-0.004510146341884647
2011-06-27,0.004694000212361572
2011-06-28,0.026005670910700933
2011-06-29,-0.004370524455759962
2011-06-30,0.004738088069473224
2011-07-01,0.0034468177528509175
2011-07-05,-7.379927391035776e-05
2011-07-06,0.0030970547283240566
2011-07-07,0.005825492468134442
2011-07-08,-0.006877358541695889
2011-07-11,-0.027732677847247224
2011-07-12,0.0010636256365791573
2011-07-13,0.012849090913345473
2011-07-14,-0.01541235313876408
2011-07-15,0.004969842805623203
2011-07-18,-0.015883310514375016
2011-07-19,0.021741044797199287
2011-07-20,-0.00039714442781669786
2011-07-21,0.020489116864122758
2011-07-22,-0.005435436021516926
2011-07-25,-0.013983439823529566
2011-07-26,-0.006449861755424902
2011-07-27,-0.024975828396291467
2011-07-28,-0.00018314935493608537
2011-07-29,-0.0036787067461418136
2011-08-01,-0.01590279984627372
2011-08-02,-0.011070746253764984
2011-08-03,0.01036368975719193
2011-08-04,-0.042234517787692716
2011-08-05,-0.002760051062126046
2011-08-08,-0.061250031632157816
2011-08-09,0.05746450052755271
2011-08-10,-0.012959186368672548
2011-08-11,0.018485348651608283
2011-08-12,0.0024086021505376645
2011-08-15,0.0008499787505312107
2011-08-16,-0.0028353787558188293
2011-08-17,-0.0002575660012878789
2011-08-18,-0.008551859015688779
2011-08-19,-0.011650264532430031
2011-08-22,-0.0010446592762963559
2011-08-23,0.0623579390487223
2011-08-24,0.014141169032460566
2011-08-25,-0.015674371275381006
2011-08-26,0.0012603387160299295
2011-08-29,0.004266144814090023
2011-08-30,0.0008430733857061057
2011-08-31,0.0008776950963556907
2011-09-01,-0.0014917933130699224
2011-09-02,-0.003117493866767296
2011-09-06,-0.0009150389686524596
2011-09-07,0.03328431746791198
2011-09-08,-0.0012363636363636355
2011-09-09,-0.004278521770947674
2011-09-12,0.006955872752100679
2011-09-13,0.0005412741659190037
2011-09-14,0.007459191992956372
2011-09-15,0.0022046236279774094
2011-09-16,-0.0023936903452700608
2011-09-19,-0.003983719317402123
2011-09-20,0.0012132809279573387
2011-09-21,-0.04398204903541221
2011-09-22,-0.03327663078358598
2011-09-23,0.010436486537214162
2011-09-26,0.026350674557521273
2011-09-27,0.017590247905593895
2011-09-28,-0.006770504213683759
2011-09-29,-0.022013160253602462
2011-09-30,-0.039452283844553085
2011-10-03,-0.02211071287927202
2011-10-04,0.024160344960868788
2011-10-05,0.01714723331795114
2011-10-06,0.0122729091661967
2011-10-07,-0.0018205351284248268
2011-10-10,0.015875868758618728
2011-10-11,0.005092678067099255
2011-10-12,0.0022340481337804977
2011-10-13,0.00371771365080642
2011-10-14,0.006589251360800453
2011-10-17,-0.00011976047904187493
2011-10-18,0.004653205512282789
2011-10-19,0.0038297046730981334
2011-10-20,0.0022772536173096382
2011-10-21,0.027433061402554366
2011-10-24,0.009004719051779686
2011-10-25,-0.0030093990553975215
2011-10-26,0.005044012673717568
2011-10-27,0.01433385635483199
2011-10-28,0.002210059704915335
2011-10-31,-0.0013037574592887457
2011-11-01,-0.023848144471623978
2011-11-02,0.01673520785933327
2011-11-03,0.02172044823797914
2011-11-04,-0.005977873088201856
2011-11-07,0.0036520634657560176
2011-11-08,-0.0038172880479254603
2011-11-09,-0.026641054792492225
2011-11-10,0.011703692823370915
2011-11-11,0.019061932970139892
2011-11-14,-0.009724278858891067
2011-11-15,0.012563841419100052
2011-11-16,-0.012814958239368734
2011-11-17,-0.018593443871466688
2011-11-18,-0.014541126682377462
2011-11-21,-0.01685456714240321
2011-11-22,0.0035791023773606772
2011-11-23,-0.0234175839543092
2011-11-25,-0.008564588328922729
2011-11-28,0.03186838174818205
2011-11-29,0.01130450007136603
2011-11-30,0.04272817211713083
2011-12-01,0.003632136096814432
2011-12-02,0.0012486687922021343
2011-12-05,0.011198523671554916
2011-12-06,-0.01816117779070561
2011-12-07,-0.010810434687656877
2011-12-08,-0.007482862736709527
2011-12-09,0.011657196388884272
2011-12-12,-0.03362088145388136
2011-12-13,-0.023695657176124145
2011-12-14,-0.050027796933914376
2011-12-15,-0.006571709464607278
2011-12-16,0.015187625692786578
2011-12-19,-0.023405520636852882
2011-12-20,0.05110592254087026
2011-12-21,0.001535306361456812
2011-12-22,0.0029254138524698495
2011-12-23,0.004847294174607298
2011-12-27,0.0006265227984684874
2011-12-28,0.0008327550312283272
2011-12-29,0.002357014512785072
2011-12-30,-0.000984674329501889
2012-01-03,-0.005321405241279863
2012-01-04,0.004508276665781687
2012-01-05,0.01868683230509556
2012-01-06,-0.0031760831659208622
2012-01-09,0.008094903996363612
2012-01-10,0.012933356726529644
2012-01-11,-0.012377305265885343
2012-01-12,0.012155432134212708
2012-01-13,-0.0033484736778576
2012-01-17,-0.002873413963100235
2012-01-18,0.021206472857761626
2012-01-19,0.009350389215718515
2012-01-20,-0.004506565830449416
2012-01-23,-0.005514054636570042
2012-01-24,-0.004922962686455979
2012-01-25,0.019308476378817722
2012-01-26,-0.01772514256429443
2012-01-27,0.00897121934850862
2012-01-30,-0.003306395455103917
2012-01-31,0.0012621171965662157
2012-02-01,0.01974486316163242
2012-02-02,0.0013661031402163013
2012-02-03,0.05054489453549558
2012-02-06,0.003783330063707369
2012-02-07,0.003419257672886533
2012-02-08,0.0004336101035611559
2012-02-09,0.0035417129999378186
2012-02-10,-0.010131146645279877
2012-02-13,0.0014419378387580787
2012-02-14,-0.0021735204880259707
2012-02-15,-0.006548829303504866
2012-02-16,0.01451027681587609
2012-02-17,0.005221286641607039
2012-02-21,-0.004490857120855797
2012-02-22,-0.009771583974320763
2012-02-23,0.01896227975782059
2012-02-24,-0.003846275056066806
2012-02-27,0.025276791526420088
2012-02-28,-0.004962214663194686
2012-02-29,0.003748471673184662
2012-03-01,0.019969704340466167
2012-03-02,-0.008352402137431958
2012-03-05,-0.0014128788767059136
2012-03-06,-0.027062369128783372
2012-03-07,0.013504244235295502
2012-03-08,0.01652978824934579
2012-03-09,-0.0036279304242877947
2012-03-12,-0.008161139303038568
2012-03-13,0.019810348615716844
2012-03-14,-0.030256504719053896
2012-03-15,-0.0078025640682163125
2012-03-16,0.015881472076348133
2012-03-19,0.0016552578706496624
2012-03-20,0.004402106952508268
2012-03-21,0.002573618922160681
2012-03-22,-0.019148383237716664
2012-03-23,-0.0009295094844720131
2012-03-26,0.00952521530067796
2012-03-27,0.020178194431059053
2012-03-28,0.0037978218907190105
2012-03-29,-0.003556303772914604
2012-03-30,0.003509004477981326
2012-04-02,0.0033699662776205622
2012-04-03,-0.006656738835917995
2012-04-04,-0.02422472305668571
2012-04-05,-0.008795110358140668
2012-04-09,-0.015905130634190856
2012-04-10,-0.025333228566422995
2012-04-11,0.02542121969595894
2012-04-12,0.02186387804630303
2012-04-13,-0.015047438740604659
2012-04-16,0.0081528510377062
2012-04-17,0.002674507809565286
2012-04-18,-0.002809105708599713
2012-04-19,-0.02831282855680064
2012-04-20,0.007798728549935573
2012-04-23,-0.00703437682114878
2012-04-24,-0.0021707387179250802
2012-04-25,0.01779039053108389
2012-04-26,0.01411118165764376
2012-04-27,-0.0004443925033540394
2012-04-30,-0.0054094991164280294
2012-05-01,0.013508393813765252
2012-05-02,-0.005594773863110114
2012-05-03,0.004575071682244714
2012-05-04,-0.01627874361266024
2012-05-07,-0.003217125337725224
2012-05-08,-0.008694214264235823
2012-05-09,-0.014366648288568108
2012-05-10,0.0025840855597948132
2012-05-11,0.0014117772701511603
2012-05-14,-0.011537998650456016
2012-05-15,-0.014138818199954509
2012-05-16,-0.010623717693822511
2012-05-17,-0.018150727131067534
2012-05-18,0.011272270428140893
2012-05-21,0.038934998915615186
2012-05-22,0.0003032210035462504
2012-05-23,0.005766786813675129
2012-05-24,0.007545077963027635
2012-05-25,9.58549660242894e-05
2012-05-29,0.012346298788109479
2012-05-30,-0.0011185085809019997
2012-05-31,-0.0033869666954903007
2012-06-01,-0.037672927452276066
2012-06-04,-0.0030356511828806723
2012-06-05,0.016581171365250835
2012-06-06,0.026508830430070993
2012-06-07,0.004171078125773754
2012-06-08,0.0002540489044141392
2012-06-11,-0.0006708848715509696
2012-06-12,0.004209155933926079
2012-06-13,-0.0034704719394581638
2012-06-14,0.014056332474562772
2012-06-15,0.011119505643335971
2012-06-18,-0.0006879606879606648
2012-06-19,7.613412228797432e-05
2012-06-20,-0.004095913090869229
2012-06-21,-0.018339958347505812
2012-06-22,0.002796978363368852
2012-06-25,-0.00681989064046351
2012-06-26,0.010853635597442615
2012-06-27,0.0003248077108683139
2012-06-28,-0.010106299712087543
2012-06-29,-0.009621557003177373
2012-07-02,0.005087677469458087
2012-07-03,-0.0014389010095750224
2012-07-05,0.004597530437257236
2012-07-06,-0.0008602776119059242
2012-07-09,0.0019582016042263505
2012-07-10,-0.008468868038420795
2012-07-11,-0.001524888898834087
2012-07-12,-0.004776608712390052
2012-07-13,0.029017883759271015
2012-07-16,-0.040130195192962174
2012-07-17,0.026220656844408677
2012-07-18,-0.008020670780594841
2012-07-19,0.006561543044412746
2012-07-20,-0.02255248671437884
2012-07-23,0.004689248376522427
2012-07-24,0.009348376638141387
2012-07-25,-0.011392403803794648
2012-07-26,0.04481151659057418
2012-07-27,0.031414603530094364
2012-07-30,-0.006998187154815328
2012-07-31,-0.0004668655284862599
2012-08-01,-0.008908429630928461
2012-08-02,-0.005587152151726205
2012-08-03,0.028359765436630064
2012-08-06,-0.0040855084585563525
2012-08-07,-0.004423646719660534
2012-08-08,0.001072185588560748
2012-08-09,-0.00011002646995807958
2012-08-10,-0.0007314643335990741
2012-08-13,-0.0030230142225605937
2012-08-14,-0.004365571070140817
2012-08-15,0.010654477253697902
2012-08-16,0.004153358770216631
2012-08-17,-0.010837856266194535
2012-08-20,0.008101401407106157
2012-08-21,-0.005895639705011103
2012-08-22,0.007302472389533742
2012-08-23,0.003129208093892655
2012-08-24,0.01579384906777912
2012-08-27,0.0036980457207871353
2012-08-28,-0.002611715116521007
2012-08-29,0.0012388235977463858
2012-08-30,-0.007940160615578807
2012-08-31,0.009312726574554798
2012-09-04,-0.004717106992454955
2012-09-05,-0.006264309787815094
2012-09-06,0.018418334195551878
2012-09-07,-0.007140063091482629
2012-09-10,-0.0053673211432466944
2012-09-11,-0.0036421024040794066
2012-09-12,-0.011636678082583774
2012-09-13,0.013184302082816525
2012-09-14,0.00067536480435807
2012-09-17,-0.0021860368114185354
2012-09-18,0.004176566543371352
2012-09-19,0.003733287526706519
2012-09-20,0.0036870098915852134
2012-09-21,0.002095436826585395
2012-09-24,-0.0011663797066586044
2012-09-25,-0.015511217580938763
2012-09-26,0.007820520249915065
2012-09-27,0.02716033787317553
2012-09-28,-0.009046222118280545
2012-10-01,0.0003854437566368495
2012-10-02,-0.0005991308762812283
2012-10-03,0.011460821544901358
2012-10-04,0.019215847828743592
2012-10-05,0.00042529659873342674
2012-10-08,-0.003449484448788431
2012-10-09,-0.008987606246068824
2012-10-10,0.005218808152083821
2012-10-11,-0.0051515941552224605
2012-10-12,5.174536100975829e-05
2012-10-15,-0.0016654820201079438
2012-10-16,0.003955616226066972
2012-10-17,0.028467429937691472
2012-10-18,-0.00040223967931802835
2012-10-19,-0.013097552538502668
2012-10-22,0.00032400354696502363
2012-10-23,-0.0227239061041481
2012-10-24,0.010220536461490994
2012-10-25,0.0024111083211039615
2012-10-26,-0.002287488341140054
2012-10-31,0.00230121230007061
2012-11-01,0.0038479458325319646
2012-11-02,-0.01579884763838251
2012-11-05,-0.0012611460125972363
2012-11-06,0.0048041641675729005
2012-11-07,-0.03429907600980556
2012-11-08,-0.00805869728188353
2012-11-09,0.005036304376201816
2012-11-12,-0.010604328563696397
2012-11-13,-0.004391069893224531
2012-11-14,-0.01925752412707362
2012-11-15,0.010904256492528729
2012-11-16,0.019647217733611024
2012-11-19,0.022177812680210754
2012-11-20,0.014057409012952106
2012-11-21,0.004311175468218265
2012-11-23,0.00523420935260538
2012-11-26,0.0004147619394842208
2012-11-27,-0.0007462832437809541
2012-11-28,-0.004599914603819821
2012-11-29,-0.006055867362447588
2012-11-30,0.0023831909921772755
2012-12-03,0.0005407914237709039
2012-12-04,-0.002361719824955855
2012-12-05,-0.0024098324908018664
2012-12-06,-0.003825299336593791
2012-12-07,0.0024033252080986724
2012-12-10,-0.002860050669543202
2012-12-11,0.0034946724367872716
2012-12-12,0.004002917335332113
2012-12-13,-0.006646697522312706
2012-12-14,0.0032164317709403537
2012-12-17,0.019466660629131563
2012-12-18,0.002055334970373313
2012-12-19,-0.006436239494163521
2012-12-20,0.006242197372745939
2012-12-21,-0.015125591921226422
2012-12-24,-0.0069771706146363865
2012-12-26,-0.011995540384817361
2012-12-27,0.00416554081352929
2012-12-28,-0.007122286849088977
2012-12-31,0.014031809425436227
2013-01-02,0.010049689117373696
2013-01-03,0.004061275382971186
2013-01-04,-0.0014432029795158564
2013-01-07,0.00044407971864011167
2013-01-08,0.0014462501627784835
2013-01-09,-0.003807668166208145
2013-01-10,0.017803592452421756
2013-01-11,0.0045097978532183235
2013-01-14,0.0003316687046373671
2013-01-15,0.013374319534095805
2013-01-16,0.0028581070705686394
2013-01-17,0.02382879105589293
2013-01-18,0.0036565701999573324
2013-01-22,0.011214757344244822
2013-01-23,0.01391425852096766
2013-01-24,0.00911564210472007
2013-01-25,0.02006481734266057
2013-01-28,0.0002283996128556568
2013-01-29,0.007190775131250438
2013-01-30,-0.009254958614966259
2013-01-31,0.00111671952836041
2013-02-01,0.014057986887187868
2013-02-04,-0.008444816315768234
2013-02-05,0.007618331529523737
2013-02-06,0.02178227932465904
2013-02-07,-0.006182485919303838
2013-02-08,-0.01659037261447134
2013-02-11,0.01020068629894295
2013-02-12,0.02800086036279006
2013-02-13,0.007831608906658015
2013-02-14,-0.009458774641243273
2013-02-15,-0.0018471702864675703
2013-02-19,0.006756748832968352
2013-02-20,-0.016335418919148338
2013-02-21,-0.010821090493679342
2013-02-22,-0.002266753943556022
2013-02-25,-0.023796580924322974
2013-02-26,0.005888915599100253
2013-02-27,0.017933428844425794
2013-02-28,-0.005690022817337659
2013-03-01,-0.001846443363104422
2013-03-04,-0.01168223714702348
2013-03-05,0.015056786636179532
2013-03-06,0.007332212768819192
2013-03-07,0.01068993509519125
2013-03-08,0.006266860179631985
2013-03-11,-0.004175427876070525
2013-03-12,0.01701141185480506
2013-03-13,0.004999769629995088
2013-03-14,0.01130858910239221
2013-03-15,-0.01129573883229571
2013-03-18,-0.009708268940906506
2013-03-19,-0.00394704876341101
2013-03-20,0.00622454953132785
2013-03-21,-0.0024881097953513677
2013-03-22,-0.00289946357931643
2013-03-25,0.0039675931375503515
2013-03-26,-0.00012463047959967427
2013-03-27,0.0059480393750010584
2013-03-28,-0.008337456638171935
2013-04-01,-0.005811527861776389
2013-04-02,-0.010408017641873291
2013-04-03,-0.011702968655340264
2013-04-04,0.005030753678063894
2013-04-05,-0.012331456581937194
2013-04-08,0.01563987734796968
2013-04-09,0.01074051890853971
2013-04-10,0.01453735049484478
2013-04-11,0.011048367478080126
2013-04-12,-0.0013491677823239457
2013-04-15,-0.03939795096250078
2013-04-16,0.024240361348700935
2013-04-17,-0.015196670967148851
2013-04-18,-0.014292250319746836
2013-04-19,0.006763654851882374
2013-04-22,0.021254899710280006
2013-04-23,0.017192618158648833
2013-04-24,0.013883510867534631
2013-04-25,0.002436224503810714
2013-04-26,-0.0003987491761781478
2013-04-29,0.011128945947801472
2013-04-30,0.00210220302042099
2013-05-01,-0.007095580281406578
2013-05-02,0.02570188703425447
2013-05-03,0.030333865505092455
2013-05-06,0.0033203167119081104
2013-05-07,0.014576154544446787
2013-05-08,9.383671505409623e-05
2013-05-09,0.0011161651181970313
2013-05-10,0.014374913455068207
2013-05-13,0.0007572092752371697
2013-05-14,0.016151523189114704
2013-05-15,0.008189511107754255
2013-05-16,-0.012988238495010473
2013-05-17,0.019877102938692784
2013-05-20,-0.005364714580709616
2013-05-21,0.01535286328213146
2013-05-22,-0.01059697552424972
2013-05-23,-0.006803599591303878
2013-05-24,-0.0073748811679209105
2013-05-28,0.015678978813208212
2013-05-29,0.00025212940301686556
2013-05-30,0.0194734653664415
2013-05-31,-0.01422654521098623
2013-06-03,-0.004338690197683692
2013-06-04,-0.015283593857134693
2013-06-05,-0.014259274199998197
2013-06-06,0.03296641467789195
2013-06-07,0.016193345892666005
2013-06-10,-0.001031869941030583
2013-06-11,-0.012281975616929031
2013-06-12,-0.003976202828734677
2013-06-13,0.022804573328980785
2013-06-14,-0.009996590961316578
2013-06-17,0.011617660668374686
2013-06-18,0.01112124643002086
2013-06-19,-0.020639515718586156
2013-06-20,-0.036658087490628
2013-06-21,-0.005195104404903561
2013-06-24,-0.030615116829620974
2013-06-25,0.021902483487064497
2013-06-26,-0.005123325361280838
2013-06-27,0.01151832808418466
2013-06-28,-0.010956438198680163
2013-07-01,0.01974956125099077
2013-07-02,-0.012549385728305886
2013-07-03,-0.004341382832356499
2013-07-05,0.007776823425341607
2013-07-08,0.011429915255687598
2013-07-09,0.01407618935183348
2013-07-10,-0.0075973961806004905
2013-07-11,0.01393438285540396
2013-07-12,-0.0003574803149606119
2013-07-15,0.008386909716036372
2013-07-16,-0.0014029601285066695
2013-07-17,0.0026164251093433897
2013-07-18,0.015801432464671118
2013-07-19,0.005028709213871597
2013-07-22,0.01805185277098609
2013-07-23,0.0005382007887339002
2013-07-24,-0.0010144888908386164
2013-07-25,-0.002496969022864026
2013-07-26,0.00036312154681865746
2013-07-29,-0.009560754895730716
2013-07-30,0.020681767305141017
2013-07-31,0.0008457034347169715
2013-08-01,0.018494383017303398
2013-08-02,0.0033075891442680533
2013-08-05,0.0016503522376728255
2013-08-06,-0.0012555269393425
2013-08-07,-0.006469114548556543
2013-08-08,0.00201586067127022
2013-08-09,0.00600792527497669
2013-08-12,-0.012783098558507056
2013-08-13,0.006076313023033065
2013-08-14,-0.004076437498279528
2013-08-15,-0.01628939420804265
2013-08-16,-0.00846578204506987
2013-08-19,-0.02308249901658377
2013-08-20,0.023682647318985246
2013-08-21,-0.00246449047998063
2013-08-22,0.010910403446076545
2013-08-23,0.003757016273215874
2013-08-26,-0.00010880582549086505
2013-08-27,-0.02427799861426394
2013-08-28,0.008451383286176607
2013-08-29,0.004985278384949665
2013-08-30,-0.007556491090220252
2013-09-03,-0.0027959086436541995
2013-09-04,0.01768168112522055
2013-09-05,0.005924374409284084
2013-09-06,-0.004741973716267966
2013-09-09,0.014932559787522816
2013-09-10,-0.010959260029120689
2013-09-11,0.0005691257337707257
2013-09-12,-0.0016727025751763548
2013-09-13,-0.0014709564800949202
2013-09-16,-0.001607387874760491
2013-09-17,0.011586832892237744
2013-09-18,0.01220281856151553
2013-09-19,-0.0039278807186342345
2013-09-20,0.0014302707988814946
2013-09-23,-0.0030047105900320448
2013-09-24,-0.0015549392663404267
2013-09-25,0.005742337014718602
2013-09-26,0.012383639583565056
2013-09-27,-0.005342196697964651
2013-09-30,0.0016294472303090232
2013-10-01,0.016532051447100796
2013-10-02,-0.0021360040342586427
2013-10-03,-0.010904410825022248
2013-10-04,0.008260730343186043
2013-10-07,-0.016789442341658113
2013-10-08,-0.020505917713453826
2013-10-09,-0.00018277531296078146
2013-10-10,0.025103593171849296
2013-10-11,-0.0001374575852082005
2013-10-14,0.007241686320944953
2013-10-15,-0.004353103352888165
2013-10-16,0.006181150785113055
2013-10-17,0.00628254562083388
2013-10-18,0.01540411353714528
2013-10-21,-0.005762959386712974
2013-10-22,0.008351321303360639
2013-10-23,-0.004847722156994917
2013-10-24,0.011450635896074646
2013-10-25,0.00850092784499934
2013-10-28,-0.0017266350606833351
2013-10-29,0.014382462008862085
2013-10-30,-0.00632255041652594
2013-10-31,-0.020298638234184117
2013-11-01,-0.012289386461113262
2013-11-04,-0.0008521376109324575
2013-11-05,0.014183804685964587
2013-11-06,-0.019066712774468524
2013-11-07,-0.020972564827971697
2013-11-08,0.012945430247596779
2013-11-11,-0.004681596334947713
2013-11-12,-0.0025497629346818095
2013-11-13,0.007994372238150051
2013-11-14,-0.00028061560645282715
2013-11-15,0.008271002270213226
2013-11-18,-0.0070295985100814916
2013-11-19,-0.006554884329153078
2013-11-20,-0.001762041730268615
2013-11-21,0.015576221243778356
2013-11-22,0.005357840468054698
2013-11-25,-0.01137934862606116
2013-11-26,-0.002010311010063859
2013-11-27,-0.0032327736971434536
2013-11-29,0.0005581990324905027
2013-12-02,-0.011054589861435104
2013-12-03,-0.0007888241966864666
2013-12-04,0.010549490841445365
2013-12-05,-0.0174536149237704
2013-12-06,-0.00032977574697012847
2013-12-09,0.004901567514603355
2013-12-10,-0.00281691960652537
2013-12-11,-0.0237084960818871
2013-12-12,0.004250035901146565
2013-12-13,0.002354572279402812
2013-12-16,0.0008079058330533463
2013-12-17,-0.008758738310655547
2013-12-18,0.01633465873181712
2013-12-19,0.010700002252682349
2013-12-20,0.0074386450571109165
2013-12-23,0.00110475979687028
2013-12-24,0.009460595498742808
2013-12-26,0.0001246660334895178
2013-12-27,-0.0036612726966483876
2013-12-30,0.0027385316714064302
2013-12-31,0.002233042957538012
2014-01-02,-0.006459400532855276
2014-01-03,-0.00027484405859983256
2014-01-06,-0.011727369209424321
2014-01-07,-0.0077562005180079165
2014-01-08,0.0030266019741320713
2014-01-09,-0.009759885508555534
2014-01-10,0.0020462284283837783
2014-01-13,-0.00865780174762778
2014-01-14,0.022295162025368718
2014-01-15,-0.00938947181891292
2014-01-16,0.0015405765706520526
2014-01-17,-0.01121066105112183
2014-01-21,-0.008810803734190787
2014-01-22,-0.0011295752828779815
2014-01-23,-0.0074898959589593484
2014-01-24,-0.03467825820856581
2014-01-27,0.0033979123356649987
2014-01-28,0.006873589699346683
2014-01-29,0.009537481357750609
2014-01-30,0.015515476355224747
2014-01-31,-0.00768030651549485
2014-02-03,-0.03491253846573886
2014-02-04,0.0038738913727792926
2014-02-05,-0.002923061835299268
2014-02-06,0.024236458081243507
2014-02-07,0.0014184349386117342
2014-02-10,0.007673621063520441
2014-02-11,0.0020638342648809154
2014-02-12,-0.0032815797456248073
2014-02-13,0.0071419096515065285
2014-02-14,0.012642158536428728
2014-02-18,-0.0011527887493691822
2014-02-19,-0.004421990895141348
2014-02-20,0.007020149679719092
2014-02-21,-0.003907542547823217
2014-02-24,0.00817662136919959
2014-02-25,-0.008140524096634218
2014-02-26,0.006970378376003095
2014-02-27,0.0027215106561614857
2014-02-28,0.009760334029416165
2014-03-03,0.008919665506899778
2014-03-04,0.00983842765375429
2014-03-05,-0.00440449944629886
2014-03-06,-0.012087426833398364
2014-03-07,-0.0005676384182000004
2014-03-10,0.012281486903462601
2014-03-11,-0.015542322240001983
2014-03-12,0.00024693141099030314
2014-03-13,-0.013956040728407594
2014-03-14,0.01424041078854217
2014-03-17,0.007261645657125239
2014-03-18,0.01986236713048574
2014-03-19,-0.006703224758885617
2014-03-20,0.0040879079693127325
2014-03-21,-0.017585114033787527
2014-03-24,-0.01610433430432241
2014-03-25,-0.003925388576183231
2014-03-26,-0.004688692045511811
2014-03-27,-0.006832051636244119
2014-03-28,-0.008929200033300886
2014-03-31,0.010598921943516504
2014-04-01,0.02711207905353863
2014-04-02,0.009946286113638781
2014-04-03,-0.007734378557656652
2014-04-04,-0.01824541677095102
2014-04-07,-0.0134376819936626
2014-04-08,0.007072398570355888
2014-04-09,0.027018932603385865
2014-04-10,-0.01445692673357062
2014-04-11,-0.013833491277226174
2014-04-14,-0.008661940079517884
2014-04-15,0.0034439301399638252
2014-04-16,0.006681781611588145
2014-04-17,0.004681451680358872
2014-04-21,-0.0025378658336213007
2014-04-22,0.022819682596899506
2014-04-23,-0.010996499750409526
2014-04-24,0.006707717411390225
2014-04-25,-0.011706392229492569
2014-04-28,-0.008781757557071734
2014-04-29,0.0088545944831955
2014-04-30,0.0055310569593601585
2014-05-01,-0.008969921009047277
2014-05-02,-0.0005920765863441705
2014-05-05,0.001388807023685335
2014-05-06,-0.0017168871886490637
2014-05-07,0.004959495609449239
2014-05-08,-0.004247235168083096
2014-05-09,0.0004314271363604627
2014-05-12,0.022462464454604182
2014-05-13,0.000843287041393559
2014-05-14,-0.0018637612172244906
2014-05-15,-0.011627347615529263
2014-05-16,-0.00277234025023334
2014-05-19,-0.0018018194384944453
2014-05-20,-0.008127751204942135
2014-05-21,0.012710488932450949
2014-05-22,0.0004296968378761259
2014-05-23,-0.0013992171351455253
2014-05-27,-0.00011303719385440358
2014-05-28,0.0009576630385026429
2014-05-29,0.008775385564748429
2014-05-30,-0.0010504937971162036
2014-06-02,0.0022778860596121223
2014-06-03,0.0031010764047870957
2014-06-04,0.0012898696534572986
2014-06-05,0.0065385016016668365
2014-06-06,-0.0015390418035974628
2014-06-09,-0.012936722135172584
2014-06-10,-0.010521635891584525
2014-06-11,0.010706828050178863
2014-06-12,-0.0008215261766410405
2014-06-13,0.006066674194478594
2014-06-16,0.007312377201457944
2014-06-17,0.0013286166742203288
2014-06-18,0.007388060749272209
2014-06-19,-0.0001879934391834092
2014-06-20,0.008689421277736354
2014-06-23,-0.0001902113623371446
2014-06-24,-0.00986763042109391
2014-06-25,0.016647683841482408
2014-06-26,0.0014612248931213936
2014-06-27,-0.0024641653713753484
2014-06-30,0.002867025399174384
2014-07-01,0.008562740698234973
2014-07-02,0.0028130778615410358
2014-07-03,0.015338251822310677
2014-07-07,-0.016052004741227033
2014-07-08,-0.01171471090181384
2014-07-09,0.0030360143540890012
2014-07-10,-0.002352151500111855
2014-07-11,-0.0022398172402133816
2014-07-14,0.00663115544785129
2014-07-15,-0.007371130749982191
2014-07-16,0.027020419278683948
2014-07-17,-0.01863478905488878
2014-07-18,0.025880103606985654
2014-07-21,0.0024682596806271167
2014-07-22,0.0035044482546484844
2014-07-23,-0.011345553307521405
2014-07-24,0.010503384581231524
2014-07-25,-0.010058101051461942
2014-07-28,-0.00686808693282539
2014-07-29,-0.009080091954369339
2014-07-30,0.0028391470523283506
2014-07-31,-0.02326272174478272
2014-08-01,-0.005337279671584373
2014-08-04,0.006872107644606086
2014-08-05,-0.009279807402211994
2014-08-06,0.005278494671032654
2014-08-07,-0.017101365555779034
2014-08-08,0.017745776524590598
2014-08-11,0.006409394628720134
2014-08-12,-0.0028070848136826925
2014-08-13,0.016387780662554474
2014-08-14,0.0057404675312976786
2014-08-15,0.006884888381352394
2014-08-18,0.004397050140994963
2014-08-19,0.0019215177668803981
2014-08-20,-0.00011307832665948806
2014-08-21,0.000199392964609735
2014-08-22,0.00105632043445858
2014-08-25,0.014661931697882215
2014-08-26,0.008525325880424563
2014-08-27,0.0013406931587372167
2014-08-28,-0.0046658790152131376
2014-08-29,0.00030549838035192126
2014-09-02,0.011697524692223073
2014-09-03,-0.0030783369272263444
2014-09-04,-0.005553689097723491
2014-09-05,0.0043995401320749096
2014-09-08,-0.018905962111896303
2014-09-09,-0.006772826715087077
2014-09-10,0.005941389454587888
2014-09-11,-0.001778399839055811
2014-09-12,-0.016500478799170094
2014-09-15,0.0010758005492146564
2014-09-16,0.013596105351974707
2014-09-17,-0.002000216318150328
2014-09-18,0.0010165729073703168
2014-09-19,-0.0028374780609366156
2014-09-22,-0.023952102629897377
2014-09-23,0.0005256895189374774
2014-09-24,0.006237703649130745
2014-09-25,-0.007573513431117518
2014-09-26,0.007605675105054234
2014-09-29,-0.015328326411511564
2014-09-30,-0.01493137661844728
2014-10-01,-0.012524039214261373
2014-10-02,0.008714811601842133
2014-10-03,0.011923668647214837
2014-10-06,0.0025361486063543164
2014-10-07,-0.026993994788316943
2014-10-08,0.025759708138298122
2014-10-09,-0.01677274628479272
2014-10-10,-0.01846850681386045
2014-10-13,-0.04734178298936558
2014-10-14,-0.006805015045247088
2014-10-15,0.005364560826392273
2014-10-16,0.021366501672551278
2014-10-17,0.02230041858544093
2014-10-20,0.018728490828527258
2014-10-21,0.0022412564791273078
2014-10-22,-0.0002949852507374784
2014-10-23,0.0011816838995568624
2014-10-24,0.0008321096426823438
2014-10-27,-0.001316110163295159
2014-10-28,-0.0010813542688910328
2014-10-29,0.0006674103711593721
2014-10-30,0.0030288020550613528
2014-10-31,-0.007761074992104943
2014-11-03,0.003629721035666456
2014-11-04,0.0047612899303539425
2014-11-05,0.0014770434753544886
2014-11-06,0.006874593338213076
2014-11-07,-0.018757295966976572
2014-11-10,0.007231456713602614
2014-11-11,0.020280375992045886
2014-11-12,-0.0012197497942052268
2014-11-13,-0.004348853990560242
2014-11-14,-0.01050943139668481
2014-11-17,0.006173652132823881
2014-11-18,0.02137199159766601
2014-11-19,-0.001266689806021448
2014-11-20,0.003976431447126584
2014-11-21,0.008955840304668141
2014-11-24,-0.0006094841606832935
2014-11-25,0.008740748905989684
2014-11-26,0.014205917308039016
2014-11-28,-0.0037982918649098747
2014-12-01,-0.017066920496506977
2014-12-02,0.02007156802968815
2014-12-03,0.0136889081512962
2014-12-04,-0.002570416700785261
2014-12-05,-0.009371959473433944
2014-12-08,-0.01926175752831054
2014-12-09,0.015836058104890083
2014-12-10,-0.014590523005545619
2014-12-11,-0.005010145436676506
2014-12-12,-0.022151891825904668
2014-12-15,-0.007272474448542533
2014-12-16,-0.00477440948022112
2014-12-17,0.03232935787910278
2014-12-18,0.017679343620435217
2014-12-19,0.0017371812832726265
2014-12-22,0.0006944444444444199
2014-12-23,0.0032155709342560294
2014-12-24,0.012239498671952499
2014-12-26,0.01124279848936134
2014-12-29,0.0020349449609086802
2014-12-30,0.0006845579035561938
2014-12-31,-0.008609836287459639
2015-01-02,-0.0010617947098283675
2015-01-05,-0.013430681868699824
2015-01-06,-0.0019597888798458473
2015-01-07,0.01774514373315348
2015-01-08,0.023579910493296545
2015-01-09,0.0035702088435750072
2015-01-12,-0.005328820514606703
2015-01-13,-0.006941389799885855
2015-01-14,-0.005964520424418819
2015-01-15,-0.006766311595201091
2015-01-16,0.014597528016747586
2015-01-20,-0.0008875007304577128
2015-01-21,0.004439726383433085
2015-01-22,0.01909794902858133
2015-01-23,-0.002611754375695141
2015-01-26,-0.0032554748981988182
2015-01-27,-0.0114939322021264
2015-01-28,0.001545456249691623
2015-01-29,0.01513851261095922
2015-01-30,-0.03390930841291813
2015-02-02,0.014820635917069126
2015-02-03,0.012429820751756849
2015-02-04,-0.002787238563177285
2015-02-05,0.019523611665164812
2015-02-06,-0.01263709562827704
2015-02-09,-0.0011463819552762536
2015-02-10,0.011095712194031139
2015-02-11,-0.0038005291293104816
2015-02-12,0.01300722526459609
2015-02-13,-0.0024330815981603027
2015-02-17,0.013287597662195583
2015-02-18,0.020089421338535245
2015-02-19,0.0041173480851192995
2015-02-20,0.0075221721568599536
2015-02-23,-0.008188708691568248
2015-02-24,0.009316114261854793
2015-02-25,-0.0014587112975352314
2015-02-26,-0.0033064140950277657
2015-02-27,0.0029226698403798774
2015-03-02,0.007355921141999834
2015-03-03,0.011580575011161833
2015-03-04,0.0013969295689164832
2015-03-05,0.007145236870220596
2015-03-06,-0.020809692702472796
2015-03-09,0.0049620015673506055
2015-03-10,-0.017680495241814167
2015-03-11,0.0022446729660852596
2015-03-12,0.01857190329974603
2015-03-13,-0.007716445738367006
2015-03-16,0.00828813005606627
2015-03-17,0.005576704054161341
2015-03-18,0.006093387264378381
2015-03-19,-0.008144858491845874
2015-03-20,0.009967810562487833
2015-03-23,0.0017120091972616218
2015-03-24,-0.0036583458855096174
2015-03-25,-0.01441706899257611
2015-03-26,-0.002832107830809449
2015-03-27,0.0025709392476897636
2015-03-30,0.007617528331359947
2015-03-31,-7.662682602922424e-05
2015-04-01,-0.008464901252439316
2015-04-02,0.0060432672175893005
2015-04-06,-0.0017032591193409051
2015-04-07,0.0015035771913032296
2015-04-08,0.013956910646031464
2015-04-09,-0.0018171545318371959
2015-04-10,0.005839182710418012
2015-04-13,-0.012790745977439611
2015-04-14,0.003420625941212774
2015-04-15,0.007533073183483421
2015-04-16,0.004552696420348857
2015-04-17,-0.010208946024993115
2015-04-20,-0.0036114391713076375
2015-04-21,0.0092598345125255
2015-04-22,-0.0019421629725116193
2015-04-23,-0.015195114197620744
2015-04-24,-0.0030484910837694336
2015-04-27,-0.013273375180163072
2015-04-28,0.01033983944769583
2015-04-29,0.0006127825549023813
2015-04-30,-0.01160805590991032
2015-05-01,0.014334885631911055
2015-05-04,-7.354932747909434e-05
2015-05-05,-0.01913098896669827
2015-05-06,-0.0012940586315650648
2015-05-07,0.019446816741004506
2015-05-08,0.02347621713685745
2015-05-11,0.0063982957569151625
2015-05-12,-0.00402158197975282
2015-05-13,-0.0027270558084890205
2015-05-14,0.011415789507660137
2015-05-15,0.012284679485468275
2015-05-18,0.008139143084705138
2015-05-19,0.00195352299344227
2015-05-20,0.002800937261486313
2015-05-21,0.008156294077560756
2015-05-22,-0.003019320924231672
2015-05-26,-0.020398821593050932
2015-05-27,0.02117159631711543
2015-05-28,-0.0017799698822468456
2015-05-29,-0.004555775063420687
2015-06-01,0.0011472092726175788
2015-06-02,0.005471372718365686
2015-06-03,-0.005705756513664406
2015-06-04,-0.012596752622740848
2015-06-05,0.002575234206857036
2015-06-08,-0.0054613204898241955
2015-06-09,-0.0007284857218896156
2015-06-10,0.009305029642349453
2015-06-11,0.0072633515304026735
2015-06-12,-0.005059354812211403
2015-06-15,0.004856556086076959
2015-06-16,-0.005021479490081515
2015-06-17,-0.003936826094563761
2015-06-18,0.014078670963458217
2015-06-19,-0.0007482668614206321
2015-06-22,-0.00895022700059307
2015-06-23,-0.0017160638067581276
2015-06-24,-0.009536218835452482
2015-06-25,0.011703966292949475
2015-06-26,-0.016115496135799566
2015-06-29,-0.02344740117804176
2015-06-30,0.004922907554600409
2015-07-01,0.00044351652862364434
2015-07-02,0.002579672709155533
2015-07-06,-0.011534886623522114
2015-07-07,-0.005601402044077688
2015-07-08,-0.02274828624160725
2015-07-09,0.01058609165623352
2015-07-10,0.004819062867374546
2015-07-13,0.008528936942413601
2015-07-14,0.00822955336489436
2015-07-15,-0.001105705440070781
2015-07-16,-0.0021458083166555507
2015-07-17,-0.0009762052565101762
2015-07-20,-0.007072286637793645
2015-07-21,0.003783731053050032
2015-07-22,0.002196724490031301
2015-07-23,0.0055939237740397765
2015-07-24,-0.004306184919594713
2015-07-27,-0.008446972355578541
2015-07-28,0.015315834968616287
2015-07-29,0.009992044644069656
2015-07-30,0.0009113618154624192
2015-07-31,0.002051381888286108
2015-08-03,-0.0003587035421103615
2015-08-04,0.008815556958545967
2015-08-05,-0.0040567678993356894
2015-08-06,-0.011903860088010433
2015-08-07,-0.001203929671074743
2015-08-10,0.020302113651301582
2015-08-11,-0.0042559813946486565
2015-08-12,0.008763005377691126
2015-08-13,-0.001954867319621001
2015-08-14,0.002789191793985491
2015-08-17,0.007970705398204315
2015-08-18,0.0016068114837264453
2015-08-19,-0.006795026204045285
2015-08-20,-0.013224841013161105
2015-08-21,-0.023695469747446407
2015-08-24,-0.0340059971647257
2015-08-25,-0.009362119063189001
2015-08-26,0.03173868394730495
2015-08-27,0.02636415202957097
2015-08-28,0.001473145780051155
2015-08-31,-0.0007514979181476811
2015-09-01,-0.004783282364933727
2015-09-02,0.026567995300847302
2015-09-03,-0.0005783544606553392
2015-09-04,-0.004976056701024745
2015-09-08,-0.005255884382850684
2015-09-09,0.008909952606635052
2015-09-10,0.0005049606775559546
2015-09-11,-0.0027604038899024298
2015-09-14,-0.0038329504666188116
2015-09-15,0.008305170926141815
2015-09-16,0.0040550070521861775
2015-09-17,-0.0015478486262312074
2015-09-18,-0.0020854908774978306
2015-09-21,0.011463391012818236
2015-09-22,-0.01648051071103125
2015-09-23,0.0005669955124260943
2015-09-24,0.004775194367025449
2015-09-25,0.008034746620332479
2015-09-28,-0.03856736950958295
2015-09-29,-0.012051800380374057
2015-09-30,0.023353210076513056
2015-10-01,0.01302741981256782
2015-10-02,0.004698517156133098
2015-10-05,0.009394087098317927
2015-10-06,-0.004415921693648106
2015-10-07,0.0014129480174946089
2015-10-08,0.004068448020636973
2015-10-09,0.006176122071205936
2015-10-12,0.010706547058507133
2015-10-13,0.01835446478723617
2015-10-14,-0.016991128465642436
2015-10-15,0.01753039306530282
2015-10-16,0.0022480129540987433
2015-10-19,-0.0008780334267890824
2015-10-20,0.0037877331713232045
2015-10-21,-0.011923298574873476
2015-10-22,0.023460466701817655
2015-10-23,-0.006275317995453976
2015-10-26,0.010776566719055426
2015-10-27,0.001712989836044443
2015-10-28,-0.0025770636543279487
2015-10-29,-0.010706410541071288
2015-10-30,0.013555305864172819
2015-11-02,0.0037154257356823094
2015-11-03,-0.00016045455649888984
2015-11-04,-0.0064471858270621196
2015-11-05,-0.0029245320668329186
2015-11-06,0.0038453145816447648
2015-11-09,-0.008043025190552444
2015-11-10,0.008504845410212035
2015-11-11,0.0027153392959968106
2015-11-12,-0.014253242247274844
2015-11-13,-0.006359057239341804
2015-11-16,0.012977991014152871
2015-11-17,-0.004603142067337162
2015-11-18,0.008483054608155084
2015-11-19,0.02025290896876062
2015-11-20,0.005633822594504346
2015-11-23,-0.0024119184181615517
2015-11-24,-0.01084326973473083
2015-11-25,0.0005431265691214106
2015-11-27,0.002513584734723251
2015-11-30,-0.09980669566246315
2015-12-01,0.010862657414832645
2015-12-02,-0.004794620478365019
2015-12-03,-0.019335484084408373
2015-12-04,0.00900386762282277
2015-12-07,-0.0052255681037394535
2015-12-08,-0.010738066826771352
2015-12-09,-0.005969947446653579
2015-12-10,0.009037764499951929
2015-12-11,-0.008350473140587544
2015-12-14,0.01913357125222548
2015-12-15,0.005962689238815945
2015-12-16,0.0199829613072816
2015-12-17,-0.00031200260926288464
2015-12-18,-0.008260710666776394
2015-12-21,0.006582538161678309
2015-12-22,-0.004282117604534619
2015-12-23,0.006998670109124306
2015-12-24,0.002334502538464123
2015-12-28,0.001674284546496641
2015-12-29,0.0036985082748857596
2015-12-30,-0.0032401055338690202
2015-12-31,-0.0035997551926946086
2016-01-04,-0.023458880900876958
2016-01-05,0.0017129338279788138
2016-01-06,0.012051132752828519
2016-01-07,-0.03357142788677101
2016-01-08,-0.016222649565883377
2016-01-11,0.005344028432671167
2016-01-12,0.010744841856643927
2016-01-13,-0.012167834759656992
2016-01-14,0.0054473500143096265
2016-01-15,-0.016977890822315867
2016-01-19,0.011631651496596665
2016-01-20,-0.007997621165435032
2016-01-21,0.019574247150955217
2016-01-22,0.034497911704151944
2016-01-25,-0.00218207388577123
2016-01-26,-0.0031930116808560277
2016-01-27,-0.004501965435445598
2016-01-28,-0.007584329393142031
2016-01-29,0.03193132192439903
2016-02-01,0.003157289002525188
2016-02-02,-0.014630963085471073
2016-02-03,0.020609023839092338
2016-02-04,-0.0027382476656574446
2016-02-05,-0.034862093400377735
2016-02-08,-0.028026699717054075
2016-02-09,0.00930439320080423
2016-02-10,0.01863624093201217
2016-02-11,-0.0031271773453705356
2016-02-12,0.016729728010353908
2016-02-16,0.008024673984303045
2016-02-17,0.019711074020752964
2016-02-18,0.006993626633643402
2016-02-19,-0.0003866277581882513
2016-02-22,0.0006780013413816622
2016-02-23,0.0005326199599122952
2016-02-24,0.00783509584788148
2016-02-25,0.012250422653328763
2016-02-26,-0.00348301395788978
2016-02-29,-0.0019769527773465744
2016-03-01,0.015937594454719105
2016-03-02,0.005212107986929771
2016-03-03,0.003006178566266116
2016-03-04,-0.0008398971250788808
2016-03-07,0.0009573621584917034
2016-03-08,0.008245040603367304
2016-03-09,0.004717710730890047
2016-03-10,0.007771263951017794
2016-03-11,0.013315985769934247
2016-03-14,-0.0009005968814834064
2016-03-15,0.002729004638003252
2016-03-16,0.006541454358671596
2016-03-17,0.01267307074433548
2016-03-18,0.012193721699979343
2016-03-21,-0.00011605864578709821
2016-03-22,0.00382724849077647
2016-03-23,-0.0015978726506832744
2016-03-24,-0.003048128323491062
2016-03-28,0.009866167402009629
2016-03-29,0.004780205547279404
2016-03-30,0.003123014211601361
2016-03-31,-0.0010758416107691125
2016-04-01,0.00095446602344802
2016-04-04,-0.003596050274336071
2016-04-05,-0.020383624917170187
2016-04-06,0.005673793961998076
2016-04-07,0.010111650913646453
2016-04-08,0.0032132847679138266
2016-04-11,-0.0027263036282721533
2016-04-12,0.004051948326311639
2016-04-13,0.028010469174133527
2016-04-14,-0.009018379927877485
2016-04-15,0.012691162400056577
2016-04-18,0.002494576219750811
2016-04-19,0.003796729716386649
2016-04-20,-0.0001665750444364676
2016-04-21,-0.007415591656952315
2016-04-22,0.0022721828455715795
2016-04-25,0.00486664251138278
2016-04-26,-0.002065658573789997
2016-04-27,-0.0018653158558091351
2016-04-28,-0.015688992033284777
2016-04-29,-0.004546121910736467
2016-05-02,0.021388964876440243
2016-05-03,-0.019507701705950755
2016-05-04,-0.00023108930343915843
2016-05-05,-0.013458318545445658
2016-05-06,0.01909809914008691
2016-05-09,-0.029225067398751147
2016-05-10,0.024320597580365453
2016-05-11,0.016716686107049142
2016-05-12,0.01005819288008223
2016-05-13,-0.011346531862812051
2016-05-16,0.012444596044038981
2016-05-17,0.005846138409925473
2016-05-18,-0.017652164404602756
2016-05-19,0.004890201456571464
2016-05-20,0.01085124859433835
2016-05-23,0.00034380276788761313
2016-05-24,0.021864723217095008
2016-05-25,0.006491279587625033
2016-05-26,0.0032321466540875536
2016-05-27,-0.003120030816640973
2016-05-31,0.0009195841609139004
2016-06-01,0.0023478979946476744
2016-06-02,-0.0047620219964949586
2016-06-03,0.015558316096187167
2016-06-06,0.013720182158256124
2016-06-07,0.013254007425212922
2016-06-08,0.00012917645625481008
2016-06-09,-0.007229050077161014
2016-06-10,-0.03782676441247364
2016-06-13,-0.006306628541808412
2016-06-14,-0.004904765035379776
2016-06-15,-0.00012779741185833256
2016-06-16,-0.012500153096160194
2016-06-17,0.02093324087624442
2016-06-20,0.011531617408725381
2016-06-21,-0.003558291993494878
2016-06-22,0.007581802818204243
2016-06-23,0.013974982535014347
2016-06-24,-0.00732776946789353
2016-06-27,-0.024568605247155144
2016-06-28,0.023396870512507172
2016-06-29,0.02048775242232557
2016-06-30,0.008716895302136575
2016-07-01,0.007471272570860112
2016-07-05,-0.010276476769351294
2016-07-06,0.0007578628268283261
2016-07-07,-0.0006516672958349009
2016-07-08,0.017729973543864554
2016-07-11,-0.0034373875512293322
2016-07-12,0.00035009846210226614
2016-07-13,0.01316804784346014
2016-07-14,-0.0016219178163180527
2016-07-15,0.003605670354085899
2016-07-18,0.00023511175994828104
2016-07-19,-0.0018212614262586469
2016-07-20,0.002747435087736494
2016-07-21,0.009488149791611278
2016-07-22,0.0016940340550497535
2016-07-25,-0.017987885341168196
2016-07-26,0.007505825165531243
2016-07-27,-0.017949217278616383
2016-07-28,0.004786496443545097
2016-07-29,0.03314267660217833
2016-08-01,-0.014459404612557125
2016-08-02,-0.007771798046466128
2016-08-03,0.01610616267041003
2016-08-04,-0.005338736966797652
2016-08-05,0.012971556856315437
2016-08-08,-0.0011879968367094484
2016-08-09,-0.002802229450786009
2016-08-10,-0.0015872352050519958
2016-08-11,0.004448630596137937
2016-08-12,-0.01117569658930202
2016-08-15,0.017740580212760416
2016-08-16,-0.00998526060037388
2016-08-17,0.0008549240672491855
2016-08-18,0.011723358430538712
2016-08-19,-0.001383637438768903
2016-08-22,0.00025216921499766605
2016-08-23,0.037229665226162736
2016-08-24,-0.02656830787529345
2016-08-25,0.00019097371666076945
2016-08-26,-0.008886488485195732
2016-08-29,0.009485559557281743
2016-08-30,-0.0213087569630404
2016-08-31,-0.007509156839751796
2016-09-01,0.012709005229076366
2016-09-02,0.014717039090928231
2016-09-06,0.009981323711208391
2016-09-07,-0.0029441490142124277
2016-09-08,-0.001997699264516406
2016-09-09,-0.04151084537828562
2016-09-12,0.01793882300525185
2016-09-13,-0.0024311896383365944
2016-09-14,-0.016175423302742086
2016-09-15,0.010069396345709181
2016-09-16,0.002021080345859927
2016-09-19,0.00010058638298204918
2016-09-20,-0.009620544230366623
2016-09-21,0.03159094309103487
2016-09-22,0.005966678101278333
2016-09-23,-0.004623363544977942
2016-09-26,-0.008655109231623426
2016-09-27,0.002018746350662526
2016-09-28,0.018111233236891257
2016-09-29,-0.008360345005709148
2016-09-30,0.006241170914595729
2016-10-03,-0.01409463812946228
2016-10-04,-0.0073182281715369986
2016-10-05,-0.001303091314184513
2016-10-06,-0.007804982729520971
2016-10-07,-0.003889838267753443
2016-10-10,0.008657452200253025
2016-10-11,-0.0194098875021836
2016-10-12,0.008744318642443561
2016-10-13,-0.011861966497561193
2016-10-14,-0.001311023932453748
2016-10-17,-0.013806867579402572
2016-10-18,0.0039659803931988424
2016-10-19,0.0016726089456106767
2016-10-20,0.0018267721664464657
2016-10-21,-0.013298828073849767
2016-10-24,-0.0003048510470465615
2016-10-25,-0.0095761826355266
2016-10-26,0.0076064025051304504
2016-10-27,0.0018830043820317055
2016-10-28,-0.010062533944626705
2016-10-31,-0.025051983130009715
2016-11-01,-0.004919787520805397
2016-11-02,-0.009403262666017943
2016-11-03,0.026326399365311583
2016-11-04,-0.0020375546684649583
2016-11-07,0.03834219965612693
2016-11-08,-0.005137614678899083
2016-11-09,0.017125800376647838
2016-11-10,-0.007622914072229148
2016-11-11,-0.0008480055087954016
2016-11-14,-0.01027901800894524
2016-11-15,0.004873746497776122
2016-11-16,0.004060371792372509
2016-11-17,0.004428406419324649
2016-11-18,-0.0023766213692473005
2016-11-21,0.013286485495585643
2016-11-22,0.017047798395317025
2016-11-23,0.01448054915485653
2016-11-25,0.008449442114770792
2016-11-28,-0.004983083758108453
2016-11-29,-0.0009822960221747448
2016-11-30,0.0157027092035424
2016-12-01,-0.012296656860392075
2016-12-02,-0.004303531233109514
2016-12-05,0.021555518640075325
2016-12-06,0.006233848736582927
2016-12-07,-0.005829725739669556
2016-12-08,0.008674698879074884
2016-12-09,0.00491342293191337
2016-12-12,-0.010940827315366232
2016-12-13,0.0023624172562832784
2016-12-14,-0.006178996643719015
2016-12-15,-0.012384658552110796
2016-12-16,-0.014852380335765724
2016-12-19,-0.0005291171041411637
2016-12-20,0.00886159258970767
2016-12-21,-0.00544426061080241
2016-12-22,-0.006713442016895633
2016-12-23,-0.006910759153951141
2016-12-27,0.004550298027919021
2016-12-28,-0.008346925802296212
2016-12-29,-0.0026878947162676243
2016-12-30,-0.010703698210508495
2017-01-03,0.030606402484774024
2017-01-04,0.00694328131544646
2017-01-05,-0.002335926461982085
2017-01-06,0.004916081888117896
2017-01-09,0.005514900371065301
2017-01-10,0.001552588968202451
2017-01-11,0.009574920124129683
2017-01-12,-0.007744835387370142
2017-01-13,-0.00650209570778799
2017-01-17,0.0018756799877143846
2017-01-18,-6.029070737876283e-05
2017-01-19,0.0038547532354732406
2017-01-20,0.013997783960541056
2017-01-23,-0.0029974951524941226
2017-01-24,0.015463248460155676
2017-01-25,0.0014861070340189241
2017-01-26,-0.006081107870358338
2017-01-27,-0.0012425433827538243
2017-01-30,0.007935584716070457
2017-01-31,0.0027235176587215634
2017-02-01,-0.003825233597739408
2017-02-02,0.0074949863261168925
2017-02-03,0.018580328680430695
2017-02-06,-0.0060549285405844915
2017-02-07,0.0014333183988511024
2017-02-08,0.009784341458919734
2017-02-09,0.014997803885358964
2017-02-10,0.020485859925091558
2017-02-13,-0.0022305913693506205
2017-02-14,0.01236546205853
2017-02-15,0.017459126649377963
2017-02-16,-0.008944868068080215
2017-02-17,0.007910628868290038
2017-02-21,0.00024346518133033806
2017-02-22,-0.003744421946749732
2017-02-23,-0.018222651142380423
2017-02-24,-0.0008601095166086643
2017-02-27,0.00547828576175653
2017-02-28,-0.0013545522769384372
2017-03-01,0.03090197944669822
2017-03-02,-0.0017269236792495357
2017-03-03,-0.00842512963515203
2017-03-06,-0.0012612070848641468
2017-03-07,-0.010815163687316342
2017-03-08,-0.018554920655088663
2017-03-09,0.0017935133257962917
2017-03-10,0.0037076990324590004
2017-03-13,0.001287420383212412
2017-03-14,-0.020653296726444958
2017-03-15,0.021544472323660614
2017-03-16,0.0031297326862608226
2017-03-17,-0.009737411487502158
2017-03-20,-0.0042319256680551035
2017-03-21,-0.040609428837042924
2017-03-22,0.006263924785249154
2017-03-23,0.003315487056675171
2017-03-24,-0.002409310446132773
2017-03-27,-0.0004883543679453649
2017-03-28,0.013311587282382355
2017-03-29,-0.0017047164653927196
2017-03-30,-0.0010314040941490354
2017-03-31,-0.010325973053230287
2017-04-03,-0.003818615272517323
2017-04-04,0.012640824526473724
2017-04-05,-0.00993152743287884
2017-04-06,-0.007526661766691501
2017-04-07,0.005760044479096416
2017-04-10,-4.9177668350641534e-05
2017-04-11,0.0036268025708470434
2017-04-12,-0.011126661750566823
2017-04-13,-0.007558266779102629
2017-04-17,0.015245915044644075
2017-04-18,-0.002870062997077527
2017-04-19,0.0021559253208538244
2017-04-20,0.004580142175159009
2017-04-21,-0.012628773824159969
2017-04-24,0.01682475266695241
2017-04-25,2.2364385309403366e-05
2017-04-26,0.006371746026897652
2017-04-27,0.00294191129791912
2017-04-28,-0.00417488045497576
2017-05-01,-0.0008200737494209465
2017-05-02,-0.0006118023367650101
2017-05-03,-0.005751032296211456
2017-05-04,-0.005004358214750116
2017-05-05,0.010961083861652931
2017-05-08,-0.008834817036745513
2017-05-09,0.0013994457437287002
2017-05-10,0.016512910977974627
2017-05-11,-0.008334948098434446
2017-05-12,-0.019034176273367856
2017-05-15,0.01696078850998386
2017-05-16,-0.008968550390201302
2017-05-17,-0.028060186929264843
2017-05-18,-0.0009663690985770134
2017-05-19,0.0047993477850907474
2017-05-22,0.010878469278077696
2017-05-23,0.0033358522345100956
2017-05-24,0.006285072827176142
2017-05-25,0.007141063091599365
2017-05-26,0.004930249134259369
2017-05-30,-0.0034526584317818186
2017-05-31,0.000620987875647461
2017-06-01,0.0037491991168445483
2017-06-02,-0.0026547697485877152
2017-06-05,-0.007277682669302488
2017-06-06,-0.005402713483576105
2017-06-07,0.001140176555966521
2017-06-08,0.004719615944040668
2017-06-09,0.001734954709056513
2017-06-12,-0.0052686089714591095
2017-06-13,0.004826005663083022
2017-06-14,-0.008557760662251668
2017-06-15,-0.005376950464463849
2017-06-16,-0.001001957678876053
2017-06-19,0.0169690505682377
2017-06-20,-0.009160953619025514
2017-06-21,-0.010416846348370635
2017-06-22,-0.009210664248041091
2017-06-23,-0.0011030584596581688
2017-06-26,0.008499442832645721
2017-06-27,-0.008119405274993375
2017-06-28,0.012945732481739669
2017-06-29,-0.014950230354619821
2017-06-30,-0.005126173846945825
2017-07-03,-0.005740292450309626
2017-07-05,0.022875245157334877
2017-07-06,-0.0050264338086931865
2017-07-07,0.0002350349552581844
2017-07-10,-0.008441463777967152
2017-07-11,-0.01288853406339774
2017-07-12,-0.0012365390362024226
2017-07-13,0.005335189269961572
2017-07-14,0.008250900191996969
2017-07-17,-0.00946483277751753
2017-07-18,0.00923597801667071
2017-07-19,-0.0034467177509639236
2017-07-20,-0.0029124918696256112
2017-07-21,-0.010566020579883074
2017-07-24,6.0685123895542906e-05
2017-07-25,0.007392339032807406
2017-07-26,-0.003185824840748075
2017-07-27,-0.010496603638636137
2017-07-28,-0.011798627374574001
2017-07-31,0.0004012095953118913
2017-08-01,-0.0018415767538545237
2017-08-02,-0.00808256380080632
2017-08-03,-0.005039583908847934
2017-08-04,-0.002236400484605227
2017-08-07,0.01541721505302478
2017-08-08,-0.011043210309351716
2017-08-09,-0.0005745958852681366
2017-08-10,-0.026226229623045376
2017-08-11,0.006335558701406297
2017-08-14,0.016792659054219877
2017-08-15,-0.0021796673115088037
2017-08-16,-0.003930229058426571
2017-08-17,-0.0017461062497698076
2017-08-18,-0.0010276597970775955
2017-08-21,0.0020058464942182665
2017-08-22,0.0059948959635142355
2017-08-23,-0.005156903274175239
2017-08-24,0.005965715286703267
2017-08-25,0.010576305171641699
2017-08-28,0.0003898854322625933
2017-08-29,-0.0006929258635238742
2017-08-30,-0.0007338703014837078
2017-08-31,0.005693137374351554
2017-09-01,0.003531587132725323
2017-09-05,-0.022919291605854507
2017-09-06,-0.0015050128079601385
2017-09-07,-0.02215827143058773
2017-09-08,0.022168133014145466
2017-09-11,-0.0035302609445918122
2017-09-12,0.007272657448328092
2017-09-13,-0.0026181816587438006
2017-09-14,-0.012894883075472532
2017-09-15,-0.006615190822741734
2017-09-18,0.00892591185956544
2017-09-19,-0.000872864269109952
2017-09-20,-0.00021159216018669068
2017-09-21,0.002014438162175303
2017-09-22,-0.005453901426890351
2017-09-25,-0.016348428094634194
2017-09-26,-1.382412533574857e-05
2017-09-27,0.011789123475695653
2017-09-28,0.012890653268338114
2017-09-29,0.012608961056826854
2017-10-02,0.0060830092883778835
2017-10-03,-0.0014912643278036874
2017-10-04,0.0014471506006165096
2017-10-05,0.006946618060069664
2017-10-06,-0.020599041938881426
2017-10-09,-0.011978145629255121
2017-10-10,0.0028249370503434347
2017-10-11,-0.002279521825113062
2017-10-12,0.0024860592489916794
2017-10-13,-0.013362172807122175
2017-10-16,0.0035708977409572465
2017-10-17,0.0038787400366537836
2017-10-18,0.008505727113207231
2017-10-19,-0.014097901452943918
2017-10-20,0.007789779609840732
2017-10-23,0.003484246833276927
2017-10-24,0.009054530677981544
2017-10-25,-0.011289656580144691
2017-10-26,-0.007634437205384992
2017-10-27,-0.0005034835431007469
2017-10-30,0.0005572753126039457
2017-10-31,-0.003303021663420824
2017-11-01,0.006581495642374759
2017-11-02,0.007858793816854615
2017-11-03,0.006429973173154459
2017-11-06,-0.01572471129686164
2017-11-07,0.004923860096171362
2017-11-08,0.015058822946147202
2017-11-09,0.007195009933675324
2017-11-10,0.008691221219593027
2017-11-13,0.008543686170611544
2017-11-14,-0.006831367575902525
2017-11-15,-0.0029935652152607516
2017-11-16,0.014317858105487113
2017-11-17,0.017208821399006948
2017-11-20,-0.0014030926814270427
2017-11-21,0.0034816295705063735
2017-11-22,0.0016122298681095384
2017-11-24,0.006790087519096067
2017-11-27,-0.012704659381785666
2017-11-28,0.015712448709885973
2017-11-29,0.004081791325052288
2017-11-30,0.00020312702495459706
2017-12-01,-0.00810373145046921
2017-12-04,-0.00445447784269304
2017-12-05,0.004942398776099855
2017-12-06,0.008747999995153988
2017-12-07,0.01878529155564317
2017-12-08,0.007235375393919231
2017-12-11,0.005719065153972425
2017-12-12,0.0017131061139180174
2017-12-13,0.0014320438164725066
2017-12-14,-0.001696090925421867
2017-12-15,0.012464261979788895
2017-12-18,0.026055413268731776
2017-12-19,0.005663515633518481
2017-12-20,-0.001840079556617691
2017-12-21,-0.0028710297688148588
2017-12-22,0.003343350765420273
2017-12-26,-0.0020482888282867596
2017-12-27,0.005527987709818017
2017-12-28,-0.0012124314180983254
2017-12-29,-0.006025489248164884
2018-01-02,0.015082545942972338
2018-01-03,0.0060694411608821506
2018-01-04,-0.016853856093230826
2018-01-05,-0.001325624211658205
2018-01-08,-0.00871935758330642
2018-01-09,-0.008664189536444123
2018-01-10,0.010836496841774103
2018-01-11,0.023324958047307127
2018-01-12,-0.005136530056245015
2018-01-16,0.00935595278922883
2018-01-17,0.01615972063836011
2018-01-18,-0.021766684440728115
2018-01-19,0.007385520586254657
2018-01-22,0.004355595088731457
2018-01-23,-0.0017180411339662634
2018-01-24,0.0013474798065001847
2018-01-25,0.0033899242188333723
2018-01-26,0.009180694673934654
2018-01-29,-0.011969318212371684
2018-01-30,0.006413645876582954
2018-01-31,-0.001711503681328062
2018-02-01,0.0028478550709615464
2018-02-02,-0.03040745577942705
2018-02-05,-0.034271924464271214
2018-02-06,0.02174016749272836
2018-02-07,0.014096684633317591
2018-02-08,-0.0492522686245098
2018-02-09,0.0035771363598642307
2018-02-12,0.02554241683995226
2018-02-13,0.006065685525624398
2018-02-14,0.014048064644332984
2018-02-15,0.004673887151431645
2018-02-16,-5.305289876899016e-05
2018-02-20,0.005546033299551102
2018-02-21,0.0010934224262905805
2018-02-22,0.004994807084898544
2018-02-23,0.007671405361143224
2018-02-26,0.0030832461365547853
2018-02-27,-0.0066549467658763685
2018-02-28,-0.002116787570708656
2018-03-01,-0.0039002399658059966
2018-03-02,0.0031903169505089982
2018-03-05,0.010518302269025505
2018-03-06,0.014132981814773782
2018-03-07,-0.0007522912228466571
2018-03-08,-0.006806785841989949
2018-03-09,0.016446876223884386
2018-03-12,-0.0005512493260459993
2018-03-13,0.014289716376626849
2018-03-14,0.004380943956905348
2018-03-15,-0.006352655755918724
2018-03-16,-0.004977567062073973
2018-03-19,-0.01318171004873967
2018-03-20,0.0005289282636225411
2018-03-21,0.01628502900640556
2018-03-22,-0.022041294031009875
2018-03-23,-0.009858123054422931
2018-03-26,0.02012141510899459
2018-03-27,-0.015047576118016215
2018-03-28,0.004035352198609664
2018-03-29,0.007830711342160648
2018-04-02,-0.025060910266104755
2018-04-03,0.00983066816304783
2018-04-04,0.01193083798775826
2018-04-05,0.0044828958007685936
2018-04-06,-0.00838593137332012
2018-04-09,0.024490811357447465
2018-04-10,0.03941218917894977
2018-04-11,0.018639769264841045
2018-04-12,-0.009331554586709968
2018-04-13,-0.0005247661110314716
2018-04-16,0.01061295695724085
2018-04-17,0.007809896354650749
2018-04-18,-0.00012035395403198158
2018-04-19,-0.011063021315849554
2018-04-20,-0.022131660570029424
2018-04-23,0.0030725083658621243
2018-04-24,-0.008365368621920211
2018-04-25,0.0036553254419483096
2018-04-26,0.01916034523601531
2018-04-27,0.0014095955398995897
2018-04-30,-0.0070293373797193585
2018-05-01,-0.002224026606537754
2018-05-02,0.0008486726846670849
2018-05-03,0.011233676529928594
2018-05-04,0.006173025715749448
2018-05-07,-0.00502670044793414
2018-05-08,0.008575658753850069
2018-05-09,0.0075317869849446115
2018-05-10,0.02331392812775111
2018-05-11,0.013270515792157947
2018-05-14,0.016258684404156565
2018-05-15,-0.00418759100434598
2018-05-16,-0.002373946503260393
2018-05-17,0.0027779598039808116
2018-05-18,0.004845032243157754
2018-05-21,0.008757403393247865
2018-05-22,0.005168789409561027
2018-05-23,0.0032824779470397307
2018-05-24,-0.00017822524283583804
2018-05-25,-0.012001835745974002
2018-05-29,-0.0174021046641168
2018-05-30,0.015888345429150165
2018-05-31,-0.006255162717593255
2018-06-01,0.02641696629882224
2018-06-04,0.012373377325314495
2018-06-05,-0.002290855171801986
2018-06-06,0.02283062613040836
2018-06-07,0.0048450177196796675
2018-06-08,0.0028692778081669144
2018-06-11,0.007672025704815677
2018-06-12,-0.0035730998834102583
2018-06-13,0.0007855065707867982
2018-06-14,-0.0012503674317155154
2018-06-15,-0.008284960465332647
2018-06-18,0.0163413934897485
2018-06-19,-0.0038861568657324592
2018-06-20,0.0035810261140857506
2018-06-21,-0.013406265118742879
2018-06-22,0.00048555630303519486
2018-06-25,-0.024918993757059527
2018-06-26,0.016372019418257767
2018-06-27,-0.006194392869963838
2018-06-28,-0.0003373727892045376
2018-06-29,0.010086837670839979
2018-07-02,0.004509085302124283
2018-07-03,0.002929944047223243
2018-07-05,-0.00031630284310735235
2018-07-06,0.004972877196301584
2018-07-09,-0.0005654829622450785
2018-07-10,0.009527160688298286
2018-07-11,0.002791707607100869
2018-07-12,0.0008918631984952795
2018-07-13,-0.0005295086478387391
2018-07-16,0.00045581390131190815
2018-07-17,0.006220271212938023
2018-07-18,-0.0027298664024334005
2018-07-19,-0.0015898539503286676
2018-07-20,-0.00830409565094048
2018-07-23,-0.001949620727641843
2018-07-24,-0.010980030325944835
2018-07-25,0.013397123535347968
2018-07-26,0.009987610299085726
2018-07-27,-0.018385159723009692
2018-07-30,-0.01661088392181185
2018-07-31,0.006343798173399629
2018-08-01,0.00499983841990559
2018-08-02,0.015285122129015272
2018-08-03,0.019880370399001125
2018-08-06,0.005661257924120978
2018-08-07,0.006899787928338497
2018-08-08,-0.009093980969623817
2018-08-09,0.00039512911537431506
2018-08-10,-0.0026731593929197224
2018-08-13,-0.0058947029778016816
2018-08-14,0.007598609680535162
2018-08-15,-0.03714966283025914
2018-08-16,0.008937659465196158
2018-08-17,-0.0091689136142318
2018-08-20,0.0013978159330503284
2018-08-21,0.008084071117331294
2018-08-22,0.015531609003881265
2018-08-23,-0.0012323608697284443
2018-08-24,0.0057605618309637405
2018-08-27,0.003247570203780303
2018-08-28,0.006118593607747559
2018-08-29,0.0053754684958905695
2018-08-30,-0.003277215884961704
2018-08-31,-0.0015378443724390013
2018-09-04,0.008934403133687117
2018-09-05,-0.012398056279875959
2018-09-06,-0.009230127147552647
2018-09-07,-0.0010431460885088394
2018-09-10,0.007026973752245659
2018-09-11,0.00978674449509629
2018-09-12,-0.0009520124556340102
2018-09-13,0.0046069128828167836
2018-09-14,-0.0019227918631605557
2018-09-17,0.003055554210470435
2018-09-18,0.004164824240524956
2018-09-19,0.006152271872955085
2018-09-20,0.00770758390660502
2018-09-21,-0.02565183962749258
2018-09-24,-0.011592733402070322
2018-09-25,-0.003458406327694008
2018-09-26,0.005616704925723948
2018-09-27,-0.005400021895059772
2018-09-28,-0.004805676677282267
2018-10-01,0.0106489546641811
2018-10-02,-0.018951656492142192
2018-10-03,0.0036484763345597587
2018-10-04,-0.0038133934076689307
2018-10-05,-0.006047790195499481
2018-10-08,-0.019274844703068707
2018-10-09,0.0025204477061424153
2018-10-10,-0.05655407609403693
2018-10-11,-0.007472483553833698
2018-10-12,0.03575746328801741
2018-10-15,-0.003847054727021448
2018-10-16,0.026185488341115448
2018-10-17,2.701530252911062e-05
2018-10-18,-0.0029498769301361306
2018-10-19,-0.005047220676074971
2018-10-22,-0.007622383003111355
2018-10-23,-0.029142134888751215
2018-10-24,-0.03829624742587092
2018-10-25,0.01676631565774871
2018-10-26,-0.007367144209909138
2018-10-29,-0.02615643016632201
2018-10-30,0.020340852585869398
2018-10-31,-0.0002366245199869714
2018-11-01,0.005034310413037223
2018-11-02,-0.012292704699585722
2018-11-05,0.01672822696499393
2018-11-06,0.0003152799484488876
2018-11-07,0.018460946804287337
2018-11-08,-0.001318502997110393
2018-11-09,-0.0018393442622950396
2018-11-12,-0.007622672013580201
2018-11-13,0.005138694007987878
2018-11-14,-0.006238503249331705
2018-11-15,0.010403527434800905
2018-11-16,0.013798010680820452
2018-11-19,-0.028750519444281357
2018-11-20,-0.03542434558734327
2018-11-21,0.02983202997975283
2018-11-23,0.002704005035575597
2018-11-26,0.01798565142753508
2018-11-27,-0.0005221815906737873
2018-11-28,0.009797210835025728
2018-11-29,0.005243316119320474
2018-11-30,-0.0002388959760013076
2018-12-03,0.0008156510777258326
2018-12-04,-0.005011498230810385
2018-12-06,0.018246156894329513
2018-12-07,-0.02678837411641264
2018-12-10,0.0023510543303126193
2018-12-11,0.0028277803648381955
2018-12-12,-0.006381082511907433
2018-12-13,-0.016011515574820147
2018-12-14,-0.004499905149262707
2018-12-17,-0.019587042466300296
2018-12-18,0.008626841780816965
2018-12-19,-0.0178821110446024
2018-12-20,-0.01938817047210566
2018-12-21,-0.011857978741415986
2018-12-24,-0.01995343932394249
2018-12-26,0.051105940919408475
2018-12-27,-0.004549758965278227
2018-12-28,-0.006274709635827259
2018-12-31,0.012840877317467681
2019-01-02,0.008315882126500827
2019-01-03,0.007831775835438193
2019-01-04,0.004462278667003184
2019-01-07,0.0014011574752521023
2019-01-08,0.007255252325976348
2019-01-09,0.002116005028531987
2019-01-10,0.003146584413242115
2019-01-11,-0.0004997276176734953
2019-01-14,-0.004486463395980145
2019-01-15,0.0033712645295662985
2019-01-16,0.0007290761190631328
2019-01-17,0.003821553596376992
2019-01-18,0.004110068890338604
2019-01-22,-0.0007925072046109483
2019-01-23,0.000940325497287553
2019-01-24,-0.001425917926565878
2019-01-25,-0.007276388496937259
2019-01-28,-0.0018985349074552185
2019-01-29,0.006604801820332452
2019-01-30,-0.008919727637393373
2019-01-31,0.016350993994732305
2019-02-01,0.0017060301321302873
2019-02-04,0.01107596999549333
2019-02-05,-0.001004959080999645
2019-02-06,0.0093094738655367
2019-02-07,-0.005486817883930906
2019-02-08,-0.009335679970551092
2019-02-11,-0.0018990037320993248
2019-02-12,0.01783863126454999
2019-02-13,0.0035163379489170144
2019-02-14,-0.0016200445471346908
2019-02-15,0.004250408004877438
2019-02-19,-0.002029491910522951
2019-02-20,0.010610958842903041
2019-02-21,-0.0036882346520435093
2019-02-22,-0.0009854188944242287
2019-02-25,-0.009568976969654863
2019-02-26,0.002172568272561404
2019-02-27,-0.004458170422726626
2019-02-28,-0.00027313321083892656
2019-03-01,0.0005220004263801096
2019-03-04,-0.0002890984651152005
2019-03-05,-0.010302299970842688
2019-03-06,-0.005768819749675335
2019-03-07,-0.009763125311084853
2019-03-08,-0.00308152351391151
2019-03-11,0.01789028129686692
2019-03-12,-0.004538532393852535
2019-03-13,0.002136412097090912
2019-03-14,-0.0035552007281360984
2019-03-15,0.004001665439085311
2019-03-18,0.00032894698322429906
2019-03-19,-0.0001984694328560843
2019-03-20,-0.008845385117941085
2019-03-21,0.020734986644699173
2019-03-22,-0.017523468625922557
2019-03-25,0.014429039858581596
2019-03-26,0.0018343543191240215
2019-03-27,-0.008618387929471318
2019-03-28,0.008272795070777583
2019-03-29,0.015443339508688104
2019-04-01,-0.0008975632726549331
2019-04-02,0.0038016647722942
2019-04-03,-0.002208549084600109
2019-04-04,0.002400414447642896
2019-04-05,0.0069954384921741015
2019-04-08,-0.004425970346768459
2019-04-09,0.0007387923384620578
2019-04-10,0.00433281058256556
2019-04-11,0.0035400036664130054
2019-04-12,-0.014133323279303854
2019-04-15,0.010417555703056537
2019-04-16,-0.022958146619827063
2019-04-17,-0.02371037642345224
2019-04-18,-0.003943701572175473
2019-04-22,0.0034513636236306105
2019-04-23,0.010508240912953682
2019-04-24,0.00010850894684062486
2019-04-25,-0.022884741391971383
2019-04-26,0.008917518908859058
2019-04-29,-0.008855934777714647
2019-04-30,0.019651773014983043
2019-05-01,-0.020286539209838052
2019-05-02,-0.003506874823715811
2019-05-03,0.014238443506405464
2019-05-06,-0.016052232735814645
2019-05-07,-0.012105340381783814
2019-05-08,0.0056515657129935235
2019-05-09,-0.011058586505833114
2019-05-10,-0.0022467387896784935
2019-05-13,-0.06656859692679881
2019-05-14,0.013588941180912318
2019-05-15,0.002331654095014968
2019-05-16,-0.0034121024603967374
2019-05-17,-0.012379262102768096
2019-05-20,-0.01587088510991537
2019-05-21,0.02041509619910823
2019-05-22,0.003050743185110261
2019-05-23,-0.006945977089157228
2019-05-24,-0.0001709468521983167
2019-05-28,-0.011349253966446038
2019-05-29,-0.007854679670812704
2019-05-30,0.007698411221459202
2019-05-31,-0.01972417847119723
2019-06-03,0.010696999931923612
2019-06-04,0.032425714564782146
2019-06-05,0.006054624079236837
2019-06-06,-0.0016800305460099364
2019-06-07,0.0025028879476319157
2019-06-10,0.004715725423084205
2019-06-11,-0.0014916960802526353
2019-06-12,0.006525533859801614
2019-06-13,0.005713594514556532
2019-06-14,0.002457325566027114
2019-06-17,-0.008436815055374193
2019-06-18,0.02195656679302502
2019-06-19,0.006658636302565159
2019-06-20,0.0022684831534399708
2019-06-21,-0.024852711337658585
2019-06-24,0.006459860311605016
2019-06-25,-0.011214189245996776
2019-06-26,0.0023252819058408257
2019-06-27,0.003082994816380169
2019-06-28,0.0074991851785993985
2019-07-01,0.013569190287619248
2019-07-02,0.01977210331034581
2019-07-03,-0.00043492468311742146
2019-07-05,-0.0011468129751114997
2019-07-08,-0.006187301891452336
2019-07-09,-0.002403440095815235
2019-07-10,-0.0018349150783078631
2019-07-11,-0.0049720823093888375
2019-07-12,0.014929045672650168
2019-07-15,0.00649003653543232
2019-07-16,0.003870429315651936
2019-07-17,-0.005875963451431843
2019-07-18,0.006020134558594493
2019-07-19,-0.005275300850382037
2019-07-22,-0.008165137828129465
2019-07-23,0.006546215141755796
2019-07-24,0.007924572526565955
2019-07-25,-0.046700459473747104
2019-07-26,0.00541141562205274
2019-07-29,-0.0023420182239504593
2019-07-30,0.0065027267172745205
2019-07-31,-0.020704720144697108
2019-08-01,-0.012342349157463552
2019-08-02,-0.01639302004134178
2019-08-05,-0.01600670332292171
2019-08-06,0.014690810215353036
2019-08-07,0.007290386727553843
2019-08-08,0.027584847313756815
2019-08-09,-1.2511729746633727e-05
2019-08-12,-0.0008902576995600373
2019-08-13,0.014583064193030905
2019-08-14,-0.027794407396724077
2019-08-15,0.0007984131984244414
2019-08-16,0.010411610834394848
2019-08-19,0.0014713108867739245
2019-08-20,0.0024682098441385246
2019-08-21,0.0032838119747294007
2019-08-22,-0.0010154782185864183
2019-08-23,-0.02291923849258507
2019-08-26,0.013348511980748646
2019-08-27,-0.008573682485351664
2019-08-28,0.010704665882931442
2019-08-29,0.01870166190519017
2019-08-30,-0.0036054198004442537
2019-09-03,0.010088535835228419
2019-09-04,0.01564829334243187
2019-09-05,0.00680202265144816
2019-09-06,-0.001772954400302229
2019-09-09,-0.014659900911110158
2019-09-10,-0.009461933820943649
2019-09-11,0.008874845401593225
2019-09-12,0.010427612734851979
2019-09-13,-0.005523151258373572
2019-09-16,-0.0010557090344450958
2019-09-17,0.009549235913437216
2019-09-18,-0.0020531084532952716
2019-09-19,-0.005433018894127395
2019-09-20,-0.009414892042395408
2019-09-23,0.00772171058647455
2019-09-24,-0.008441429830307424
2019-09-25,0.00843762655650242
2019-09-26,-0.003115211526742456
2019-09-27,-0.013984271584025243
2019-09-30,0.003970719257177225
2019-10-01,-0.014170663150222175
2019-10-02,-0.01866379586969218
2019-10-03,0.03114848732931717
2019-10-04,0.004042972067373118
2019-10-07,-0.019701148356140653
2019-10-08,-0.008531831420462831
2019-10-09,0.008699622249445649
2019-10-10,0.01117501064231652
2019-10-11,0.014396977166994286
2019-10-14,-0.0030013636852407105
2019-10-15,-0.0012544305630717957
2019-10-16,-0.004525845488442726
2019-10-17,0.011383975558775928
2019-10-18,-0.009812071602561678
2019-10-21,0.010943636330521912
2019-10-22,-0.005319601772550775
2019-10-23,0.0010457928082152623
2019-10-24,0.002431374685414745
2019-10-25,0.0028947879391529657
2019-10-28,-0.003475541007362448
2019-10-29,0.0003264838862562016
2019-10-30,0.00039261292487815434
2019-10-31,0.0014363526484330261
2019-11-01,0.03073464493509628
2019-11-04,0.014470888649839699
2019-11-05,-0.0015614470670134671
2019-11-06,0.0416014138211766
2019-11-07,-0.00795110007632738
2019-11-08,0.008901389085890487
2019-11-11,-0.004368681011618582
2019-11-12,0.0003557196382542929
2019-11-13,0.007804646916610915
2019-11-14,0.0014219500271714265
2019-11-15,0.013628633264003168
2019-11-18,-0.0037479179651913608
2019-11-19,-0.0013743613128930137
2019-11-20,-0.004902498301620038
2019-11-21,0.0061050304890981405
2019-11-22,-0.00034786430491271457
2019-11-25,0.01649651537770549
2019-11-26,0.009178795284532937
2019-11-27,0.006498173289494557
2019-11-29,-0.003150790958384397
2019-12-02,0.00013954439499668184
2019-12-03,-0.008997946361622789
2019-12-04,0.017086382566552663
2019-12-05,0.000530207065554244
2019-12-06,0.0069373954424152735
2019-12-09,-0.014488292501063739
2019-12-10,-0.0036902270629066924
2019-12-11,-0.004122359890899307
2019-12-12,0.00618089736374512
2019-12-13,0.010998132024070696
2019-12-16,0.012145041715152917
2019-12-17,-0.017941146143753108
2019-12-18,0.008926125669768293
2019-12-19,0.003844420640973989
2019-12-20,0.005974525537607691
2019-12-23,0.0019734073484430907
2019-12-24,0.0027764595595475058
2019-12-26,0.003639643624517497
2019-12-27,-0.0003964863083210752
2019-12-30,-0.003621995548836732
2019-12-31,0.007935824866946375
2020-01-02,0.0036892720138564945
2020-01-03,-0.025643775728200827
2020-01-06,0.004728503890509828
2020-01-07,-0.005762918029094321
2020-01-08,0.0018788916556117697
2020-01-09,-0.000679871153228495
2020-01-10,-0.010068924137753421
2020-01-13,0.006422571941692158
2020-01-14,0.004794301453252214
2020-01-15,-0.0012353697137786669
2020-01-16,0.01072416540566641
2020-01-17,0.0009033299107626073
2020-01-21,-0.014943530867158517
2020-01-22,-0.008616610155463444
2020-01-23,-0.008462129978779487
2020-01-24,-0.016504208856445636
2020-01-27,-0.03559761438162819
2020-01-28,0.007434534536782067
2020-01-29,-0.005173458172103551
2020-01-30,0.015411759626166522
2020-01-31,-0.0216081092634135
2020-02-03,-0.011694650370551953
2020-02-04,0.02094401635708423
2020-02-05,0.036837751288657336
2020-02-06,0.0004160656196431579
2020-02-07,0.0003130421000994142
2020-02-10,0.014263047055681722
2020-02-11,0.00572940830807992
2020-02-12,0.0021406155317289285
2020-02-13,0.01432780808303089
2020-02-14,0.007052418700776064
2020-02-18,-0.01575366215177301
2020-02-19,-0.003625089564993456
2020-02-20,0.004577465183639884
2020-02-21,-0.004595765474005086
2020-02-24,-0.016023235057703422
2020-02-25,-0.03495820880556692
2020-02-26,-0.016831591040773607
2020-02-27,-0.025326124551330566
2020-02-28,0.0038543083935997043
2020-03-02,0.03504203436903959
2020-03-03,-0.00622863996920805
2020-03-04,0.041415750544767406
2020-03-05,-0.017659144396080673
2020-03-06,-0.014200143109939289
2020-03-09,-0.04911162183866113
2020-03-10,0.044865692117204994
2020-03-11,-0.0512189345220944
2020-03-12,-0.10284722793122998
2020-03-13,0.05423078578979148
2020-03-16,-0.08067906036428123
2020-03-17,0.050504894242303894
2020-03-18,-0.038709337813912274
2020-03-19,0.047079460548015054
2020-03-20,-0.003170389880828406
2020-03-23,-0.004245209337701439
2020-03-24,0.044816397539740566
2020-03-25,-0.011555496167081302
2020-03-26,0.01648201363004204
2020-03-27,0.0008965517241379395
2020-03-30,0.0035702025403364424
2020-03-31,0.0031703204047217604
2020-04-01,0.0025232403718459476
2020-04-02,0.00721311475409836
2020-04-03,0.004367088607594916
2020-04-06,0.002105915144007442
2020-04-07,-0.004719583205639011
2020-04-08,-0.005273069679849352
2020-04-09,0.00025789813023853193
2020-04-13,0.0015385705086928382
2020-04-14,0.005042626519136607
2020-04-15,0.004175513092710537
2020-04-16,0.009930675909878684
2020-04-17,0.0007430033847931839
2020-04-20,6.580029610132598e-05
2020-04-21,-0.00760542673902318
2020-04-22,0.03126025907312642
2020-04-23,0.010895921810648157
2020-04-24,0.013872919581398016
2020-04-27,0.015687175014159494
2020-04-28,0.008374266166817934
2020-04-29,-0.010853278292946135
2020-04-30,-0.0035838594286969226
2020-05-01,-0.0037603054029932362
2020-05-04,0.03190589095570227
2020-05-05,0.018126647797111286
2020-05-06,-0.0078373458412059
2020-05-07,0.007361787531316134
2020-05-08,0.009941968548018466
2020-05-11,0.00425086735408563
2020-05-12,0.0007257270365336742
2020-05-13,0.0033460952388410306
2020-05-14,0.002485129510202211
2020-05-15,0.00022046280591694434
2020-05-18,0.017823682600963633
2020-05-19,-0.017750560545859065
2020-05-20,0.018245894991520517
2020-05-21,-0.008890732249559007
2020-05-22,0.0034770571347761737
2020-05-26,-0.002559551084799483
2020-05-27,0.013311599745861004
2020-05-28,0.007651564101762398
2020-05-29,0.026934222485861792
2020-06-01,0.008924614608060679
2020-06-02,-0.00036373354856509264
2020-06-03,-0.0069150864525414635
2020-06-04,-0.01324345916840598
2020-06-05,0.024323172296050813
2020-06-08,0.01505275279952566
2020-06-09,0.017661512371893406
2020-06-10,0.01744800189319578
2020-06-11,-0.04973286875255614
2020-06-12,0.011649912884409355
2020-06-15,0.0068759792528688265
2020-06-16,0.03614726837860865
2020-06-17,-0.004350077679958564
2020-06-18,-0.0013705134992059275
2020-06-19,-0.002186764172002198
2020-06-22,-0.0019325563980620024
2020-06-23,-0.006802421658969026
2020-06-24,-0.018837356407810833
2020-06-25,0.0005939692909076043
2020-06-26,-0.038634375746680424
2020-06-29,0.019753477502025787
2020-06-30,0.017766642477987895
2020-07-01,0.0072452243644433815
2020-07-02,0.011304027378236272
2020-07-06,-0.00047437603993342174
2020-07-07,0.001093534236842564
2020-07-08,-0.0013413442441293057
2020-07-09,-0.0036917374864976265
2020-07-10,0.01112208207237122
2020-07-13,-0.00901562552450261
2020-07-14,0.016300235258040474
2020-07-15,0.01450502316034418
2020-07-16,-0.004699637334725571
2020-07-17,0.01007395779341044
2020-07-20,0.029898393950146377
2020-07-21,-0.0031591851248103596
2020-07-22,-0.0005143031801054573
2020-07-23,-0.017581340139160507
2020-07-24,-0.0062497541004921334
2020-07-27,0.03168344893901964
2020-07-28,-0.014565878848040548
2020-07-29,0.010874579524483586
2020-07-30,-0.007520913526209161
2020-07-31,-0.0006169928895959353
2020-08-03,0.009382407224728164
2020-08-04,0.00169574424854857
2020-08-05,0.01015818187891733
2020-08-06,-0.004504922187832361
2020-08-07,0.007771381549530232
2020-08-10,-0.01288076190526313
2020-08-11,-0.007825025135903952
2020-08-12,0.020661454042826422
2020-08-13,0.007144550277434437
2020-08-14,-0.004900970242280867
2020-08-17,0.03225643092071668
2020-08-18,0.0023108624745701964
2020-08-19,-0.0010950700438288278
2020-08-20,-0.004580338037567211
2020-08-21,-0.0010155918467569024
2020-08-24,0.03245742503752676
2020-08-25,0.013376740971438506
2020-08-26,0.004116368534137483
2020-08-27,0.0020156565718293614
2020-08-28,0.0010651845313408353
2020-08-31,-0.008346345606989037
2020-09-01,-0.0014940489805604696
2020-09-02,0.025844533952992035
2020-09-03,-0.0036530094858982726
2020-09-04,-0.022589186049562993
2020-09-08,-0.017295621322202973
2020-09-09,0.023479124279123176
2020-09-10,-0.008926373360673479
2020-09-11,-0.004396561588542158
2020-09-14,0.020412579661800167
2020-09-15,0.01728317756212543
2020-09-16,-0.01338448156550396
2020-09-17,-0.01425682476735466
2020-09-18,0.0026665406921442263
2020-09-21,0.004298067637433548
2020-09-22,0.013455345411357244
2020-09-23,-0.01527264371649788
2020-09-24,-0.0020775239753847425
2020-09-25,0.007567921203442296
2020-09-28,0.02104332862032895
2020-09-29,-0.015200196959401835
2020-09-30,0.0025268481712339085
2020-10-01,-0.008304625237506292
2020-10-02,0.008425348428117997
2020-10-05,0.013554189270532301
2020-10-06,-0.009459754711231318
2020-10-07,0.014529308779709614
2020-10-08,0.011791518625557587
2020-10-09,0.001107756192455778
2020-10-12,0.0008338662233022377
2020-10-13,0.007213077589281171
2020-10-14,0.0010621551698737244
2020-10-15,0.010505601239931894
2020-10-16,0.004461072087787277
2020-10-19,-0.007312188093457861
2020-10-20,0.00530301321447011
2020-10-21,-0.0023713290825225558
2020-10-22,0.0023261676918705522
2020-10-23,0.015659297058067928
2020-10-26,-0.00792139299173351
2020-10-27,-0.008815098427745239
2020-10-28,-0.030550354796306654
2020-10-29,0.023116397418294035
2020-10-30,-0.009782629143458066
2020-11-02,0.033429316571812605
2020-11-03,0.022920317300041532
2020-11-04,0.037223292703200225
2020-11-05,0.0053503264036198215
2020-11-06,-0.0009282945559733194
2020-11-09,-0.011045840731851555
2020-11-10,0.05038807051627764
2020-11-11,0.013020183438138688
2020-11-12,-0.020431168442736847
2020-11-13,0.01700155696378122
2020-11-16,0.005331461166391539
2020-11-17,-0.0029455703109832693
2020-11-18,-0.008715710759004059
2020-11-19,0.017932065595783333
2020-11-20,-0.001210206023534322
2020-11-23,0.023319435511484368
2020-11-24,-0.013399325189093612
2020-11-25,0.009144734764335105
2020-11-27,0.022514737556591148
2020-11-30,-0.0021638701752815454
2020-12-01,0.015748764275545214
2020-12-02,0.008960976014054633
2020-12-03,0.01760986607511666
2020-12-04,0.017503865994938892
2020-12-07,0.014039099813289548
2020-12-08,0.00871685311615429
2020-12-09,0.009164534506014267
2020-12-10,0.01426380613410936
2020-12-11,-0.009178486924793285
2020-12-14,0.0013787904977967233
2020-12-15,0.019010953439002918
2020-12-16,-0.00386863718526036
2020-12-17,0.008512252924441443
2020-12-18,-0.018424916620686772
2020-12-21,-0.005542724132382682
2020-12-22,-0.017691776286592867
2020-12-23,0.03222199550831355
2020-12-24,0.003059473622228449
2020-12-28,0.0076600671077752935
2020-12-29,-0.004397257910797614
2020-12-30,0.010146657348356713
2020-12-31,-0.0003876343541129757
2021-01-04,-0.01577857866546013
2021-01-05,0.023538927840452865
2021-01-06,-0.0033393102428597174
2021-01-07,0.03254539349199672
2021-01-08,0.0005466694362104787
2021-01-11,-0.011485317323380173
2021-01-12,-0.001812158324892187
2021-01-13,-0.0022924970686716947
2021-01-14,-0.015051961591793608
2021-01-15,-0.004792177557236754
2021-01-19,0.016305684910650008
2021-01-20,0.008327405801491673
2021-01-21,-0.00828589324445337
2021-01-22,-0.0069939273671435044
2021-01-25,-0.01999557171353703
2021-01-26,-0.020197641027278924
2021-01-27,-0.03014872803009954
2021-01-28,0.04719074182508405
2021-01-29,-0.031767995903106444
2021-02-01,0.01618483046240644
2021-02-02,0.019865594836199256
2021-02-03,0.021947568182179668
2021-02-04,-0.0024230511003701777
2021-02-05,0.006389823971949271
2021-02-08,0.014352441947424625
2021-02-09,0.004772528793217724
2021-02-10,0.015428924883207285
2021-02-11,-0.013635136419414672
2021-02-12,0.010657427202469585
2021-02-16,0.011928374269281885
2021-02-17,0.0017180962533179802
2021-02-18,-0.017418391348962524
2021-02-19,0.01760823175912116
2021-02-22,-0.027509983836624265
2021-02-23,4.2362471384081724e-07
2021-02-24,0.03957917808622846
2021-02-25,-0.022283608158970257
2021-02-26,-0.0059899921436056495
2021-03-01,0.02427465658910137
2021-03-02,0.0020413647718012687
2021-03-03,-0.015307893662914228
2021-03-04,-0.01172602523900739
2021-03-05,0.0036787514809371487
2021-03-08,-0.024346842667435878
2021-03-09,0.10224834350243879
2021-03-10,-0.0024853267937654405
2021-03-11,0.024879694928765496
2021-03-12,-0.0037169566800442817
2021-03-15,0.027799674531016564
2021-03-16,0.0009077780015204878
2021-03-17,0.007588666953108603
2021-03-18,-0.029609946818999443
2021-03-19,-0.005868109681877542
2021-03-22,-0.006349357567776282
2021-03-23,-0.03280569057393393
2021-03-24,0.0031678071447474704
2021-03-25,0.016379674072957623
2021-03-26,-0.03291975730184796
2021-03-29,-0.027568112740886594
2021-03-30,0.03932630886552911
2021-03-31,-0.01169053695480411
2021-04-01,0.0026152761376161187
2021-04-05,-0.012593520706866323
2021-04-06,0.020052753508518387
2021-04-07,-0.004439677874335857
2021-04-08,-0.019503118227921258
2021-04-09,-0.0008852928946504914
2021-04-12,-0.028808695029931865
2021-04-13,0.0053820718953927265
2021-04-14,-0.011141187260482412
2021-04-15,-0.008644008115574664
2021-04-16,-0.00013666754294809885
2021-04-19,-0.03271916355463287
2021-04-20,-0.01650685459585879
2021-04-21,0.0630085837447214
2021-04-22,-0.01404930942790843
2021-04-23,0.013523814017217918
2021-04-26,0.014123122993341466
2021-04-27,-0.0047366331261028405
2021-04-28,-0.003599756534362708
2021-04-29,0.0007951504241058961
2021-04-30,0.001764229159346775
2021-05-03,0.0009316053554149215
2021-05-04,-0.015589266633995203
2021-05-05,-0.009320563395537619
2021-05-06,-0.03468820750086928
2021-05-07,0.01097784834759501
2021-05-10,-0.023450954161945207
2021-05-11,0.007716235689270379
2021-05-12,-0.03826231842389447
2021-05-13,-0.010236292379054103
2021-05-14,0.030408814210449275
2021-05-17,-0.0049243384332145574
2021-05-18,0.003088164102524283
2021-05-19,-0.002742981496096153
2021-05-20,0.015348879827855955
2021-05-21,-0.007221386508795691
2021-05-24,0.0026325173341143595
2021-05-25,0.003941375285362448
2021-05-26,0.03227565580039138
2021-05-27,0.00793760300493076
2021-05-28,-0.0003017264608597967
2021-06-01,0.0013961827477169345
2021-06-02,0.0059135619131924794
2021-06-03,0.0017291184947572761
2021-06-04,0.001393072431944909
2021-06-07,0.000325093078337457
2021-06-08,0.011670968287581563
2021-06-09,-0.0246477796333366
2021-06-10,-0.014835890213539638
2021-06-11,0.017360502626960494
2021-06-14,-0.011263002350662153
2021-06-15,0.009261487212313324
2021-06-16,0.0130548511905217
2021-06-17,-0.05028816831620054
2021-06-18,-0.011992128653065693
2021-06-21,0.04149466612925461
2021-06-22,-0.004279569292159125
2021-06-23,-0.001398466498023076
2021-06-24,-0.005811433062116045
2021-06-25,0.0030527718149537366
2021-06-28,-0.005664384568074298
2021-06-29,-0.0020853511223385417
2021-06-30,0.008724259231620568
2021-07-01,0.016074221816118246
2021-07-02,-0.0022036455455015868
2021-07-06,-0.019911153998308364
2021-07-07,-0.006501018933280745
2021-07-08,-0.008627659891965856
2021-07-09,0.018563695462742506
2021-07-12,0.00016493628774085818
2021-07-13,-0.017702466352422078
2021-07-14,-0.0012051421702761406
2021-07-15,-0.011166516832130992
2021-07-16,-0.002792873694771214
2021-07-19,-0.013575549322482883
2021-07-20,0.022042599428938447
2021-07-21,0.005904071737147887
2021-07-22,-0.004903031933643608
2021-07-23,0.007954159738936196
2021-07-26,0.00597145585672465
2021-07-27,0.004507194750039611
2021-07-28,-0.010969766292414997
2021-07-29,-0.004378346385553834
2021-07-30,-0.0015490340581974628
2021-08-02,0.0009215691944754136
2021-08-03,0.007238387378446755
2021-08-04,-0.01663315821984257
2021-08-05,0.027592050374554856
2021-08-06,0.009108047825387591
2021-08-09,-0.0062126908000814
2021-08-10,0.0038692275723935863
2021-08-11,0.028940233634814596
2021-08-12,-0.007719248322788208
2021-08-13,-0.006124405651031805
2021-08-16,0.001755887252732681
2021-08-17,-0.01819393463180579
2021-08-18,-0.011934498474999278
2021-08-19,-0.003179321631415721
2021-08-20,0.007594999823389693
2021-08-23,0.0368625765528958
2021-08-24,0.0010173564436221525
2021-08-25,0.001248844303358188
2021-08-26,0.0013167218442162068
2021-08-27,0.009496091078572522
2021-08-30,0.0004891585575933277
2021-08-31,-0.00847693480194076
2021-09-01,-0.0030711918439534367
2021-09-02,0.00135438759920621
2021-09-03,-0.005638168278489353
2021-09-07,-0.006382472756992264
2021-09-08,-0.008736599391398503
2021-09-09,-0.010462814105368003
2021-09-10,-0.005662121879123293
2021-09-13,0.010375959319048224
2021-09-14,-0.011167420133304806
2021-09-15,0.021906945883553422
2021-09-16,0.001001302160750584
2021-09-17,-0.012921217808720197
2021-09-20,-0.02788061080229165
2021-09-21,-0.003972149029032557
2021-09-22,0.006073996462100274
2021-09-23,0.014308340697679481
2021-09-24,-0.006723660429592093
2021-09-27,-0.0018223548915468732
2021-09-28,-0.00921448623427279
2021-09-29,0.0070867349245827835
2021-09-30,-0.0039773886893414555
2021-10-01,-0.031101699035358445
2021-10-04,-0.01993831471731533
2021-10-05,0.02398540411086163
2021-10-06,-0.003728320136738051
2021-10-07,0.021936065091046907
2021-10-08,-0.0011246114271222126
2021-10-11,-0.011558695204969615
2021-10-12,0.0021408257647129725
2021-10-13,-0.0031542152305298774
2021-10-14,0.017056299910145633
2021-10-15,0.0077070511794811196
2021-10-18,0.005027155209221414
2021-10-19,0.0036799557135622336
2021-10-20,0.009972226222336334
2021-10-21,0.000714436384038919
2021-10-22,0.0029222044067318763
2021-10-25,-0.0028261543620884616
2021-10-26,0.0012718512147391393
2021-10-27,-0.011906455462722822
2021-10-28,0.00890586021069233
2021-10-29,-0.009600646071972774
2021-11-01,0.02007911412453161
2021-11-02,-0.010585279621214494
2021-11-03,-0.0015795606174346727
2021-11-04,0.004219335341446962
2021-11-05,-0.02855702112049108
2021-11-08,0.013115108580167135
2021-11-09,-0.012190533023085726
2021-11-10,-0.005293380407136828
2021-11-11,0.0021157666821349794
2021-11-12,0.006036107147176951
2021-11-15,0.00047948218544122703
2021-11-16,0.003584406786964057
2021-11-17,-0.0036507945903433655
2021-11-18,-0.004310775809206158
2021-11-19,-0.027643641242485553
2021-11-22,-0.0019087949310242274
2021-11-23,0.020762728834846044
2021-11-24,-0.006803854359772156
2021-11-26,-0.0620213998569579
2021-11-29,0.004539850409076941
2021-11-30,-0.019006604291321838
2021-12-01,-0.03570883895476364
2021-12-02,0.019202914048032694
2021-12-03,-0.015350001974050852
2021-12-06,0.018575524430577486
2021-12-07,0.05405187931854548
2021-12-08,0.0007437577474765256
2021-12-09,-0.007996965419901192
2021-12-10,-0.010110115714339086
2021-12-13,0.014512262350845186
2021-12-14,0.0008289384110737436
2021-12-15,0.04458302407771243
2021-12-16,-0.011646461129935125
2021-12-17,-0.009338811321929952
2021-12-20,-0.04211965837236911
2021-12-21,0.04217105229779299
2021-12-22,0.0024914219971659004
2021-12-23,0.004402144268550701
2021-12-27,0.010397984654356207
2021-12-28,0.0009213437700530408
2021-12-29,0.0012358496746124107
2021-12-30,0.0015542318550194837
2021-12-31,-0.002363461856180715
2022-01-03,-0.006110625614277066
2022-01-04,-0.013855685878738777
2022-01-05,-0.04691676355686991
2022-01-06,0.0067770702532457885
2022-01-07,-0.02489483220365554
2022-01-10,-0.0054039537314092495
2022-01-11,0.015352689608770656
2022-01-12,-0.0036891777866864934
2022-01-13,-0.026033368751538347
2022-01-14,-0.015957700366010963
2022-01-18,-0.01671093161954136
2022-01-19,-0.0020956944342451554
2022-01-20,-0.022910809432757098
2022-01-21,-0.0648629545880927
2022-01-24,0.002189973824754477
2022-01-25,-0.03855116792985385
2022-01-26,-0.008586830300506089
2022-01-27,-0.00015678294694716454
2022-01-28,0.019613682439907132
2022-01-31,0.0592233694805109
2022-02-01,0.0053819840364880195
2022-02-02,0.0006662225183211135
2022-02-03,-0.003853652058432932
2022-02-04,-0.005649689324366381
2022-02-07,0.001063869912447246
2022-02-08,0.0007891846082985547
2022-02-09,0.015152205257313934
2022-02-10,-0.012450390745362784
2022-02-11,0.001960917249085914
2022-02-14,-0.016923243033292047
2022-02-15,0.005362260679563136
2022-02-16,-0.002157043197648889
2022-02-17,-0.011101016316612889
2022-02-18,-0.004409753442958886
2022-02-22,-0.014777569672525815
2022-02-23,-0.019463359430022864
2022-02-24,0.0017662951848935295
2022-02-25,0.033543878264344636
2022-02-28,0.01237216634032562
2022-03-01,-0.008395044489034198
2022-03-02,0.05428816777719757
2022-03-03,-0.006173076707852333
2022-03-04,-0.013514973423175715
2022-03-07,-0.058104884747388306
2022-03-08,0.036716390714350115
2022-03-09,0.04861318241619346
2022-03-10,0.0016267084909282533
2022-03-11,-0.011590184092962797
2022-03-14,-0.02797850698980915
2022-03-15,0.011080364291828793
2022-03-16,0.014628975894688324
2022-03-17,0.050522536864378034
2022-03-18,0.0063889725120434785
2022-03-21,0.012013646575305547
2022-03-22,0.0024919485117496755
2022-03-23,-0.0005836969001147938
2022-03-24,0.010376864577248648
2022-03-25,0.0003008884770312586
2022-03-28,0.011123348588962202
2022-03-29,0.004611352665345436
2022-03-30,0.0033870559862371197
2022-03-31,-0.008005626066751972
2022-04-01,-0.017632830170072937
2022-04-04,-0.00227404167277865
2022-04-05,-0.006646510783524162
2022-04-06,-0.00331180585213231
2022-04-07,-0.0008761970428016629
2022-04-08,-0.0057728444577150205
2022-04-11,-0.013118142244102172
2022-04-12,-0.010219726817506138
2022-04-13,0.023308508260635092
2022-04-14,-0.014553558404924161
2022-04-18,0.0017235068638102877
2022-04-19,0.0076358622676208745
2022-04-20,-0.01460649226804558
2022-04-21,-0.03519961000037373
2022-04-22,-0.01657659707844066
2022-04-25,-0.01398066592244518
2022-04-26,-0.006040244466023625
2022-04-27,0.013420864752933427
2022-04-28,0.01695251518203518
2022-04-29,-0.036828404606929065
2022-05-02,0.005811735627029414
2022-05-03,0.030200708112818917
2022-05-04,0.01287390375771398
2022-05-05,-0.01962264523197403
2022-05-06,-0.017962529193776323
2022-05-09,-0.04323809175752301
2022-05-10,-0.009382738231202259
2022-05-11,-0.0014768285696643128
2022-05-12,0.006455781798056681
2022-05-13,0.018443485149660124
2022-05-16,-0.0030828339337690253
2022-05-17,0.02338220459065371
2022-05-18,-0.018246760083622263
2022-05-19,0.0010550559992886783
2022-05-20,-0.004470907266063207
2022-05-23,0.026593478523622895
2022-05-24,-0.0006772310538081805
2022-05-25,0.016123533349339112
2022-05-26,-0.007676245401213078
2022-05-27,-0.0020473580808602733
2022-05-31,0.006172753865440829
2022-06-01,-0.0016988734261100143
2022-06-02,-0.005824597292252088
2022-06-03,-0.007118835099720822
2022-06-06,0.0036324328756632386
2022-06-07,0.012402491664896122
2022-06-08,-0.008366568058570377
2022-06-09,-0.023970807989629472
2022-06-10,-0.011352603278487172
2022-06-13,-0.043903389813267295
2022-06-14,0.028831389599307852
2022-06-15,-0.020153752290422402
2022-06-16,-0.06362759317840061
2022-06-17,-0.024700514182737665
2022-06-21,0.04046592057782229
2022-06-22,-0.03344470175419541
2022-06-23,-0.04165709181854966
2022-06-24,0.011588976481327552
2022-06-27,0.033269359498693495
2022-06-28,0.01784073678352014
2022-06-29,-0.02512563934229297
2022-06-30,-0.01635872984652035
2022-07-01,0.004996773998747761
2022-07-05,0.0004954012397257014
2022-07-06,-0.016282027476923068
2022-07-07,0.03421924653207171
2022-07-08,-0.001276623605678895
2022-07-11,0.0008656636790058905
2022-07-12,-0.0035221085733765584
2022-07-13,-0.005845641350413877
2022-07-14,-0.013622515552031311
2022-07-15,0.007402834406450843
2022-07-18,-0.012311349685774676
2022-07-19,0.010486174805922021
2022-07-20,-0.004186885941258844
2022-07-21,0.00017825737813681496
2022-07-22,0.009652713352400135
2022-07-25,0.0009229345646030401
2022-07-26,-0.00010408602117440964
2022-07-27,0.012170906266141757
2022-07-28,0.024171622458588175
2022-07-29,0.002714288721991587
2022-08-01,-0.008626617872985177
2022-08-02,-0.015278551514516627
2022-08-03,0.005092282424124229
2022-08-04,0.0023483957147597766
2022-08-05,0.014240050043580645
2022-08-08,-0.00181883315564697
2022-08-09,0.050131221365498774
2022-08-10,0.01953578192476143
2022-08-11,2.5322640624370147e-05
2022-08-12,0.011768409847368955
2022-08-15,0.0015224052087322805
2022-08-16,0.0003515940514087657
2022-08-17,-0.013143862644659466
2022-08-18,0.007994443966196585
2022-08-19,-0.012146410920300577
2022-08-22,-0.023144211287108286
2022-08-23,-0.0007327067154791144
2022-08-24,-0.0007628326118309657
2022-08-25,0.0249059422068336
2022-08-26,-0.025932648196091444
2022-08-29,-0.012485084952604232
2022-08-30,-0.005738973148923975
2022-08-31,-0.0008681073924774458
2022-09-01,-0.007781172994822815
2022-09-02,0.0036221178273723393
2022-09-06,0.004838607252294059
2022-09-07,0.013073013084161169
2022-09-08,0.006459036825530087
2022-09-09,0.017267664227140024
2022-09-12,0.0036274958085657618
2022-09-13,-0.004971257485029911
2022-09-14,0.0005755265362442424
2022-09-15,-0.01189889906886472
2022-09-16,-0.007184902970792174
2022-09-19,0.0070559653996527865
2022-09-20,-0.009896796602575522
2022-09-21,-0.013022010388883265
2022-09-22,-0.013736342974344496
2022-09-23,-0.021583191193729576
2022-09-26,-0.018208271473273377
2022-09-27,0.005053563053850119
2022-09-28,0.023892956411902446
2022-09-29,-0.02967094442568473
2022-09-30,-0.0030150703594083563
2022-10-03,0.02886510350920154
2022-10-04,0.008923148967423024
2022-10-05,-0.018490893321769276
2022-10-06,-0.003272782874617752
2022-10-07,-0.0007730158807874423
2022-10-10,0.004988610314319987
2022-10-11,-0.010088128370603565
2022-10-12,0.004744490030847982
2022-10-13,0.030037436272148634
2022-10-14,-0.02573030526263622
2022-10-17,0.02758742798304055
2022-10-18,0.018582735570236597
2022-10-19,-0.005244401348049754
2022-10-20,-0.0009811522900602166
2022-10-21,0.0019723087166555802
2022-10-24,0.004847779085459792
2022-10-25,0.01121991835551537
2022-10-26,-0.0044213671633026586
2022-10-27,0.0024371402153306135
2022-10-28,-0.0006869351209520813
2022-10-31,0.017694195136594273
2022-11-01,0.0019351786526242145
2022-11-02,-0.01074340367379645
2022-11-03,0.005891368872005432
2022-11-04,-0.0022496488708221513
2022-11-07,0.008007893962669922
2022-11-08,0.004740827219155709
2022-11-09,-0.023741947807150898
2022-11-10,0.05014339761326114
2022-11-11,-0.005417430901997821
2022-11-14,0.008508710305442735
2022-11-15,0.00951189697471624
2022-11-16,0.01393791941982545
2022-11-17,0.0019288154297944172
2022-11-18,0.009438094090493756
2022-11-21,-0.004114353756611744
2022-11-22,0.02544216430541765
2022-11-23,0.00451701366744608
2022-11-25,0.00036064953935004433
2022-11-28,-0.018306927817256857
2022-11-29,0.0161803858535861
2022-11-30,0.028654981643085043
2022-12-01,0.0060327838099027645
2022-12-02,-0.006959304623854579
2022-12-05,-0.04036907863256445
2022-12-06,-0.016079200234696202
2022-12-07,0.004376336619317024
2022-12-08,-0.019459157937945948
2022-12-09,-0.01651096220833701
2022-12-12,0.03783061863541089
2022-12-13,0.00368262631275329
2022-12-14,-0.018771396776874182
2022-12-15,-0.009762614568350102
2022-12-16,0.0009829430284716393
2022-12-19,-0.008380962088240906
2022-12-20,0.003957076391985926
2022-12-21,0.012396476079601426
2022-12-22,-0.009612324778013704
2022-12-23,0.007738887669250706
2022-12-27,-0.010366022558370725
2022-12-28,-0.024437005409312616
2022-12-29,0.0042630988947360395
2022-12-30,0.002252071868357142
2023-01-03,-0.01889769006306856
2023-01-04,0.002899821067340924
2023-01-05,-0.005613703649633295
2023-01-06,0.017074963942945925
2023-01-09,-0.005790512642131728
2023-01-10,0.013338795747343948
2023-01-11,0.010158047249729664
2023-01-12,-0.008912052970342244
2023-01-13,-0.012341830652117027
2023-01-17,-0.007761033517076089
2023-01-18,-0.01516414948292022
2023-01-19,-0.006797753672898477
2023-01-20,0.011892407006871131
2023-01-23,0.003219645011002093
2023-01-24,0.008432615009207535
2023-01-25,0.008487904238692655
2023-01-26,0.008778446162887744
2023-01-27,-0.004265190242709549
2023-01-30,0.0003307346253306425
2023-01-31,0.006290862836980195
2023-02-01,-0.0010170947073861792
2023-02-02,0.01992347809539044
2023-02-03,-0.0022075748471803713
2023-02-06,-0.0016037297973716003
2023-02-07,0.0319423902400733
2023-02-08,0.005186675320781787
2023-02-09,-0.007591586770924864
2023-02-10,0.004201859144559617
2023-02-13,0.023264731941651122
2023-02-14,0.015712834221790317
2023-02-15,0.01877857160608958
2023-02-16,-0.015729833783057125
2023-02-17,0.004420815323374484
2023-02-21,-0.017640075854802918
2023-02-22,-0.002171541220474071
2023-02-23,0.0001318627238072747
2023-02-24,-0.009510834043727101
2023-02-27,0.009493681637058616
2023-02-28,0.00489048650673969
2023-03-01,0.002214131628137728
2023-03-02,0.012427083887836912
2023-03-03,0.010931745405099159
2023-03-06,-0.005842281024238072
2023-03-07,-0.010321258193727667
2023-03-08,-0.0004350364638147984
2023-03-09,-0.03021380131145688
2023-03-10,-0.01597810319573618
2023-03-13,-0.016011090217525427
2023-03-14,0.0014789289160764387
2023-03-15,-0.007120863020137724
2023-03-16,0.028023361940403314
2023-03-17,-0.026189218526955306
2023-03-20,0.026874625338507842
2023-03-21,0.003734129947722176
2023-03-22,-0.00911598240469208
2023-03-23,-0.0025100073274228027
2023-03-24,0.02193496268434865
2023-03-27,0.003524660686303217
2023-03-28,0.006423960115276207
2023-03-29,0.007842212405546202
2023-03-30,0.0011463964583058206
2023-03-31,0.012335199670144716
2023-04-03,1.889902317269153e-05
2023-04-04,-0.003681551639760105
2023-04-05,0.01758859744970123
2023-04-06,-0.0014735689794413537
2023-04-10,0.024450710720732283
2023-04-11,0.0017548696906703359
2023-04-12,-0.01103885774867135
2023-04-13,0.018086262681215295
2023-04-14,-0.008359029265031515
2023-04-17,0.022088653345979713
2023-04-18,-0.001283231403144369
2023-04-19,-0.01363165478796451
2023-04-20,0.003227772236200321
2023-04-21,-0.011769344838803254
2023-04-24,0.007280795672974972
2023-04-25,-0.023171145848524775
2023-04-26,0.0012778674237714951
2023-04-27,0.016081346813022555
2023-04-28,0.0072783809798220534
2023-05-01,-0.0055422713987873795
2023-05-02,-0.024458908220905372
2023-05-03,-0.015941189622830067
2023-05-04,-0.005169100525173698
2023-05-05,0.03581111656510378
2023-05-08,0.002795179776350798
2023-05-09,-0.0056511539855596885
2023-05-10,0.010149715981708798
2023-05-11,0.010046575810864588
2023-05-12,0.0025863550408076214
2023-05-15,0.016718982120541553
2023-05-16,-0.019703200221792682
2023-05-17,0.01991801253638692
2023-05-18,0.01683399315215084
2023-05-19,-0.010607250486434426
2023-05-22,0.0067553011683157095
2023-05-23,-0.015425029185528594
2023-05-24,-0.012628156100259313
2023-05-25,-7.626978055470525e-05
2023-05-26,-0.0006038322128510297
2023-05-30,-0.001720835647211372
2023-05-31,-0.004736374484957452
2023-06-01,0.00589518692137363
2023-06-02,0.03146273102774446
2023-06-05,0.0013122672348204968
2023-06-06,-0.005828921296685863
2023-06-07,-0.010001982577644354
2023-06-08,0.0053030514748520835
2023-06-09,-0.001794312214892879
2023-06-12,0.019952615150782227
2023-06-13,0.003792518384860744
2023-06-14,0.0033897916216821707
2023-06-15,0.0024286004805585074
2023-06-16,-0.012987973787050567
2023-06-20,-0.010192103011660026
2023-06-21,-0.005008640538709174
2023-06-22,-0.006282408056184206
2023-06-23,-0.006971565215693886
2023-06-26,-0.005871450907202469
2023-06-27,0.031460827810182446
2023-06-28,0.009000917780255469
2023-06-29,0.016083956181052007
2023-06-30,0.011408340626022929
2023-07-03,0.004558787030965694
2023-07-05,-0.005958998435054741
2023-07-06,-0.005406762762869066
2023-07-07,0.009877176672063405
2023-07-10,0.022579835297033137
2023-07-11,0.007785777349397471
2023-07-12,0.008090003987071003
2023-07-13,0.0012863316104791307
2023-07-14,0.010819004405990018
2023-07-17,0.00954708596941063
2023-07-18,0.003971982245885065
2023-07-19,0.010302655631801372
2023-07-20,0.0015370742766543718
2023-07-21,-0.003774956163621868
2023-07-24,-0.001990935377403314
2023-07-25,-0.0007116705418993113
2023-07-26,0.007770859189157631
2023-07-27,-0.017191636359340224
2023-07-28,0.01688242648404681
2023-07-31,0.011468456786909357
2023-08-01,0.040187221057718464
2023-08-02,-0.007954139018829999
2023-08-03,-0.013417618159922685
2023-08-04,0.012628045716614222
2023-08-07,0.0007558355247486941
2023-08-08,0.009503108588565469
2023-08-09,-0.0029092458309645233
2023-08-10,0.002616812940318525
2023-08-11,-0.008314552014834109
2023-08-14,0.02460746024727194
2023-08-15,-0.018667636125899875
2023-08-16,-0.022274777083288514
2023-08-17,-0.01504141965950212
2023-08-18,-0.009522128571293486
2023-08-21,0.012959255061250818
2023-08-22,-0.00530706888424446
2023-08-23,0.01965177945634813
2023-08-24,-0.007561437448724551
2023-08-25,-0.007427072722982264
2023-08-28,0.018736503465184958
2023-08-29,0.01449686205152604
2023-08-30,0.0017797507485711739
2023-08-31,-0.011135580151546642
2023-09-01,0.0017800761089558745
2023-09-05,-0.011150119962616856
2023-09-06,-0.004475875618319502
2023-09-07,0.007553047148100789
2023-09-08,-0.0016285880489109957
2023-09-11,-0.00755369906579746
2023-09-12,-0.017853673080522305
2023-09-13,-0.001128372487346852
2023-09-14,0.018044833474345937
2023-09-15,-0.016856543483762046
2023-09-18,-0.002803439179137901
2023-09-19,-0.0024735032188839766
2023-09-20,-0.016370465239532117
2023-09-21,-0.024263249572427092
2023-09-22,0.0015310159283687505
2023-09-25,0.00877761669132695
2023-09-26,-0.011391408514264257
2023-09-27,-0.004667781630651113
2023-09-28,0.007741706736214416
2023-09-29,0.0057220189284363345
2023-10-02,-0.002795594100624732
2023-10-03,-0.016873242763263473
2023-10-04,-0.0009231722579517988
2023-10-05,-0.006966199161467101
2023-10-06,0.015562937470864123
2023-10-09,0.019289719767918257
2023-10-10,0.012582339233691066
2023-10-11,-0.0010358725267455293
2023-10-12,-0.0028775401631024435
2023-10-13,-0.015840170974288446
2023-10-16,0.011675886684964578
2023-10-17,0.003085697454630654
2023-10-18,-0.02334900105608544
2023-10-19,-0.029558971326619558
2023-10-20,-0.017822326223512916
2023-10-23,-0.004458372173077563
2023-10-24,0.023689537649914636
2023-10-25,-0.017169325918480995
2023-10-26,-0.019304943298522774
2023-10-27,-0.010576496053600715
2023-10-30,0.004696444843659186
2023-10-31,0.0009532289175266271
2023-11-01,0.008803284982087834
2023-11-02,0.02048807516533412
2023-11-03,0.0013605442176870765
2023-11-06,-0.0033033033033033512
2023-11-07,-0.006808651399491072
2023-11-08,-0.010302001549092422
2023-11-09,-0.006012773315194676
2023-11-10,0.014681178907150372
2023-11-13,0.0010047966327943133
2023-11-14,0.02155003412178757
2023-11-15,0.006335300421900149
2023-11-16,0.001409236331184505
2023-11-17,0.005358687612900349
2023-11-20,0.006497916964722661
2023-11-21,0.004061480185244327
2023-11-22,0.00478330950473227
2023-11-24,0.005976922009487141
2023-11-27,0.006868489308270377
2023-11-28,-0.005452177025584137
2023-11-29,0.0045015121156484
2023-11-30,-0.0010461029393272312
2023-12-01,0.013382819163797756
2023-12-04,-0.01127176966181307
2023-12-05,-0.006666487883584815
2023-12-06,-0.005057659229983736
2023-12-07,0.028603842030296537
2023-12-08,0.006824988191466064
2023-12-11,0.01205982630716811
2023-12-12,-0.009236212961880574
2023-12-13,0.028758241086031536
2023-12-14,0.004158042714247068
2023-12-15,-0.001691521171577648
2023-12-18,0.01559864561198723
2023-12-19,0.008514165269941655
2023-12-20,-0.0071998852012594376
2023-12-21,0.014116770480737742
2023-12-22,0.0006195209936637581
2023-12-26,0.004344525632316577
2023-12-27,-0.0024122430524946893
2023-12-28,0.0004431089456098936
2023-12-29,-0.00023156570720617178
2024-01-02,-0.001560980914684861
2024-01-03,-0.016439238255701462
2024-01-04,-0.00423119544707511
2024-01-05,0.004400251626306351
2024-01-08,0.015856418659446137
2024-01-09,-0.017219966649559715
2024-01-10,0.004243816206103035
2024-01-11,-0.007213219240374702
2024-01-12,-0.011884201565261111
2024-01-16,-0.018062721638502845
2024-01-17,-0.0033297434129378363
2024-01-18,0.015816993071856068
2024-01-19,0.011773146900792432
2024-01-22,0.013317159830324799
2024-01-23,0.003413184870916508
2024-01-24,-0.006767520297313801
2024-01-25,0.0024559659926615377
2024-01-26,0.0006808135865052466
2024-01-29,0.009444336227149975
2024-01-30,-0.008844112872247688
2024-01-31,0.0019779193527923013
2024-02-01,0.00835407925405005
2024-02-02,-0.002999020687087905
2024-02-05,-0.01118652872867727
2024-02-06,0.007139156064387864
2024-02-07,0.012896291560461905
2024-02-08,0.008030589275144752
2024-02-09,0.002644674330458764
2024-02-12,0.007005304747713771
2024-02-13,-0.01514232717284374
2024-02-14,0.004382826748301372
2024-02-15,0.009187660882067796
2024-02-16,-0.012558612110481704
2024-02-20,-0.0034248730516882155
2024-02-21,-0.004589061726586863
2024-02-22,0.017312226943247168
2024-02-23,0.005902973286777692
2024-02-26,-0.0028237595812790504
2024-02-27,0.00175922474759056
2024-02-28,-0.0051480889644623055
2024-02-29,0.01783471710942242
2024-03-01,0.015531513314648885
2024-03-04,0.01608043682861764
2024-03-05,-0.004051804431667305
2024-03-06,0.0007506523054801708
2024-03-07,0.0018648411533319872
2024-03-08,-0.005007570808221517
2024-03-11,0.008572136375617025
2024-03-12,0.002980276845676522
2024-03-13,-0.004613003619203626
2024-03-14,-0.014630020898315978
2024-03-15,-0.00909776756097225
2024-03-18,-0.00013860531380083287
2024-03-19,-0.01368833024921845
2024-03-20,0.009433858175763653
2024-03-21,0.01300672576314321
2024-03-22,-0.007638076629245495
2024-03-25,-0.011495099056707647
2024-03-26,0.006199530105362895
2024-03-27,0.015047259099090531
2024-03-28,0.0015379313759646966
2024-04-01,0.014505401163459664
2024-04-02,-0.01835358960527827
2024-04-03,0.00940713567500342
2024-04-04,-0.016076373318867132
2024-04-05,0.0023884615996775595
2024-04-08,0.010372840054341559
2024-04-09,-0.0022989727178224003
2024-04-10,-0.000912721676293926
2024-04-11,0.01366422367678204
2024-04-12,-0.024780747921858918
2024-04-15,-0.005674293306262146
2024-04-16,-0.0018894735283276013
2024-04-17,-0.0026010401396416197
2024-04-18,-0.010871856129117162
2024-04-19,-0.02176220526620043
2024-04-22,0.008501247238447118
2024-04-23,0.02720262007000876
2024-04-24,-0.0009034796748658147
2024-04-25,0.008415688877062722
2024-04-26,-0.015656081104827305
2024-04-29,-0.010696120573691514
2024-04-30,-0.015308114761026871
2024-05-01,0.005720071729517807
2024-05-02,0.009472237194505073
2024-05-03,0.018359476458245608
2024-05-06,0.010928300240231727
2024-05-07,0.014367673287140429
2024-05-08,-0.0008494992001494615
2024-05-09,0.012425987658302497
2024-05-10,-0.004348518948556546
2024-05-13,0.011920639122289446
2024-05-14,0.012346334598657395
2024-05-15,-0.003086628779477807
2024-05-16,0.0010952705682585775
2024-05-17,-0.004695950699650276
2024-05-20,0.004141475136433437
2024-05-21,-0.005691265744804363
2024-05-22,-0.007751106795750174
2024-05-23,-0.016797777542701686
2024-05-24,0.010877099073991215
2024-05-28,-0.005985548167778521
2024-05-29,-0.00894340540301011
2024-05-30,-0.007554587501113552
2024-05-31,0.00940755357792036
2024-06-03,-0.0028528188132434635
2024-06-04,-0.01155794016967211
2024-06-05,0.025833720745332567
2024-06-06,-0.01011739383622845
2024-06-07,-0.002206599779844365
2024-06-10,0.00793349528441296
2024-06-11,0.002126558343212538
2024-06-12,0.0010492553110997844
2024-06-13,-0.002612621437652751
2024-06-14,-0.009997799855414824
2024-06-17,0.007724325296619239
2024-06-18,-0.0007621578678091984
2024-06-20,-0.008945412271070909
2024-06-21,-0.0027689358406981722
2024-06-24,0.010959763225704579
2024-06-25,0.0017528298669688982
2024-06-26,-0.0049036994268541354
2024-06-27,0.02281024097733795
2024-06-28,-0.017738516596566802
2024-07-01,0.0026925227572622396
2024-07-02,-0.0003999592528713737
2024-07-03,0.02085084069584442
2024-07-05,0.008664216703710627
2024-07-08,-0.003726985824746532
2024-07-09,-0.008127823145486992
2024-07-10,0.0077653343340434505
2024-07-11,0.0002386435660377096
2024-07-12,0.00033186514336029947
2024-07-15,-0.006335540099008253
2024-07-16,0.03461841043376328
2024-07-17,-0.06640801898476034
2024-07-18,-0.009975875596495863
2024-07-19,0.002855633991214046
2024-07-22,0.012649509729540466
2024-07-23,-0.009520928125115026
2024-07-24,-0.03742626042370587
2024-07-25,-0.004527565191339521
2024-07-26,0.0070152436170371375
2024-07-29,0.0023900528597701424
2024-07-30,-0.011242781906818712
2024-07-31,0.0727771775561384
2024-08-01,-0.03885844428720773
2024-08-02,-0.04666646905431049
2024-08-05,-0.03555516309074558
2024-08-06,0.01021530673423088
2024-08-07,-0.05468111556161193
2024-08-08,0.037618058349321776
2024-08-09,0.002369342265633034
2024-08-12,0.017674254278755727
2024-08-13,0.01860094484902474
2024-08-14,0.001470756638609383
2024-08-15,0.014157835727572978
2024-08-16,0.0076712371749845685
2024-08-19,0.004407309648741321
2024-08-20,0.0015425256142079348
2024-08-21,-8.272603417644998e-05
2024-08-22,-0.0023682215351845223
2024-08-23,0.020754075571729248
2024-08-26,-0.0028531429441944643
2024-08-27,0.0073864324909500125
2024-08-28,0.001014556872166872
2024-08-29,0.007688024335830313
2024-08-30,0.016288516361608264
2024-09-03,-0.0005033140462677776
2024-09-04,0.00026896397537912186
2024-09-05,-0.0020942180012320176
2024-09-06,-0.011248269831223557
2024-09-09,0.015626269256095185
2024-09-10,-0.0012977088461086884
2024-09-11,0.04199028597941413
2024-09-12,0.003043622200023433
2024-09-13,0.02025197155454699
2024-09-16,0.0024137330431476924
2024-09-17,0.0019775740608171783
2024-09-18,0.005788564906193061
2024-09-19,0.011637251837468379
2024-09-20,0.004289339448835029
2024-09-23,0.01388237063708029
2024-09-24,-0.011358918173706956
2024-09-25,-0.00951969619482822
2024-09-26,0.013594074284729541
2024-09-27,0.01314245538211736
2024-09-30,0.006213515486507527
2024-10-01,-0.0004438370561160369
2024-10-02,0.0055060449204875185
2024-10-03,-0.004192801510950561
2024-10-04,0.009424724040598619
2024-10-07,-0.009940420581876209
2024-10-08,-0.006661231905243303
2024-10-09,-0.0033633733888243315
2024-10-10,-0.027739712127668993
2024-10-11,0.012909135271774754
2024-10-14,0.003486325153166803
2024-10-15,-0.009623178792861677
2024-10-16,0.011490422531876132
2024-10-17,-0.005048379391911739
2024-10-18,0.0008699471385234858
2024-10-21,-0.00661098658582242
2024-10-22,0.0013834147760378058
2024-10-23,-0.0107488489701695
2024-10-24,0.036507495638095036
2024-10-25,-0.0046863290122228785
2024-10-28,0.003075904281044828
2024-10-29,0.008403526091421209
2024-10-30,0.0021223717637404837
2024-10-31,-0.00982450670256485
2024-11-01,-0.01480846683189221
2024-11-04,0.004434701411269515
2024-11-05,0.02232263711400755
2024-11-06,0.01095441802307362
2024-11-07,0.005514523983011399
2024-11-08,0.004241849693812606
2024-11-11,0.00031865176982663916
2024-11-12,-0.01949883288993062
2024-11-13,-0.002330897149812961
2024-11-14,-0.007633513165162497
2024-11-15,-0.026024601406783556
2024-11-18,0.018737735394545263
2024-11-19,0.007313231139723554
2024-11-20,0.013767621729013314
2024-11-21,0.009643722138013167
2024-11-22,0.009041425916666903
2024-11-25,0.014212932928403534
2024-11-26,0.00198589384115857
2024-11-27,-0.009626631507237594
2024-11-29,0.013217630731598986
2024-12-02,0.009046427513971911
2024-12-03,-0.000882022809826477
2024-12-04,-0.01058948613632793
2024-12-05,-0.0003019743038176648
2024-12-06,-0.013935547715363162
2024-12-09,-0.008249044569777287
2024-12-10,-0.0013144596854770764
2024-12-11,0.013706404658703455
2024-12-12,-0.00406736402395873
2024-12-13,-0.0009535539586844389
2024-12-16,-0.0007026638106452093
2024-12-17,-0.013731912303496463
2024-12-18,-0.028219006864989904
2024-12-19,0.004286054251593164
2024-12-20,0.013237774452353215
2024-12-23,-0.0009122000412780549
2024-12-24,0.009204264594473044
2024-12-26,0.0013736998945723335
2024-12-27,-0.002179521291716413
2024-12-30,-0.014958649981821882
2024-12-31,0.002314868576016083
2025-01-02,-0.000676659927704959
2025-01-03,0.008645501990252467
2025-01-06,0.00026223624835764
2025-01-07,-0.00988405412406057
2025-01-08,0.009940735743169385
2025-01-10,-0.023617502376744717
2025-01-13,-0.008631140103742574
2025-01-14,0.006226976293471777
2025-01-15,0.020282028601689372
2025-01-16,-0.0028356604002075293
2025-01-17,0.011051336572365789
2025-01-21,0.013012086315794825
2025-01-22,0.006863047915945898
2025-01-23,0.0035051184665833013
2025-01-24,-0.004396286823926587
2025-01-27,-0.007269561416747817
2025-01-28,0.02384564588927072
2025-01-29,0.008904704204227532
2025-01-30,0.01792993452717351
2025-01-31,-0.008769092906884279
2025-02-03,-0.010866546088252283
2025-02-04,0.006338505750785696
2025-02-05,0.008092444243420462
2025-02-06,0.0033349815515570035
2025-02-07,-0.00974064658276106
2025-02-10,0.009406641591200329
2025-02-11,-0.023951383425307497
2025-02-12,-0.0060287385242529645
2025-02-13,0.024020185517735198
2025-02-14,0.007201707320349748
2025-02-18,0.012027651039348886
2025-02-19,-0.0070813169621615005
2025-02-20,-0.017744024926775025
2025-02-21,-0.0291401256119183
2025-02-24,-0.016789671760443305
2025-02-25,-0.004768417493195986
2025-02-26,0.05224426393785136
2025-02-27,-0.025366368393543403
2025-02-28,0.015842268163453757
2025-03-03,-0.016179874483487965
2025-03-04,-0.028518982648327126
2025-03-05,0.02861078906160226
2025-03-06,-0.04494278241835963
2025-03-07,-0.007969630535426455
2025-03-10,-0.07298383498191546
2025-03-11,0.018898173548733042
2025-03-12,0.015756694498027368
2025-03-13,-0.028449961596079865
2025-03-14,0.02897973347210299
2025-03-17,0.012627271794996443
2025-03-18,-7.280933627485933e-05
2025-03-19,0.004625487617469426
2025-03-20,0.0026380291559791377
2025-03-21,-0.003784352424805259
2025-03-24,0.01626857000187201
2025-03-25,-0.002768506422556194
2025-03-26,0.014523662959625995
2025-03-27,0.0077443499573569335
2025-03-28,0.00041895644068839003
2025-03-31,0.006406559194077933
2025-04-01,0.02105078859163119
2025-04-02,0.010978464517408205
2025-04-03,-0.061857845971579076
2025-04-04,-0.07671181353020977
2025-04-07,0.002141698194197117
2025-04-08,-0.020917788746107082
2025-04-09,0.11859974152150647
2025-04-10,0.007238406570665792
2025-04-11,0.012607692584748387
2025-04-14,0.010461930530822006
2025-04-15,-3.945057674648034e-06
2025-04-16,-0.006869524341267997
2025-04-17,-0.00016373701243400628
2025-04-21,-0.02772732197148945
2025-04-22,0.028742081469277928
2025-04-23,0.0075584197331098335
2025-04-24,0.011842165563644359
2025-04-25,0.004318090750465787
2025-04-28,-0.0016965183715498258
2025-04-29,0.008255368918200402
2025-04-30,0.020706650804824214
2025-05-01,-0.0033855090568394976
2025-05-02,0.007980535165098569
2025-05-05,0.007803628524075612
2025-05-06,0.005045111491921995
2025-05-07,0.003993106963533754
2025-05-08,-0.006533227230479133
2025-05-09,-3.557895439065649e-06
2025-05-12,0.019450441570255928
2025-05-13,-0.01210850656758733
2025-05-14,-0.005564408873381322
2025-05-15,0.02834190189805659
2025-05-16,0.006813295849181423
2025-05-19,0.0007996161842315886
2025-05-20,0.0025582988212806586
2025-05-21,-0.050929306287625584
2025-05-22,-0.00028198360446207737
2025-05-23,-0.0025740858949040435
2025-05-27,-0.00867813135776665
2025-05-28,0.009963538889199543
2025-05-29,0.009440520566929655
2025-05-30,0.005603691308748826
2025-06-02,-0.0036961726027751056
2025-06-03,0.01670631274194243
2025-06-04,-0.006117853681484741
2025-06-05,-0.006765188848119431
2025-06-06,0.011641086042820771
2025-06-09,0.004900426698137749
2025-06-10,-0.010605850235693316
2025-06-11,0.005602282467877418
2025-06-12,0.006204932038673805
2025-06-13,0.0028558498624573275
2025-06-16,0.04091522918244998
2025-06-17,-0.010554315138051629
2025-06-18,-0.0005231930288734474
2025-06-20,0.010525334365848927
2025-06-23,0.003925674611248021
2025-06-24,0.022444540212638624
2025-06-25,-0.010025712474716886
2025-06-26,-0.001284113967321399
2025-06-27,-0.0024275134295612903
2025-06-30,0.010644073320519577
2025-07-01,-0.01820833677606379
2025-07-02,0.014813716038751458
2025-07-03,0.003222879394388478
2025-07-07,-0.007925931683460606
2025-07-08,0.0022692307905954885
2025-07-09,-0.001493424078152583
2025-07-10,0.0029383233187461944
2025-07-11,-0.0024648448956889665
2025-07-14,0.01596535185353145
2025-07-15,-0.006137101348910945
2025-07-16,-0.0033808835921117276
2025-07-17,-0.002131043281694222
2025-07-18,0.019373536823161522
2025-07-21,0.0036360651266884375
2025-07-22,-0.009065015471564221
2025-07-23,0.007042729150760961
2025-07-24,-0.010471738892344186
2025-07-25,0.005924832733815412
2025-07-28,-0.00276488782245079
2025-07-29,-0.017346856188469383
2025-07-30,0.004215476494741743
2025-07-31,0.004318310001865378
2025-08-01,-0.04147005756626656
2025-08-04,0.008384935262850137
2025-08-05,-0.01587830995408015
2025-08-06,0.007655679381860827
2025-08-07,-0.013681178240938641
2025-08-08,-0.027343791971788822
2025-08-11,-0.00023682599924241838
2025-08-12,0.02824133169859711
2025-08-13,0.004169412549414631
2025-08-14,-0.0008305902973464451
2025-08-15,0.00609012870264909
2025-08-18,0.017023515790997458
2025-08-19,-0.020980031738498918
2025-08-20,0.004206249319673039
2025-08-21,-0.004774395221366045
2025-08-22,0.014139933710088416
2025-08-25,-0.012462299159857216
2025-08-26,0.009265297961703034
2025-08-27,0.0018337632362205977
2025-08-28,-0.002195293552435862
2025-08-29,-0.0010794924480965974
2025-09-02,-0.0014804787077354656
2025-09-03,0.00045663975016920855
2025-09-04,0.00669022942305222
2025-09-05,-0.0031982202706472675
2025-09-08,-0.011049350203092813
2025-09-09,0.020701859066688977
2025-09-10,0.016727419525446565
2025-09-11,8.674298539657052e-05
2025-09-12,-0.01667781138992821
2025-09-15,0.011264517441868628
2025-09-16,-0.0023635382865152556
2025-09-17,0.015852037967732137
2025-09-18,0.012951730960386045
2025-09-19,-0.018781215860172853
2025-09-22,-0.0005112073364838664
2025-09-23,0.001329745562342155
2025-09-24,0.006595617831196532
2025-09-25,-0.013286044770068407
2025-09-26,0.009825076620187148
2025-09-29,0.0013386091900113419
2025-09-30,0.014238395753009047
2025-10-01,-0.004924446163685147
2025-10-02,0.008335957596885147
2025-10-03,-0.007769713212930408
2025-10-06,0.005692712480352457
2025-10-07,0.002576670876679122
2025-10-08,0.005687848032469668
2025-10-09,-0.020697547140643202
2025-10-10,-0.035749160420452133
2025-10-13,0.02798047121823624
2025-10-14,0.007000547511274414
2025-10-15,0.01945133401016619
2025-10-16,-0.0021092371969244623
2025-10-17,0.004143790412985337
2025-10-20,0.014394258966862476
2025-10-21,-0.014851344656923693
2025-10-22,-0.006892320408582831
2025-10-23,0.03179769944849882
2025-10-24,0.0035327650001544036
2025-10-27,0.014504418346749516
2025-10-28,-0.012240449483946848
2025-10-29,-0.00646100065416273
2025-10-30,-0.000522921574781265
2025-10-31,0.008391384262250301
2025-11-03,-0.006453889177078099
2025-11-04,-0.03300185727255993
2025-11-05,0.01429115771235996
2025-11-06,-0.026222654895457966
2025-11-07,0.02224886976519329
2025-11-10,0.005379507032522192
2025-11-11,0.006785728006353043
2025-11-12,0.013599969935205493
2025-11-13,-0.04193271292287851
2025-11-14,0.0020856192341376814
2025-11-17,-0.035922708276749926
2025-11-18,-4.4421959009621715e-05
2025-11-19,-0.0061804846587659055
2025-11-20,-0.03883590860861239
2025-11-21,0.026372564236233444
2025-11-24,0.02152406653224405
2025-11-25,-0.0012766852898980162
2025-11-26,0.002943685555158293
2025-11-28,0.006019530564012821
2025-12-01,-0.008552866242038215
2025-12-02,-0.006585738997812695
2025-12-03,-0.0025837956758251184
2025-12-04,0.02346314545455386
2025-12-05,0.011914414771045602
2025-12-08,0.004892533992203708
2025-12-09,-0.0068260153929179165
2025-12-10,0.02104293838411251
2025-12-11,-0.0074289047661557405
2025-12-12,-0.010538856643038486
2025-12-15,-0.010326062026988625
2025-12-16,-0.009418769775622726
2025-12-17,-0.01481261186935825
2025-12-18,0.0037782664234198744
2025-12-19,0.01898382802962473
2025-12-22,0.004692823475710896
2025-12-23,-0.01015910104209992
2025-12-24,0.008546918369522349
2025-12-26,0.00011724588152388701
2025-12-29,-0.0020707508118391164
2025-12-30,-0.0041088184317830114
2025-12-31,-0.020060216544515466
2026-01-02,0.002208226624885956
2026-01-05,0.046727023866480095
2026-01-06,-0.005196895294067217
2026-01-07,0.002944370533970608
2026-01-08,0.0023477583665399977
2026-01-09,0.009528145324650319
2026-01-12,0.009133596056563567
2026-01-13,0.009543291691493105
2026-01-14,-0.007019779551769579
2026-01-15,0.008796737345242401
2026-01-16,-0.017453094403229688
2026-01-20,-0.03818244225145597
2026-01-21,0.015669010092593763
2026-01-22,0.001492684872636408
2026-01-23,0.008817054260372315
2026-01-26,-0.001895951786965023
2026-01-27,-0.01178045369432448
2026-01-28,0.0029115311509350763
2026-01-29,0.03130600566271349
2026-01-30,-0.012371619379437204
2026-02-02,0.0038037978692822003
2026-02-03,0.005499469747009057
2026-02-04,-0.026748456539310617
2026-02-05,-0.042938245977699026
2026-02-06,0.07970212234166445
2026-02-09,0.008791817786386071
2026-02-10,0.004543355136857564
2026-02-11,-0.02438275190977074
2026-02-12,-0.02524039281129613
2026-02-13,0.0010316118108460114
2026-02-17,-0.0059473330895951195
2026-02-18,0.013906941440486143
2026-02-19,-0.0032954703833042664
2026-02-20,0.015345340106095697
2026-02-23,-0.009536595006151585
2026-02-24,0.026133825578361657
2026-02-25,0.04285075323073054
2026-02-26,0.015589145656860226
2026-02-27,-0.001216046451301111
2026-03-02,0.0007187988186345253
2026-03-03,-0.026906929037998142
2026-03-04,-0.007178810749114507
2026-03-05,-0.027895418875983926
2026-03-06,-0.03849723743372775
2026-03-09,0.013683009788104572
2026-03-10,-0.004022967022980062
2026-03-11,-0.005594659756109555
2026-03-12,-0.03258231141201464
2026-03-13,-0.004613134503257444
2026-03-16,0.015611798646316058
2026-03-17,0.01190233097645621
2026-03-18,-0.015098767704449779
2026-03-19,-0.015052644484192591
2026-03-20,-0.013410406115856111
2026-03-23,0.0284827861617559
2026-03-24,0.0013403346153309176
2026-03-25,0.004762074736816668
2026-03-26,-0.03955226547907198
2026-03-27,0.00047254146104391793
2026-03-30,-0.04684459164880066
2026-03-31,0.05791550653189835
2026-04-01,0.043386034272897556
2026-04-02,-0.00222270193632277
2026-04-06,0.005443998147591134
2026-04-07,-0.003654217500336077
2026-04-08,-0.011371257390977729
2026-04-09,-0.011023096378504672
2026-04-10,-0.005647134981190604
2026-04-13,0.0008576788107540486
2026-04-14,-0.021722453607159763
2026-04-15,0.005043775893767034
2026-04-16,0.014668133280711747
2026-04-17,0.007431832762987689
2026-04-20,-0.004783941897900146
2026-04-21,-0.015124041103918118
2026-04-22,-0.008456369651295193
2026-04-23,-0.00585127825056968
2026-04-24,-0.02357430096871187
2026-04-27,-0.004263495123886308
2026-04-28,-0.00892079071851266
2026-04-29,-0.018915236013791706
2026-04-30,0.017303789741099165
2026-05-01,-0.01023665659964168
2026-05-04,-0.00846442475001168
2026-05-05,-0.009002595150954784
2026-05-06,0.0067805672058604905
2026-05-07,-0.023990026045269564
2026-05-08,0.001063676500421917
2026-05-11,0.012939975854755792
2026-05-12,0.02206043699243203
2026-05-13,-0.011582216799332957
2026-05-14,0.022638641640228822
2026-05-15,-0.013239900449018417
2026-05-18,-0.0016218035163465322
2026-05-19,-0.016045112005766412
2026-05-20,0.030231107609269375
2026-05-21,-0.007857133308385977
2026-05-22,0.01017197225277713
2026-05-26,0.0026187334854641756
2026-05-27,-0.017221757668318394
2026-05-28,0.004807742474794075
2026-05-29,-0.014657235315617578
2026-06-01,0.016924813169147488
2026-06-02,0.025730520976505505
2026-06-03,0.021863546155218107
2026-06-04,0.0025484263987901375
2026-06-05,-0.024226557062930046
