date,returns
2005-01-04,0.0
2005-01-05,0.0
2005-01-06,0.0
2005-01-07,0.0
2005-01-10,0.0
2005-01-11,0.0
2005-01-12,0.0
2005-01-13,0.0
2005-01-14,0.0
2005-01-18,0.0
2005-01-19,0.0
2005-01-20,0.0
2005-01-21,0.0
2005-01-24,0.0
2005-01-25,0.0
2005-01-26,0.0
2005-01-27,0.0
2005-01-28,0.0
2005-01-31,0.0
2005-02-01,0.0
2005-02-02,0.0
2005-02-03,0.0
2005-02-04,0.0
2005-02-07,0.0
2005-02-08,0.0
2005-02-09,0.0
2005-02-10,0.0
2005-02-11,0.0
2005-02-14,0.0
2005-02-15,0.0
2005-02-16,0.0
2005-02-17,0.0
2005-02-18,0.0
2005-02-22,0.0
2005-02-23,0.0
2005-02-24,0.0
2005-02-25,0.0
2005-02-28,0.0
2005-03-01,0.0
2005-03-02,0.0
2005-03-03,0.0
2005-03-04,0.0
2005-03-07,0.0
2005-03-08,0.0
2005-03-09,0.0
2005-03-10,0.0
2005-03-11,0.0
2005-03-14,0.0
2005-03-15,0.0
2005-03-16,0.0
2005-03-17,0.0
2005-03-18,0.0
2005-03-21,0.0
2005-03-22,0.0
2005-03-23,0.0
2005-03-24,0.0
2005-03-28,0.0
2005-03-29,0.0
2005-03-30,0.0
2005-03-31,0.0
2005-04-01,0.0
2005-04-04,0.0
2005-04-05,0.0
2005-04-06,0.0
2005-04-07,0.0
2005-04-08,0.0
2005-04-11,0.0
2005-04-12,0.0
2005-04-13,0.0
2005-04-14,0.0
2005-04-15,0.0
2005-04-18,0.0
2005-04-19,0.0
2005-04-20,0.0
2005-04-21,0.0
2005-04-22,0.0
2005-04-25,0.0
2005-04-26,0.0
2005-04-27,0.0
2005-04-28,0.0
2005-04-29,0.0
2005-05-02,0.0
2005-05-03,0.0
2005-05-04,0.0
2005-05-05,0.0
2005-05-06,0.0
2005-05-09,0.0
2005-05-10,0.0
2005-05-11,0.0
2005-05-12,0.0
2005-05-13,0.0
2005-05-16,0.0
2005-05-17,0.0
2005-05-18,0.0
2005-05-19,0.0
2005-05-20,0.0
2005-05-23,0.0
2005-05-24,0.0
2005-05-25,-0.001
2005-05-26,0.00535968511849938
2005-05-27,0.0016659725114536172
2005-05-31,-0.006403326403326415
2005-06-01,0.008536993639102652
2005-06-02,0.002157676348547799
2005-06-03,-0.005051341503809148
2005-06-06,-0.0009155222638370653
2005-06-07,0.0007497500833055781
2005-06-08,-0.0018313493715143014
2005-06-09,0.004753565173880592
2005-06-10,-0.0023240371845949515
2005-06-13,0.0031613976705491265
2005-06-14,0.0023221098026207088
2005-06-15,0.0019030282972034573
2005-06-16,0.002560079279874561
2005-06-17,0.00370201959468508
2005-06-20,0.0003295978905735186
2005-06-21,0.0005766062602963196
2005-06-22,0.000823248538733834
2005-06-23,-0.01406597022291689
2005-06-24,-0.007341898882028963
2005-06-27,0.0014288115649689903
2005-06-28,0.008392782207301774
2005-06-29,-0.0026633374947983013
2005-06-30,-0.005424351164149077
2005-07-01,0.0029367343514012934
2005-07-05,0.00803145653810744
2005-07-06,-0.008382438376628665
2005-07-07,0.003933712755272989
2005-07-08,0.01142142559399728
2005-07-11,0.00511045169798896
2005-07-12,0.00262424143021156
2005-07-13,0.0013904793063963528
2005-07-14,0.003920607694192446
2005-07-15,-0.0005695224147749256
2005-07-18,-0.003988928687724047
2005-07-19,0.005476093175316832
2005-07-20,0.003414079011542892
2005-07-21,-0.005832793259883395
2005-07-22,0.006681877444589368
2005-07-25,-0.0028330904970049753
2005-07-26,0.0012176313012419726
2005-07-27,0.0036484514350576536
2005-07-28,0.006300993618224338
2005-07-29,-0.00666292044633543
2005-08-01,-0.0007273315015353665
2005-08-02,0.005984634047715209
2005-08-03,0.0026529463783262486
2005-08-04,-0.008017960230917387
2005-08-05,-0.006789524733268659
2005-08-08,-0.0018717447916665186
2005-08-09,0.006033428454953027
2005-08-10,-0.0004862630683200031
2005-08-11,0.003973080353523173
2005-08-12,-0.006137942174123778
2005-08-15,0.006175849179262061
2005-08-16,-0.01300274592149886
2005-08-17,-8.182636445452918e-05
2005-08-18,-8.183306055653539e-05
2005-08-19,0.002291513217121066
2005-08-22,0.0
2005-08-23,-0.0018780109414552326
2005-08-24,-0.00891688481675379
2005-08-25,0.0036318613289312296
2005-08-26,-0.0068262192614524375
2005-08-29,0.007701225571381087
2005-08-30,-0.005259265346372
2005-08-31,0.012639405204461163
2005-09-01,-0.0007342143906021725
2005-09-02,-0.0017960649848968169
2005-09-06,0.011695428150813925
2005-09-07,0.0016976556184316038
2005-09-08,-0.003308853199903039
2005-09-09,0.008906882591092957
2005-09-12,-0.0020064205457462903
2005-09-13,-0.00554885404101324
2005-09-14,-0.00363901018922852
2005-09-15,-0.0004869734599463049
2005-09-16,0.007108391202651054
2005-09-19,-0.0033198380566801244
2005-09-20,-0.008449102282882426
2005-09-21,-0.009340434248259033
2005-09-22,0.0035563642378630966
2005-09-23,0.0008241305422778122
2005-09-26,0.001152832674572002
2005-09-27,-0.0002467511103801945
2005-09-28,0.0009872480460717536
2005-09-29,0.008136763376345835
2005-09-30,0.0030979944562203876
2005-10-03,-0.0035760728218466875
2005-10-04,-0.011256117455138548
2005-10-05,-0.014116647417917738
2005-10-06,0.0
2005-10-07,0.0
2005-10-10,0.0
2005-10-11,0.0
2005-10-12,0.0
2005-10-13,0.0
2005-10-14,0.0
2005-10-17,0.0
2005-10-18,0.0
2005-10-19,0.0
2005-10-20,0.0
2005-10-21,0.0
2005-10-24,0.0
2005-10-25,0.0
2005-10-26,0.0
2005-10-27,0.0
2005-10-28,0.0
2005-10-31,0.0
2005-11-01,0.0
2005-11-02,-0.001
2005-11-03,0.004271047227925928
2005-11-04,-0.0013085793735175821
2005-11-07,0.0009827204979118154
2005-11-08,0.0
2005-11-09,0.0013090076086066382
2005-11-10,0.007762072064711134
2005-11-11,0.0034052213393871433
2005-11-14,-0.0005656108597286158
2005-11-15,-0.0036381275770070998
2005-11-16,0.0020285621551445754
2005-11-17,0.009312494938861438
2005-11-18,0.003931322207958887
2005-11-21,0.005034763845600754
2005-11-22,0.004293893129770909
2005-11-23,0.005779889152810913
2005-11-25,0.0007872156183577061
2005-11-28,-0.007079367576496409
2005-11-29,-0.0011090865879742617
2005-11-30,-0.0053929732730589874
2005-12-01,0.010206522605852753
2005-12-02,0.0012629252506117794
2005-12-05,-0.002128498226251496
2005-12-06,0.0018960341286142768
2005-12-07,-0.005835041791515616
2005-12-08,-0.0006345177664974777
2005-12-09,0.002619047619047743
2005-12-12,0.0009498931370219843
2005-12-13,0.006801107156979125
2005-12-14,0.0039274212552038446
2005-12-15,-0.0028949221500665923
2005-12-16,-0.0032210726448789195
2005-12-19,-0.0051440329218108705
2005-12-20,0.0009545779969772905
2005-12-21,0.0015894460780419006
2005-12-22,0.005236848369435831
2005-12-23,0.000552529797142487
2005-12-27,-0.01017671189649727
2005-12-28,0.0022316091495975243
2005-12-29,-0.004453280318091446
2005-12-30,-0.005431743749500728
2006-01-03,0.017588948678820993
2006-01-04,0.0047355958958168465
2006-01-05,0.0006284367635505106
2006-01-06,0.008321557544355596
2006-01-09,0.002569293055123101
2006-01-10,0.0010095519142656606
2006-01-11,0.0031807602792861545
2006-01-12,-0.003944010517361263
2006-01-13,-0.0009316770186335033
2006-01-17,-0.0027199253963318126
2006-01-18,-0.003974129198161203
2006-01-19,0.00383351588170866
2006-01-20,-0.018237082066869248
2006-01-23,0.003572279114074872
2006-01-24,0.0010283183040658006
2006-01-25,0.0008692216515211459
2006-01-26,0.005526606663508682
2006-01-27,0.009265075376884369
2006-01-30,-0.0007779679477205592
2006-01-31,-0.007318592338835361
2006-02-01,0.006980392156862747
2006-02-02,-0.011605265207570548
2006-02-03,-0.004964539007092261
2006-02-06,0.0026134473746732834
2006-02-07,-0.008846761453396357
2006-02-08,0.009085113165444803
2006-02-09,-0.0016585057652820367
2006-02-10,0.0018194763072540976
2006-02-13,-0.0018161718256475279
2006-02-14,0.010600427181393979
2006-02-15,0.003522504892367939
2006-02-16,0.007488299531981157
2006-02-17,-0.002709817280891813
2006-02-21,-0.002484279170871795
2006-02-22,0.006070511323838401
2006-02-23,-0.0014697919084086797
2006-02-24,0.0025565540749921123
2006-02-27,0.0003863689050305208
2006-02-28,-0.009501004171172722
2006-03-01,0.008890275286594695
2006-03-02,-7.729767333986004e-05
2006-03-03,-0.004638218923933457
2006-03-06,-0.004582168375271811
2006-03-07,-0.0015604275571505788
2006-03-08,0.0021098695006642743
2006-03-09,-0.006706175920149882
2006-03-10,0.009499136442141731
2006-03-13,0.0018663970759780213
2006-03-14,0.010478925716060017
2006-03-15,0.00445536948840064
2006-03-16,0.002064851636586207
2006-03-17,0.0008387828936102792
2006-03-20,-0.001607717041800738
2006-03-21,-0.006287861360324998
2006-03-22,0.0060961493942433
2006-03-23,-0.002070869765301242
2006-03-24,0.0007685804319419454
2006-03-27,-0.0014591813224790195
2006-03-28,-0.006152899553914848
2006-03-29,0.006268379507816224
2006-03-30,-0.001768822579404583
2006-03-31,0.00023112480739584385
2006-04-03,-0.0007702380035432554
2006-04-04,0.006397903337701516
2006-04-05,0.003446691176470562
2006-04-06,-0.0010686207159756878
2006-04-07,-0.010162756934362527
2006-04-10,0.0015439246564767917
2006-04-11,-0.008478495452443502
2006-04-12,0.001865671641791078
2006-04-13,-0.001319056486654091
2006-04-17,-0.0003884702043355226
2006-04-18,0.01585574382092325
2006-04-19,0.0019127773527163328
2006-04-20,0.0013745704467353903
2006-04-21,0.00015252039960356178
2006-04-24,-0.00182996568814342
2006-04-25,-0.004124971354365514
2006-04-26,0.00023011429009756057
2006-04-27,0.004831288343558171
2006-04-28,0.003358009616118318
2006-05-01,-0.008138738875788976
2006-05-02,0.0075153374233125625
2006-05-03,-0.0037296392144923196
2006-05-04,0.003590801436320845
2006-05-05,0.008830694275274054
2006-05-08,-0.0012073649260487818
2006-05-09,0.0019643396796613644
2006-05-10,-0.0005278238576382766
2006-05-11,-0.012070916635232187
2006-05-12,-0.013058419243986208
2006-05-15,0.002011761064685924
2006-05-16,-0.0014671814671814998
2006-05-17,-0.020024050730802045
2006-05-18,0.0
2006-05-19,0.0
2006-05-22,0.0
2006-05-23,0.0
2006-05-24,0.0
2006-05-25,0.0
2006-05-26,0.0
2006-05-30,0.0
2006-05-31,0.0
2006-06-01,-0.001
2006-06-02,0.002097413190398578
2006-06-05,-0.015573643410852767
2006-06-06,0.0
2006-06-07,0.0
2006-06-08,0.0
2006-06-09,0.0
2006-06-12,0.0
2006-06-13,0.0
2006-06-14,0.0
2006-06-15,0.0
2006-06-16,0.0
2006-06-19,0.0
2006-06-20,0.0
2006-06-21,0.0
2006-06-22,0.0
2006-06-23,0.0
2006-06-26,0.0
2006-06-27,0.0
2006-06-28,0.0
2006-06-29,0.0
2006-06-30,0.0
2006-07-03,0.0
2006-07-05,0.0
2006-07-06,0.0
2006-07-07,0.0
2006-07-10,0.0
2006-07-11,0.0
2006-07-12,0.0
2006-07-13,0.0
2006-07-14,0.0
2006-07-17,0.0
2006-07-18,0.0
2006-07-19,0.0
2006-07-20,0.0
2006-07-21,0.0
2006-07-24,0.0
2006-07-25,0.0
2006-07-26,0.0
2006-07-27,0.0
2006-07-28,-0.001
2006-07-31,-0.0010157837162058092
2006-08-01,-0.005927649589362426
2006-08-02,-0.001
2006-08-03,0.0026545908806994145
2006-08-04,-0.0017131287961377195
2006-08-07,-0.002340093603744098
2006-08-08,-0.004831118060985239
2006-08-09,0.0
2006-08-10,0.0
2006-08-11,0.0
2006-08-14,0.0
2006-08-15,-0.001
2006-08-16,0.008318432713985802
2006-08-17,0.002544333076330174
2006-08-18,0.005075751749596069
2006-08-21,-0.004284949116229231
2006-08-22,-7.684623069226237e-05
2006-08-23,-0.0027666769136183156
2006-08-24,-0.0008477188655978685
2006-08-25,0.00123409178557643
2006-08-28,0.004776211385871587
2006-08-29,0.0011500421682129058
2006-08-30,0.0006126512482766966
2006-08-31,-0.00015306903413458972
2006-09-01,0.005970606246172849
2006-09-05,0.0019022979759548697
2006-09-06,-0.008809903546745712
2006-09-07,-0.004597348862156014
2006-09-08,0.002848125625433129
2006-09-11,0.0009978507829291328
2006-09-12,0.009815198220995303
2006-09-13,0.004024603234869639
2006-09-14,7.563152321887756e-05
2006-09-15,0.0023497033740660367
2006-09-18,0.0013640497120337436
2006-09-19,-0.0024973512940819065
2006-09-20,0.005310674455655917
2006-09-21,-0.004829824164213847
2006-09-22,-0.0030332903617199536
2006-09-25,0.007682360994903714
2006-09-26,0.008303140096618478
2006-09-27,0.001197784099416177
2006-09-28,-0.0003738597278301059
2006-09-29,-0.0008227990126411511
2006-10-02,-0.0037430753106753034
2006-10-03,0.0021039975954315615
2006-10-04,0.01169766046790599
2006-10-05,0.0019270678920844109
2006-10-06,-0.001257582482615871
2006-10-09,0.0005925487000963958
2006-10-10,0.0013324450366423157
2006-10-11,-0.0011828195460928947
2006-10-12,0.008659610687587804
2006-10-13,0.0025682418550043717
2006-10-16,0.0015369977310986105
2006-10-17,-0.003142356036246685
2006-10-18,0.0013195513525401381
2006-10-19,0.0016106596383336225
2006-10-20,0.0002192822162121466
2006-10-23,0.004603916983338285
2006-10-24,0.0029824689023059126
2006-10-25,0.0034087612416593416
2006-10-26,0.003108059269967489
2006-10-27,-0.006268914829226091
2006-10-30,-0.0007251105793634194
2006-10-31,-0.00014512734924898574
2006-11-01,-0.006749401262790999
2006-11-02,-0.0005845389449073979
2006-11-03,-0.0017546424915924064
2006-11-06,0.01127874615497304
2006-11-07,0.003838354577056835
2006-11-08,0.0021643460067815035
2006-11-09,-0.005255201209416138
2006-11-10,0.0004342162396873128
2006-11-13,0.0024594907407406996
2006-11-14,0.007504690431519689
2006-11-15,0.0028649190660363644
2006-11-16,0.0025710612769602736
2006-11-17,0.00028494087476849117
2006-11-20,0.0005697194131890626
2006-11-21,0.000996441281138738
2006-11-22,0.0019908987485779406
2006-11-24,-0.004044848140788981
2006-11-27,-0.013751335945849763
2006-11-28,0.004334633723450665
2006-11-29,0.010430153934685604
2006-11-30,0.0004271374670747896
2006-12-01,-0.002205934675869936
2006-12-04,0.007630865782342067
2006-12-05,0.00431736145516326
2006-12-06,-0.0008456659619451301
2006-12-07,-0.004372972210467063
2006-12-08,0.0018418815528478127
2006-12-11,0.0028991656059964566
2006-12-12,-0.000775576394274835
2006-12-13,0.0010584250635055081
2006-12-14,0.00881088320293233
2006-12-15,8.887961449444148e-05
2006-12-18,-0.0027399185049882258
2006-12-19,0.0019020781965481959
2006-12-20,-0.0005625087892000558
2006-12-21,-0.0036583649922610206
2006-12-22,-0.00614320011297842
2006-12-26,0.005896980461811863
2006-12-27,0.006568724396101011
2006-12-28,-0.002105115430495852
2006-12-29,-0.004148794036987646
2007-01-03,-0.0017652873887870069
2007-01-04,0.002122090966966139
2007-01-05,-0.007976282910990395
2007-01-08,0.004625017788530084
2007-01-09,-0.0008499185494724726
2007-01-10,0.0033316793081450413
2007-01-11,0.004380387169704569
2007-01-12,0.007597073719752601
2007-01-16,-0.0019547612398772563
2007-01-17,0.00041969781757145164
2007-01-18,-0.0033561739616838615
2007-01-19,0.0019643608811561464
2007-01-22,-0.003080801008262024
2007-01-23,0.002949852507374784
2007-01-24,0.008053221288515156
2007-01-25,-0.011740187565126736
2007-01-26,-0.000913819766624524
2007-01-29,-0.0005628649827621457
2007-01-30,0.005209433298134503
2007-01-31,0.006723159885146046
2007-02-01,0.005982608695652258
2007-02-02,0.0013830302192101573
2007-02-05,0.00027622401767835036
2007-02-06,0.0002761477390402778
2007-02-07,0.002208572020153232
2007-02-08,-0.0013084498312788684
2007-02-09,-0.007447248655357841
2007-02-12,-0.0034041961928581443
2007-02-13,0.008434994771697513
2007-02-14,0.006567122908889944
2007-02-15,0.001304855435753094
2007-02-16,-0.0004801097393690723
2007-02-20,0.0021272215741439116
2007-02-21,-0.00041084634346766347
2007-02-22,-0.0007535278805314016
2007-02-23,-0.003907588949064178
2007-02-26,-0.0008947006194083285
2007-02-27,-0.040057656540607556
2007-02-28,-0.001
2007-03-01,-0.003980202937628684
2007-03-02,0.0
2007-03-05,0.0
2007-03-06,0.0
2007-03-07,0.0
2007-03-08,0.0
2007-03-09,0.0
2007-03-12,-0.001
2007-03-13,-0.020434002411518715
2007-03-14,0.0
2007-03-15,0.0
2007-03-16,0.0
2007-03-19,0.0
2007-03-20,-0.001
2007-03-21,0.016457402284173916
2007-03-22,-0.0007676739479376415
2007-03-23,0.0014666852912417205
2007-03-26,-0.001325057535392915
2007-03-27,-0.0023743016759775193
2007-03-28,-0.007279854402912012
2007-03-29,0.001057678747708346
2007-03-30,0.0002113122490665642
2007-04-02,0.0011267605633802358
2007-04-03,0.01076252110298248
2007-04-04,0.0011135082469204693
2007-04-05,0.0027111574556832885
2007-04-09,0.001386577925679422
2007-04-10,0.0011769592910551019
2007-04-11,-0.004079939146670375
2007-04-12,0.004443827246215726
2007-04-13,0.0045624222314391005
2007-04-16,0.009496284062758154
2007-04-17,0.002658486707566521
2007-04-18,0.0012237405669999202
2007-04-19,-0.0002716099680859507
2007-04-20,0.009441010663587601
2007-04-23,-0.003767998923428939
2007-04-24,0.0004052411184654048
2007-04-25,0.009181744531460811
2007-04-26,0.0011372758897512103
2007-04-27,-0.0008018710324090295
2007-04-30,-0.00829265030428683
2007-05-01,0.0025625463618583755
2007-05-02,0.005851886728997169
2007-05-03,0.005416610940216726
2007-05-04,0.0037911539740604905
2007-05-07,0.00019878081102575607
2007-05-08,-0.0013249420337859696
2007-05-09,0.0027197346600331684
2007-05-10,-0.010452500661550679
2007-05-11,0.008557293755849793
2007-05-14,-0.0021874585708604455
2007-05-15,0.00026572776190803005
2007-05-16,0.006840672112638613
2007-05-17,-0.0019788918205804196
2007-05-18,0.008724388631857094
2007-05-21,-0.0005241776962390254
2007-05-22,-0.0007866789038940558
2007-05-23,0.00013121637580382206
2007-05-24,-0.00905274206245077
2007-05-25,0.0041705282669137755
2007-05-29,0.0036258158085569203
2007-05-30,0.008145034156594733
2007-05-31,-0.0010424811050300242
2007-06-01,0.004956952778502499
2007-06-04,0.00012980269989615323
2007-06-05,-0.003958468526930492
2007-06-06,-0.01074988598605775
2007-06-07,-0.018045310853530117
2007-06-08,0.013011401743796114
2007-06-11,0.001721398305084998
2007-06-12,-0.010905485789821534
2007-06-13,0.014968259271633588
2007-06-14,0.006386200539864495
2007-06-15,0.0056870892037284015
2007-06-18,-0.0011759325798653686
2007-06-19,0.0024854470534372286
2007-06-20,-0.013897044431395833
2007-06-21,0.0055577610162762525
2007-06-22,-0.009409132780628826
2007-06-25,-0.004782464297575562
2007-06-26,-0.010278315424147477
2007-06-27,0.014228875851372447
2007-06-28,-0.00013297872340434225
2007-06-29,0.0003324910227424649
2007-07-02,0.009040749850428798
2007-07-03,0.003623427103234711
2007-07-05,-0.0010502822633581266
2007-07-06,0.005256932579839502
2007-07-09,0.0007844162635639584
2007-07-10,-0.014239059438275747
2007-07-11,0.007089848926583819
2007-07-12,0.015790512533719214
2007-07-13,0.002979467582097328
2007-07-16,-0.0001291572489504622
2007-07-17,-0.0005166957308015974
2007-07-18,-0.0018093699515346895
2007-07-19,0.003884249368809378
2007-07-20,-0.010124459921325824
2007-07-23,0.003061889250814298
2007-07-24,-0.01734104046242768
2007-07-25,0.0020489094514211104
2007-07-26,-0.024679176835301186
2007-07-27,0.0
2007-07-30,0.0
2007-07-31,0.0
2007-08-01,0.0
2007-08-02,0.0
2007-08-03,0.0
2007-08-06,0.0
2007-08-07,0.0
2007-08-08,-0.001
2007-08-09,-0.030633584729360175
2007-08-10,0.0
2007-08-13,0.0
2007-08-14,0.0
2007-08-15,0.0
2007-08-16,0.0
2007-08-17,0.0
2007-08-20,0.0
2007-08-21,0.0
2007-08-22,0.0
2007-08-23,0.0
2007-08-24,0.0
2007-08-27,0.0
2007-08-28,0.0
2007-08-29,0.0
2007-08-30,0.0
2007-08-31,0.0
2007-09-04,0.0
2007-09-05,0.0
2007-09-06,0.0
2007-09-07,0.0
2007-09-10,0.0
2007-09-11,0.0
2007-09-12,0.0
2007-09-13,0.0
2007-09-14,0.0
2007-09-17,0.0
2007-09-18,-0.001
2007-09-19,0.005903187721369552
2007-09-20,-0.007042253521126751
2007-09-21,0.002696730985644935
2007-09-24,-0.0018424689083371693
2007-09-25,-0.00197771771375832
2007-09-26,0.0052843648853952985
2007-09-27,0.005913660555884048
2007-09-28,-0.003331373701743967
2007-10-01,0.011272774937737484
2007-10-02,-0.0013609850939728663
2007-10-03,-0.002011811279122644
2007-10-04,0.0015606710885682773
2007-10-05,0.011881573821581393
2007-10-08,-0.00532563362207239
2007-10-09,0.009418139594890906
2007-10-10,-0.00166155419222902
2007-10-11,-0.004800921776981104
2007-10-12,0.005531613816170289
2007-10-15,-0.00844367683745939
2007-10-16,-0.00793497193729431
2007-10-17,0.0030563142151125433
2007-10-18,-0.00363047001620731
2007-10-19,-0.027156548897130706
2007-10-22,-0.001
2007-10-23,0.008104158363225755
2007-10-24,-0.0018450184501844769
2007-10-25,0.0023765513599156574
2007-10-26,0.01172286617492091
2007-10-29,0.0033198802239291503
2007-10-30,-0.00694219165639387
2007-10-31,0.01038808310466477
2007-11-01,-0.02340769479469773
2007-11-02,0.0011256041845990605
2007-11-05,-0.007605820105819894
2007-11-06,0.013462179273575403
2007-11-07,-0.028355822976261047
2007-11-08,0.0
2007-11-09,0.0
2007-11-12,0.0
2007-11-13,0.0
2007-11-14,0.0
2007-11-15,0.0
2007-11-16,0.0
2007-11-19,0.0
2007-11-20,0.0
2007-11-21,0.0
2007-11-23,0.0
2007-11-26,0.0
2007-11-27,0.0
2007-11-28,0.0
2007-11-29,0.0
2007-11-30,0.0
2007-12-03,0.0
2007-12-04,0.0
2007-12-05,0.0
2007-12-06,-0.001
2007-12-07,-0.00019875447197570395
2007-12-10,0.007752965343582385
2007-12-11,-0.028419779063650896
2007-12-12,-0.001
2007-12-13,-0.0020753832764277558
2007-12-14,-0.013679457936401462
2007-12-17,0.0
2007-12-18,0.0
2007-12-19,0.0
2007-12-20,0.0
2007-12-21,-0.001
2007-12-24,0.007425909673935083
2007-12-26,0.002144340950211099
2007-12-27,-0.013571046472751869
2007-12-28,0.0
2007-12-31,0.0
2008-01-02,0.0
2008-01-03,0.0
2008-01-04,0.0
2008-01-07,0.0
2008-01-08,0.0
2008-01-09,0.0
2008-01-10,0.0
2008-01-11,0.0
2008-01-14,0.0
2008-01-15,0.0
2008-01-16,0.0
2008-01-17,0.0
2008-01-18,0.0
2008-01-22,0.0
2008-01-23,0.0
2008-01-24,0.0
2008-01-25,0.0
2008-01-28,0.0
2008-01-29,0.0
2008-01-30,0.0
2008-01-31,0.0
2008-02-01,0.0
2008-02-04,0.0
2008-02-05,0.0
2008-02-06,0.0
2008-02-07,0.0
2008-02-08,0.0
2008-02-11,0.0
2008-02-12,0.0
2008-02-13,0.0
2008-02-14,0.0
2008-02-15,0.0
2008-02-19,0.0
2008-02-20,0.0
2008-02-21,0.0
2008-02-22,0.0
2008-02-25,0.0
2008-02-26,0.0
2008-02-27,0.0
2008-02-28,0.0
2008-02-29,0.0
2008-03-03,0.0
2008-03-04,0.0
2008-03-05,0.0
2008-03-06,0.0
2008-03-07,0.0
2008-03-10,0.0
2008-03-11,0.0
2008-03-12,0.0
2008-03-13,0.0
2008-03-14,0.0
2008-03-17,0.0
2008-03-18,0.0
2008-03-19,0.0
2008-03-20,0.0
2008-03-24,0.0
2008-03-25,0.0
2008-03-26,0.0
2008-03-27,0.0
2008-03-28,0.0
2008-03-31,0.0
2008-04-01,0.0
2008-04-02,0.0
2008-04-03,0.0
2008-04-04,0.0
2008-04-07,0.0
2008-04-08,0.0
2008-04-09,0.0
2008-04-10,0.0
2008-04-11,0.0
2008-04-14,0.0
2008-04-15,0.0
2008-04-16,0.0
2008-04-17,0.0
2008-04-18,-0.001
2008-04-21,0.0005054881571349146
2008-04-22,-0.004402742692169004
2008-04-23,-0.0015948963317383713
2008-04-24,0.004356665698518558
2008-04-25,0.009253903990746215
2008-04-28,0.00021489971346699832
2008-04-29,-0.003938981594213242
2008-04-30,-0.005895887259131483
2008-05-01,0.02068566468971511
2008-05-02,0.0027636054421769085
2008-05-05,-0.004805314112076853
2008-05-06,0.008662926933181936
2008-05-07,-0.017810630059838073
2008-05-08,-0.002580275229357998
2008-05-09,-0.0018683529749926597
2008-05-12,0.011231101511878894
2008-05-13,0.0001423892923251291
2008-05-14,0.0020643507972668562
2008-05-15,0.012502663919869095
2008-05-16,0.0009120886830842334
2008-05-19,0.0027337726061966716
2008-05-20,-0.008109052778748738
2008-05-21,-0.016914511241102215
2008-05-22,0.0001433794537242239
2008-05-23,-0.013404057056841778
2008-05-27,0.007410636442894525
2008-05-28,0.004615606519544402
2008-05-29,0.005025125628140614
2008-05-30,0.0024999999999999467
2008-06-02,-0.01033131457071601
2008-06-03,-0.005831533477321904
2008-06-04,-0.0005069157795639656
2008-06-05,0.019997101869294154
2008-06-06,-0.03189373490552638
2008-06-09,0.002421307506053294
2008-06-10,-0.004977309325135515
2008-06-11,-0.015712373105781996
2008-06-12,0.0
2008-06-13,-0.001
2008-06-16,0.0005875872199776477
2008-06-17,-0.005844747852895792
2008-06-18,0.0
2008-06-19,0.0
2008-06-20,0.0
2008-06-23,0.0
2008-06-24,0.0
2008-06-25,0.0
2008-06-26,0.0
2008-06-27,0.0
2008-06-30,0.0
2008-07-01,0.0
2008-07-02,0.0
2008-07-03,0.0
2008-07-07,0.0
2008-07-08,0.0
2008-07-09,0.0
2008-07-10,0.0
2008-07-11,0.0
2008-07-14,0.0
2008-07-15,0.0
2008-07-16,0.0
2008-07-17,0.0
2008-07-18,0.0
2008-07-21,0.0
2008-07-22,0.0
2008-07-23,0.0
2008-07-24,0.0
2008-07-25,0.0
2008-07-28,0.0
2008-07-29,0.0
2008-07-30,0.0
2008-07-31,0.0
2008-08-01,0.0
2008-08-04,0.0
2008-08-05,0.0
2008-08-06,0.0
2008-08-07,0.0
2008-08-08,0.0
2008-08-11,0.0
2008-08-12,0.0
2008-08-13,0.0
2008-08-14,0.0
2008-08-15,0.0
2008-08-18,0.0
2008-08-19,0.0
2008-08-20,0.0
2008-08-21,0.0
2008-08-22,0.0
2008-08-25,0.0
2008-08-26,0.0
2008-08-27,0.0
2008-08-28,0.0
2008-08-29,0.0
2008-09-02,0.0
2008-09-03,0.0
2008-09-04,0.0
2008-09-05,0.0
2008-09-08,0.0
2008-09-09,0.0
2008-09-10,0.0
2008-09-11,0.0
2008-09-12,0.0
2008-09-15,0.0
2008-09-16,0.0
2008-09-17,0.0
2008-09-18,0.0
2008-09-19,0.0
2008-09-22,0.0
2008-09-23,0.0
2008-09-24,0.0
2008-09-25,0.0
2008-09-26,0.0
2008-09-29,0.0
2008-09-30,0.0
2008-10-01,0.0
2008-10-02,0.0
2008-10-03,0.0
2008-10-06,0.0
2008-10-07,0.0
2008-10-08,0.0
2008-10-09,0.0
2008-10-10,0.0
2008-10-13,0.0
2008-10-14,0.0
2008-10-15,0.0
2008-10-16,0.0
2008-10-17,0.0
2008-10-20,0.0
2008-10-21,0.0
2008-10-22,0.0
2008-10-23,0.0
2008-10-24,0.0
2008-10-27,0.0
2008-10-28,0.0
2008-10-29,0.0
2008-10-30,0.0
2008-10-31,0.0
2008-11-03,0.0
2008-11-04,0.0
2008-11-05,0.0
2008-11-06,0.0
2008-11-07,0.0
2008-11-10,0.0
2008-11-11,0.0
2008-11-12,0.0
2008-11-13,0.0
2008-11-14,0.0
2008-11-17,0.0
2008-11-18,0.0
2008-11-19,0.0
2008-11-20,0.0
2008-11-21,0.0
2008-11-24,0.0
2008-11-25,0.0
2008-11-26,0.0
2008-11-28,0.0
2008-12-01,0.0
2008-12-02,0.0
2008-12-03,0.0
2008-12-04,0.0
2008-12-05,0.0
2008-12-08,0.0
2008-12-09,0.0
2008-12-10,0.0
2008-12-11,0.0
2008-12-12,0.0
2008-12-15,0.0
2008-12-16,0.0
2008-12-17,0.0
2008-12-18,0.0
2008-12-19,0.0
2008-12-22,0.0
2008-12-23,0.0
2008-12-24,0.0
2008-12-26,0.0
2008-12-29,0.0
2008-12-30,0.0
2008-12-31,0.0
2009-01-02,0.0
2009-01-05,0.0
2009-01-06,0.0
2009-01-07,0.0
2009-01-08,0.0
2009-01-09,0.0
2009-01-12,0.0
2009-01-13,0.0
2009-01-14,0.0
2009-01-15,0.0
2009-01-16,0.0
2009-01-20,0.0
2009-01-21,0.0
2009-01-22,0.0
2009-01-23,0.0
2009-01-26,0.0
2009-01-27,0.0
2009-01-28,0.0
2009-01-29,0.0
2009-01-30,0.0
2009-02-02,0.0
2009-02-03,0.0
2009-02-04,0.0
2009-02-05,0.0
2009-02-06,0.0
2009-02-09,0.0
2009-02-10,0.0
2009-02-11,0.0
2009-02-12,0.0
2009-02-13,0.0
2009-02-17,0.0
2009-02-18,0.0
2009-02-19,0.0
2009-02-20,0.0
2009-02-23,0.0
2009-02-24,0.0
2009-02-25,0.0
2009-02-26,0.0
2009-02-27,0.0
2009-03-02,0.0
2009-03-03,0.0
2009-03-04,0.0
2009-03-05,0.0
2009-03-06,0.0
2009-03-09,0.0
2009-03-10,0.0
2009-03-11,0.0
2009-03-12,0.0
2009-03-13,0.0
2009-03-16,0.0
2009-03-17,0.0
2009-03-18,0.0
2009-03-19,0.0
2009-03-20,0.0
2009-03-23,0.0
2009-03-24,0.0
2009-03-25,0.0
2009-03-26,0.0
2009-03-27,0.0
2009-03-30,0.0
2009-03-31,0.0
2009-04-01,0.0
2009-04-02,-0.001
2009-04-03,0.009948459786647268
2009-04-06,-0.00783289817232391
2009-04-07,-0.024325358851674528
2009-04-08,-0.001
2009-04-09,0.03974312371258937
2009-04-13,0.00023307306840703035
2009-04-14,-0.01724338809274162
2009-04-15,0.010669828097213951
2009-04-16,0.014662756598240456
2009-04-17,0.0067052023121387805
2009-04-20,-0.04191548001837375
2009-04-21,0.019537336689440243
2009-04-22,-0.006113331765812302
2009-04-23,0.009817837709959809
2009-04-24,0.015110694623403864
2009-04-27,-0.009462266328179036
2009-04-28,-0.0031453867660764523
2009-04-29,0.021269136379572284
2009-04-30,0.00034328870580147
2009-05-01,0.005376344086021501
2009-05-04,0.03401979747411521
2009-05-05,-0.0034110915492957528
2009-05-06,0.017334658275367287
2009-05-07,-0.013891903624918767
2009-05-08,0.023332599603786086
2009-05-11,-0.018713701871370114
2009-05-12,-0.00295922840859264
2009-05-13,-0.02517313400021992
2009-05-14,0.008570139828597112
2009-05-15,-0.008161896243291555
2009-05-18,0.028407169428474877
2009-05-19,-0.0012057437246518754
2009-05-20,-0.006694468832309064
2009-05-21,-0.01436305380620928
2009-05-22,-0.002129806075552132
2009-05-26,0.0256122219725905
2009-05-27,-0.01785323110624315
2009-05-28,0.013940002230400372
2009-05-29,0.017707875054993494
2009-06-01,0.024208364854641617
2009-06-02,0.0008441489922970113
2009-06-03,-0.012651555086979238
2009-06-04,0.009396689802455782
2009-06-05,0.00021157304559382695
2009-06-08,-0.0041248016922262876
2009-06-09,0.005097706032285432
2009-06-10,-0.002535925612848655
2009-06-11,0.004449152542372881
2009-06-12,0.0027420375448219403
2009-06-15,-0.022928060580563736
2009-06-16,-0.013562970936490837
2009-06-17,-0.0009821038847664942
2009-06-18,0.007318405243036619
2009-06-19,0.0036879315686353387
2009-06-22,-0.02998696219035213
2009-06-23,0.0007840501792113486
2009-06-24,0.008617795187465083
2009-06-25,0.02174877940523756
2009-06-26,-0.0026064291920070426
2009-06-29,0.009364111498257888
2009-06-30,-0.008090614886731462
2009-07-01,0.004132680804785238
2009-07-02,-0.02729340409401071
2009-07-06,-0.00011134617525898616
2009-07-07,-0.01937639198218244
2009-07-08,-0.0006813536225300787
2009-07-09,0.0019318181818182012
2009-07-10,-0.0023817625042532597
2009-07-13,0.02432924056389263
2009-07-14,0.005660377358490454
2009-07-15,0.029246220064010675
2009-07-16,-0.0016084066051899049
2009-07-17,0.010954784663301353
2009-07-20,0.01062360565175835
2009-07-21,0.004625249658362307
2009-07-22,-0.0002092706916396736
2009-07-23,0.022082679225536417
2009-07-24,0.004095842719639808
2009-07-27,0.002957373036916122
2009-07-28,-0.004677173360447262
2009-07-29,-0.002451731535397017
2009-07-30,0.010445468509984623
2009-07-31,0.0014188709840883273
2009-08-03,0.016496306041898556
2009-08-04,0.0025886101154919405
2009-08-05,-0.0028798411122146206
2009-08-06,-0.0051787670550741405
2009-08-07,0.013114425868455237
2009-08-10,-0.0020750988142291815
2009-08-11,-0.01247648282008118
2009-08-12,0.010728968214178236
2009-08-13,0.007638888888888751
2009-08-14,-0.007679432903416217
2009-08-17,-0.02460561563647179
2009-08-18,0.00793408605431778
2009-08-19,0.008779897063275754
2009-08-20,0.010304121648659459
2009-08-21,0.01960590157441322
2009-08-24,-9.71156647566751e-05
2009-08-25,0.0019425019425018952
2009-08-26,9.693679720812476e-05
2009-08-27,0.002229330231656723
2009-08-28,-0.00019342359767893225
2009-08-31,-0.00889920680982792
2009-09-01,-0.022057388249072774
2009-09-02,-0.003792415169660779
2009-09-03,0.00831496694049294
2009-09-04,0.014008941877794223
2009-09-08,0.008622378992749313
2009-09-09,0.007674373421410641
2009-09-10,0.010218837366239075
2009-09-11,-0.0001908579062888105
2009-09-14,0.004867805669562131
2009-09-15,0.0041793313069906635
2009-09-16,0.015134317063942415
2009-09-17,-0.001490868430860992
2009-09-18,0.0006406838261416858
2009-09-21,-0.002529985007496127
2009-09-22,0.0058243306716767584
2009-09-23,-0.008312319043616179
2009-09-24,-0.011019024298361324
2009-09-25,-0.005332825445195755
2009-09-28,0.017903303015797123
2009-09-29,-0.0030097817908201208
2009-09-30,-0.0038679245283018693
2009-10-01,-0.024812955772326895
2009-10-02,-0.004661551908322847
2009-10-05,0.014928285686408582
2009-10-06,0.014324168429148187
2009-10-07,0.002748554639370626
2009-10-08,0.007655954631379913
2009-10-09,0.0060969890254198855
2009-10-12,0.00391571881409658
2009-10-13,-0.002043090638930267
2009-10-14,0.017215708170482014
2009-10-15,0.0036593175372792164
2009-10-16,-0.007474250296235496
2009-10-19,0.008265221783451349
2009-10-20,-0.005282812642317336
2009-10-21,-0.008973537221866001
2009-10-22,0.010163540607964539
2009-10-23,-0.01143327540473793
2009-10-26,-0.010825314581791257
2009-10-27,-0.004583294359741807
2009-10-28,-0.018887427175343086
2009-10-29,0.021453883727612366
2009-10-30,-0.02897327707454278
2009-11-02,0.007338740826573709
2009-11-03,0.0031633435582825165
2009-11-04,0.0025800286669850347
2009-11-05,0.018394967594357547
2009-11-06,0.002620496022461394
2009-11-09,0.022776066461308808
2009-11-10,0.00018253171488558095
2009-11-11,0.005109955287891266
2009-11-12,-0.010167952791647838
2009-11-13,0.005411354673025892
2009-11-16,0.014504652435686882
2009-11-17,0.001168959625932997
2009-11-18,-0.000628704867972063
2009-11-19,-0.013031365147838647
2009-11-20,-0.0035512657075212894
2009-11-23,0.012702184044594667
2009-11-24,0.0015340191301209671
2009-11-25,0.0035138300747816764
2009-11-27,-0.016250673370443502
2009-11-30,0.003376836725381027
2009-12-01,0.012370383845734079
2009-12-02,-0.0004492362982928544
2009-12-03,-0.007820224719101265
2009-12-04,0.00570755571661552
2009-12-07,-0.0015313935681470214
2009-12-08,-0.011097076867556899
2009-12-09,0.0037405346227532554
2009-12-10,0.005635339029267605
2009-12-11,0.004248011569052634
2009-12-14,0.006840068400684185
2009-12-15,-0.004648252435863198
2009-12-16,0.0015267175572519776
2009-12-17,-0.012015781922524948
2009-12-18,0.0056591940436794275
2009-12-21,0.010162417203520624
2009-12-22,0.0035929219437706994
2009-12-23,0.0019690324890360156
2009-12-24,0.004734256364448353
2009-12-28,0.002133712660028486
2009-12-29,-0.0014194464158978626
2009-12-30,-0.0003553660270078085
2009-12-31,-0.00959829363668685
2010-01-04,0.016959798994974795
2010-01-05,0.002647136680490547
2010-01-06,0.000704039426207892
2010-01-07,0.004221264620525966
2010-01-08,0.0033277870216306127
2010-01-11,0.001396526141223875
2010-01-12,-0.009326244225573266
2010-01-13,0.00844624318141829
2010-01-14,0.002704589076950148
2010-01-15,-0.01122422344035523
2010-01-19,0.012495600140795649
2010-01-20,-0.010168607682948139
2010-01-21,-0.01922908069189566
2010-01-22,-0.02229185317815574
2010-01-25,0.005127735555352064
2010-01-26,-0.004190580304272662
2010-01-27,0.004757112798463137
2010-01-28,-0.01247227533460804
2010-01-29,0.0
2010-02-01,-0.001
2010-02-02,0.01210342930496977
2010-02-03,-0.004982786736727696
2010-02-04,-0.03186588363835019
2010-02-05,0.0
2010-02-08,0.0
2010-02-09,0.0
2010-02-10,0.0
2010-02-11,0.0
2010-02-12,0.0
2010-02-16,-0.001
2010-02-17,0.004738472753781586
2010-02-18,0.005895156901868148
2010-02-19,0.002073753493823771
2010-02-22,0.00017995321216490723
2010-02-23,-0.01214465635120543
2010-02-24,0.009197705127037548
2010-02-25,-0.0013535462912830365
2010-02-26,0.0006325110689435753
2010-03-01,0.010384684847390302
2010-03-02,0.0027705782464919615
2010-03-03,0.0008912655971478056
2010-03-04,0.0030276046304542614
2010-03-05,0.014293323863636465
2010-03-08,0.0001750547045951123
2010-03-09,0.0016627286251857942
2010-03-10,0.004455705049799086
2010-03-11,0.004175002174480413
2010-03-12,8.661758336936387e-05
2010-03-15,0.0002598302442404776
2010-03-16,0.007966057667330606
2010-03-17,0.005927325831114105
2010-03-18,-0.000512382578992332
2010-03-19,-0.005058527129721213
2010-03-22,0.005346210226782944
2010-03-23,0.007033193241272828
2010-03-24,-0.004854782386508716
2010-03-25,-0.0016261554262239075
2010-03-26,-0.0006000857265323623
2010-03-29,0.0063475724824153534
2010-03-30,0.0006818956699627954
2010-03-31,-0.0034071550255537764
2010-04-01,0.006837606837606813
2010-04-05,0.00814940577249601
2010-04-06,0.0023576961940046104
2010-04-07,-0.005712365591397872
2010-04-08,0.003464008110848127
2010-04-09,0.0065673149785299145
2010-04-12,0.0015892931827687917
2010-04-13,0.0007516285284785429
2010-04-14,0.011349411666527587
2010-04-15,0.0008251505899827816
2010-04-16,-0.015912276362437305
2010-04-19,0.0037701072386060464
2010-04-20,0.008930807111259487
2010-04-21,-0.0018199867637326284
2010-04-22,0.002983590253605284
2010-04-23,0.006527846636919632
2010-04-26,-0.003776373039980352
2010-04-27,-0.023650597445405874
2010-04-28,0.007596218771100727
2010-04-29,0.012397386496900697
2010-04-30,-0.016961773953334314
2010-05-03,0.012961871896304933
2010-05-04,-0.023514748649771544
2010-05-05,-0.005956432947583301
2010-05-06,-0.03421349084060943
2010-05-07,0.0
2010-05-10,-0.001
2010-05-11,-0.0028409090909091717
2010-05-12,0.013986013986014179
2010-05-13,-0.012430821626223998
2010-05-14,-0.019105009052504562
2010-05-17,0.0
2010-05-18,0.0
2010-05-19,0.0
2010-05-20,0.0
2010-05-21,0.0
2010-05-24,0.0
2010-05-25,0.0
2010-05-26,0.0
2010-05-27,0.0
2010-05-28,0.0
2010-06-01,0.0
2010-06-02,0.0
2010-06-03,0.0
2010-06-04,0.0
2010-06-07,0.0
2010-06-08,0.0
2010-06-09,0.0
2010-06-10,0.0
2010-06-11,0.0
2010-06-14,0.0
2010-06-15,0.0
2010-06-16,0.0
2010-06-17,0.0
2010-06-18,0.0
2010-06-21,0.0
2010-06-22,0.0
2010-06-23,0.0
2010-06-24,0.0
2010-06-25,0.0
2010-06-28,0.0
2010-06-29,0.0
2010-06-30,0.0
2010-07-01,0.0
2010-07-02,0.0
2010-07-06,0.0
2010-07-07,0.0
2010-07-08,0.0
2010-07-09,0.0
2010-07-12,0.0
2010-07-13,0.0
2010-07-14,0.0
2010-07-15,0.0
2010-07-16,0.0
2010-07-19,0.0
2010-07-20,0.0
2010-07-21,0.0
2010-07-22,0.0
2010-07-23,0.0
2010-07-26,0.0
2010-07-27,0.0
2010-07-28,0.0
2010-07-29,0.0
2010-07-30,0.0
2010-08-02,-0.001
2010-08-03,-0.005788932245477162
2010-08-04,-0.001
2010-08-05,-0.001062228910330143
2010-08-06,-0.005076207354895889
2010-08-09,-0.001
2010-08-10,-0.006398707850252316
2010-08-11,0.0
2010-08-12,0.0
2010-08-13,0.0
2010-08-16,0.0
2010-08-17,0.0
2010-08-18,0.0
2010-08-19,0.0
2010-08-20,0.0
2010-08-23,0.0
2010-08-24,0.0
2010-08-25,0.0
2010-08-26,0.0
2010-08-27,0.0
2010-08-30,0.0
2010-08-31,0.0
2010-09-01,0.0
2010-09-02,0.0
2010-09-03,-0.001
2010-09-07,-0.012272432139958434
2010-09-08,0.0
2010-09-09,-0.001
2010-09-10,0.005048683736025961
2010-09-13,0.01112307140294222
2010-09-14,-0.0006210078069551761
2010-09-15,0.003817132711939397
2010-09-16,-0.0002652989034310771
2010-09-17,0.00037466249916517924
2010-09-20,0.01529024802204626
2010-09-21,-0.0020138341651343428
2010-09-22,-0.004913142656606473
2010-09-23,-0.008111444189737305
2010-09-24,0.02062222222222232
2010-09-27,-0.0047901062532660355
2010-09-28,0.00350048131618097
2010-09-29,-0.0017441353449028085
2010-09-30,-0.002970210535511386
2010-10-01,0.004205730307544009
2010-10-04,-0.007503708227903361
2010-10-05,0.02013186813186829
2010-10-06,-8.617718028258725e-05
2010-10-07,-0.0012065845040076795
2010-10-08,0.005608766934161791
2010-10-11,0.00094388192895134
2010-10-12,0.0030861551650236407
2010-10-13,0.007777113067259034
2010-10-14,-0.003900949796472153
2010-10-15,0.0020432487655372977
2010-10-18,0.004927782497875954
2010-10-19,-0.01310449780182621
2010-10-20,0.009766126959650512
2010-10-21,0.0022058199711547655
2010-10-22,0.0018623550325911342
2010-10-25,0.0029573299535277098
2010-10-26,0.00016849199663027115
2010-10-27,-0.0028638814016173075
2010-10-28,0.00016894745734097327
2010-10-29,0.0007601351351349539
2010-11-01,0.0003375812304835524
2010-11-02,0.007930481734581996
2010-11-03,0.0040177450405958215
2010-11-04,0.019258024176740385
2010-11-05,0.0037624734173073993
2010-11-08,-0.0018741851368970774
2010-11-09,-0.007184259939586934
2010-11-10,0.004029273908395803
2010-11-11,-0.0037674037674038097
2010-11-12,-0.011838211114764907
2010-11-15,-0.001414309484192966
2010-11-16,-0.015579438473714902
2010-11-17,0.0005077860528097666
2010-11-18,0.014718321772965615
2010-11-19,0.0027509169723241023
2010-11-22,-0.000831324299609304
2010-11-23,-0.014477077959896834
2010-11-24,0.014774166314900805
2010-11-26,-0.011647254575707144
2010-11-29,0.003030303030302939
2010-11-30,-0.005622692178583466
2010-12-01,0.021267617520465798
2010-12-02,0.01280885877200233
2010-12-03,0.002692558746736129
2010-12-06,-0.0010578566197411154
2010-12-07,0.0005702183121536475
2010-12-08,0.0036636000976959515
2010-12-09,0.0038935756002596023
2010-12-10,0.005817711700064621
2010-12-13,0.0006426735218509894
2010-12-14,0.0008831085420679674
2010-12-15,-0.004572070265501105
2010-12-16,0.005801772763900148
2010-12-17,0.0010692031166996685
2010-12-20,0.002413515687851975
2010-12-21,0.0063402889245585126
2010-12-22,0.0031102958768640665
2010-12-23,-0.00143107012243604
2010-12-27,0.0003980891719745916
2010-12-28,0.0014325507361718781
2010-12-29,0.0007152507351189108
2010-12-30,-0.0015883100381194337
2010-12-31,0.0002386255170219176
2011-01-03,0.010337972166998055
2011-01-04,-0.000550964187327696
2011-01-05,0.0051976689242398955
2011-01-06,-0.0019586336571607577
2011-01-07,-0.0019624774315095683
2011-01-10,-0.001258455246185286
2011-01-11,0.0035438651756181105
2011-01-12,0.009024562504904576
2011-01-13,-0.00163322445170333
2011-01-14,0.007244683337228386
2011-01-18,0.001701469450889448
2011-01-19,-0.009805435453983935
2011-01-20,-0.0013255360623780632
2011-01-21,0.0022642098688319123
2011-01-24,0.005686686920620021
2011-01-25,0.0005422153369480931
2011-01-26,0.003870867848571713
2011-01-27,0.002467802884244863
2011-01-28,-0.01746288176013555
2011-01-31,0.007516442217350372
2011-02-01,0.016008703761268395
2011-02-02,-0.001912192137065949
2011-02-03,0.0022223925204996053
2011-02-04,0.0028291787735128526
2011-02-07,0.006252382767823139
2011-02-08,0.00454648783814493
2011-02-09,-0.0022629554197781676
2011-02-10,0.00037801466696896213
2011-02-11,0.005970374848851323
2011-02-14,0.0024040267447975605
2011-02-15,-0.003147717904519398
2011-02-16,0.00631531463799706
2011-02-17,0.002988419872992143
2011-02-18,0.0020856610800745745
2011-02-22,-0.020069872890805085
2011-02-23,-0.00614427672001816
2011-02-24,-0.0006869180277820908
2011-02-25,0.010692736576796813
2011-02-28,0.006196629638026252
2011-03-01,-0.016672925272249395
2011-03-02,0.0021385473153594514
2011-03-03,0.017224296928587624
2011-03-04,-0.007492320371619066
2011-03-07,-0.007850834151128527
2011-03-08,0.00874990489233829
2011-03-09,-0.001433096998039174
2011-03-10,-0.01850592945086471
2011-03-11,0.00692627366476839
2011-03-14,-0.006037908896361799
2011-03-15,-0.011457131872356974
2011-03-16,-0.01851275668948349
2011-03-17,0.013235061023934014
2011-03-18,0.003639686439583567
2011-03-21,0.01549780839073267
2011-03-22,-0.003468475412363281
2011-03-23,0.0028617835872843944
2011-03-24,0.0095634737004473
2011-03-25,0.0030557677616500634
2011-03-28,-0.0024371667936026187
2011-03-29,0.006718582989769795
2011-03-30,0.006901258910966046
2011-03-31,-0.0013557279505912456
2011-04-01,0.004223546270457845
2011-04-04,0.0008261359369132748
2011-04-05,-0.00015008254539983223
2011-04-06,0.0031522065445810377
2011-04-07,-0.002543767768966032
2011-04-08,-0.003450345034503255
2011-04-11,-0.003010687942194834
2011-04-12,-0.007473954401328808
2011-04-13,-7.606298014750656e-05
2011-04-14,0.0007606876616459424
2011-04-15,0.003648525387655699
2011-04-18,-0.011208724628900324
2011-04-19,0.0057444852941175295
2011-04-20,0.013631863529053545
2011-04-21,0.005108940646130655
2011-04-25,-0.0010464942442817149
2011-04-26,0.008605208021550403
2011-04-27,0.006528674233993614
2011-04-28,0.003243163558634965
2011-04-29,0.0023510396003232348
2011-05-02,-0.001539250897896416
2011-05-03,-0.003597122302158251
2011-05-04,-0.00663081116923292
2011-05-05,-0.00904843135800637
2011-05-06,0.004415837137938583
2011-05-09,0.003874813710879499
2011-05-10,0.008536223277909816
2011-05-11,-0.010524766320747836
2011-05-12,0.0047604879500149355
2011-05-13,-0.007699141249630115
2011-05-16,-0.006341390629662769
2011-05-17,-0.00015016142353041495
2011-05-18,0.008935946534504913
2011-05-19,0.0023816612086930977
2011-05-20,-0.007944757944757908
2011-05-23,-0.011600928074246064
2011-05-24,-0.0008329547175527363
2011-05-25,0.003334596438044679
2011-05-26,0.004607598761235954
2011-05-27,0.0038345864661653017
2011-05-31,0.010411205153172176
2011-06-01,-0.022461082283172784
2011-06-02,-0.0010616516266021003
2011-06-03,-0.010944583618006654
2011-06-06,0.0
2011-06-07,0.0
2011-06-08,0.0
2011-06-09,0.0
2011-06-10,0.0
2011-06-13,0.0
2011-06-14,0.0
2011-06-15,0.0
2011-06-16,0.0
2011-06-17,0.0
2011-06-20,0.0
2011-06-21,0.0
2011-06-22,0.0
2011-06-23,0.0
2011-06-24,0.0
2011-06-27,0.0
2011-06-28,0.0
2011-06-29,0.0
2011-06-30,-0.001
2011-07-01,0.014776085473971357
2011-07-05,-0.0008213859020309577
2011-07-06,0.0011957252821164222
2011-07-07,0.010375457191908799
2011-07-08,-0.007092198581560405
2011-07-11,-0.018080357142857162
2011-07-12,-0.004319163446237728
2011-07-13,0.0033485540334856623
2011-07-14,-0.007902305825242761
2011-07-15,-0.001
2011-07-18,-0.009201078289923226
2011-07-19,-0.001
2011-07-20,-0.0006027273412189116
2011-07-21,0.013871089332830877
2011-07-22,0.0006691947356680661
2011-07-25,-0.005572893446277316
2011-07-26,-0.003736083090487896
2011-07-27,-0.021475511887797394
2011-07-28,0.0
2011-07-29,0.0
2011-08-01,0.0
2011-08-02,0.0
2011-08-03,0.0
2011-08-04,0.0
2011-08-05,0.0
2011-08-08,0.0
2011-08-09,0.0
2011-08-10,0.0
2011-08-11,0.0
2011-08-12,0.0
2011-08-15,0.0
2011-08-16,0.0
2011-08-17,0.0
2011-08-18,0.0
2011-08-19,0.0
2011-08-22,0.0
2011-08-23,0.0
2011-08-24,0.0
2011-08-25,0.0
2011-08-26,0.0
2011-08-29,0.0
2011-08-30,0.0
2011-08-31,0.0
2011-09-01,0.0
2011-09-02,0.0
2011-09-06,0.0
2011-09-07,0.0
2011-09-08,0.0
2011-09-09,0.0
2011-09-12,0.0
2011-09-13,0.0
2011-09-14,0.0
2011-09-15,0.0
2011-09-16,0.0
2011-09-19,0.0
2011-09-20,0.0
2011-09-21,0.0
2011-09-22,0.0
2011-09-23,0.0
2011-09-26,0.0
2011-09-27,0.0
2011-09-28,0.0
2011-09-29,0.0
2011-09-30,0.0
2011-10-03,0.0
2011-10-04,0.0
2011-10-05,0.0
2011-10-06,0.0
2011-10-07,0.0
2011-10-10,0.0
2011-10-11,0.0
2011-10-12,0.0
2011-10-13,0.0
2011-10-14,0.0
2011-10-17,0.0
2011-10-18,0.0
2011-10-19,0.0
2011-10-20,0.0
2011-10-21,-0.001
2011-10-24,0.012261030894571201
2011-10-25,-0.019443780380906883
2011-10-26,0.010158472165786137
2011-10-27,0.03483507642799677
2011-10-28,-0.0002332270854388252
2011-10-31,-0.024105754276827374
2011-11-01,-0.02888844621513953
2011-11-02,-0.001
2011-11-03,0.018227276393257608
2011-11-04,-0.006099009900990104
2011-11-07,0.006216130060567426
2011-11-08,0.012830666877871044
2011-11-09,-0.036909602752580484
2011-11-10,0.009418642416368916
2011-11-11,0.0188223938223937
2011-11-14,-0.009474182851729074
2011-11-15,0.0049418141240236135
2011-11-16,-0.0158629441624365
2011-11-17,-0.016876853642811107
2011-11-18,0.0
2011-11-21,0.0
2011-11-22,0.0
2011-11-23,0.0
2011-11-25,0.0
2011-11-28,0.0
2011-11-29,0.0
2011-11-30,-0.001
2011-12-01,-0.00016001280102417859
2011-12-02,-0.0008802112507001469
2011-12-05,0.010892199263174751
2011-12-06,0.0003169069877992925
2011-12-07,0.003722477427530402
2011-12-08,-0.02193640022094201
2011-12-09,0.01694231544977809
2011-12-12,-0.014597381991273362
2011-12-13,-0.009339022622977255
2011-12-14,-0.010646078829743999
2011-12-15,0.003614259898143679
2011-12-16,0.0014836520292789146
2011-12-19,-0.01069166872275673
2011-12-20,0.0302602045057776
2011-12-21,0.0019365770999757448
2011-12-22,0.008858822581944148
2011-12-23,0.008940688113674433
2011-12-27,0.0007912018355882289
2011-12-28,-0.013123567080401521
2011-12-29,0.010334054313866803
2011-12-30,-0.004915953060577238
2012-01-03,0.015936254980079667
2012-01-04,0.0015686274509805198
2012-01-05,0.002662490211432944
2012-01-06,-0.002577319587628857
2012-01-09,0.0024273745203979846
2012-01-10,0.008670520231213619
2012-01-11,0.0005420893673042659
2012-01-12,0.0023993808049536103
2012-01-13,-0.005173345687591535
2012-01-17,0.0038807823657247553
2012-01-18,0.011056131127261448
2012-01-19,0.005276439550355727
2012-01-20,0.0037273695420658726
2012-01-23,-0.002576733611216242
2012-01-24,-0.0011397310234784186
2012-01-25,0.008367564278107364
2012-01-26,-0.005129752564876355
2012-01-27,-0.00045495905368519995
2012-01-30,-0.003413746017296271
2012-01-31,-0.0003806043997870434
2012-02-01,0.008757234236978384
2012-02-02,0.0015852645882086236
2012-02-03,0.014018691588784993
2012-02-06,-0.000668946038352991
2012-02-07,0.0025288211230940494
2012-02-08,0.002967579197269865
2012-02-09,0.0012574894592796149
2012-02-10,-0.007387706855791931
2012-02-13,0.007442691277165681
2012-02-14,-0.0012559101654847638
2012-02-15,-0.004660107996153573
2012-02-16,0.011073127229488833
2012-02-17,0.0026460859977948115
2012-02-21,0.0004398504508467127
2012-02-22,-0.003224151828240651
2012-02-23,0.0044107917371167815
2012-02-24,0.002195711044426618
2012-02-27,0.0016796903527347418
2012-02-28,0.002916302128900705
2012-02-29,-0.0039255597557428246
2012-03-01,0.005181725295577033
2012-03-02,-0.0030494445654540847
2012-03-05,-0.004078362828636051
2012-03-06,-0.014625228519195566
2012-03-07,0.006975881261595429
2012-03-08,0.009949148795047602
2012-03-09,0.0038674839462928823
2012-03-12,7.269026677336754e-05
2012-03-13,0.01802587585404858
2012-03-14,-0.0010709695844639544
2012-03-15,0.0057894360660424304
2012-03-16,0.0013838796894727334
2012-03-19,0.003920171062009814
2012-03-20,-0.002910898118565819
2012-03-21,-0.0016377100541155043
2012-03-22,-0.007203480493545467
2012-03-23,0.003232758620689724
2012-03-26,0.01403508771929829
2012-03-27,-0.003107125203022587
2012-03-28,-0.004958560600694106
2012-03-29,-0.0017085498682993805
2012-03-30,0.004136062183555778
2012-04-02,0.007314821390526305
2012-04-03,-0.004089114495205992
2012-04-04,-0.009910802775024541
2012-04-05,-0.0005005005005007668
2012-04-09,-0.011231132412904965
2012-04-10,-0.016784835769063755
2012-04-11,0.008094186902134037
2012-04-12,0.013065693430657
2012-04-13,-0.01188846458678594
2012-04-16,-0.0006562636721596515
2012-04-17,0.01481211236774893
2012-04-18,-0.003379350014380167
2012-04-19,-0.0064208931534521785
2012-04-20,0.0016700551844319733
2012-04-23,-0.008408843783979658
2012-04-24,0.0038014474742307236
2012-04-25,0.013691646638992028
2012-04-26,0.006968891443350778
2012-04-27,0.0016409817351596967
2012-04-30,-0.0037039675190539967
2012-05-01,0.00622006148566534
2012-05-02,-0.0029842262327698377
2012-05-03,-0.0076254275940705885
2012-05-04,-0.016157989228007152
2012-05-07,0.0007299270072991249
2012-05-08,-0.0040116703136394705
2012-05-09,-0.005931893079458073
2012-05-10,0.0020627670546633503
2012-05-11,-0.003014262608439955
2012-05-14,-0.012061131185015728
2012-05-15,0.0
2012-05-16,0.0
2012-05-17,0.0
2012-05-18,0.0
2012-05-21,0.0
2012-05-22,0.0
2012-05-23,0.0
2012-05-24,0.0
2012-05-25,0.0
2012-05-29,0.0
2012-05-30,0.0
2012-05-31,0.0
2012-06-01,0.0
2012-06-04,0.0
2012-06-05,0.0
2012-06-06,0.0
2012-06-07,0.0
2012-06-08,0.0
2012-06-11,0.0
2012-06-12,0.0
2012-06-13,0.0
2012-06-14,0.0
2012-06-15,0.0
2012-06-18,0.0
2012-06-19,-0.001
2012-06-20,-0.0016212232866618104
2012-06-21,-0.023438736344847833
2012-06-22,0.0
2012-06-25,0.0
2012-06-26,0.0
2012-06-27,0.0
2012-06-28,0.0
2012-06-29,-0.001
2012-07-02,0.0030124908155766406
2012-07-03,0.006592923595341027
2012-07-05,-0.004512044247143687
2012-07-06,-0.009503618685576365
2012-07-09,-0.0022547051442911572
2012-07-10,0.0
2012-07-11,0.0
2012-07-12,0.0
2012-07-13,-0.001
2012-07-16,-0.003357274401473264
2012-07-17,-0.001
2012-07-18,0.0074068641830449256
2012-07-19,0.0026206595326487836
2012-07-20,-0.009148333696362254
2012-07-23,-0.011112112552209341
2012-07-24,0.0
2012-07-25,0.0
2012-07-26,-0.001
2012-07-27,0.018432841301314618
2012-07-30,0.0
2012-07-31,-0.006994519757715589
2012-08-01,-0.0008713964127515794
2012-08-02,-0.006904571553165262
2012-08-03,0.019833138173302345
2012-08-06,0.0019375672766415164
2012-08-07,0.005013608365563416
2012-08-08,0.0012115165336377132
2012-08-09,0.0008541533205210783
2012-08-10,0.001635730033425764
2012-08-13,-0.0004970178926441138
2012-08-14,0.00014207572636215637
2012-08-15,0.001136444349740584
2012-08-16,0.007378503015253779
2012-08-17,0.0013381224029860306
2012-08-20,7.03333802223316e-05
2012-08-21,-0.003024122652788619
2012-08-22,0.0004232505643340101
2012-08-23,-0.008179382315611328
2012-08-24,0.0060429404237167805
2012-08-27,0.0002119991520033171
2012-08-28,-0.0009891196834815874
2012-08-29,0.0007779349363508103
2012-08-30,-0.007207971168115224
2012-08-31,0.004769022706242465
2012-09-04,-0.0009209407764239064
2012-09-05,-0.000850882790895513
2012-09-06,0.020296643247462942
2012-09-07,0.0038951102455309083
2012-09-10,-0.005681424513268252
2012-09-11,0.002787262211692676
2012-09-12,0.0033354179695641584
2012-09-13,0.015236512223838261
2012-09-14,0.004434136025649682
2012-09-17,-0.0033958163542515685
2012-09-18,-0.000817772931716032
2012-09-19,0.000545628154412725
2012-09-20,6.816632583528381e-05
2012-09-21,-0.00041492340020654606
2012-09-24,-0.0015081922259545522
2012-09-25,-0.01064194987984901
2012-09-26,-0.00562109646079112
2012-09-27,0.009421452997417923
2012-09-28,-0.004632190265486669
2012-10-01,0.0026394387719663737
2012-10-02,0.0010391409767924742
2012-10-03,0.004083044982698958
2012-10-04,0.007167964711558339
2012-10-05,6.843221788810361e-05
2012-10-08,-0.003421376762008932
2012-10-09,-0.009887393573194125
2012-10-10,-0.00638002773925106
2012-10-11,0.0005583472920158705
2012-10-12,-0.003278459821428825
2012-10-15,0.008328084540556002
2012-10-16,0.010133259300388442
2012-10-17,0.004534835783976954
2012-10-18,-0.002599179206566271
2012-10-19,-0.01666438074338228
2012-10-22,0.0001394797405678272
2012-10-23,-0.013876298723938474
2012-10-24,-0.00282845424975231
2012-10-25,0.0029073890228334953
2012-10-26,-0.0005656508520116565
2012-10-31,0.0
2012-11-01,0.01047046338875135
2012-11-02,-0.008891689420990057
2012-11-05,0.002048601299802222
2012-11-06,0.007825167430384194
2012-11-07,-0.023663682148852838
2012-11-08,0.0
2012-11-09,0.0
2012-11-12,0.0
2012-11-13,0.0
2012-11-14,0.0
2012-11-15,0.0
2012-11-16,0.0
2012-11-19,0.0
2012-11-20,0.0
2012-11-21,0.0
2012-11-23,-0.001
2012-11-26,-0.002122391227449505
2012-11-27,-0.006104572846508337
2012-11-28,-0.001
2012-11-29,0.004665629860031162
2012-11-30,0.00021108922037704758
2012-12-03,-0.004924375659514757
2012-12-04,-0.0014139271827499078
2012-12-05,0.001769911504424737
2012-12-06,0.003392226148409616
2012-12-07,0.003028595576841875
2012-12-10,0.0004213187276174146
2012-12-11,0.006808450901944374
2012-12-12,0.00048800892359168735
2012-12-13,-0.006131976865723532
2012-12-14,-0.0037159082941877752
2012-12-17,0.011752287121745253
2012-12-18,0.011128886415803008
2012-12-19,-0.0074293182912569256
2012-12-20,0.005752304386998475
2012-12-21,-0.009078324866998666
2012-12-24,-0.003081448280692012
2012-12-26,-0.004214963119072657
2012-12-27,-0.0013403880070547158
2012-12-28,-0.011808137892059811
2012-12-31,-0.001
2013-01-02,0.02563022259672776
2013-01-03,-0.002259345474462715
2013-01-04,0.004391683249845624
2013-01-07,-0.0027328004372481063
2013-01-08,-0.002877303555525068
2013-01-09,0.002542081758845516
2013-01-10,0.007949561403508998
2013-01-11,-6.799020941006262e-05
2013-01-14,-0.0006799483239273707
2013-01-15,0.0006804109682247983
2013-01-16,-0.0001359896647853409
2013-01-17,0.00646038762325718
2013-01-18,0.0022297297297297902
2013-01-22,0.00539337962650821
2013-01-23,0.0016093341380003512
2013-01-24,0.00026779139050669976
2013-01-25,0.005622113647011595
2013-01-28,-0.0011980033277870783
2013-01-29,0.003931498633970909
2013-01-30,-0.003916102482410699
2013-01-31,-0.0024655160924901276
2013-02-01,0.010287241148964732
2013-02-04,-0.011240412589262339
2013-02-05,0.010097632740404094
2013-02-06,0.000728235683548295
2013-02-07,-0.0013231013495632604
2013-02-08,0.00556438791732905
2013-02-11,-0.00019762845849802257
2013-02-12,0.001647229360216107
2013-02-13,0.0008551506380738427
2013-02-14,0.0009201445941504627
2013-02-15,-0.0011819554796768106
2013-02-19,0.007494576293471722
2013-02-20,-0.012463295269168007
2013-02-21,-0.006079027355623157
2013-02-22,0.009772636617471075
2013-02-25,-0.019026927381657677
2013-02-26,0.006845637583892561
2013-02-27,0.012598320223970116
2013-02-28,-0.0019748535316963522
2013-03-01,0.003297935492381887
2013-03-04,0.005325093682203352
2013-03-05,0.00895893277530746
2013-03-06,0.0013610733035194222
2013-03-07,0.0018122977346279878
2013-03-08,0.004264116810957397
2013-03-11,0.0037956767884714804
2013-03-12,-0.0022431583669806354
2013-03-13,0.0014131551901337414
2013-03-14,0.00532392559332906
2013-03-15,-0.001322000242507615
2013-03-18,-0.005518834627478819
2013-03-19,-0.002323030263921888
2013-03-20,0.0069853178966430285
2013-03-21,-0.008542616738390296
2013-03-22,0.008033169214822333
2013-03-25,-0.004177377892030876
2013-03-26,0.00800258147789612
2013-03-27,0.0
2013-03-28,0.0030731801011587567
2013-04-01,-0.003957362609306014
2013-04-02,0.0049343159243830925
2013-04-03,-0.010139012881010045
2013-04-04,0.004058493847838962
2013-04-05,-0.004491210060310724
2013-04-08,0.006767208043310324
2013-04-09,0.003456884962550255
2013-04-10,0.012248803827751065
2013-04-11,0.003277242074746445
2013-04-12,-0.002449902632074785
2013-04-15,-0.02317380352644849
2013-04-16,0.014762764311500698
2013-04-17,-0.014611524045486157
2013-04-18,-0.0062536264586424695
2013-04-19,0.008693395614376653
2013-04-22,0.004437869822485174
2013-04-23,0.01030927835051565
2013-04-24,0.0006337938902267748
2013-04-25,0.004053711679756766
2013-04-26,-0.001766338632349207
2013-04-29,0.006698685540950544
2013-04-30,0.002385436283741438
2013-05-01,-0.008767535070140275
2013-05-02,0.00928733889310096
2013-05-03,0.010140845070422566
2013-05-06,0.0025407448720329295
2013-05-07,0.005068611694894365
2013-05-08,0.004551045510455154
2013-05-09,-0.0028162115832007784
2013-05-10,0.0032539292730844327
2013-05-13,0.0007955449482894839
2013-05-14,0.010333863275039823
2013-05-15,0.0053864310355262734
2013-05-16,-0.004695400915001202
2013-05-17,0.009677029152050265
2013-05-20,-5.9901761111813556e-05
2013-05-21,0.001437728389145132
2013-05-22,-0.007417598851468421
2013-05-23,-0.002892786114626844
2013-05-24,-0.0008461770927771228
2013-05-28,0.005988748412074196
2013-05-29,-0.006494287432351253
2013-05-30,0.003692046967679552
2013-05-31,-0.014352047277332414
2013-06-03,0.005506271030896404
2013-06-04,-0.004806814724672925
2013-06-05,-0.014000978234287254
2013-06-06,0.009053140695727713
2013-06-07,0.01272045719904158
2013-06-10,0.0
2013-06-11,-0.010315533980582714
2013-06-12,-0.008277130594727011
2013-06-13,0.015208655332302978
2013-06-14,-0.006272456001461535
2013-06-17,0.00772153450177715
2013-06-18,0.007905619070785574
2013-06-19,-0.013816821527694034
2013-06-20,-0.02477821963903315
2013-06-21,0.003210880262521254
2013-06-24,-0.012635946438674717
2013-06-25,0.009614160193556431
2013-06-26,0.00990099009900991
2013-06-27,0.005869863869114589
2013-06-28,-0.004097342935187709
2013-07-01,0.005859618501433905
2013-07-02,-0.0009295984134853885
2013-07-03,0.0004342162396873128
2013-07-05,0.010788690476190466
2013-07-08,0.005704821494295187
2013-07-09,0.007197316254955677
2013-07-10,0.00036335008780952194
2013-07-11,0.013620679217870357
2013-07-12,0.0004180602006689238
2013-07-15,0.0038206674228404847
2013-07-16,-0.0037466547725246713
2013-07-17,0.002566857688634183
2013-07-18,0.005477820779994147
2013-07-19,0.0017765144785928388
2013-07-22,0.0019507004788084092
2013-07-23,-0.002123893805309751
2013-07-24,-0.003665602459500872
2013-07-25,0.0024329456444338593
2013-07-26,0.0010655301012254537
2013-07-29,-0.0030749216486311015
2013-07-30,0.0
2013-07-31,0.0007117859896790257
2013-08-01,0.011558295299626486
2013-08-02,0.0016992851283252897
2013-08-05,-0.00146241591108498
2013-08-06,-0.005682483889865253
2013-08-07,-0.003240440699935121
2013-08-08,0.0036647357843715422
2013-08-09,-0.002885747938751404
2013-08-12,-0.0011812651349595304
2013-08-13,0.0029566554313760207
2013-08-14,-0.005129414539236987
2013-08-15,-0.013986013986014179
2013-08-16,-0.0033056857795407124
2013-08-19,-0.006392088283181385
2013-08-20,0.004915943436305081
2013-08-21,-0.006160164271047375
2013-08-22,0.009115216334467657
2013-08-23,0.0033722750812958946
2013-08-26,-0.003721041891729504
2013-08-27,-0.017084337349397627
2013-08-28,-0.001
2013-08-29,0.0015862363492158416
2013-08-30,-0.00316744837668248
2013-09-03,0.004521845401771918
2013-09-04,0.008273009307135482
2013-09-05,0.0012669683257917619
2013-09-06,0.00048204386599182136
2013-09-09,0.009576005781739338
2013-09-10,0.00739724393008423
2013-09-11,0.003138508912180926
2013-09-12,-0.002656434474616498
2013-09-13,0.002249186149748672
2013-09-16,0.005787515502273521
2013-09-17,0.004462450824966213
2013-09-18,0.011574209387969825
2013-09-19,-0.00167581623808144
2013-09-20,-0.006991831472460852
2013-09-23,-0.004627460168697195
2013-09-24,-0.0023539104337081396
2013-09-25,-0.002890343891936542
2013-09-26,0.003845243729295067
2013-09-27,-0.00459661736107031
2013-09-30,-0.005328281333254359
2013-10-01,0.007916195464555686
2013-10-02,-0.0009448446911538566
2013-10-03,-0.009220948102612536
2013-10-04,0.007576661496241366
2013-10-07,-0.008644679969210589
2013-10-08,-0.011646658304963364
2013-10-09,0.0007251631617115617
2013-10-10,0.02155797101449264
2013-10-11,0.006443222793639514
2013-10-14,0.003993891695054597
2013-10-15,-0.0072540072540073774
2013-10-16,0.013965822038892295
2013-10-17,0.006683326553146962
2013-10-18,0.006754416349151304
2013-10-21,5.734273754254282e-05
2013-10-22,0.005791284403669605
2013-10-23,-0.004788780571233109
2013-10-24,0.0033224494472132715
2013-10-25,0.00456751355980578
2013-10-28,0.001591361182153861
2013-10-29,0.005333938602962052
2013-10-30,-0.0049669808658350245
2013-10-31,-0.002836235747915361
2013-11-01,0.0023892144035497775
2013-11-04,0.0035185290278645365
2013-11-05,-0.003166883447378699
2013-11-06,0.005105803596754832
2013-11-07,-0.012643224022125477
2013-11-08,0.013491110730006195
2013-11-11,0.00016921428168537034
2013-11-12,-0.002030227836679388
2013-11-13,0.008024412296564032
2013-11-14,0.0049893485816796534
2013-11-15,0.00435097897026826
2013-11-18,-0.0034990280477646962
2013-11-19,-0.002173670716753895
2013-11-20,-0.0031279673797686147
2013-11-21,0.008068582955118364
2013-11-22,0.005002501250625402
2013-11-25,-0.0009955201592833918
2013-11-26,0.00027680894646509024
2013-11-27,0.0024352446313924414
2013-11-29,-0.0006625441696112011
2013-12-02,-0.002596685082872918
2013-12-03,-0.004320611532709351
2013-12-04,-0.00011126564673158423
2013-12-05,-0.00439548211205687
2013-12-06,0.011176930814798203
2013-12-09,0.0025422792085774137
2013-12-10,-0.0035832414553472747
2013-12-11,-0.011230982019363789
2013-12-12,-0.003301253357206879
2013-12-13,-0.00011227755010367879
2013-12-16,0.0062321037561055
2013-12-17,-0.003180448610646036
2013-12-18,0.01707248810523354
2013-12-19,-0.001155751238304692
2013-12-20,0.005818245274839651
2013-12-23,0.0053425864727914
2013-12-24,0.0021914205883963866
2013-12-26,0.005083911878860814
2013-12-27,-5.438920918099388e-05
2013-12-30,-0.00016317650258357297
2013-12-31,0.004732890871504747
2014-01-02,-0.009583626617575614
2014-01-03,-0.00016400612289513283
2014-01-06,-0.002897916780578269
2014-01-07,0.006141697740732477
2014-01-08,0.00021800741225219689
2014-01-09,0.000653879686137504
2014-01-10,0.002722718362012433
2014-01-13,-0.013305093950255142
2014-01-14,0.010897682866420677
2014-01-15,0.0053901018130342315
2014-01-16,-0.0012996859092386792
2014-01-17,-0.0042294761956402915
2014-01-21,0.002940535830973756
2014-01-22,0.0006515365403410023
2014-01-23,-0.008193163320672991
2014-01-24,-0.021335959297554608
2014-01-27,-0.004919224104198094
2014-01-28,0.005954721644851668
2014-01-29,-0.009605182330932105
2014-01-30,0.010600507471102194
2014-01-31,-0.00585839424203527
2014-02-03,-0.02350533168705804
2014-02-04,0.0
2014-02-05,0.0
2014-02-06,-0.001
2014-02-07,0.012395762902862373
2014-02-10,0.0018365983971504463
2014-02-11,0.010943836453530142
2014-02-12,0.0004945598417409602
2014-02-13,0.005162849453506757
2014-02-14,0.00551882410797222
2014-02-18,0.0011955222258450693
2014-02-19,-0.006621797655232298
2014-02-20,0.005900994426838668
2014-02-21,-0.0011406844106465197
2014-02-24,0.005546794279188694
2014-02-25,-0.0003785625439401974
2014-02-26,5.41008439731705e-05
2014-02-27,0.005247497971328174
2014-02-28,0.0025293294586159476
2014-03-03,-0.007032046808739034
2014-03-04,0.014055573575521674
2014-03-05,0.0009062799872054939
2014-03-06,0.0022902796271637715
2014-03-07,0.00042512488043366936
2014-03-10,-0.0005311802825879175
2014-03-11,-0.004942602040816424
2014-03-12,0.00026705122042414153
2014-03-13,-0.011213156770610855
2014-03-14,-0.0028080786262015822
2014-03-17,0.009043647785118791
2014-03-18,0.007137873665002958
2014-03-19,-0.005328786102525962
2014-03-20,0.005839494267652512
2014-03-21,-0.0038806392218841967
2014-03-24,-0.004135338345864548
2014-03-25,0.004745726150029661
2014-03-26,-0.007192313885459711
2014-03-27,-0.0021084500189219035
2014-03-28,0.00493011160472423
2014-03-31,0.008194511833522045
2014-04-01,0.006630661461954013
2014-04-02,0.003346613545816668
2014-04-03,-0.001323591698432769
2014-04-04,-0.011822085564332285
2014-04-07,-0.011051502145922654
2014-04-08,0.004122816534664064
2014-04-09,0.010750945434899961
2014-04-10,-0.021005932973435337
2014-04-11,-0.010008517143480944
2014-04-14,-0.001
2014-04-15,0.006887504099704511
2014-04-16,0.010477741585233513
2014-04-17,0.0013968731531723844
2014-04-21,0.003487311551048977
2014-04-22,0.004544482463644028
2014-04-23,-0.0023417957315451376
2014-04-24,0.002027207255268282
2014-04-25,-0.008198903263589519
2014-04-28,0.003167105051264052
2014-04-29,0.004655393835616417
2014-04-30,0.002982689747003997
2014-05-01,0.00010620784875992051
2014-05-02,-0.001433653692985759
2014-05-05,0.0019142826757416742
2014-05-06,-0.008703959239995562
2014-05-07,0.005889281507656108
2014-05-08,-0.001064509261230695
2014-05-09,0.0014919011082694666
2014-05-12,0.009736114066822843
2014-05-13,0.000895726855998813
2014-05-14,-0.004737839545167488
2014-05-15,-0.00878028139215059
2014-05-16,0.003468516542155742
2014-05-19,0.0036692369050783658
2014-05-20,-0.0063049697997245024
2014-05-21,0.0084244201546253
2014-05-22,0.0024321894992862525
2014-05-23,0.004008650245266088
2014-05-27,0.006146572104019032
2014-05-28,-0.0007309941520470264
2014-05-29,0.005172954331696289
2014-05-30,0.0016114778811664454
2014-06-02,0.0011417894955367824
2014-06-03,-0.0005184033177811909
2014-06-04,0.0020228215767634783
2014-06-05,0.006522076712045077
2014-06-06,0.004782720493700321
2014-06-09,0.0010236462278636616
2014-06-10,0.00010225994477930378
2014-06-11,-0.003476482617586929
2014-06-12,-0.007079827621588208
2014-06-13,0.0030484654335021233
2014-06-16,0.0008241899757894799
2014-06-17,0.0027793504555049253
2014-06-18,0.007339732074115757
2014-06-19,0.0011209619891980882
2014-06-20,0.0020286554421113934
2014-06-23,-0.0003062161886290271
2014-06-24,-0.006024096385542244
2014-06-25,0.004519774011299438
2014-06-26,-0.0007158196134574579
2014-06-27,0.001944330740892397
2014-06-30,-0.0005106730671023962
2014-07-01,0.006693235234007888
2014-07-02,0.0010150738466223608
2014-07-03,0.004918115905288234
2014-07-07,-0.003481331987890912
2014-07-08,-0.006430054174472177
2014-07-09,0.004484304932735439
2014-07-10,-0.0039569805194805685
2014-07-11,0.0013751655291840414
2014-07-14,0.005035349168404313
2014-07-15,-0.0018724696356274828
2014-07-16,0.003701262485423351
2014-07-17,-0.01136593251161866
2014-07-18,0.010219201880333095
2014-07-21,-0.0018714278488695113
2014-07-22,0.004357960879699974
2014-07-23,0.002219979818365303
2014-07-24,5.034232782930026e-05
2014-07-25,-0.004681600805436781
2014-07-28,0.0004046125834513692
2014-07-29,-0.004297269969666506
2014-07-30,0.00015232292460010122
2014-07-31,-0.019748197786577215
2014-08-01,-0.0030555699414781534
2014-08-04,0.007220779220779239
2014-08-05,-0.009696219505905379
2014-08-06,0.00031248372480607856
2014-08-07,-0.005414692560004153
2014-08-08,0.011568863529288764
2014-08-11,0.002897950734837451
2014-08-12,-0.0013931888544891358
2014-08-13,0.0067689763860900865
2014-08-14,0.004721823034284478
2014-08-15,-0.00020433183489976248
2014-08-18,0.008379317392192887
2014-08-19,0.0052188893392783875
2014-08-20,0.0026715056202428755
2014-08-21,0.0029157450231249715
2014-08-22,-0.0015538847117793075
2014-08-25,0.00507053566946114
2014-08-26,0.0006493506493507883
2014-08-27,-0.0003993410872061842
2014-08-28,-0.0005493133583021059
2014-08-29,0.002848006395523184
2014-09-02,-0.0004982312789596488
2014-09-03,-0.0005483276008176885
2014-09-04,-0.0014463840399001615
2014-09-05,0.004495279956046261
2014-09-08,-0.0025856496444731647
2014-09-09,-0.006331322598335132
2014-09-10,0.003762793497892769
2014-09-11,0.0011495976408257835
2014-09-12,-0.0058412381427858096
2014-09-15,-0.0007532767538793728
2014-09-16,0.00753844607498233
2014-09-17,0.0013467677573824055
2014-09-18,0.005330012453300226
2014-09-19,-0.0009000859763558244
2014-09-22,-0.007722969606377639
2014-09-23,-0.00572432839568171
2014-09-24,0.007827887480430284
2014-09-25,-0.01613549809581072
2014-09-26,0.00794540083528572
2014-09-29,-0.0018191005558362283
2014-09-30,-0.0026323782525057293
2014-10-01,-0.014551923662572519
2014-10-02,0.0
2014-10-03,-0.001
2014-10-06,-0.001170364339507457
2014-10-07,-0.016436344184624807
2014-10-08,-0.001
2014-10-09,-0.020833197721724872
2014-10-10,0.0
2014-10-13,0.0
2014-10-14,0.0
2014-10-15,0.0
2014-10-16,0.0
2014-10-17,0.0
2014-10-20,0.0
2014-10-21,0.0
2014-10-22,0.0
2014-10-23,0.0
2014-10-24,-0.001
2014-10-27,-0.0013745354579240976
2014-10-28,0.011470228384991898
2014-10-29,-0.0015120205634795436
2014-10-30,0.006410579980818731
2014-10-31,0.011435449894673377
2014-11-03,0.0005454725776059544
2014-11-04,-0.003469296723992654
2014-11-05,0.006316208285671587
2014-11-06,0.004003162992982201
2014-11-07,0.0009352695052917692
2014-11-10,0.0031474377889249006
2014-11-11,0.000980488283164993
2014-11-12,-0.0010774806543246696
2014-11-13,0.0011276720925672556
2014-11-14,0.00024486997404360444
2014-11-17,0.0006365060712887338
2014-11-18,0.005773841561873327
2014-11-19,-0.0016054487959134
2014-11-20,0.0017542149887925795
2014-11-21,0.005350715050101984
2014-11-24,0.0028062705631894946
2014-11-25,-0.0007237286500048068
2014-11-26,0.002559026604219916
2014-11-28,-0.0021190522057407124
2014-12-01,-0.006949806949806847
2014-12-02,0.0064638413685849105
2014-12-03,0.0038630547105122925
2014-12-04,-0.0011063543219972383
2014-12-05,0.001637291726861223
2014-12-08,-0.00668269230769214
2014-12-09,-0.0006776051497993096
2014-12-10,-0.0160313847047997
2014-12-11,0.005069895648749823
2014-12-12,-0.016161418286889773
2014-12-15,-0.006869431031908069
2014-12-16,-0.009019648137937875
2014-12-17,-0.001
2014-12-18,0.024728678328955978
2014-12-19,0.004254514622961114
2014-12-22,0.004600038737168299
2014-12-23,0.0013495927121993656
2014-12-24,9.626955475350307e-05
2014-12-26,0.003224719641911733
2014-12-29,0.001343312224141302
2014-12-30,-0.00536604062859336
2014-12-31,-0.009922928709055867
2015-01-02,-0.0005351756349127879
2015-01-05,-0.018059679696247
2015-01-06,-0.009418996628990706
2015-01-07,0.012461215093584332
2015-01-08,0.01774504473333005
2015-01-09,-0.008013598834385682
2015-01-12,-0.007833537331701335
2015-01-13,-0.0028127313101405926
2015-01-14,-0.006037212984956519
2015-01-15,-0.01016060937966734
2015-01-16,-0.001
2015-01-20,0.002132619153895954
2015-01-21,0.005048005542908074
2015-01-22,0.01487098680323018
2015-01-23,-0.0054827753517708855
2015-01-26,0.0023418061179683036
2015-01-27,-0.013190557313214724
2015-01-28,-0.013824306994179802
2015-01-29,-0.001
2015-01-30,-0.013574879944551754
2015-02-02,-0.001
2015-02-03,0.014461172741679906
2015-02-04,-0.003807850029291071
2015-02-05,0.010095070077428048
2015-02-06,-0.002765379390646139
2015-02-09,-0.004475796643152563
2015-02-10,0.010653374383032821
2015-02-11,0.0005802427348775563
2015-02-12,0.009616778620789468
2015-02-13,0.00411640819452419
2015-02-17,0.0015730765563923832
2015-02-18,9.518823473420035e-05
2015-02-19,-0.0007138438109741685
2015-02-20,0.006000571482998485
2015-02-23,-0.00014201855709150557
2015-02-24,0.002840774584536687
2015-02-25,-0.0008498182333223081
2015-02-26,-0.0011813069980626256
2015-02-27,-0.0034061879080330426
2015-03-02,0.006313490933257393
2015-03-03,-0.004103967168262668
2015-03-04,-0.0042156119742327025
2015-03-05,0.0010940398611045676
2015-03-06,-0.014064430295543051
2015-03-09,0.004144578313252989
2015-03-10,-0.016221923593780052
2015-03-11,-0.0023416918723777602
2015-03-12,0.01271393643031793
2015-03-13,-0.006132303235152126
2015-03-16,0.01336054025166411
2015-03-17,-0.0029724805829898227
2015-03-18,0.012021542604346847
2015-03-19,-0.004561436852608569
2015-03-20,0.008825896097117703
2015-03-23,-0.0019485765885651762
2015-03-24,-0.005619047619047746
2015-03-25,-0.01465376879609237
2015-03-26,-0.002381415241057394
2015-03-27,0.0022896672675012386
2015-03-30,0.012199863905900665
2015-03-31,-0.00873949579831923
2015-04-01,-0.0035363077072132487
2015-04-02,0.003597472046670047
2015-04-06,0.006733191242007441
2015-04-07,-0.002646393687148252
2015-04-08,0.003377074488614351
2015-04-09,0.004423502259832679
2015-04-10,0.005457156534226959
2015-04-13,-0.0045229480099029384
2015-04-14,0.0019130517958776405
2015-04-15,0.004487087689149849
2015-04-16,-0.00028513044717959346
2015-04-17,-0.011503541379474291
2015-04-20,0.009136811733589711
2015-04-21,-0.0011913271384322854
2015-04-22,0.0049141221374044974
2015-04-23,0.0025162607415847305
2015-04-24,0.0023205152491001524
2015-04-27,-0.004157807701393734
2015-04-28,0.003178820515253644
2015-04-29,-0.004114642451759298
2015-04-30,-0.010020420762691717
2015-05-01,0.010841408423678311
2015-05-04,0.0028473804100228595
2015-05-05,-0.011451826613666394
2015-05-06,-0.004116802297750133
2015-05-07,0.003989617381272792
2015-05-08,0.013166084167185232
2015-05-11,-0.004772705793403276
2015-05-12,-0.0029913109538958205
2015-05-13,0.00019049433279372252
2015-05-14,0.010427578325873599
2015-05-15,0.0010838320531549872
2015-05-18,0.0031067595556391048
2015-05-19,-0.0003284842796806853
2015-05-20,-0.0007041261794114018
2015-05-21,0.0029124389327321865
2015-05-22,-0.00238875878220135
2015-05-26,-0.010751678482558091
2015-05-27,0.009492168960607561
2015-05-28,-0.0011283497884342353
2015-05-29,-0.006212934199378961
2015-06-01,0.0020365634176378045
2015-06-02,-0.000992579288178752
2015-06-03,0.0026495079485238104
2015-06-04,-0.008446583616459113
2015-06-05,-0.0017132251463378712
2015-06-08,-0.006149592410735649
2015-06-09,-0.00014389869531850064
2015-06-10,0.011993283761093876
2015-06-11,0.0032235126807300674
2015-06-12,-0.0076548693474459695
2015-06-15,-0.004285510213799304
2015-06-16,0.005451676151307927
2015-06-17,0.0016171224732461909
2015-06-18,0.010399354195355981
2015-06-19,-0.0044388680553518745
2015-06-22,0.005123096627294821
2015-06-23,0.0007079144839303719
2015-06-24,-0.007262780607432573
2015-06-25,-0.003040380047505953
2015-06-26,-0.00019060325931574695
2015-06-29,-0.02197035554284621
2015-06-30,0.0
2015-07-01,0.0
2015-07-02,0.0
2015-07-06,0.0
2015-07-07,0.0
2015-07-08,0.0
2015-07-09,0.0
2015-07-10,0.0
2015-07-13,-0.001
2015-07-14,0.004338084568813461
2015-07-15,-0.000332257452060003
2015-07-16,0.008024310336641305
2015-07-17,0.0008478568064058667
2015-07-20,0.0005176957831325435
2015-07-21,-0.003951267698386607
2015-07-22,-0.0017945690672962478
2015-07-23,-0.005629938023371417
2015-07-24,-0.011372062042059206
2015-07-27,0.0
2015-07-28,-0.001
2015-07-29,0.006879090431376245
2015-07-30,0.0002372254115861061
2015-07-31,-0.0015178825538373353
2015-08-03,-0.0033729216152019736
2015-08-04,-0.0019543352876685294
2015-08-05,0.0032954436908967377
2015-08-06,-0.009187746941495711
2015-08-07,0.0
2015-08-10,-0.001
2015-08-11,-0.010023127701002
2015-08-12,0.0
2015-08-13,0.0
2015-08-14,-0.001
2015-08-17,0.005586858943749551
2015-08-18,-0.0028966237713093923
2015-08-19,-0.008905514810934378
2015-08-20,0.0
2015-08-21,0.0
2015-08-24,0.0
2015-08-25,0.0
2015-08-26,0.0
2015-08-27,0.0
2015-08-28,0.0
2015-08-31,0.0
2015-09-01,0.0
2015-09-02,0.0
2015-09-03,0.0
2015-09-04,0.0
2015-09-08,0.0
2015-09-09,0.0
2015-09-10,0.0
2015-09-11,0.0
2015-09-14,0.0
2015-09-15,0.0
2015-09-16,0.0
2015-09-17,0.0
2015-09-18,0.0
2015-09-21,0.0
2015-09-22,0.0
2015-09-23,0.0
2015-09-24,0.0
2015-09-25,0.0
2015-09-28,0.0
2015-09-29,0.0
2015-09-30,0.0
2015-10-01,0.0
2015-10-02,0.0
2015-10-05,0.0
2015-10-06,0.0
2015-10-07,0.0
2015-10-08,0.0
2015-10-09,0.0
2015-10-12,0.0
2015-10-13,0.0
2015-10-14,0.0
2015-10-15,0.0
2015-10-16,-0.001
2015-10-19,0.0004919565110443891
2015-10-20,-0.0012784579829867582
2015-10-21,-0.007203535030279261
2015-10-22,-0.001
2015-10-23,0.010961707103186225
2015-10-26,-0.002457712881306806
2015-10-27,-0.0019323671497584183
2015-10-28,0.011374636979670782
2015-10-29,-0.0005743000717873814
2015-10-30,-0.004309725614135895
2015-11-02,0.011830904631366268
2015-11-03,0.0028993773468319883
2015-11-04,-0.003033175355450113
2015-11-05,-0.0009982886480320863
2015-11-06,-0.0005234356412087138
2015-11-09,-0.009331555894115162
2015-11-10,0.0023068050749710522
2015-11-11,-0.0039317222861525725
2015-11-12,-0.013959757389044092
2015-11-13,-0.012228275727396931
2015-11-16,-0.001
2015-11-17,-0.0007295010213014264
2015-11-18,0.015866063172239153
2015-11-19,-0.0008623580702341593
2015-11-20,0.003644210021577443
2015-11-23,-0.0011466246237638034
2015-11-24,0.0013392643612186728
2015-11-25,-0.00014330069262002976
2015-11-27,0.00114656984521333
2015-11-30,-0.004151555640389493
2015-12-01,0.009535674924529447
2015-12-02,-0.010205050313271347
2015-12-03,-0.01400278137438249
2015-12-04,0.01950294246388795
2015-12-07,-0.0060585821963553554
2015-12-08,-0.006719462443004698
2015-12-09,-0.007779656921961697
2015-12-10,0.0025810850297067756
2015-12-11,-0.020381162869772207
2015-12-14,-0.001
2015-12-15,0.010497782158698898
2015-12-16,0.014632005072428456
2015-12-17,-0.01523818679998079
2015-12-18,-0.018817223750045686
2015-12-21,-0.001
2015-12-22,0.009074230178013565
2015-12-23,0.012383292383292499
2015-12-24,-0.0016503252111446098
2015-12-28,-0.002285103072734329
2015-12-29,0.010671994542176266
2015-12-30,-0.007087753134040531
2015-12-31,-0.010003399213324937
2016-01-04,-0.014979496738117382
2016-01-05,-0.001
2016-01-06,-0.013614223281684712
2016-01-07,0.0
2016-01-08,0.0
2016-01-11,0.0
2016-01-12,0.0
2016-01-13,0.0
2016-01-14,0.0
2016-01-15,0.0
2016-01-19,0.0
2016-01-20,0.0
2016-01-21,0.0
2016-01-22,0.0
2016-01-25,0.0
2016-01-26,0.0
2016-01-27,0.0
2016-01-28,0.0
2016-01-29,0.0
2016-02-01,0.0
2016-02-02,0.0
2016-02-03,0.0
2016-02-04,0.0
2016-02-05,0.0
2016-02-08,0.0
2016-02-09,0.0
2016-02-10,0.0
2016-02-11,0.0
2016-02-12,0.0
2016-02-16,0.0
2016-02-17,0.0
2016-02-18,0.0
2016-02-19,0.0
2016-02-22,0.0
2016-02-23,0.0
2016-02-24,0.0
2016-02-25,0.0
2016-02-26,0.0
2016-02-29,0.0
2016-03-01,0.0
2016-03-02,0.0
2016-03-03,-0.001
2016-03-04,0.0032535789368304258
2016-03-07,0.0007982836900664037
2016-03-08,-0.011917792512089354
2016-03-09,0.0
2016-03-10,-0.001
2016-03-11,0.01613711536534046
2016-03-14,-0.0012823042020122521
2016-03-15,-0.0016296296296296475
2016-03-16,0.005787208784686193
2016-03-17,0.00634405429330176
2016-03-18,0.003927686555287302
2016-03-21,0.0014189255308736382
2016-03-22,-0.0005374505301215526
2016-03-23,-0.006599530700039047
2016-03-24,-0.0004428915899808983
2016-03-28,0.0005907837731391474
2016-03-29,0.009250147608738546
2016-03-30,0.004387675507020239
2016-03-31,-0.0024269488399183414
2016-04-01,0.006811989100817373
2016-04-04,-0.003237966363812128
2016-04-05,-0.009987878787878768
2016-04-06,0.010921200842352707
2016-04-07,-0.011965894777637875
2016-04-08,0.002696739396911285
2016-04-11,-0.002347188264058664
2016-04-12,0.00931281246936555
2016-04-13,0.010101010101010166
2016-04-14,4.807692307684519e-05
2016-04-15,-0.0011057160713425773
2016-04-18,0.007026662816440377
2016-04-19,0.0031542726056204007
2016-04-20,0.000952834683182413
2016-04-21,-0.005378391242265579
2016-04-22,0.0
2016-04-25,-0.0017227353208594254
2016-04-26,0.001486026556732467
2016-04-27,0.002058204097262095
2016-04-28,-0.009075710532600922
2016-04-29,-0.005398891299108088
2016-05-02,0.007948432123297655
2016-05-03,-0.008703178343030138
2016-05-04,-0.00557819169577034
2016-05-05,-0.00019511243353975694
2016-05-06,0.0036590720593256965
2016-05-09,0.0008263659342795382
2016-05-10,0.01243382388654135
2016-05-11,-0.009354761333653094
2016-05-12,0.0002905569007265463
2016-05-13,-0.008714175058094575
2016-05-16,0.009865208048446927
2016-05-17,-0.009333591256407758
2016-05-18,0.00029289724188430455
2016-05-19,-0.00346493582548435
2016-05-20,0.006317335945152047
2016-05-23,-0.0013625967200350253
2016-05-24,0.012962331270405913
2016-05-25,0.00678308558233498
2016-05-26,0.00028669724770646887
2016-05-27,0.004299226139294898
2016-05-31,-0.0019025875190259445
2016-06-01,0.002049180327868827
2016-06-02,0.00304370571170387
2016-06-03,-0.002987056090275386
2016-06-06,0.005088453490583955
2016-06-07,0.0015613910574876488
2016-06-08,0.0032596371882085418
2016-06-09,-0.001365541272307591
2016-06-10,-0.009477555639381574
2016-06-13,-0.007711715142571518
2016-06-14,-0.001966898536819417
2016-06-15,-0.0013939626994806664
2016-06-16,0.0029843561973526
2016-06-17,-0.003722100407754114
2016-06-20,0.00644005423203553
2016-06-21,0.0028385855184027697
2016-06-22,-0.0016311648436000414
2016-06-23,0.01302258529553102
2016-06-24,-0.035909112470945304
2016-06-27,-0.01890986026372765
2016-06-28,-0.001
2016-06-29,0.017027559055118102
2016-06-30,0.013645601471015123
2016-07-01,0.0021004391827383895
2016-07-05,-0.007193216463414642
2016-07-06,0.005997792812245217
2016-07-07,-0.0006200515119718641
2016-07-08,0.014890469145229845
2016-07-11,0.0035269221725842126
2016-07-12,0.007263355201499344
2016-07-13,-0.00013956734124220826
2016-07-14,0.005583472920156485
2016-07-15,-0.0013418471219692751
2016-07-18,0.0026873001899643256
2016-07-19,-0.001016588882214453
2016-07-20,0.004163004764327738
2016-07-21,-0.003777235248053734
2016-07-22,0.004485134322837148
2016-07-25,-0.0027158902596207124
2016-07-26,0.00046157396722823485
2016-07-27,-0.0010611303344867373
2016-07-28,0.0011546277480141143
2016-07-29,0.0016146145684365898
2016-08-01,-0.000829034635224768
2016-08-02,-0.006407301558034484
2016-08-03,0.0029227557411275473
2016-08-04,0.0010639282079747403
2016-08-05,0.008178919643269777
2016-08-08,-0.0005958382986523958
2016-08-09,0.0005961935335931923
2016-08-10,-0.0024750206251719087
2016-08-11,0.004640691049439427
2016-08-12,-0.0008689686713925227
2016-08-15,0.0028838231255148283
2016-08-16,-0.005157697749783141
2016-08-17,0.0018810790970820168
2016-08-18,0.0022438979713330642
2016-08-19,-0.00146212190441386
2016-08-22,-4.575821359931176e-05
2016-08-23,0.002013453530407716
2016-08-24,-0.005114855916335537
2016-08-25,-0.0006885471654809461
2016-08-26,-0.001883325677537906
2016-08-29,0.004924294721340372
2016-08-30,-0.0016486535995604568
2016-08-31,-0.002844036697247865
2016-09-01,4.600239212426693e-05
2016-09-02,0.004508027048162555
2016-09-06,0.003022393185877048
2016-09-07,-9.131169246223703e-05
2016-09-08,-0.0022830007762202342
2016-09-09,-0.023934831357832587
2016-09-12,0.014347336834208635
2016-09-13,-0.014375520014791587
2016-09-14,-0.00037518172864969834
2016-09-15,0.009992962702322306
2016-09-16,-0.003865256774423398
2016-09-19,0.00018746777897549194
2016-09-20,4.6858160348550726e-05
2016-09-21,0.011245431543435602
2016-09-22,0.006301547585951139
2016-09-23,-0.005479325904779397
2016-09-26,-0.008102226954951552
2016-09-27,0.00620799103808789
2016-09-28,0.004963584914412955
2016-09-29,-0.009047267355982158
2016-09-30,0.00754611514812753
2016-10-03,-0.00240406842348595
2016-10-04,-0.005097784780795145
2016-10-05,0.004425190981926619
2016-10-06,0.0006956360432222031
2016-10-07,-0.0034294188525350044
2016-10-10,0.005208333333333481
2016-10-11,-0.012629533678756522
2016-10-12,0.0013119055428010284
2016-10-13,-0.0032754667540125793
2016-10-14,0.0005164076803907403
2016-10-17,-0.004472222222222321
2016-10-18,-0.001
2016-10-19,0.0026671657854100417
2016-10-20,-0.0018667164457719654
2016-10-21,0.00046755189826064303
2016-10-24,0.004252733900364625
2016-10-25,-0.0033505514449253537
2016-10-26,-0.0020077508521266774
2016-10-27,-0.003666791428838855
2016-10-28,0.0
2016-10-31,0.0
2016-11-01,0.0
2016-11-02,0.0
2016-11-03,0.0
2016-11-04,0.0
2016-11-07,0.0
2016-11-08,-0.001
2016-11-09,0.010602026995469416
2016-11-10,0.002495609575746238
2016-11-11,-0.0023049972340033476
2016-11-14,0.0007855096571482978
2016-11-15,0.007802760976960865
2016-11-16,-0.0018783214220265965
2016-11-17,0.005140680222150751
2016-11-18,-0.002237545093383364
2016-11-21,0.007551487414187763
2016-11-22,0.0019532137179196774
2016-11-23,0.0005440203100914864
2016-11-25,0.003715450838242207
2016-11-28,-0.0046948356807513525
2016-11-29,0.00195029027576199
2016-11-30,-0.0023991670816169153
2016-12-01,-0.003675469643343421
2016-12-02,0.0005009791865919766
2016-12-05,0.006008739985433387
2016-12-06,0.0031674208144794047
2016-12-07,0.013080739738385194
2016-12-08,0.0024487978628673357
2016-12-09,0.006040417499444839
2016-12-12,-0.0011478521919561224
2016-12-13,0.0066740331491712546
2016-12-14,-0.00825430277485073
2016-12-15,0.004117230387816528
2016-12-16,-0.0019561287339997513
2016-12-19,0.0021773906861004555
2016-12-20,0.0038575799228484087
2016-12-21,-0.0027826855123674887
2016-12-22,-0.001727421712362176
2016-12-23,0.0014641938060164783
2016-12-27,0.0024810597669577827
2016-12-28,-0.008264462809917328
2016-12-29,-0.00022281639928711794
2016-12-30,-0.003655003342990848
2017-01-03,0.007649979868474155
2017-01-04,0.005949209731841654
2017-01-05,-0.0007944213964163893
2017-01-06,0.003577738515901041
2017-01-09,-0.0033009110514501394
2017-01-10,0.0
2017-01-11,0.0028261061556122957
2017-01-12,-0.002509907529722577
2017-01-13,0.002295501699554281
2017-01-17,-0.0035234529839243134
2017-01-18,0.0022099447513812542
2017-01-19,-0.003704520396912936
2017-01-20,0.003674029480766894
2017-01-23,-0.0026020993208080156
2017-01-24,0.006411673667919393
2017-01-25,0.008655536028119526
2017-01-26,-0.0010454327656053142
2017-01-27,-0.0015697902585793955
2017-01-30,-0.006201685810368063
2017-01-31,-8.78927708197752e-05
2017-02-01,0.0003955522348702001
2017-02-02,0.0006589930586065051
2017-02-03,0.006892918294771011
2017-02-06,-0.0017877387285253343
2017-02-07,4.368147468647443e-05
2017-02-08,0.0013103870009609775
2017-02-09,0.005932647007502956
2017-02-10,0.0039462272333044
2017-02-13,0.005442529480368163
2017-02-14,0.003995360226833222
2017-02-15,0.005220367993153507
2017-02-16,-0.0008513536523070409
2017-02-17,0.0015763462849351928
2017-02-21,0.00595516610659752
2017-02-22,-0.0008879868070531538
2017-02-23,0.0006771626883357307
2017-02-24,0.0012688208424971315
2017-02-27,0.0015628960040550144
2017-02-28,-0.0026991691619923097
2017-03-01,0.013997547257580178
2017-03-02,-0.006297439319376097
2017-03-03,0.0006295379191672001
2017-03-06,-0.0029779380924417342
2017-03-07,-0.0029868326953009783
2017-03-08,-0.0018565400843882918
2017-03-09,0.001268177206628529
2017-03-10,0.0035041796842014694
2017-03-13,0.0005048592704783861
2017-03-14,-0.0038265842479289214
2017-03-15,0.008653440270156132
2017-03-16,-0.00196693869010256
2017-03-17,-0.0017556768907640574
2017-03-20,-0.0010969075644432502
2017-03-21,-0.012839464459179828
2017-03-22,0.0023531425148675122
2017-03-23,-0.0010670991975414434
2017-03-24,-0.0007264025979574207
2017-03-27,-0.0010262550243735902
2017-03-28,0.007276774248780038
2017-03-29,0.0009348971613123425
2017-03-30,0.0031841725396959397
2017-03-31,-0.0023276482288711042
2017-04-03,-0.0017392042080258685
2017-04-04,0.0006374027960736051
2017-04-05,-0.0029726516052318575
2017-04-06,0.0028111423460259743
2017-04-07,-0.0010193679918450993
2017-04-10,0.0005952380952380931
2017-04-11,-0.0011897679952409534
2017-04-12,-0.004381859950650879
2017-04-13,-0.006494893817032055
2017-04-17,0.008859833985635168
2017-04-18,-0.0029841838257235187
2017-04-19,-0.0018386282977722601
2017-04-20,0.008139136394790913
2017-04-21,-0.003186878558680939
2017-04-24,0.010997911249413628
2017-04-25,0.005818611122823336
2017-04-26,-0.0006287989939216532
2017-04-27,0.000838926174496768
2017-04-28,-0.0021793797150041483
2017-05-01,0.002520161290322509
2017-05-02,0.00037707390648566985
2017-05-03,-0.0012145579427902398
2017-05-04,0.0011741026501173035
2017-05-05,0.003937007874015741
2017-05-08,-0.00016687526074254944
2017-05-09,-0.0009179671200867379
2017-05-10,0.0017958569996658902
2017-05-11,-0.0020427731687997497
2017-05-12,-0.0016709833737155178
2017-05-15,0.005523474767763048
2017-05-16,-0.0009155222638368432
2017-05-17,-0.01774408530489846
2017-05-18,0.004028496310745533
2017-05-19,0.006504202390505531
2017-05-22,0.0050774201670094055
2017-05-23,0.0022127588510354457
2017-05-24,0.002332847323474274
2017-05-25,0.004779518723244891
2017-05-26,-0.00020681667769673062
2017-05-30,-0.0008688097306690512
2017-05-31,-0.00024844720496908224
2017-06-01,0.007952286282306265
2017-06-02,0.003328402366863825
2017-06-05,-0.0007371913011425812
2017-06-06,-0.0031968523300135443
2017-06-07,0.0018502528678918662
2017-06-08,0.0004924895345974623
2017-06-09,-0.0015177619164821188
2017-06-12,-0.0002054147323444777
2017-06-13,0.00488987508218286
2017-06-14,-0.0012676344305868614
2017-06-15,-0.0019243367179824222
2017-06-16,0.00021893186396004793
2017-06-19,0.008325090669304425
2017-06-20,-0.0067440529714706265
2017-06-21,-0.0002469034196124209
2017-06-22,-0.0004527680592714134
2017-06-23,0.0011942019436665952
2017-06-26,0.000658084152511007
2017-06-27,-0.008056229191499842
2017-06-28,0.008950399867401426
2017-06-29,-0.008788861965583927
2017-06-30,0.0018645121193288094
2017-07-03,0.0016956162117451878
2017-07-05,0.0023120432682381953
2017-07-06,-0.009144457717180754
2017-07-07,0.006485138224901377
2017-07-10,0.0010738920325470414
2017-07-11,-0.0007426661715560501
2017-07-12,0.007514761137949577
2017-07-13,0.001680259005778506
2017-07-14,0.004664102773913825
2017-07-17,-0.00012216973448453405
2017-07-18,0.0005294668675925873
2017-07-19,0.005413986811039662
2017-07-20,0.0004453621604114666
2017-07-21,-0.0008903278025091943
2017-07-24,-0.00024303305249506746
2017-07-25,0.0024309213191799905
2017-07-26,4.041710451874181e-05
2017-07-27,-0.0009295558339733612
2017-07-28,-0.0011731391585759754
2017-07-31,-0.0005670082216192585
2017-08-01,0.0022287960449001165
2017-08-02,0.0004852013585636694
2017-08-03,-0.0019398642095052043
2017-08-04,0.0018221574344021718
2017-08-07,0.0018592619538420063
2017-08-08,-0.0024609674426111505
2017-08-09,-4.044325810881322e-05
2017-08-10,-0.014115267947421684
2017-08-11,0.0014768624876928538
2017-08-14,0.009913157463542488
2017-08-15,-0.00012168410805546426
2017-08-16,0.0017443511419414914
2017-08-17,-0.015590831780999403
2017-08-18,-0.0015632070426589983
2017-08-21,0.0007828272423879845
2017-08-22,0.010456978180320986
2017-08-23,-0.003585397653194211
2017-08-24,-0.0023307163886162607
2017-08-25,0.0023361613180867824
2017-08-28,4.0889761203866115e-05
2017-08-29,0.001144866500388364
2017-08-30,0.004737594445578974
2017-08-31,0.006016015609121572
2017-09-01,0.0014141985534767976
2017-09-05,-0.007182052937378947
2017-09-06,0.003413801511826353
2017-09-07,-0.00012150668286747823
2017-09-08,-0.0011747073358447935
2017-09-11,0.010665909643928995
2017-09-12,0.003370651257975199
2017-09-13,0.0004799040191960646
2017-09-14,-0.0003197825478674643
2017-09-15,0.0013444352007909721
2017-09-18,0.002126891127252284
2017-09-19,0.0010011212558063143
2017-09-20,0.00036004320518467914
2017-09-21,-0.002679356954330969
2017-09-22,0.0002004891936324693
2017-09-25,-0.0020445798588839548
2017-09-26,0.0006025790382839791
2017-09-27,0.003894331138590168
2017-09-28,0.0011997600479902726
2017-09-29,0.0035150788895546015
2017-10-02,0.004338653823189764
2017-10-03,0.0021401395053899375
2017-10-04,0.0011864272720081281
2017-10-05,0.005925106651919698
2017-10-06,-0.001138773266315951
2017-10-09,-0.0016511381059087782
2017-10-10,0.0026383146288639914
2017-10-11,0.0015709685020814934
2017-10-12,-0.0014900792094737492
2017-10-13,0.001217404963870461
2017-10-16,0.0013335948225141614
2017-10-17,0.000705080496690158
2017-10-18,0.0009785884839705883
2017-10-19,0.00027373689973408943
2017-10-20,0.005160483208882294
2017-10-23,-0.0038893858659717617
2017-10-24,0.0017570575143492917
2017-10-25,-0.00495010913626448
2017-10-26,0.0012926475772652157
2017-10-27,0.008176199045458077
2017-10-30,-0.0037251173800006976
2017-10-31,0.0015579357351509504
2017-11-01,0.0013221854948475276
2017-11-02,0.00038836459668312173
2017-11-03,0.0033386389223184487
2017-11-06,0.0015476881408396093
2017-11-07,-0.000695383426694951
2017-11-08,0.001701009007615939
2017-11-09,-0.0036278028636486104
2017-11-10,-0.00030987333927268157
2017-11-13,0.0009299081715681279
2017-11-14,-0.002322610614330367
2017-11-15,-0.005005238039809234
2017-11-16,0.008501013882389774
2017-11-17,-0.0029386745031318995
2017-11-20,0.001706352284185142
2017-11-21,0.00654277971351136
2017-11-22,-0.0008846494095927637
2017-11-24,0.0023098244533417134
2017-11-27,-0.0004993086495621579
2017-11-28,0.010144871844137704
2017-11-29,-0.0006086658804732581
2017-11-30,0.00875490084123176
2017-12-01,-0.0020753933813819625
2017-12-04,-0.0012100128563865553
2017-12-05,-0.0035965775724994264
2017-12-06,0.00018997682282773098
2017-12-07,0.003153016258927277
2017-12-08,0.0054530995569355145
2017-12-11,0.0030130691876013582
2017-12-12,0.0017648605009199514
2017-12-13,-0.00011245220781164189
2017-12-14,-0.004086223055295046
2017-12-15,0.008328633336166957
2017-12-18,0.0063412254699635184
2017-12-19,-0.0038404175988067113
2017-12-20,-0.0005240109293710438
2017-12-21,0.0020596936673782373
2017-12-22,-0.0002616040062785041
2017-12-26,-0.0011962169638517484
2017-12-27,0.00048654515513302243
2017-12-28,0.002057459224898972
2017-12-29,-0.003770485683353808
2018-01-02,0.007157310949561291
2018-01-03,0.006325110689437308
2018-01-04,0.00421488519983737
2018-01-05,0.006663966716983882
2018-01-08,0.0018286884646332435
2018-01-09,0.0022634345794392274
2018-01-10,-0.0015298317185110655
2018-01-11,0.007296074711804934
2018-01-12,0.006518904823989757
2018-01-16,-0.0034182498560736407
2018-01-17,0.009531718236632125
2018-01-18,-0.001680912699831949
2018-01-19,0.004549688328437496
2018-01-22,0.008130951107307105
2018-01-23,0.002122466305847448
2018-01-24,-0.0003882946803629439
2018-01-25,0.00042375874002398284
2018-01-26,0.011577832686198386
2018-01-29,-0.006629911368553287
2018-01-30,-0.010257130813545068
2018-01-31,0.0004968767745598957
2018-02-01,-0.001135154310038966
2018-02-02,-0.02177001207472118
2018-02-05,-0.04182247231802494
2018-02-06,0.0197021937634978
2018-02-07,-0.005424887600787631
2018-02-08,-0.03850887286584237
2018-02-09,0.0
2018-02-12,-0.001
2018-02-13,0.0024873746890783366
2018-02-14,0.013496240601503784
2018-02-15,0.012760117215030231
2018-02-16,0.0002930080943486235
2018-02-20,-0.006261213430486023
2018-02-21,-0.004974207811348386
2018-02-22,0.0012960562858728153
2018-02-23,0.015939349112426227
2018-02-26,0.01161224564085761
2018-02-27,-0.012486505937387427
2018-02-28,-0.010130087818387201
2018-03-01,-0.014540769372354156
2018-03-02,0.005155024280911524
2018-03-05,0.011557900995986303
2018-03-06,0.0025349939380578945
2018-03-07,-0.00036646144825580595
2018-03-08,0.004839064447540231
2018-03-09,0.017402407880335646
2018-03-12,-0.0012550650840894573
2018-03-13,-0.006462731581214687
2018-03-14,-0.005131540907776899
2018-03-15,-0.0010897203051216664
2018-03-16,0.0010835213985436187
2018-03-19,-0.01353026987600281
2018-03-20,0.0017006173980551598
2018-03-21,-0.0019191732792027683
2018-03-22,-0.025997226639056348
2018-03-23,0.0
2018-03-26,0.0
2018-03-27,0.0
2018-03-28,0.0
2018-03-29,0.0
2018-04-02,0.0
2018-04-03,0.0
2018-04-04,0.0
2018-04-05,0.0
2018-04-06,0.0
2018-04-09,0.0
2018-04-10,0.0
2018-04-11,0.0
2018-04-12,0.0
2018-04-13,0.0
2018-04-16,0.0
2018-04-17,-0.001
2018-04-18,0.0007402198452941544
2018-04-19,-0.005547542438699704
2018-04-20,-0.00947930380452966
2018-04-23,0.0
2018-04-24,0.0
2018-04-25,0.0
2018-04-26,0.0
2018-04-27,0.0
2018-04-30,0.0
2018-05-01,0.0
2018-05-02,0.0
2018-05-03,0.0
2018-05-04,0.0
2018-05-07,0.0
2018-05-08,0.0
2018-05-09,-0.001
2018-05-10,0.00935064935064922
2018-05-11,0.0030512462318947886
2018-05-14,0.000476452263148186
2018-05-15,-0.006886951425012722
2018-05-16,0.0042050903725561195
2018-05-17,-0.0008448427857773444
2018-05-18,-0.002499908091614156
2018-05-21,0.0075185198835365785
2018-05-22,-0.0027801148626404038
2018-05-23,0.002751183008693703
2018-05-24,-0.0020485806262804385
2018-05-25,-0.0023826979472141296
2018-05-29,-0.012501010472166119
2018-05-30,-0.001
2018-05-31,-0.00612596749935812
2018-06-01,0.009817671809256856
2018-06-04,0.0047514619883037845
2018-06-05,0.0007275372862860507
2018-06-06,0.008360596146855359
2018-06-07,-0.00010814708002870876
2018-06-08,0.0029563399069834073
2018-06-11,0.0013300262410582686
2018-06-12,0.001292360712234375
2018-06-13,-0.003190879105119948
2018-06-14,0.002517713915764608
2018-06-15,-0.0012772968919375627
2018-06-18,-0.0020567964493197755
2018-06-19,-0.003832803008388841
2018-06-20,0.0017059891107080727
2018-06-21,-0.00626879733304353
2018-06-22,0.0018232205367560983
2018-06-25,-0.013612870350149242
2018-06-26,0.0022140221402215943
2018-06-27,-0.008284241531664294
2018-06-28,0.005717467978466617
2018-06-29,0.0014396987707188114
2018-07-02,0.002138012385727084
2018-07-03,-0.003531229309203354
2018-07-05,0.0081579918789223
2018-07-06,0.008458130423638854
2018-07-09,0.009004429598431285
2018-07-10,0.003598416696653395
2018-07-11,-0.007314449623520791
2018-07-12,0.009065953911724378
2018-07-13,0.0007874861295056323
2018-07-16,-0.0008941664580277564
2018-07-17,0.00404524951671803
2018-07-18,0.002103611794487703
2018-07-19,-0.003771436703906672
2018-07-20,-0.0011428571428571122
2018-07-23,0.0018592677345536934
2018-07-24,0.005032119914346822
2018-07-25,0.008522424629807235
2018-07-26,-0.002359071863666906
2018-07-27,-0.006776311145619829
2018-07-30,-0.0052235093454624515
2018-07-31,0.004929451687801345
2018-08-01,-0.001670635908008311
2018-08-02,0.005447553941465344
2018-08-03,0.004284854279542616
2018-08-06,0.0036671368124117087
2018-08-07,0.003302417088251852
2018-08-08,-0.0004201974928216279
2018-08-09,-0.0013662159321795597
2018-08-10,-0.006700108745220423
2018-08-13,-0.0037434665913264054
2018-08-14,0.006380716058135283
2018-08-15,-0.00746741810496665
2018-08-16,0.008091418837391062
2018-08-17,0.003520383017672435
2018-08-20,0.002139900371851633
2018-08-21,0.0023453635313470667
2018-08-22,-0.0005936997974433922
2018-08-23,-0.0013278820281651393
2018-08-24,0.006018405122642401
2018-08-27,0.007895377552084915
2018-08-28,0.00048312512940884567
2018-08-29,0.005380794701986602
2018-08-30,-0.004048305201042823
2018-08-31,3.444712366507119e-05
2018-09-04,-0.0017222968550860696
2018-09-05,-0.0026914185155790804
2018-09-06,-0.0030100681590145006
2018-09-07,-0.0019433647973349233
2018-09-10,0.00173852573018074
2018-09-11,0.0032974661575841946
2018-09-12,0.00024217263449211046
2018-09-13,0.005914499169894727
2018-09-14,0.00017192174122371284
2018-09-17,-0.005294279427943027
2018-09-18,0.005426142254786992
2018-09-19,0.0010656216699320709
2018-09-20,0.008103839022045145
2018-09-21,-0.0009149127075965824
2018-09-24,-0.003322031576423856
2018-09-25,-0.000927771287196677
2018-09-26,-0.0029922613929492803
2018-09-27,0.002794259693666312
2018-09-28,0.00010320272455199841
2018-10-01,0.0034741331865710823
2018-10-02,-0.0005827306070681493
2018-10-03,0.000548772122376251
2018-10-04,-0.007815713698066773
2018-10-05,-0.005597014925373012
2018-10-08,0.0
2018-10-09,-0.0014592453616844026
2018-10-10,-0.032663187195546284
2018-10-11,0.0
2018-10-12,0.0
2018-10-15,0.0
2018-10-16,0.0
2018-10-17,0.0
2018-10-18,0.0
2018-10-19,0.0
2018-10-22,0.0
2018-10-23,0.0
2018-10-24,0.0
2018-10-25,0.0
2018-10-26,0.0
2018-10-29,0.0
2018-10-30,0.0
2018-10-31,0.0
2018-11-01,0.0
2018-11-02,0.0
2018-11-05,0.0
2018-11-06,0.0
2018-11-07,-0.001
2018-11-08,-0.002814882032667886
2018-11-09,0.0
2018-11-12,0.0
2018-11-13,0.0
2018-11-14,0.0
2018-11-15,0.0
2018-11-16,0.0
2018-11-19,0.0
2018-11-20,0.0
2018-11-21,0.0
2018-11-23,0.0
2018-11-26,0.0
2018-11-27,0.0
2018-11-28,0.0
2018-11-29,0.0
2018-11-30,0.0
2018-12-03,0.0
2018-12-04,0.0
2018-12-06,0.0
2018-12-07,0.0
2018-12-10,0.0
2018-12-11,0.0
2018-12-12,0.0
2018-12-13,0.0
2018-12-14,0.0
2018-12-17,0.0
2018-12-18,0.0
2018-12-19,0.0
2018-12-20,0.0
2018-12-21,0.0
2018-12-24,0.0
2018-12-26,0.0
2018-12-27,0.0
2018-12-28,0.0
2018-12-31,0.0
2019-01-02,0.0
2019-01-03,0.0
2019-01-04,0.0
2019-01-07,0.0
2019-01-08,0.0
2019-01-09,0.0
2019-01-10,0.0
2019-01-11,0.0
2019-01-14,0.0
2019-01-15,0.0
2019-01-16,0.0
2019-01-17,0.0
2019-01-18,0.0
2019-01-22,0.0
2019-01-23,0.0
2019-01-24,0.0
2019-01-25,0.0
2019-01-28,0.0
2019-01-29,0.0
2019-01-30,0.0
2019-01-31,-0.001
2019-02-01,0.00048160634238514355
2019-02-04,0.007035473598459463
2019-02-05,0.004191792910722469
2019-02-06,-0.001318198462101905
2019-02-07,-0.009532888465204947
2019-02-08,0.0012215888058044744
2019-02-11,0.0005545901578731804
2019-02-12,0.012859359988175445
2019-02-13,0.0032469901495804088
2019-02-14,-0.002218262482272193
2019-02-15,0.010897295721262523
2019-02-19,0.0017305404333560759
2019-02-20,0.0020154759762460728
2019-02-21,-0.0035559067562228597
2019-02-22,0.0061999855814287574
2019-02-25,0.0013613240667764703
2019-02-26,-0.0007155123068116609
2019-02-27,-0.0004296147787483662
2019-02-28,-0.0018624641833809852
2019-03-01,0.006243720396153174
2019-03-04,-0.003637401041295285
2019-03-05,-0.0013600572655690923
2019-03-06,-0.006056913482904491
2019-03-07,-0.008365485162081243
2019-03-08,-0.0019999272753717934
2019-03-11,0.014501202360999832
2019-03-12,0.0037710099123691165
2019-03-13,0.006619199255787134
2019-03-14,-0.0006397952655149419
2019-03-15,0.004941004593771003
2019-03-18,0.003625893142796155
2019-03-19,0.00024793681153267855
2019-03-20,-0.003009915014164144
2019-03-21,0.011294619072988787
2019-03-22,-0.019246303515611296
2019-03-25,-0.0007520143240822286
2019-03-26,0.007454128440366858
2019-03-27,-0.005229083665338696
2019-03-28,0.003790452351153384
2019-03-29,0.006305439777706701
2019-04-01,0.011859246672330626
2019-04-02,0.0004898016303398478
2019-04-03,0.0015735916354859825
2019-04-04,0.0026534459884086647
2019-04-05,0.004840169928267857
2019-04-08,0.0007623800117824153
2019-04-09,-0.005124831192215962
2019-04-10,0.003410949845115141
2019-04-11,-0.00027749835235379994
2019-04-12,0.006765899864682234
2019-04-15,-0.0006548111386821542
2019-04-16,0.0006552401972617083
2019-04-17,-0.0024469258340228395
2019-04-18,0.0019692520297114324
2019-04-22,0.0008620095165849939
2019-04-23,0.00899162848382562
2019-04-24,-0.0022193389784211925
2019-04-25,-0.000615953187557694
2019-04-26,0.004656736860126687
2019-04-29,0.0015677720595752564
2019-04-30,0.0005104297818763204
2019-05-01,-0.007516495476498131
2019-05-02,-0.002158939035673879
2019-05-03,0.009787760148361802
2019-05-06,-0.004115226337448541
2019-05-07,-0.01669967898367608
2019-05-08,-0.0013892265481193489
2019-05-09,-0.0030257712238720424
2019-05-10,0.005023372636572931
2019-05-13,-0.025130163137799477
2019-05-14,0.009043651641386985
2019-05-15,0.0058574453069866195
2019-05-16,0.009261208166701618
2019-05-17,-0.006465067778936295
2019-05-20,-0.006612090680100713
2019-05-21,0.009015671773199507
2019-05-22,-0.003071446022826385
2019-05-23,-0.012218604488324125
2019-05-24,0.002268377401290156
2019-05-28,-0.00930051630242601
2019-05-29,-0.007710690701409949
2019-05-30,-0.001
2019-05-31,-0.014475253556965217
2019-06-03,0.0
2019-06-04,-0.001
2019-06-05,0.008662175168431263
2019-06-06,0.006502685891998983
2019-06-07,0.010007022471909988
2019-06-10,0.004588910133843438
2019-06-11,-0.00024223967885961262
2019-06-12,-0.0017653167185877061
2019-06-13,0.004126356669787334
2019-06-14,-0.001105048691207977
2019-06-17,0.0003802807163109101
2019-06-18,0.010471023257420997
2019-06-19,0.0022571819425447615
2019-06-20,0.009554357469460095
2019-06-21,-0.0014548870224322386
2019-06-24,-0.001224489795918382
2019-06-25,-0.009807928075193928
2019-06-26,-0.000997386160407121
2019-06-27,0.0035459772093502373
2019-06-28,0.005145797598627766
2019-07-01,0.00907849829351548
2019-07-02,0.0026043428262192414
2019-07-03,0.007995142192085636
2019-07-05,-0.0011378848728246238
2019-07-08,-0.0054948736849158575
2019-07-09,0.0012465467286570941
2019-07-10,0.004778088091793142
2019-07-11,0.0023441947690967524
2019-07-12,0.004476963683137658
2019-07-15,0.0003326126725431422
2019-07-16,-0.00322527015793872
2019-07-17,-0.0068049903262389355
2019-07-18,0.0036609122052795318
2019-07-19,-0.005554997824850028
2019-07-22,0.002456506376821377
2019-07-23,0.0071500503524672965
2019-07-24,0.004699530046995415
2019-07-25,-0.004777070063694322
2019-07-26,0.006699999999999928
2019-07-29,-0.0018211317506043878
2019-07-30,-0.00245472036090999
2019-07-31,-0.010940409683426577
2019-08-01,-0.008707931277947889
2019-08-02,-0.00752950752950754
2019-08-05,-0.031073132390130542
2019-08-06,0.0
2019-08-07,0.0
2019-08-08,-0.001
2019-08-09,-0.006811525100470006
2019-08-12,-0.013173376311638507
2019-08-13,-0.001
2019-08-14,-0.030567595282857685
2019-08-15,0.0
2019-08-16,0.0
2019-08-19,-0.001
2019-08-20,-0.007662573119419647
2019-08-21,0.008135406253231725
2019-08-22,-0.0003077449136604793
2019-08-23,-0.026687508551101247
2019-08-26,0.0
2019-08-27,0.0
2019-08-28,0.0
2019-08-29,-0.001
2019-08-30,-0.0004443229202268917
2019-09-03,-0.0058471533595486624
2019-09-04,0.011350347389420312
2019-09-05,0.012855393823969496
2019-09-06,0.0007722785575179358
2019-09-09,0.0005032712632107028
2019-09-10,-0.00023474178403748436
2019-09-11,0.007110991849193171
2019-09-12,0.0034637801831807202
2019-09-13,-0.0006638122738891195
2019-09-16,-0.0030887774419607883
2019-09-17,0.0025319829424308438
2019-09-18,0.000598165625415481
2019-09-19,-6.64231152441852e-05
2019-09-20,-0.004726049744077865
2019-09-23,-0.00023467882526484463
2019-09-24,-0.007846819355487589
2019-09-25,0.00591475986074963
2019-09-26,-0.0020831933337813746
2019-09-27,-0.005387205387205496
2019-09-30,0.004637779282329113
2019-10-01,-0.011894733295144122
2019-10-02,-0.018664711499113418
2019-10-03,0.0
2019-10-04,-0.001
2019-10-07,-0.004314591472736717
2019-10-08,-0.01652477139347608
2019-10-09,-0.001
2019-10-10,0.006763484052597413
2019-10-11,0.010366934933842442
2019-10-14,-0.0011138112596194016
2019-10-15,0.009900321000169132
2019-10-16,-0.0016059957173447659
2019-10-17,0.0029490616621983268
2019-10-18,-0.004377171879176522
2019-10-21,0.006779205960331547
2019-10-22,-0.0032667755591854197
2019-10-23,0.002909601685562535
2019-10-24,0.0016339869281045694
2019-10-25,0.0040949495622066845
2019-10-28,0.005636604774535758
2019-10-29,-0.00029673590504464276
2019-10-30,0.0030671811615712308
2019-10-31,-0.0026632471887945153
2019-11-01,0.00926383806415454
2019-11-04,0.0040177696478735925
2019-11-05,-0.0011061587012397567
2019-11-06,0.0002279907500897238
2019-11-07,0.0035167697818299093
2019-11-08,0.002466091245376223
2019-11-11,-0.0019097559396646924
2019-11-12,0.0021079941624777554
2019-11-13,0.0003236245954691963
2019-11-14,0.001455839534131309
2019-11-15,0.007236310773703902
2019-11-18,0.0007376759998716231
2019-11-19,-0.0002884430485224909
2019-11-20,-0.0037187830603021554
2019-11-21,-0.0016089069086462349
2019-11-22,0.002223869532987255
2019-11-25,0.007750192950861878
2019-11-26,0.0022656923126016526
2019-11-27,0.004457463066734668
2019-11-29,-0.0037086344617726086
2019-12-02,-0.008494798129235481
2019-12-03,-0.006706456167372643
2019-12-04,0.006170247132934792
2019-12-05,0.0017979836897195067
2019-12-06,0.0091340298698801
2019-12-09,-0.0031441547305238737
2019-12-10,-0.001115075825156131
2019-12-11,0.0028386438299368155
2019-12-12,0.008619044590038705
2019-12-13,0.0005991233878850366
2019-12-16,0.006870036556158032
2019-12-17,0.0002190923317682003
2019-12-18,6.25840973809133e-05
2019-12-19,0.004099001846115113
2019-12-20,0.004384147922708692
2019-12-23,0.0015277647865805655
2019-12-24,3.1131311873489054e-05
2019-12-26,0.005323288609407673
2019-12-27,-0.0002477240354245014
2019-12-30,-0.00551322554667677
2019-12-31,0.002429301108757942
2020-01-02,0.009351892127011707
2020-01-03,-0.007572259673100046
2020-01-06,0.003815018144598392
2020-01-07,-0.0028117661599306176
2020-01-08,0.005329532426486372
2020-01-09,0.006780705809831922
2020-01-10,-0.0028776978417266452
2020-01-13,0.006877283473028184
2020-01-14,-0.0015246226558924825
2020-01-15,0.002259887005649608
2020-01-16,0.008318352174045751
2020-01-17,0.003112534751601448
2020-01-21,-0.001958126223828849
2020-01-22,0.00012073649260480046
2020-01-23,0.0011468582121085813
2020-01-24,-0.00889304232485244
2020-01-27,-0.016029443075706418
2020-01-28,0.010479134466769624
2020-01-29,-0.0008259659212579429
2020-01-30,0.003245361582266959
2020-01-31,-0.018157958984375
2020-02-03,0.0074285891896930245
2020-02-04,0.015241268665926233
2020-02-05,0.01154804594906711
2020-02-06,0.003364777984738332
2020-02-07,-0.005329660458710084
2020-02-10,0.00746538229981919
2020-02-11,0.0017329986853114043
2020-02-12,0.006442760842331419
2020-02-13,-0.001066919566119373
2020-02-14,0.0016020886489052089
2020-02-18,-0.002577014218009377
2020-02-19,0.004781278769340203
2020-02-20,-0.004108293432641741
2020-02-21,-0.01029826383736454
2020-02-24,-0.03316540722082284
2020-02-25,-0.03130209044103971
2020-02-26,0.0
2020-02-27,0.0
2020-02-28,0.0
2020-03-02,0.0
2020-03-03,0.0
2020-03-04,0.0
2020-03-05,0.0
2020-03-06,0.0
2020-03-09,0.0
2020-03-10,0.0
2020-03-11,0.0
2020-03-12,0.0
2020-03-13,0.0
2020-03-16,0.0
2020-03-17,0.0
2020-03-18,0.0
2020-03-19,0.0
2020-03-20,0.0
2020-03-23,0.0
2020-03-24,0.0
2020-03-25,0.0
2020-03-26,0.0
2020-03-27,0.0
2020-03-30,0.0
2020-03-31,0.0
2020-04-01,0.0
2020-04-02,0.0
2020-04-03,0.0
2020-04-06,0.0
2020-04-07,0.0
2020-04-08,0.0
2020-04-09,0.0
2020-04-13,0.0
2020-04-14,0.0
2020-04-15,0.0
2020-04-16,0.0
2020-04-17,0.0
2020-04-20,0.0
2020-04-21,0.0
2020-04-22,0.0
2020-04-23,0.0
2020-04-24,0.0
2020-04-27,0.0
2020-04-28,0.0
2020-04-29,0.0
2020-04-30,0.0
2020-05-01,0.0
2020-05-04,0.0
2020-05-05,0.0
2020-05-06,0.0
2020-05-07,0.0
2020-05-08,0.0
2020-05-11,0.0
2020-05-12,0.0
2020-05-13,0.0
2020-05-14,0.0
2020-05-15,0.0
2020-05-18,0.0
2020-05-19,0.0
2020-05-20,-0.001
2020-05-21,-0.00790398410399773
2020-05-22,-0.001
2020-05-26,0.012320606552937985
2020-05-27,0.014878962150594921
2020-05-28,-0.0018449576648105204
2020-05-29,0.004455886721457469
2020-06-01,0.004041798107255579
2020-06-02,0.008280150548191756
2020-06-03,0.013308231628148537
2020-06-04,-0.0026266897302836822
2020-06-05,0.025629496402877594
2020-06-08,0.012087430325045334
2020-06-09,-0.007456683168316713
2020-06-10,-0.0055799744381058725
2020-06-11,-0.05764890282131674
2020-06-12,0.011975649512657727
2020-06-15,0.009335656290062833
2020-06-16,0.0192476795310208
2020-06-17,-0.0041538854805724945
2020-06-18,0.0003850349740099901
2020-06-19,-0.005714179680694431
2020-06-22,0.006415241057542875
2020-06-23,0.004603695834138222
2020-06-24,-0.025508732574908044
2020-06-25,0.010720510375217929
2020-06-26,-0.02375142345859782
2020-06-29,0.014697550408265148
2020-06-30,0.012809564474807855
2020-07-01,0.007004799584900745
2020-07-02,0.005506891665593372
2020-07-06,0.015437337859911082
2020-07-07,-0.010313830626084375
2020-07-08,0.007648671043406496
2020-07-09,-0.005692959706496303
2020-07-10,0.010210573191678618
2020-07-13,-0.008658962813690496
2020-07-14,0.012958963282937441
2020-07-15,0.009187256992349013
2020-07-16,-0.003293459686189326
2020-07-17,0.002899092864490971
2020-07-20,0.008081561606365417
2020-07-21,0.002127528367044995
2020-07-22,0.005692132549767637
2020-07-23,-0.011931713883620021
2020-07-24,-0.006440426058954674
2020-07-27,0.007292445774121248
2020-07-28,-0.006342429305117414
2020-07-29,0.012298782576205758
2020-07-30,-0.0035679133858268486
2020-07-31,0.007902210149401068
2020-08-03,0.006952100943280692
2020-08-04,0.003862647890750859
2020-08-05,0.006210991940859278
2020-08-06,0.0066845322332962365
2020-08-07,0.0007178536176832839
2020-08-10,0.0029889111396717016
2020-08-11,-0.008254611556456126
2020-08-12,0.013942307692307754
2020-08-13,-0.0018077287814129983
2020-08-14,2.9688566932861704e-05
2020-08-17,0.003176582353639823
2020-08-18,0.0021603385516852924
2020-08-19,-0.004163713678242309
2020-08-20,0.0031136019927051617
2020-08-21,0.003547357218872227
2020-08-24,0.01013314480970906
2020-08-25,0.003499358450950618
2020-08-26,0.010025572474718025
2020-08-27,0.0021866098915326315
2020-08-28,0.006459391955903948
2020-08-31,-0.003622568315363006
2020-09-01,0.009418568034124553
2020-09-02,0.014463981849120788
2020-09-03,-0.034414313670673824
2020-09-04,-0.00816468340137233
2020-09-08,-0.02732288291444096
2020-09-09,0.019747306503406392
2020-09-10,-0.017363665793578398
2020-09-11,0.0005091497199676276
2020-09-14,0.013171286595222265
2020-09-15,0.005052295692253184
2020-09-16,-0.00396860393332743
2020-09-17,-0.008795230505873386
2020-09-18,-0.011512020988411531
2020-09-21,-0.011129593225464807
2020-09-22,0.010184420589044896
2020-09-23,-0.02319103844989412
2020-09-24,0.0026655095462435607
2020-09-25,0.01616692426584221
2020-09-28,0.016609375475314048
2020-09-29,-0.005446003770310348
2020-09-30,0.007581911724884982
2020-10-01,0.006420018513541903
2020-10-02,-0.009494422027059302
2020-10-05,0.017733045770429
2020-10-06,-0.014215917117965549
2020-10-07,0.017406622279282358
2020-10-08,0.008862542551942632
2020-10-09,0.00893012973413243
2020-10-12,0.01608764595646517
2020-10-13,-0.006526118661861924
2020-10-14,-0.006283380458686927
2020-10-15,-0.0012358807806167604
2020-10-16,-0.0006043165467625178
2020-10-19,-0.015203432290016972
2020-10-20,0.004005730826583953
2020-10-21,-0.0018929465897838949
2020-10-22,0.0054853674904442595
2020-10-23,0.003395142334813084
2020-10-26,-0.01847995835502325
2020-10-27,-0.0034473614425880594
2020-10-28,-0.035178936786706916
2020-10-29,-0.001
2020-10-30,-0.011424874234801985
2020-11-02,-0.001
2020-11-03,0.01765596608116282
2020-11-04,0.02234919501235022
2020-11-05,0.019502823543109837
2020-11-06,-0.0002284148012788867
2020-11-09,0.012565684258624366
2020-11-10,-0.0014666064981948557
2020-11-11,0.007428539148118807
2020-11-12,-0.009700843917346713
2020-11-13,0.013844455140001877
2020-11-16,0.012482546774643666
2020-11-17,-0.0053782717820005654
2020-11-18,-0.012034828905773565
2020-11-19,0.004210171775008487
2020-11-20,-0.006847783554139397
2020-11-23,0.0059944277150818515
2020-11-24,0.016113691042354494
2020-11-25,-0.0015417653212927984
2020-11-27,0.002784977665030608
2020-11-30,-0.004427090494129371
2020-12-01,0.010937413688338893
2020-12-02,0.002103710179771623
2020-12-03,-0.0002726355680362502
2020-12-04,0.008617633423327664
2020-12-07,-0.0020548871163986737
2020-12-08,0.002926115581565636
2020-12-09,-0.008968852149012774
2020-12-10,-0.0003271091726863018
2020-12-11,-0.0011725247457257115
2020-12-14,-0.004477204477204455
2020-12-15,0.013519442768606282
2020-12-16,0.0015693065288564512
2020-12-17,0.0055920252856795916
2020-12-18,-0.003992877569740538
2020-12-21,-0.0035754916300990702
2020-12-22,-0.0016854238025335588
2020-12-23,0.0008985949243001112
2020-12-24,0.003890415431074379
2020-12-28,0.008590785907859111
2020-12-29,-0.0019077303382865063
2020-12-30,0.0014268023474937053
2020-12-31,0.005080781741444662
2021-01-04,-0.013613993794800328
2021-01-05,0.006887388486672474
2021-01-06,0.005978509681415556
2021-01-07,0.014857448802034767
2021-01-08,0.005697705091004979
2021-01-11,-0.0067408067985101905
2021-01-12,0.00021125458818560539
2021-01-13,0.002692927106159315
2021-01-14,-0.003501935280023294
2021-01-15,-0.007292712572002369
2021-01-19,0.007852009582113517
2021-01-20,0.01383863726396406
2021-01-21,0.000911719502982633
2021-01-22,-0.0035394545075995154
2021-01-25,0.003943794400334433
2021-01-26,-0.001560914696011828
2021-01-27,-0.024440449203991688
2021-01-28,0.008600197644293539
2021-01-29,-0.02001959590074942
2021-02-01,0.01664549950009464
2021-02-02,0.014140286526858503
2021-02-03,0.0007862665443585382
2021-02-04,0.011365719523372952
2021-02-05,0.003935886480747719
2021-02-08,0.007221892651724238
2021-02-09,-0.000665796010345332
2021-02-10,-0.0004356181934657144
2021-02-11,0.00161505332239531
2021-02-12,0.004939725115814753
2021-02-16,-0.0008659331703342321
2021-02-17,0.00022941626306405283
2021-02-18,-0.004255969825938455
2021-02-19,-0.0017659705159707162
2021-02-22,-0.007691716021844375
2021-02-23,0.0012143761465519542
2021-02-24,0.011019354838709638
2021-02-25,-0.02409577047757605
2021-02-26,-0.005152616849318559
2021-03-01,0.024240193500893792
2021-03-02,-0.007803275322141645
2021-03-03,-0.01324571842500133
2021-03-04,-0.012374809920822405
2021-03-05,0.01839660207061322
2021-03-08,-0.00497875557177474
2021-03-09,0.014277480876034643
2021-03-10,0.006224655835937565
2021-03-11,0.010139124185019721
2021-03-12,0.0013467842350012305
2021-03-15,0.005963558848906425
2021-03-16,-0.0012613203501424808
2021-03-17,0.0034098658786085867
2021-03-18,-0.014549665206665563
2021-03-19,-0.0018508608651907066
2021-03-22,0.007985005648556864
2021-03-23,-0.007870806694006305
2021-03-24,-0.0050834403080873836
2021-03-25,0.005625516102394812
2021-03-26,0.016114960225814823
2021-03-29,-0.000505076013940231
2021-03-30,-0.002652989034311881
2021-03-31,0.004053403592328753
2021-04-01,0.010799081573436453
2021-04-05,0.014353111504954885
2021-04-06,-0.0005906093119401046
2021-04-07,0.0011572934108143862
2021-04-08,0.004746796527214103
2021-04-09,0.0072701458924901985
2021-04-12,0.0003645289071421143
2021-04-13,0.002963754737149049
2021-04-14,-0.0034152012788839503
2021-04-15,0.010742496050552885
2021-04-16,0.003342390650924676
2021-04-19,-0.004913003882471401
2021-04-20,-0.007321596300666977
2021-04-21,0.00946211514666273
2021-04-22,-0.009133078568510089
2021-04-23,0.010842409100832118
2021-04-26,0.0020876325766665538
2021-04-27,-0.0002155120806496269
2021-04-28,-0.00028741138149068757
2021-04-29,0.006372783900335355
2021-04-30,-0.006570489930009971
2021-05-03,0.0021567217828899476
2021-05-04,-0.006169296987087569
2021-05-05,0.00031278571772297425
2021-05-06,0.007985568250150399
2021-05-07,0.00727802037845704
2021-05-10,-0.009902397422533848
2021-05-11,-0.008924726037230157
2021-05-12,-0.021245262065135884
2021-05-13,0.012012530524653897
2021-05-14,0.015355367066393733
2021-05-17,-0.0025445292620864812
2021-05-18,-0.00861571043511744
2021-05-19,-0.002621741030247038
2021-05-20,0.010757922406659182
2021-05-21,-0.0008187247158543132
2021-05-24,0.010194244951077236
2021-05-25,-0.002218670229262587
2021-05-26,0.001984506503442951
2021-05-27,0.0005249719617248516
2021-05-28,0.0017887381048915518
2021-06-01,-0.0008808684887152696
2021-06-02,0.001572664236185517
2021-06-03,-0.0037113696381415595
2021-06-04,0.00914583184086748
2021-06-07,-0.000970184571699062
2021-06-08,0.00021317416329136307
2021-06-09,-0.0014919011082693556
2021-06-10,0.004648405075299511
2021-06-11,0.0016524633507235542
2021-06-14,0.002238929084867003
2021-06-15,-0.0018341720359308367
2021-06-16,-0.005583301922352124
2021-06-17,-0.0003316671009925276
2021-06-18,-0.013490725928360647
2021-06-21,0.014316012725344773
2021-06-22,0.005346195884617266
2021-06-23,-0.001205360308194181
2021-06-24,0.005915759583530633
2021-06-25,0.0035521053869678187
2021-06-28,0.002015892735754088
2021-06-29,0.00053804945376279
2021-06-30,0.0008417114800092218
2021-07-01,0.005536607017707862
2021-07-02,0.007643519271426369
2021-07-06,-0.0018214516277783588
2021-07-07,0.003534058623795966
2021-07-08,-0.008148045850020602
2021-07-09,0.010674835236238689
2021-07-12,0.0035819250551065718
2021-07-13,-0.0034089869131510575
2021-07-14,0.0014922289308754166
2021-07-15,-0.0034155510728040017
2021-07-16,-0.007843588269120239
2021-07-19,-0.014767932489451296
2021-07-20,0.014330423323999364
2021-07-21,0.00809632069781463
2021-07-22,0.002094120354389606
2021-07-23,0.010287971340651403
2021-07-26,0.002454880210937871
2021-07-27,-0.0045576164346288195
2021-07-28,-0.00041001343932944856
2021-07-29,0.004147391928537081
2021-07-30,-0.004856462044706578
2021-08-02,-0.002098013728307313
2021-08-03,0.00813546927489206
2021-08-04,-0.0049189618043748995
2021-08-05,0.006332862544990547
2021-08-06,0.001652480985150362
2021-08-09,-0.0008135777079707474
2021-08-10,0.0012439780155157898
2021-08-11,0.002484864913707252
2021-08-12,0.002996980485826528
2021-08-13,0.0018197748871064956
2021-08-16,0.002354682454251744
2021-08-17,-0.006555249793050999
2021-08-18,-0.01094495991352129
2021-08-19,0.0015483400883464782
2021-08-20,0.007957077251852906
2021-08-23,0.008796463370624341
2021-08-24,0.0015874435451417312
2021-08-25,0.002098354800544655
2021-08-26,-0.005903187721369663
2021-08-27,0.008940976112580046
2021-08-30,0.004397556912826284
2021-08-31,-0.0014815470004201359
2021-09-01,0.0005314908317830547
2021-09-02,0.003076582558654284
2021-09-03,-0.00024272380237866376
2021-09-07,-0.0035755275006621456
2021-09-08,-0.0012182696141406213
2021-09-09,-0.0042802333059813735
2021-09-10,-0.007884538286783371
2021-09-13,0.002559267241379226
2021-09-14,-0.005396569483631097
2021-09-15,0.008352657766170557
2021-09-16,-0.0015852460480485497
2021-09-17,-0.009740794380819762
2021-09-20,-0.016674218396012574
2021-09-21,-0.0009446133996866557
2021-09-22,0.009754860134215892
2021-09-23,0.012150002283835004
2021-09-24,0.0016471862448668162
2021-09-27,-0.0028609402806876183
2021-09-28,-0.02015181637448027
2021-09-29,0.0016831135294659294
2021-09-30,-0.013222350097824909
2021-10-01,-0.001
2021-10-04,-0.013896094325718589
2021-10-05,-0.001
2021-10-06,0.004156084045255026
2021-10-07,0.008645665670269143
2021-10-08,-0.0018237359230384165
2021-10-11,-0.007239756999954272
2021-10-12,-0.003461524304676943
2021-10-13,-0.001
2021-10-14,0.016820625947883583
2021-10-15,0.007615819209039643
2021-10-18,0.0029605041828335565
2021-10-19,0.007714841566224706
2021-10-20,0.003927747203976706
2021-10-21,0.002608253575296704
2021-10-22,-0.0010361780462532222
2021-10-25,0.0053628177966102974
2021-10-26,0.0009000109757435482
2021-10-27,-0.004430213176594422
2021-10-28,0.00964885227122525
2021-10-29,0.0020291499389073486
2021-11-01,0.0017201959716930393
2021-11-02,0.0040431266846359115
2021-11-03,0.006105217579562838
2021-11-04,0.004712515062833544
2021-11-05,0.0034696194127346036
2021-11-08,0.0008537340191663301
2021-11-09,-0.003305397394067433
2021-11-10,-0.008044845735803774
2021-11-11,0.000323540830852842
2021-11-12,0.0075468443409449915
2021-11-15,0.0003424144498898052
2021-11-16,0.00395781186487798
2021-11-17,-0.002429253324241265
2021-11-18,0.003396419874396539
2021-11-19,-0.0017882613416217996
2021-11-22,-0.0028151592057839014
2021-11-23,0.0013260046624035127
2021-11-24,0.002669856254939207
2021-11-26,-0.02230316973415114
2021-11-29,0.012266596945334163
2021-11-30,-0.019457597933706494
2021-12-01,-0.011107208710159022
2021-12-02,0.015316315205327502
2021-12-03,-0.008701355487538143
2021-12-06,0.011843324070398342
2021-12-07,0.020684844918154255
2021-12-08,0.002647988383018607
2021-12-09,-0.006751576077696164
2021-12-10,0.009413530610056675
2021-12-13,-0.008858393168203249
2021-12-14,-0.00687999657071825
2021-12-15,0.015625
2021-12-16,-0.008818529536761655
2021-12-17,-0.01063559740736486
2021-12-20,-0.010633439885184948
2021-12-21,0.0177590223746098
2021-12-22,0.009998704271584558
2021-12-23,0.006222070174688454
2021-12-27,0.014152146196344972
2021-12-28,-0.0008171646482001416
2021-12-29,0.0012791746178204555
2021-12-30,-0.002764513696908777
2021-12-31,-0.00252016129032262
2022-01-03,0.005789961259895504
2022-01-04,-0.0003349312344308464
2022-01-05,-0.019202177782431162
2022-01-06,-0.0009394081728510972
2022-01-07,-0.003953498311749404
2022-01-10,-0.001244394859361897
2022-01-11,0.009108289832656657
2022-01-12,0.002703565726450252
2022-01-13,-0.013778608127043457
2022-01-14,0.0004090155641187643
2022-01-18,-0.017709588569461143
2022-01-19,-0.011383579048829251
2022-01-20,0.0
2022-01-21,0.0
2022-01-24,0.0
2022-01-25,0.0
2022-01-26,0.0
2022-01-27,0.0
2022-01-28,0.0
2022-01-31,0.0
2022-02-01,0.0
2022-02-02,-0.001
2022-02-03,-0.024504974308516392
2022-02-04,0.0
2022-02-07,0.0
2022-02-08,0.0
2022-02-09,-0.001
2022-02-10,-0.018965642348210077
2022-02-11,0.0
2022-02-14,0.0
2022-02-15,0.0
2022-02-16,0.0
2022-02-17,0.0
2022-02-18,0.0
2022-02-22,0.0
2022-02-23,0.0
2022-02-24,0.0
2022-02-25,0.0
2022-02-28,0.0
2022-03-01,0.0
2022-03-02,0.0
2022-03-03,0.0
2022-03-04,0.0
2022-03-07,0.0
2022-03-08,0.0
2022-03-09,0.0
2022-03-10,0.0
2022-03-11,0.0
2022-03-14,0.0
2022-03-15,0.0
2022-03-16,0.0
2022-03-17,0.0
2022-03-18,0.0
2022-03-21,0.0
2022-03-22,0.0
2022-03-23,0.0
2022-03-24,0.0
2022-03-25,-0.001
2022-03-28,0.007113035410545976
2022-03-29,0.012370862670263882
2022-03-30,-0.006174845628859393
2022-03-31,-0.015391323304992377
2022-04-01,0.0028341156673457046
2022-04-04,0.008566634284200125
2022-04-05,-0.01363134851138359
2022-04-06,0.0
2022-04-07,0.0
2022-04-08,0.0
2022-04-11,0.0
2022-04-12,0.0
2022-04-13,0.0
2022-04-14,0.0
2022-04-18,0.0
2022-04-19,0.0
2022-04-20,0.0
2022-04-21,0.0
2022-04-22,0.0
2022-04-25,0.0
2022-04-26,0.0
2022-04-27,0.0
2022-04-28,0.0
2022-04-29,0.0
2022-05-02,0.0
2022-05-03,0.0
2022-05-04,0.0
2022-05-05,0.0
2022-05-06,0.0
2022-05-09,0.0
2022-05-10,0.0
2022-05-11,0.0
2022-05-12,0.0
2022-05-13,0.0
2022-05-16,0.0
2022-05-17,0.0
2022-05-18,0.0
2022-05-19,0.0
2022-05-20,0.0
2022-05-23,0.0
2022-05-24,0.0
2022-05-25,0.0
2022-05-26,0.0
2022-05-27,0.0
2022-05-31,0.0
2022-06-01,0.0
2022-06-02,0.0
2022-06-03,0.0
2022-06-06,0.0
2022-06-07,0.0
2022-06-08,0.0
2022-06-09,0.0
2022-06-10,0.0
2022-06-13,0.0
2022-06-14,0.0
2022-06-15,0.0
2022-06-16,0.0
2022-06-17,0.0
2022-06-21,0.0
2022-06-22,0.0
2022-06-23,0.0
2022-06-24,0.0
2022-06-27,0.0
2022-06-28,0.0
2022-06-29,0.0
2022-06-30,0.0
2022-07-01,0.0
2022-07-05,0.0
2022-07-06,0.0
2022-07-07,0.0
2022-07-08,0.0
2022-07-11,0.0
2022-07-12,0.0
2022-07-13,0.0
2022-07-14,0.0
2022-07-15,0.0
2022-07-18,0.0
2022-07-19,0.0
2022-07-20,0.0
2022-07-21,0.0
2022-07-22,0.0
2022-07-25,0.0
2022-07-26,0.0
2022-07-27,0.0
2022-07-28,0.0
2022-07-29,-0.001
2022-08-01,-0.0029612369232264735
2022-08-02,-0.00759736592253557
2022-08-03,-0.001
2022-08-04,-0.0006755941609360994
2022-08-05,-0.0016901272424366676
2022-08-08,-0.0011609064744722009
2022-08-09,-0.003971040461028141
2022-08-10,0.02100401118269124
2022-08-11,0.0
2022-08-12,0.01692897449939279
2022-08-15,0.004120814797471395
2022-08-16,0.0019586811546890015
2022-08-17,-0.007097975331626705
2022-08-18,0.0029063635298254287
2022-08-19,-0.013438033139358208
2022-08-22,-0.020822475955843966
2022-08-23,-0.0024192572880125107
2022-08-24,0.0032011640596580904
2022-08-25,0.014117533299489837
2022-08-26,-0.03484901432623777
2022-08-29,0.0
2022-08-30,0.0
2022-08-31,0.0
2022-09-01,0.0
2022-09-02,0.0
2022-09-06,0.0
2022-09-07,0.0
2022-09-08,0.0
2022-09-09,-0.001
2022-09-12,0.010747663551401887
2022-09-13,-0.044482492639365434
2022-09-14,0.0
2022-09-15,0.0
2022-09-16,0.0
2022-09-19,0.0
2022-09-20,0.0
2022-09-21,0.0
2022-09-22,0.0
2022-09-23,0.0
2022-09-26,0.0
2022-09-27,0.0
2022-09-28,0.0
2022-09-29,0.0
2022-09-30,0.0
2022-10-03,0.0
2022-10-04,0.0
2022-10-05,0.0
2022-10-06,0.0
2022-10-07,0.0
2022-10-10,0.0
2022-10-11,0.0
2022-10-12,0.0
2022-10-13,0.0
2022-10-14,0.0
2022-10-17,0.0
2022-10-18,0.0
2022-10-19,0.0
2022-10-20,0.0
2022-10-21,0.0
2022-10-24,0.0
2022-10-25,0.0
2022-10-26,0.0
2022-10-27,0.0
2022-10-28,-0.001
2022-10-31,-0.008223279008791273
2022-11-01,0.0
2022-11-02,0.0
2022-11-03,0.0
2022-11-04,0.0
2022-11-07,0.0
2022-11-08,0.0
2022-11-09,0.0
2022-11-10,-0.001
2022-11-11,0.009678481846512321
2022-11-14,-0.008506687410604452
2022-11-15,0.008529054464466501
2022-11-16,-0.007628798715149765
2022-11-17,-0.003059805285118178
2022-11-18,0.004540381493506329
2022-11-21,-0.0036360881751382745
2022-11-22,0.013457006006234229
2022-11-23,0.0063015753938484576
2022-11-25,-0.00022364693603704744
2022-11-28,-0.015957050182685673
2022-11-29,-0.0017175620721883167
2022-11-30,0.03150064519393769
2022-12-01,-0.0007358712715856974
2022-12-02,-0.0011537139771219396
2022-12-05,-0.017989235948981497
2022-12-06,-0.014414775144523051
2022-12-07,-0.0017012416524896379
2022-12-08,0.007833960728456768
2022-12-09,-0.007470220068645506
2022-12-12,0.014417209113100071
2022-12-13,0.007569870911141807
2022-12-14,-0.006393511953628472
2022-12-15,-0.025461692538808145
2022-12-16,0.0
2022-12-19,0.0
2022-12-20,0.0
2022-12-21,0.0
2022-12-22,0.0
2022-12-23,0.0
2022-12-27,0.0
2022-12-28,0.0
2022-12-29,0.0
2022-12-30,0.0
2023-01-03,0.0
2023-01-04,0.0
2023-01-05,0.0
2023-01-06,-0.001
2023-01-09,-0.0005668934240361523
2023-01-10,0.007012839684422234
2023-01-11,0.012647857033130094
2023-01-12,0.00364077669902918
2023-01-13,0.003879484079000406
2023-01-17,-0.0018318695106650518
2023-01-18,-0.01578801820147313
2023-01-19,-0.007279879434979208
2023-01-20,0.018629065459036642
2023-01-23,0.011998585429928266
2023-01-24,-0.0010733095374785284
2023-01-25,0.0003748125937033109
2023-01-26,0.010990383414512195
2023-01-27,0.002297714638665793
2023-01-30,-0.012546834943798157
2023-01-31,0.014703312613894681
2023-02-01,0.010627829167486613
2023-02-02,0.014556962025316311
2023-02-03,-0.010629108882383886
2023-02-06,-0.006111313204801849
2023-02-07,0.013078593563184748
2023-02-08,-0.010934752763794853
2023-02-09,-0.008669183002557035
2023-02-10,0.002333636296642183
2023-02-13,0.011739045191647701
2023-02-14,-0.0004602378703097987
2023-02-15,0.003247382706475399
2023-02-16,-0.013768781100536365
2023-02-17,-0.0024982854903496943
2023-02-21,-0.020060894760104198
2023-02-22,-0.0013781352577111328
2023-02-23,0.005319415867917954
2023-02-24,-0.010682374082763402
2023-02-27,0.003405822695393468
2023-02-28,-0.0036959746561738838
2023-03-01,-0.0038358653409378274
2023-03-02,0.0077772711151642415
2023-03-03,0.016037806993288273
2023-03-06,0.0006927435117147773
2023-03-07,-0.015328701757856056
2023-03-08,0.0016320586536773263
2023-03-09,-0.019449814499147622
2023-03-10,0.0
2023-03-13,0.0
2023-03-14,0.0
2023-03-15,0.0
2023-03-16,-0.001
2023-03-17,-0.01269223408390896
2023-03-20,-0.001
2023-03-21,0.013130492202976685
2023-03-22,-0.018046451580557066
2023-03-23,0.0
2023-03-24,-0.001
2023-03-27,0.0018698673404928812
2023-03-28,-0.0022446972180887315
2023-03-29,0.014534883720930258
2023-03-30,0.005855238569826726
2023-03-31,0.014094624721327609
2023-04-03,0.003810547399790032
2023-04-04,-0.00554812020927109
2023-04-05,-0.002618249443316123
2023-04-06,0.003900883218841855
2023-04-10,0.0010264180454067073
2023-04-11,0.00026854813114907117
2023-04-12,-0.004075954310260643
2023-04-13,0.01328268594534987
2023-04-14,-0.002442740706701918
2023-04-17,0.0035882267371381005
2023-04-18,0.0006522684447021199
2023-04-19,-0.00016899640279077754
2023-04-20,-0.005457091804703884
2023-04-21,0.0007769253180538449
2023-04-24,0.0010431829209121002
2023-04-25,-0.015873785231321103
2023-04-26,-0.0042356185973205784
2023-04-27,0.019908002769809086
2023-04-28,0.008535195557818565
2023-05-01,-0.0010097853004110702
2023-05-02,-0.011239200019253492
2023-05-03,-0.006863985979943532
2023-05-04,-0.007082986128130964
2023-05-05,0.01851257621010549
2023-05-08,0.0002665826527397108
2023-05-09,-0.004385327324707977
2023-05-10,0.004672328620446198
2023-05-11,-0.0017439748092527019
2023-05-12,-0.0013102661781477787
2023-05-15,0.0034500352292330394
2023-05-16,-0.006682646909275669
2023-05-17,0.01213893967093238
2023-05-18,0.009633215326445566
2023-05-19,-0.0014550485413734604
2023-05-22,0.0004060962209162522
2023-05-23,-0.011222808567539988
2023-05-24,-0.007244801854669136
2023-05-25,0.008659904157240383
2023-05-26,0.012950681297479782
2023-05-30,0.0003809342412266492
2023-05-31,-0.0055452425151125695
2023-06-01,0.009501017111403387
2023-06-02,0.014461144564032136
2023-06-05,-0.0019162460272947879
2023-06-06,0.00217747600093654
2023-06-07,-0.0034577015629744245
2023-06-08,0.006048528894619487
2023-06-09,0.0017943280590964061
2023-06-12,0.009071877180739651
2023-06-13,0.006592899953896003
2023-06-14,0.0011908578756927302
2023-06-15,0.012397639416258821
2023-06-16,-0.003405352978217313
2023-06-20,-0.005188185500386799
2023-06-21,-0.0051237476554278905
2023-06-22,0.0036096932910287816
2023-06-23,-0.00755996426198724
2023-06-26,-0.004085778259966255
2023-06-27,0.010963285740775097
2023-06-28,0.000504390489946438
2023-06-29,0.003941428538692504
2023-06-30,0.011800689324598768
2023-07-03,0.0011505143475909474
2023-07-05,-0.0014871898871088307
2023-07-06,-0.007830659174508536
2023-07-07,-0.0025246781603968094
2023-07-10,0.002531068293239125
2023-07-11,0.006368557521721163
2023-07-12,0.008045925055372383
2023-07-13,0.007936863817765927
2023-07-14,-0.0006228312127414259
2023-07-17,0.003472222222222321
2023-07-18,0.007430574039570592
2023-07-19,0.002223738963869737
2023-07-20,-0.00663444639718791
2023-07-21,0.0
2023-07-24,0.004467247556282805
2023-07-25,0.0027300748568912514
2023-07-26,0.0001536975232740989
2023-07-27,-0.006629931285811463
2023-07-28,0.009790271608212331
2023-07-31,0.0019040532259477772
2023-08-01,-0.0028615740841870796
2023-08-02,-0.013910795653697905
2023-08-03,-0.0028658387576923072
2023-08-04,-0.004522769806612592
2023-08-07,0.008728542333430234
2023-08-08,-0.004348694282354515
2023-08-09,-0.006685236768802172
2023-08-10,0.00035894559730786924
2023-08-11,-0.000583077302594881
2023-08-14,0.005520026926960853
2023-08-15,-0.011648925487045658
2023-08-16,-0.007338165232902094
2023-08-17,-0.007619870803384554
2023-08-18,0.0004813312246441104
2023-08-21,0.0065063001145475585
2023-08-22,-0.002708608367096188
2023-08-23,0.011137738217505522
2023-08-24,-0.013859106606776028
2023-08-25,0.007049829476527325
2023-08-28,0.006341341455099236
2023-08-29,0.014454783629957557
2023-08-30,0.004118799536913187
2023-08-31,-0.0014633821866476548
2023-09-01,0.0018652159431553628
2023-09-05,-0.004321904297524326
2023-09-06,-0.006722464606891632
2023-09-07,-0.003070234413517947
2023-09-08,0.0015061256603348117
2023-09-11,0.006576584665110463
2023-09-12,-0.005485561378080095
2023-09-13,0.0011659454247852086
2023-09-14,0.008622427269266097
2023-09-15,-0.012047925914535296
2023-09-18,0.0005864176647043529
2023-09-19,-0.002073800238937773
2023-09-20,-0.009193377154344873
2023-09-21,-0.017528360386649733
2023-09-22,0.0
2023-09-25,0.0
2023-09-26,0.0
2023-09-27,0.0
2023-09-28,0.0
2023-09-29,0.0
2023-10-02,0.0
2023-10-03,0.0
2023-10-04,0.0
2023-10-05,0.0
2023-10-06,0.0
2023-10-09,0.0
2023-10-10,0.0
2023-10-11,0.0
2023-10-12,0.0
2023-10-13,0.0
2023-10-16,0.0
2023-10-17,0.0
2023-10-18,0.0
2023-10-19,0.0
2023-10-20,0.0
2023-10-23,0.0
2023-10-24,0.0
2023-10-25,0.0
2023-10-26,0.0
2023-10-27,0.0
2023-10-30,0.0
2023-10-31,0.0
2023-11-01,0.0
2023-11-02,0.0
2023-11-03,0.0
2023-11-06,0.0
2023-11-07,0.0
2023-11-08,0.0
2023-11-09,0.0
2023-11-10,-0.001
2023-11-13,-0.0009532239395384501
2023-11-14,0.019400713328335595
2023-11-15,0.0021170859982615475
2023-11-16,0.0012230919765165993
2023-11-17,0.001243808719987749
2023-11-20,0.0076975975509658845
2023-11-21,-0.002179368643508095
2023-11-22,0.0038608334987975113
2023-11-24,0.0006153575667005029
2023-11-27,-0.0018010103228639496
2023-11-28,0.000990142580531428
2023-11-29,-0.0007034049194380998
2023-11-30,0.003937440883394316
2023-12-01,0.00591586327782645
2023-12-04,-0.005249401001960363
2023-12-05,-0.0001970702226892218
2023-12-06,-0.004029785370127104
2023-12-07,0.007630398451930809
2023-12-08,0.004299151081334607
2023-12-11,0.003889613211647047
2023-12-12,0.004567198424208385
2023-12-13,0.013790131437190212
2023-12-14,0.0032093517534537153
2023-12-15,-0.0016462955329900053
2023-12-18,0.005625039950567956
2023-12-19,0.006080894972137818
2023-12-20,-0.013857299300817028
2023-12-21,0.009481911758424832
2023-12-22,0.002009731330653519
2023-12-26,0.004222527182518698
2023-12-27,0.0018080521391778959
2023-12-28,0.0003777465320771167
2023-12-29,-0.0028949631836203693
2024-01-02,-0.005596347646798949
2024-01-03,-0.008166719559927982
2024-01-04,-0.0032210584696773514
2024-01-05,0.0013696284882727117
2024-01-08,0.014275944605915525
2024-01-09,-0.001517067003792616
2024-01-10,0.005655440195830197
2024-01-11,-0.0004406580493536705
2024-01-12,0.0006927679227457517
2024-01-16,-0.003671225979692938
2024-01-17,-0.005558713915734814
2024-01-18,0.008892841262783335
2024-01-19,0.012466158786123449
2024-01-22,0.002114296374603697
2024-01-23,0.002916537387527063
2024-01-24,0.0010930990388977602
2024-01-25,0.005438925400193639
2024-01-26,-0.0012704137040755459
2024-01-29,0.007919410763012724
2024-01-30,-0.0007735054043601641
2024-01-31,-0.016317301228381154
2024-02-01,0.01308813783962881
2024-02-02,0.010527391659852947
2024-02-05,-0.003641144937797103
2024-02-06,0.0029032585524311205
2024-02-07,0.008340418640431002
2024-02-08,0.00044167837783559705
2024-02-09,0.0057794188473270225
2024-02-12,-0.00043894652833187386
2024-02-13,-0.013773004910375697
2024-02-14,0.009087597150259086
2024-02-15,0.006899733237057948
2024-02-16,-0.004979980478476476
2024-02-20,-0.005505395287381698
2024-02-21,0.0009058700378452578
2024-02-22,0.02069548078276795
2024-02-23,0.0006896551724138167
2024-02-26,-0.003662498769321676
2024-02-27,0.0018577442241942688
2024-02-28,-0.0013216814944864153
2024-02-29,0.0035949907162327044
2024-03-01,0.00938828530940028
2024-03-04,-0.0010724383347958666
2024-03-05,-0.009994144056217014
2024-03-06,0.005067234512401875
2024-03-07,0.0099264345267287
2024-03-08,-0.006002214409199236
2024-03-11,-0.0008598452278590907
2024-03-12,0.01075731497418242
2024-03-13,-0.0015673981191220987
2024-03-14,-0.0019768591197163454
2024-03-15,-0.0068667093687555525
2024-03-18,0.005943157523096154
2024-03-19,0.005557072105447869
2024-03-20,0.009249384343914091
2024-03-21,0.0033046418690441115
2024-03-22,-0.001895825354270464
2024-03-25,-0.0027628019416358063
2024-03-26,-0.001846970775535417
2024-03-27,0.0084038472658583
2024-03-28,-0.00019114245847406952
2024-04-01,-0.001739728908176752
2024-04-02,-0.006358204381798571
2024-04-03,0.0010986045794463273
2024-04-04,-0.012206156985810734
2024-04-05,0.010446917574599812
2024-04-08,0.000559381208649512
2024-04-09,0.001156693399136266
2024-04-10,-0.010013094046060322
2024-04-11,0.007546876215669407
2024-04-12,-0.01380308880308867
2024-04-15,-0.01252813937555064
2024-04-16,-0.0018237684606998705
2024-04-17,-0.005918217385259994
2024-04-18,-0.002057736489861184
2024-04-19,-0.008728379244074325
2024-04-22,0.009209144518943502
2024-04-23,0.01186664532137982
2024-04-24,-0.00047463660634827765
2024-04-25,-0.003798895945865688
2024-04-26,0.0094738723708514
2024-04-29,0.0035414945106835294
2024-04-30,-0.015841273575657677
2024-05-01,-0.003247141320371294
2024-05-02,0.009353452583191535
2024-05-03,0.01239530324931204
2024-05-06,0.010326820395470282
2024-05-07,0.0011034322550669273
2024-05-08,9.668561704767598e-05
2024-05-09,0.005761905682631019
2024-05-10,0.0012880404483150976
2024-05-13,0.00013439827970196383
2024-05-14,0.004588124628054802
2024-05-15,0.012382954328301166
2024-05-16,-0.002057457812676855
2024-05-17,0.0014375153681742692
2024-05-20,0.0011521390121824737
2024-05-21,0.0024525525412217863
2024-05-22,-0.002879403794037838
2024-05-23,-0.007304229658569805
2024-05-24,0.006616472735569312
2024-05-28,0.0006988516168024983
2024-05-29,-0.007002510333893208
2024-05-30,-0.00663371982512817
2024-05-31,0.00910813034576452
2024-06-03,0.0008153668202588449
2024-06-04,0.001117847669571681
2024-06-05,0.011885160582145726
2024-06-06,-1.8703125292174327e-05
2024-06-07,-0.001215725881868912
2024-06-10,0.0030898297784685003
2024-06-11,0.0024082440353958567
2024-06-12,0.008213055219294052
2024-06-13,0.002013447613417929
2024-06-14,0.0006083510000920445
2024-06-17,0.007959025756291815
2024-06-18,0.002540668981904526
2024-06-20,-0.002716549071086094
2024-06-21,-0.0013406549155567937
2024-06-24,-0.0032506290058951226
2024-06-25,0.0038508309687881326
2024-06-26,0.0012480957362843714
2024-06-27,0.0015765063885173625
2024-06-28,-0.003935062320405525
2024-07-01,0.002057991253537006
2024-07-02,0.006729746580115048
2024-07-03,0.004462578095116854
2024-07-05,0.005766510717005735
2024-07-08,0.001153901629886045
2024-07-09,0.0009724823512464731
2024-07-10,0.009895289842035027
2024-07-11,-0.008622532601724409
2024-07-12,0.006307504312823342
2024-07-15,0.002750049108019681
2024-07-16,0.005930226345876477
2024-07-17,-0.014021173388096164
2024-07-18,-0.007684849355406476
2024-07-19,-0.006640610863822172
2024-07-22,0.010309841709320589
2024-07-23,-0.0015685567474983397
2024-07-24,-0.02266242912347871
2024-07-25,-0.005210354193226574
2024-07-26,0.011199643394439462
2024-07-29,0.0005877599000805311
2024-07-30,-0.005066451281298123
2024-07-31,0.01625461254612537
2024-08-01,-0.014160962945480193
2024-08-02,-0.018618441649325135
2024-08-05,-0.030123662976168197
2024-08-06,0.0
2024-08-07,0.0
2024-08-08,-0.001
2024-08-09,0.004409686233864285
2024-08-12,0.0005253381864573914
2024-08-13,0.016445702927222694
2024-08-14,0.0031547487270313646
2024-08-15,0.01714022988505759
2024-08-16,0.0022420308460049387
2024-08-19,0.009561436741173823
2024-08-20,-0.0016261324851235548
2024-08-21,0.003436549131913269
2024-08-22,-0.007848453497913077
2024-08-23,0.01062529215058805
2024-08-26,-0.0023837902264601807
2024-08-27,0.0013730630004100686
2024-08-28,-0.005805256784671142
2024-08-29,8.955758552753323e-05
2024-08-30,0.009545983701979122
2024-09-03,-0.02057905194436549
2024-09-04,-0.0020468048108969183
2024-09-05,-0.002432162628187795
2024-09-06,-0.01683011590036554
2024-09-09,0.011196239544007502
2024-09-10,0.004355703592540339
2024-09-11,0.010258933289600813
2024-09-12,0.008423217055661736
2024-09-13,0.005222772719955637
2024-09-16,0.0014768420490738343
2024-09-17,0.00040864188757039344
2024-09-18,-0.00296588346031601
2024-09-19,0.017064481653010555
2024-09-20,-0.0017286388374552208
2024-09-23,0.00249890013198395
2024-09-24,0.0028613056681938698
2024-09-25,-0.002205496236653226
2024-09-26,0.0039646340607675246
2024-09-27,-0.001450288310326564
2024-09-30,0.004007209477312923
2024-10-01,-0.008958449525934165
2024-10-02,0.0004220744961487277
2024-10-03,-0.001828217839187185
2024-10-04,0.009087386847944634
2024-10-07,-0.009040455164229244
2024-10-08,0.009457555477280666
2024-10-09,0.0069263918209256925
2024-10-10,-0.0017500086634092415
2024-10-11,0.0059882318226789355
2024-10-14,0.008178336036440248
2024-10-15,-0.0077697152245345125
2024-10-16,0.00434647624961193
2024-10-17,8.586639189434031e-05
2024-10-18,0.0038464840731518013
2024-10-21,-0.00164217656819321
2024-10-22,-0.0005311584394221969
2024-10-23,-0.009137351710896358
2024-10-24,0.0021626671741725723
2024-10-25,-0.0003452800220981045
2024-10-28,0.0030913235700471553
2024-10-29,0.0016183737065920134
2024-10-30,-0.0030252505285592868
2024-10-31,-0.019603110291201875
2024-11-01,0.004220596510973396
2024-11-04,-0.0021539646959932712
2024-11-05,0.012091749881539604
2024-11-06,0.024865614704352
2024-11-07,0.00773213318895527
2024-11-08,0.004331693557865002
2024-11-11,0.0009528745047560072
2024-11-12,-0.0031064199345315346
2024-11-13,0.0004858435248786819
2024-11-14,-0.006430114368961459
2024-11-15,-0.012808628971096248
2024-11-18,0.0040973111395645745
2024-11-19,0.0036555300518574807
2024-11-20,0.0003388107741826296
2024-11-21,0.005368331922100067
2024-11-22,0.003099364967069196
2024-11-25,0.0033920505113262944
2024-11-26,0.0052214951550551
2024-11-27,-0.003030050778323412
2024-11-29,0.006212113621561821
2024-12-02,0.0017923823749068646
2024-12-03,0.0004638603117803619
2024-12-04,0.0062095345332913165
2024-12-05,-0.0016456571108843798
2024-12-06,0.0018956252266508766
2024-12-09,-0.0051496355769072855
2024-12-10,-0.0031090824899119296
2024-12-11,0.0077305905773059624
2024-12-12,-0.005152602640503101
2024-12-13,-0.0001985670080916213
2024-12-16,0.0042700385627514326
2024-12-17,-0.004120041530018659
2024-12-18,-0.02980357113306531
2024-12-19,-0.00030702053626241455
2024-12-20,0.012010163071190183
2024-12-23,0.0059883278355747915
2024-12-24,0.011115034723973682
2024-12-26,6.652253450867285e-05
2024-12-27,-0.010526490837130531
2024-12-30,-0.01141157291474082
2024-12-31,-0.003638094590459162
2025-01-02,-0.002457002457002533
2025-01-03,0.012503420908593466
2025-01-06,0.005760621674127719
2025-01-07,-0.01130408492340762
2025-01-08,0.0014610196558109134
2025-01-10,-0.015267434562079019
2025-01-13,0.0015504143051559005
2025-01-14,0.0013760126593165278
2025-01-15,0.01818993799275148
2025-01-16,-0.0019231418064037387
2025-01-17,0.010039889121763457
2025-01-21,0.009153586130727032
2025-01-22,0.005621424425835464
2025-01-23,0.005458083239891831
2025-01-24,-0.002919229192291928
2025-01-27,-0.014145434807638524
2025-01-28,0.00859235530640512
2025-01-29,-0.004482895520412922
2025-01-30,0.0053671424535983725
2025-01-31,-0.005321962184318352
2025-02-03,-0.006729586919676955
2025-02-04,0.006708265720929418
2025-02-05,0.004054637907541014
2025-02-06,0.003475555261328811
2025-02-07,-0.009153582266789972
2025-02-10,0.006791284518201657
2025-02-11,0.0007605191369759456
2025-02-12,-0.003221489815135814
2025-02-13,0.010557544417926223
2025-02-14,-4.9202105850132405e-05
2025-02-18,0.0029358701000492538
2025-02-19,0.0023549035961338838
2025-02-20,-0.00416034457442116
2025-02-21,-0.017104099085815228
2025-02-24,-0.004550455045504553
2025-02-25,-0.004973125031396131
2025-02-26,0.0005048465266559443
2025-02-27,-0.016961920139940245
2025-02-28,-0.001
2025-03-03,-0.018519943451479337
2025-03-04,0.0
2025-03-05,0.0
2025-03-06,0.0
2025-03-07,0.0
2025-03-10,0.0
2025-03-11,0.0
2025-03-12,0.0
2025-03-13,0.0
2025-03-14,0.0
2025-03-17,0.0
2025-03-18,0.0
2025-03-19,0.0
2025-03-20,0.0
2025-03-21,0.0
2025-03-24,0.0
2025-03-25,0.0
2025-03-26,0.0
2025-03-27,0.0
2025-03-28,0.0
2025-03-31,0.0
2025-04-01,0.0
2025-04-02,0.0
2025-04-03,0.0
2025-04-04,0.0
2025-04-07,0.0
2025-04-08,0.0
2025-04-09,0.0
2025-04-10,0.0
2025-04-11,0.0
2025-04-14,0.0
2025-04-15,0.0
2025-04-16,0.0
2025-04-17,0.0
2025-04-21,0.0
2025-04-22,0.0
2025-04-23,0.0
2025-04-24,0.0
2025-04-25,0.0
2025-04-28,0.0
2025-04-29,0.0
2025-04-30,0.0
2025-05-01,0.0
2025-05-02,0.0
2025-05-05,0.0
2025-05-06,0.0
2025-05-07,0.0
2025-05-08,0.0
2025-05-09,0.0
2025-05-12,-0.001
2025-05-13,0.006603886859122943
2025-05-14,0.0012780314906959411
2025-05-15,0.004884358140880618
2025-05-16,0.006334044643159675
2025-05-19,0.0010939077751599413
2025-05-20,-0.003362192149281351
2025-05-21,-0.016850805431390725
2025-05-22,0.0003946059087946985
2025-05-23,-0.006825704436708047
2025-05-27,0.020790523389338844
2025-05-28,-0.005785333671656678
2025-05-29,0.003947390808704432
2025-05-30,-0.001118549275485159
2025-06-02,0.005632942533806418
2025-06-03,0.005702620168378969
2025-06-04,-0.0002684158432451067
2025-06-05,-0.004832782373768718
2025-06-06,0.010268948655256738
2025-06-09,0.0009012918516539958
2025-06-10,0.0056696905016009325
2025-06-11,-0.002852026265172114
2025-06-12,0.003974324863642353
2025-06-13,-0.011180124223602483
2025-06-16,0.009514237855946295
2025-06-17,-0.008545164929979476
2025-06-18,-0.00015062005254962152
2025-06-20,-0.0023483793818577237
2025-06-23,0.009877498822104203
2025-06-24,0.01104723819045228
2025-06-25,0.0005603348824945176
2025-06-26,0.00782382395572534
2025-06-27,0.004968375635347355
2025-06-30,0.004781187490852323
2025-07-01,-0.00032370316419849665
2025-07-02,0.004533311746134583
2025-07-03,0.007881376420340036
2025-07-07,-0.007451946141299404
2025-07-08,-0.0005477862988977344
2025-07-09,0.0059967114808006095
2025-07-10,0.0028202416434319755
2025-07-11,-0.0035153878111918724
2025-07-14,0.0019082133350436514
2025-07-15,-0.004273299082921067
2025-07-16,0.003343298935930772
2025-07-17,0.006119637307359538
2025-07-18,-0.0007324374243677934
2025-07-21,0.0018961725995090273
2025-07-22,0.00014313660002862605
2025-07-23,0.00850745793976393
2025-07-24,0.0003311206067388994
2025-07-25,0.004224330884902816
2025-07-28,-0.000251137968921622
2025-07-29,-0.002637611077966562
2025-07-30,-0.001259326889777479
2025-07-31,-0.0037512215112063263
2025-08-01,-0.016390330337931802
2025-08-04,0.01519976838448156
2025-08-05,-0.005069949458941236
2025-08-06,0.007659601573323682
2025-08-07,-0.000837573880337672
2025-08-08,0.007797548438117863
2025-08-11,-0.0019774631972128143
2025-08-12,0.010645993206692905
2025-08-13,0.0034231122314023477
2025-08-14,9.303912295122174e-05
2025-08-15,-0.0023412667648654573
2025-08-18,-0.00021758050478692947
2025-08-19,-0.00542515156225698
2025-08-20,-0.0026570388083961838
2025-08-21,-0.004011847487110587
2025-08-22,0.015356777594209836
2025-08-25,-0.004400985572825311
2025-08-26,0.004186965928370201
2025-08-27,0.0022785045570092866
2025-08-28,0.0035414379165827903
2025-08-29,-0.005963755162423756
2025-09-02,-0.007410278273002002
2025-09-03,0.0054195886110546265
2025-09-04,0.008357411377263979
2025-09-05,-0.002896228740448481
2025-09-08,0.0024565848835051973
2025-09-09,0.0023118536442519044
2025-09-10,0.002890840035059128
2025-09-11,0.008310206835221656
2025-09-12,-0.00033453461672994234
2025-09-15,0.005323922666220504
2025-09-16,-0.0013768894403169973
2025-09-17,-0.001242424242424378
2025-09-18,0.004672471858976346
2025-09-19,0.0049530086426110564
2025-09-22,0.004731053186680656
2025-09-23,-0.005443584667986334
2025-09-24,-0.003181496057055866
2025-09-25,-0.004613522916351642
2025-09-26,0.005729047944685428
2025-09-29,0.0028104318394728267
2025-09-30,0.0037668756027000594
2025-10-01,0.0034074874658502896
2025-10-02,0.0011519186176975893
2025-10-03,-1.4942769194004057e-05
2025-10-06,0.0035863181960817947
2025-10-07,-0.00370750882208426
2025-10-08,0.00596305595408908
2025-10-09,-0.0028970004902616475
2025-10-10,-0.027027832409559527
2025-10-13,0.015344093595908381
2025-10-14,-0.0012216457528957392
2025-10-15,0.0044395451731271685
2025-10-16,-0.006810289099027367
2025-10-17,0.005676313877452266
2025-10-20,0.010400517768178297
2025-10-21,-1.4896469536562762e-05
2025-10-22,-0.005198945314245806
2025-10-23,0.005929919137466211
2025-10-24,0.008172561629153252
2025-10-27,0.011797711332595107
2025-10-28,0.002656003735917345
2025-10-29,0.0004803073967338811
2025-10-30,-0.010998123336097287
2025-10-31,0.0032802318226614613
2025-11-03,0.0018766677418409206
2025-11-04,-0.01185354289226448
2025-11-05,0.0034654345121736263
2025-11-06,-0.010729360370731356
2025-11-07,0.000984619056854541
2025-11-10,0.015604274408691943
2025-11-11,0.002289269781638792
2025-11-12,0.0005563689604684008
2025-11-13,-0.016593988703210494
2025-11-14,-0.0001636807332896506
2025-11-17,-0.009316446653669264
2025-11-18,-0.008397554343743785
2025-11-19,0.0038631681008360896
2025-11-20,-0.015242292078535447
2025-11-21,0.009961227836268183
2025-11-24,0.014718601581111601
2025-11-25,0.009405888774243643
2025-11-26,0.006903499155580528
2025-11-28,0.005458451035781575
2025-12-01,-0.004565475058166069
2025-12-02,0.0018522057418377535
2025-12-03,0.0034627969421743288
2025-12-04,0.0007311117284942714
2025-12-05,0.0018995017460803343
2025-12-08,-0.003004273068004548
2025-12-09,-0.0008630399485101137
2025-12-10,0.006632115249473047
2025-12-11,0.002327035792719201
2025-12-12,-0.010752064077078183
2025-12-15,-0.0015107955878901347
2025-12-16,-0.0027323608479132844
2025-12-17,-0.011003579477661396
2025-12-18,0.007551385165326163
2025-12-19,0.009063872235276715
2025-12-22,0.006229888772976366
2025-12-23,0.004570477344742585
2025-12-24,0.0035176463747892406
2025-12-26,-0.00010139343549919744
2025-12-29,-0.003563616346279219
2025-12-30,-0.001221196481791087
2025-12-31,-0.007408916900773055
2026-01-02,0.0018330595964335394
2026-01-05,0.006660128518523933
2026-01-06,0.005947187808991838
2026-01-07,-0.003223428397970407
2026-01-08,-0.00010151106470612792
2026-01-09,0.006613392119041217
2026-01-12,0.0015704467849064763
2026-01-13,-0.0019995396743197613
2026-01-14,-0.0049151736166163085
2026-01-15,0.0027232168723565486
2026-01-16,-0.0008378597018374734
2026-01-20,-0.02035682271636352
2026-01-21,0.011541072640868899
2026-01-22,0.0052232273125183415
2026-01-23,0.000362855235275239
2026-01-26,0.005078130667556469
2026-01-27,0.003984236282534193
2026-01-28,-0.00010064846367319191
2026-01-29,-0.0019844122976042655
2026-01-30,-0.002982537029565968
2026-02-02,0.004971313785279596
2026-02-03,-0.008455443551286246
2026-02-04,-0.004843879164068254
2026-02-05,-0.012489252247919858
2026-02-06,0.01918479383725402
2026-02-09,0.004821754365642583
2026-02-10,-0.0026370775992506923
2026-02-11,-0.00023117378489279083
2026-02-12,-0.015448869876871552
2026-02-13,0.0007045664714431243
2026-02-17,0.0016134946828016972
2026-02-18,0.005037709599472695
2026-02-19,-0.002637369042241544
2026-02-20,0.007231767180925441
2026-02-23,-0.010211334000551076
2026-02-24,0.007268570758657056
2026-02-25,0.008438204699207086
2026-02-26,-0.005554353314578542
2026-02-27,-0.004801973016103189
2026-03-02,0.0005685214070176858
2026-03-03,-0.0098143593927561
2026-03-04,-0.001
2026-03-05,-0.005575584195700145
2026-03-06,-0.014107102493725154
2026-03-09,0.0
2026-03-10,0.0
2026-03-11,0.0
2026-03-12,0.0
2026-03-13,0.0
2026-03-16,0.0
2026-03-17,0.0
2026-03-18,0.0
2026-03-19,0.0
2026-03-20,0.0
2026-03-23,0.0
2026-03-24,0.0
2026-03-25,0.0
2026-03-26,0.0
2026-03-27,0.0
2026-03-30,0.0
2026-03-31,0.0
2026-04-01,0.0
2026-04-02,0.0
2026-04-06,0.0
2026-04-07,0.0
2026-04-08,0.0
2026-04-09,-0.001
2026-04-10,-0.0006618523039813029
2026-04-13,0.009772466370352895
2026-04-14,0.012184812709517656
2026-04-15,0.007891023241079376
2026-04-16,0.0024573534874416936
2026-04-17,0.012085625516631948
2026-04-20,-0.001999605711549779
2026-04-21,-0.006547014335703816
2026-04-22,0.010126690148846818
2026-04-23,-0.003880710338718507
2026-04-24,0.007749311878043619
2026-04-27,0.0017228338515840047
2026-04-28,-0.004865975921808707
2026-04-29,-0.00015456167713467917
2026-04-30,0.009949689423536245
2026-05-01,0.0027690423844377587
2026-05-04,-0.0036633594671476866
2026-05-05,0.00802217239314218
2026-05-06,0.013899443193279737
2026-05-07,-0.0030661052287314083
2026-05-08,0.008256103228628353
2026-05-11,0.002277595509883046
2026-05-12,-0.0015149465710807553
2026-05-13,0.005594841366604264
2026-05-14,0.007894275976344067
2026-05-15,-0.012029351617947825
2026-05-18,-0.0007034917542648733
2026-05-19,-0.006660800108305609
2026-05-20,0.010249001676365888
2026-05-21,0.001983136593591839
2026-05-22,0.003931495045239153
2026-05-26,0.0066385923501959265
2026-05-27,-0.00017319708495977526
2026-05-28,0.005516616475228497
2026-05-29,0.002491386164855447
2026-06-01,0.002723138747884768
2026-06-02,0.0013578717008992935
2026-06-03,-0.007017128111958093
2026-06-04,0.0037786380992788082
2026-06-05,-0.025809348954549782
