date,returns
2008-08-01,-0.0010535512669378575
2008-08-04,-0.0018118929149915752
2008-08-05,-0.0017538538128907709
2008-08-06,-0.0011060501996789985
2008-08-07,0.005802105605756091
2008-08-08,-8.676752110681196e-05
2008-08-11,-0.0037435554549611672
2008-08-12,0.005306645648878571
2008-08-13,-0.0010082296937263147
2008-08-14,0.0019055951350565258
2008-08-15,0.002843354632596151
2008-08-18,0.0011885949867122434
2008-08-19,-0.00034083964449509445
2008-08-20,0.0019725364306663272
2008-08-21,-0.0017352764612799999
2008-08-22,-0.0032456774490808413
2008-08-25,0.005407451630712856
2008-08-26,-0.0009520499473280042
2008-08-27,0.0012093340137969478
2008-08-28,-0.0006842512614873009
2008-08-29,-0.0002726109915032636
2008-09-02,0.000458696912382695
2008-09-03,0.000942681738237816
2008-09-04,0.001350258631791057
2008-09-05,-0.0004617816372329165
2008-09-08,-0.0006232610001075667
2008-09-09,0.0016858818161807232
2008-09-10,-0.0009101833120856995
2008-09-11,-0.0002885308968502365
2008-09-12,7.696933253154015e-05
2008-09-15,-0.001652643422630851
2008-09-16,-0.006036762699703968
2008-09-17,-0.008184260815839672
2008-09-18,0.01320640381982243
2008-09-19,-0.001939371779396026
2008-09-22,0.00039657030440491957
2008-09-23,-0.0013779825663595702
2008-09-24,0.003518739313650432
2008-09-25,-0.006528697370759273
2008-09-26,-0.0006936416184970984
2008-09-29,-0.011591131055020989
2008-09-30,0.0038714515037529653
2008-10-01,0.011200095080898543
2008-10-02,-0.0034808760075503604
2008-10-03,0.0014596608618873796
2008-10-06,-0.005630853455245588
2008-10-07,-0.0032157679145913055
2008-10-08,-0.011790399831912435
2008-10-09,-0.004139857584870477
2008-10-10,-0.012113729034290043
2008-10-13,0.0210287055520225
2008-10-14,0.001498599998279637
2008-10-15,-0.006083842888363901
2008-10-16,-0.008018707170772866
2008-10-17,-0.001826916342988905
2008-10-20,0.0034269368295589686
2008-10-21,0.00047463415524171557
2008-10-22,-0.0005194848398688777
2008-10-23,0.0029033253460554413
2008-10-24,-0.0043327615330398086
2008-10-27,-0.012168354708385176
2008-10-28,0.003212447345588387
2008-10-29,0.009585203937061193
2008-10-30,0.006147751860642848
2008-10-31,0.0004635962069113653
2008-11-03,0.003093680161100787
2008-11-04,0.001998007868857732
2008-11-05,-0.0002217747204602328
2008-11-06,0.0002824310659832463
2008-11-07,0.0006577298971496949
2008-11-10,0.0025027601101055732
2008-11-11,0.00021261381867048178
2008-11-12,-0.0016146107384044986
2008-11-13,-0.0030474413331915695
2008-11-14,-0.0026157230200123172
2008-11-17,-0.001670060842443455
2008-11-18,-0.003356838693102105
2008-11-19,-0.0056973496527986224
2008-11-20,-0.005135544861685193
2008-11-21,0.000666159572999314
2008-11-24,-0.0010792862681845874
2008-11-25,0.002746683250414517
2008-11-26,0.007108698551381699
2008-11-28,-0.0002799032980680183
2008-12-01,-0.0028089180180129293
2008-12-02,0.0020512572555202893
2008-12-03,0.0006961523543965065
2008-12-04,-0.0009821749448198692
2008-12-05,-0.0008510697760303554
2008-12-08,0.0011895645145466374
2008-12-09,0.0009601902899645019
2008-12-10,-0.0011922778321767026
2008-12-11,0.0003455263186884271
2008-12-12,0.0031696669713012775
2008-12-15,-0.0005164174740324823
2008-12-16,0.004107488469700194
2008-12-17,0.003414399734097762
2008-12-18,0.011987269351458264
2008-12-19,-0.0020943150754368037
2008-12-22,0.006501631868473546
2008-12-23,0.003107977172493426
2008-12-24,-0.002954300213263506
2008-12-26,0.004760812214834598
2008-12-29,0.003113241581206916
2008-12-30,0.0013672932948872508
2008-12-31,0.0009009752766493406
2009-01-02,-0.004865000072775638
2009-01-05,0.011275825720050349
2009-01-06,0.002067204895558783
2009-01-07,-0.0041800195026951755
2009-01-08,-0.0027192796178347137
2009-01-09,0.0035101530759978684
2009-01-12,-0.0041586464740906775
2009-01-13,-0.0006380593948705827
2009-01-14,-0.0016047685547405657
2009-01-15,-0.0016441775718526676
2009-01-16,0.0019972543155085012
2009-01-20,-0.0030428942159737016
2009-01-21,-0.0012031185855175598
2009-01-22,-0.0001564630348152462
2009-01-23,-0.003384047233321397
2009-01-26,-0.0005236899614191605
2009-01-27,0.0027040275915915847
2009-01-28,0.006806600920508288
2009-01-29,-0.006489898444552456
2009-01-30,0.0013827109777266422
2009-02-02,-0.0035235739388393746
2009-02-03,-0.0004981493777164392
2009-02-04,-0.0014954308431585962
2009-02-05,-0.0014540352525824751
2009-02-06,0.0035587439339553216
2009-02-09,0.0012582714062127744
2009-02-10,0.0004936129493417595
2009-02-11,-0.0006502008033614893
2009-02-12,0.0003273220194783378
2009-02-13,-0.000731001201868553
2009-02-17,-0.003000859276885559
2009-02-18,-0.0025248344316225694
2009-02-19,0.0007218610727687481
2009-02-20,-0.0022568817815553643
2009-02-23,-0.005123294328333339
2009-02-24,0.002269414386968905
2009-02-25,-0.002493426193307369
2009-02-26,-0.0035808769522216906
2009-02-27,-0.0025406849874849203
2009-03-02,-0.0023472815349038665
2009-03-03,0.00013220495126029528
2009-03-04,-0.0008875151885595845
2009-03-05,-0.008526947059057233
2009-03-06,-0.0015495390796186337
2009-03-09,-0.001908237983843808
2009-03-10,0.009419356440702355
2009-03-11,0.0035660973828204327
2009-03-12,0.003603225893525064
2009-03-13,0.001116416294170275
2009-03-16,9.31111492382898e-05
2009-03-17,-0.0013252788716146212
2009-03-18,0.007652832011421662
2009-03-19,-0.002702282225145658
2009-03-20,0.0005686719093931593
2009-03-23,0.0034663014761629808
2009-03-24,-0.0006704878655477309
2009-03-25,0.000877322198908237
2009-03-26,0.00414832345869658
2009-03-27,-0.0016547457746784342
2009-03-30,-0.008606596086223406
2009-03-31,0.00428620993354496
2009-04-01,0.00013611847169618942
2009-04-02,0.005941928793639839
2009-04-03,0.0010094286410434975
2009-04-06,-7.970984142684494e-05
2009-04-07,-0.002018648590030625
2009-04-08,0.0023603914795624625
2009-04-09,0.004736611580221872
2009-04-13,0.001388769255597233
2009-04-14,-0.0003573960186600501
2009-04-15,0.002077998991643559
2009-04-16,0.0020312174641727854
2009-04-17,0.003515174485184103
2009-04-20,-0.006545975345256716
2009-04-21,0.00235735243383548
2009-04-22,0.0009547190398254469
2009-04-23,-0.0007888174687453509
2009-04-24,0.003098247044435354
2009-04-27,-0.0006256153423926491
2009-04-28,-0.00033019820787067995
2009-04-29,0.004095940361760687
2009-04-30,0.0022261014643052413
2009-05-01,-0.0009183827243599119
2009-05-04,-0.0006811144646480027
2009-05-05,0.0015475585012417082
2009-05-06,0.00213473847388217
2009-05-07,-0.004432553750433366
2009-05-08,0.004154378559272809
2009-05-11,0.0002948084958110499
2009-05-12,0.0006905030078372843
2009-05-13,-0.002227810981936007
2009-05-14,-0.0018290507251621736
2009-05-15,-0.002900894690763001
2009-05-18,0.0034923840006715334
2009-05-19,0.0018037164265684248
2009-05-20,0.004001036341954256
2009-05-21,-0.0035999667793482405
2009-05-22,0.00293474579778974
2009-05-26,-0.001567511295188373
2009-05-27,0.00017348366908240823
2009-05-28,0.0006059357877796768
2009-05-29,0.0026340651811415762
2009-06-01,0.004084379985107267
2009-06-02,-0.0008693170969790609
2009-06-03,0.000286746748307487
2009-06-04,-0.0001462838223940555
2009-06-05,-0.004616242560672524
2009-06-08,-0.001759619981605276
2009-06-09,0.0022002064475217685
2009-06-10,0.00016836747681616692
2009-06-11,0.000551983011148982
2009-06-12,0.0018973249892655808
2009-06-15,-0.0023822192444611593
2009-06-16,-0.001045334074055537
2009-06-17,-0.00029356129437729805
2009-06-18,0.0005719766545801974
2009-06-19,0.0007028864277949687
2009-06-22,-0.0016750327299344117
2009-06-23,0.00033713692946055754
2009-06-24,0.0009139347644411711
2009-06-25,0.0034388009498601325
2009-06-26,0.0003313757509254778
2009-06-29,0.002501276161306798
2009-06-30,0.0008371381142393552
2009-07-01,0.001279440863172887
2009-07-02,-0.0026253080692780987
2009-07-06,-0.002695506394820191
2009-07-07,-0.0028877409679074263
2009-07-08,0.0024586125515303706
2009-07-09,0.0024859736893280806
2009-07-10,-0.0007670882331408224
2009-07-13,-3.214712076280438e-05
2009-07-14,0.0002102271058720184
2009-07-15,0.00250741506555463
2009-07-16,0.0018531866075367721
2009-07-17,-0.00010911466402250273
2009-07-20,0.0026889352755270937
2009-07-21,0.0019289991666284756
2009-07-22,-0.0001332321843440898
2009-07-23,0.0006027585471731103
2009-07-24,0.0016572543861696153
2009-07-27,-0.00020717633620854776
2009-07-28,-0.00029712085485202874
2009-07-29,0.00024149772775738937
2009-07-30,0.0017458474398197145
2009-07-31,0.004589612134803245
2009-08-03,-0.0007535187082043484
2009-08-04,-0.0011000623509952235
2009-08-05,-0.000932811459827021
2009-08-06,-0.0015817855002995707
2009-08-07,5.756534524485883e-05
2009-08-10,0.002164182410064175
2009-08-11,0.0003833327713580692
2009-08-12,-0.00021506116694858251
2009-08-13,-0.0012019970473765794
2009-08-14,-0.00042250297800792145
2009-08-17,-0.004025271067218995
2009-08-18,0.0032645934074579056
2009-08-19,0.00119444287262791
2009-08-20,-0.0008038716841543226
2009-08-21,0.0014879772774753165
2009-08-24,-8.658839741571e-05
2009-08-25,-2.438726984514972e-05
2009-08-26,0.001258213829003152
2009-08-27,-0.0011158963466026295
2009-08-28,0.0018607172409250694
2009-08-31,0.0005966809264898566
2009-09-01,-0.0012354007035886739
2009-09-02,-0.00020532910784281104
2009-09-03,0.0005310336761537027
2009-09-04,0.0011505471103141931
2009-09-08,0.002939940100654903
2009-09-09,-0.001790482986980657
2009-09-10,0.0035767577232206802
2009-09-11,0.0016128235851978535
2009-09-14,-0.0002387196385289059
2009-09-15,0.0018085521598241172
2009-09-16,0.0015246720592019258
2009-09-17,0.0014956860924615345
2009-09-18,-0.0013214330090217884
2009-09-21,0.00040304812365916655
2009-09-22,-0.0004240758462600525
2009-09-23,0.0018478760048323828
2009-09-24,0.0006126257730969531
2009-09-25,-0.0009859703050550284
2009-09-28,0.001489960176984795
2009-09-29,-0.00032661161694627074
2009-09-30,0.0008116475848856775
2009-10-01,-0.013108154948594939
2009-10-02,-0.00034114708578770754
2009-10-05,0.008173658878128353
2009-10-06,-0.0014414193116599693
2009-10-07,0.005687146760861328
2009-10-08,0.002953637349103943
2009-10-09,-0.0006827542476338772
2009-10-12,0.0010279043659506993
2009-10-13,0.00036863051241904936
2009-10-14,0.00023526302417469164
2009-10-15,-0.0011960604169308888
2009-10-16,0.000767361535070327
2009-10-19,0.0008892484329467876
2009-10-20,0.001910320445000879
2009-10-21,-0.00011582787916898391
2009-10-22,0.002716091476824994
2009-10-23,-0.002580761919110114
2009-10-26,-0.0021085944581333395
2009-10-27,-0.0022169266964889786
2009-10-28,-0.009575295968685098
2009-10-29,0.006353410899792332
2009-10-30,-0.0021485007360452103
2009-11-02,0.0027736528885303367
2009-11-03,-1.4248406133432782e-05
2009-11-04,0.0004436782406070036
2009-11-05,0.0009030019456815696
2009-11-06,0.0016757645914721843
2009-11-09,0.002937647552769651
2009-11-10,0.0008492724363867611
2009-11-11,0.0012512115700183402
2009-11-12,0.0007384639116829627
2009-11-13,-0.0007243027125284406
2009-11-16,0.0047860013324891645
2009-11-17,0.0002203723197801823
2009-11-18,-0.0020650556342715898
2009-11-19,0.0014371152455765258
2009-11-20,-0.000291599830551581
2009-11-23,-0.0008088169036267966
2009-11-24,0.00220696844476741
2009-11-25,0.0014825582814612438
2009-11-27,-0.0033664462620719583
2009-11-30,0.002019724329504152
2009-12-01,0.0014816563403308829
2009-12-02,-0.0002597581071080991
2009-12-03,-0.0007975315098929463
2009-12-04,-8.610360306900502e-05
2009-12-07,0.0015988284568936306
2009-12-08,0.0013796392132711223
2009-12-09,-0.0008694435106624432
2009-12-10,0.001939654042962779
2009-12-11,-0.0009734244662482187
2009-12-14,0.004487234199939693
2009-12-15,-0.0016273561137226111
2009-12-16,0.0013595176835622278
2009-12-17,0.0022537598806448016
2009-12-18,-0.0015585393191537846
2009-12-21,-0.0015611929830750277
2009-12-22,2.898729223790278e-05
2009-12-23,0.0011400389354458416
2009-12-24,0.0007971932283608923
2009-12-28,-0.0026573943983948353
2009-12-29,-0.0021105000453530195
2009-12-30,0.0029295513353625787
2009-12-31,-8.826456195243663e-06
2010-01-04,0.005286341226732759
2010-01-05,0.004838946729545446
2010-01-06,0.00041629881937941225
2010-01-07,0.0014460540502860327
2010-01-08,0.0014075575580849706
2010-01-11,0.0008482906092120602
2010-01-12,-0.0006304536855316783
2010-01-13,-0.0005394462727302599
2010-01-14,0.0012401521469070699
2010-01-15,-0.0009632037762167306
2010-01-19,-6.369780936524869e-05
2010-01-20,0.00042039805921526593
2010-01-21,-0.007756629488949616
2010-01-22,-0.0053710939377136545
2010-01-25,0.00022062789776602335
2010-01-26,0.0012494071568696474
2010-01-27,-0.000843810953475871
2010-01-28,-0.0029383706136587467
2010-01-29,-0.0020290678730008724
2010-02-01,0.0016697869888423916
2010-02-02,0.0018024946165587693
2010-02-03,0.0011677290816737844
2010-02-04,-0.0068565878196417945
2010-02-05,-0.002785736456324744
2010-02-08,-0.0019932628653971827
2010-02-09,-0.0006951530351401451
2010-02-10,-0.007761028624610111
2010-02-11,0.0029104152275271186
2010-02-12,0.00016202740253686856
2010-02-16,0.006361245775473112
2010-02-17,0.0032675117989044086
2010-02-18,0.0037921758435137945
2010-02-19,0.004390710202873038
2010-02-22,0.0005371083818693333
2010-02-23,-0.0019466244242324448
2010-02-24,0.002493873968392901
2010-02-25,0.0016955864112377375
2010-02-26,0.005271198118606589
2010-03-01,0.0008682136206139667
2010-03-02,0.004948551858325489
2010-03-03,0.00010755139182350707
2010-03-04,0.0011181238406172578
2010-03-05,0.0020139181419383083
2010-03-08,-7.327360792230863e-05
2010-03-09,0.003247643831308966
2010-03-10,-0.00048631897298466746
2010-03-11,-0.0004590425752430294
2010-03-12,0.0016090505841070634
2010-03-15,-0.00036366747957048963
2010-03-16,0.003171317151884667
2010-03-17,0.000994349831242336
2010-03-18,-0.00034442133907183786
2010-03-19,-0.002657532447950078
2010-03-22,0.0032183974029758363
2010-03-23,-0.0006198499062933961
2010-03-24,-0.0034140114975430465
2010-03-25,-0.00010278084183037474
2010-03-26,0.0004487962885195153
2010-03-29,0.00036130343129449057
2010-03-30,-0.00031271137581265196
2010-03-31,-0.0008731619471127713
2010-04-01,-0.0018824118230042319
2010-04-05,-0.0027439678922996816
2010-04-06,0.0043095334284384106
2010-04-07,0.002748428193174601
2010-04-08,0.0008011022266904975
2010-04-09,0.0013054329924221842
2010-04-12,0.0012927886994717253
2010-04-13,0.002135083620653466
2010-04-14,0.0010568976558360307
2010-04-15,0.0028049457184322942
2010-04-16,-0.0025711833670627733
2010-04-19,-0.0021754213987143166
2010-04-20,0.006480129304086013
2010-04-21,0.0008601318455418118
2010-04-22,-0.0027153101382253074
2010-04-23,0.0024067088755780615
2010-04-26,0.00027257094713245555
2010-04-27,-0.005172808238546727
2010-04-28,-0.0015269925091149995
2010-04-29,0.00456552168629234
2010-04-30,0.004124849971853905
2010-05-03,-0.0006263535151804167
2010-05-04,-0.004375406795866298
2010-05-05,-0.007488509342149711
2010-05-06,-0.01703500162987993
2010-05-07,0.001201197657101022
2010-05-10,0.013054145357624789
2010-05-11,-0.00020437613421684357
2010-05-12,0.006546056146803701
2010-05-13,-0.002110757170034588
2010-05-14,-0.001981179387305648
2010-05-17,-0.0013854369909236607
2010-05-18,0.0008196152352703218
2010-05-19,-0.003780728077107287
2010-05-20,-0.016456705197712994
2010-05-21,0.012359966017084622
2010-05-24,0.0013081929866811336
2010-05-25,-0.000851961706232845
2010-05-26,-0.006449328650605183
2010-05-27,0.005687666649488696
2010-05-28,0.0026250651537328418
2010-06-01,-0.0006704916873013884
2010-06-02,-0.0025349981149469514
2010-06-03,-0.0008202373013582065
2010-06-04,0.00765610192683872
2010-06-07,0.0009766632491795765
2010-06-08,-0.0015623754558325097
2010-06-09,0.0005306962900795576
2010-06-10,-0.0038031750308162634
2010-06-11,0.004308967002544594
2010-06-14,-0.0001996398399737753
2010-06-15,-1.614165339844896e-05
2010-06-16,0.0018889439652522988
2010-06-17,0.004450464512469399
2010-06-18,-0.0003309490607254161
2010-06-21,0.00029350890158272866
2010-06-22,0.0022578864558769006
2010-06-23,0.002236689231110422
2010-06-24,-0.001834653616747084
2010-06-25,0.001940124924356734
2010-06-28,0.004818604256403036
2010-06-29,0.0006787703321549095
2010-06-30,0.0005259906832403515
2010-07-01,0.0006293346232114417
2010-07-02,-0.0010221699285448249
2010-07-06,0.00303148189046345
2010-07-07,0.0005032201203692076
2010-07-08,-0.0005007613932235033
2010-07-09,-0.002112685693518035
2010-07-12,0.0008763054675358983
2010-07-13,-0.0015683173864572625
2010-07-14,0.0030198238705510414
2010-07-15,0.003446652666989003
2010-07-16,0.0024378490644180184
2010-07-19,-0.0009672809835465923
2010-07-20,0.0023079035166102546
2010-07-21,0.0038279330856936466
2010-07-22,-0.001593379299370445
2010-07-23,-0.0011323614021180983
2010-07-26,-0.0001698254025545243
2010-07-27,-0.0024633296148435456
2010-07-28,0.0023485651993178313
2010-07-29,0.0020322368144711778
2010-07-30,0.0030871907490487957
2010-08-02,0.0018040283627793867
2010-08-03,0.0022431394849187656
2010-08-04,-0.001058791588611674
2010-08-05,0.0013962430213624146
2010-08-06,0.002342226209533388
2010-08-09,-0.0003656131155818699
2010-08-10,0.0013059059387125261
2010-08-11,-0.004598093660427627
2010-08-12,-0.002361882577664415
2010-08-13,0.003165893338565812
2010-08-16,0.0027639597982824114
2010-08-17,0.0013185252212401686
2010-08-18,0.001013333767402347
2010-08-19,0.0007867330409631333
2010-08-20,0.0005115470838990665
2010-08-23,0.0005231965323136522
2010-08-24,-0.0007416435380939667
2010-08-25,-0.002341406879693725
2010-08-26,-0.0002353004293658311
2010-08-27,-0.0034657466079725916
2010-08-30,0.00269245142281459
2010-08-31,0.0010322981935426967
2010-09-01,-0.0026714318443206812
2010-09-02,-0.0022358267853122447
2010-09-03,-0.002933828720104192
2010-09-07,0.004664690893217816
2010-09-08,-0.0017482149437317185
2010-09-09,-0.004138559084100568
2010-09-10,-0.0012325353845829667
2010-09-13,0.004048544732383252
2010-09-14,0.003132243200956886
2010-09-15,-0.0022201300234825586
2010-09-16,-0.0017089306802532624
2010-09-17,0.001767793866699474
2010-09-20,0.002188856337409328
2010-09-21,0.005401798765682275
2010-09-22,8.110074443199431e-05
2010-09-23,0.00035636976862309935
2010-09-24,-0.0022084678571645975
2010-09-27,0.005025259889681788
2010-09-28,0.002339071524516578
2010-09-29,-0.0010247830190601493
2010-09-30,0.00030590530373808544
2010-10-01,0.0005363272123106171
2010-10-04,-0.0007144567568572791
2010-10-05,0.0027685750487017827
2010-10-06,0.00161659657607508
2010-10-07,0.0013637687233598707
2010-10-08,0.002146690129231765
2010-10-11,0.0018352306098695982
2010-10-12,-0.000979412660867518
2010-10-13,0.0021586106206202826
2010-10-14,-0.004427174587596283
2010-10-15,0.00019125640695721863
2010-10-18,-0.00023850586454249865
2010-10-19,0.0006370619036702885
2010-10-20,0.0011914907086922613
2010-10-21,-0.002023556553524014
2010-10-22,0.0023610559149367825
2010-10-25,0.002612209815306188
2010-10-26,-0.0013258321152708253
2010-10-27,-0.0025076578897925807
2010-10-28,0.002034723209795586
2010-10-29,0.0018386726485225323
2010-11-01,-0.0011254006606018275
2010-11-02,0.00341673250232693
2010-11-03,0.003113816964857074
2010-11-04,0.008675324330760348
2010-11-05,-0.0022705023089415466
2010-11-08,-0.0020714967133768523
2010-11-09,-0.004925583772578473
2010-11-10,-0.0028583139350601304
2010-11-11,-0.0026072649914893886
2010-11-12,-0.004929481930350027
2010-11-15,-0.005507667718071213
2010-11-16,-0.004062312963015913
2010-11-17,0.0026728055729308476
2010-11-18,0.005679140374163511
2010-11-19,-0.0006077686117233472
2010-11-22,-0.0009778013398140275
2010-11-23,-0.006940925463012509
2010-11-24,-0.0006387175325309134
2010-11-26,-0.001063461857159037
2010-11-29,0.0015307414467216733
2010-11-30,0.0007247226110360772
2010-12-01,0.0012679382881092991
2010-12-02,0.0006040486654034117
2010-12-03,0.0018512303327990476
2010-12-06,0.001997553217924164
2010-12-07,-0.0027580527514137476
2010-12-08,-0.005348006132033223
2010-12-09,1.8052444870608677e-05
2010-12-10,-0.002389635116235406
2010-12-13,-0.002055681798248249
2010-12-14,-0.0004841252706066056
2010-12-15,-0.003915996542705175
2010-12-16,0.0021494578452349923
2010-12-17,0.0032004630066126195
2010-12-20,0.0015779925087611446
2010-12-21,0.0022399251223497287
2010-12-22,0.0007628773468675077
2010-12-23,-0.00048759151541407644
2010-12-27,0.0013607416786630465
2010-12-28,-0.0027379363737347283
2010-12-29,0.004420682263554654
2010-12-30,5.104467836000159e-05
2010-12-31,0.0028976656193103524
2011-01-03,-2.0533983412601774e-05
2011-01-04,0.004121902502250618
2011-01-05,-0.002697966596514446
2011-01-06,0.001060177333509771
2011-01-07,0.00019161178937517412
2011-01-10,0.0002201759990095478
2011-01-11,0.001351494293922961
2011-01-12,0.0009993025150931254
2011-01-13,0.002193434227694141
2011-01-14,0.00027102694220036954
2011-01-18,-0.0010732938575620133
2011-01-19,-0.0013908873270785046
2011-01-20,-0.003950565122355432
2011-01-21,0.0030828245744249526
2011-01-24,0.001236877075874121
2011-01-25,0.0022386912839395257
2011-01-26,-0.0007062507219293805
2011-01-27,0.0013252555957649183
2011-01-28,-0.0030288402918385634
2011-01-31,0.0019434631958521016
2011-02-01,0.0003722329488492157
2011-02-02,9.137454864566175e-05
2011-02-03,-0.0020929050579227395
2011-02-04,-0.0003526623058097201
2011-02-07,0.00035962160983002975
2011-02-08,-0.0009898723099020625
2011-02-09,-0.002105315345190683
2011-02-10,-0.0007541123990734589
2011-02-11,0.002973812256240216
2011-02-14,0.00015818923222036816
2011-02-15,-0.0004327856834898556
2011-02-16,5.785279306620418e-05
2011-02-17,0.003285806515633449
2011-02-18,0.0020210986989454777
2011-02-22,-0.002540674668364183
2011-02-23,-0.00035818829567851895
2011-02-24,0.0013527785639377732
2011-02-25,0.003460729535838536
2011-02-28,0.0027342233717673747
2011-03-01,-0.00043093212246180776
2011-03-02,-0.0008826474727746783
2011-03-03,-6.146375080289283e-05
2011-03-04,0.0017710786817571663
2011-03-07,-0.00026929225789557043
2011-03-08,-0.0008372905408204068
2011-03-09,0.00022707441076577671
2011-03-10,-0.0004354703819782306
2011-03-11,-0.0007318969143251143
2011-03-14,-0.0019389762689840271
2011-03-15,-0.0019416879211302078
2011-03-16,-0.0015083500194531135
2011-03-17,0.005736388687098847
2011-03-18,0.0024722926454296412
2011-03-21,0.0024448312692895153
2011-03-22,0.0004452825579541908
2011-03-23,-0.000858653608440707
2011-03-24,-0.0009268317612544544
2011-03-25,-0.0007215358235500237
2011-03-28,0.0003608628031008476
2011-03-29,-0.0007103654583905996
2011-03-30,0.0018711764694100742
2011-03-31,-0.0008314719361737723
2011-04-01,0.0002620057279793588
2011-04-04,0.004615959764650179
2011-04-05,-0.002477467201962097
2011-04-06,0.0002706708120956188
2011-04-07,0.00020566037798073748
2011-04-08,-0.00046910404877880134
2011-04-11,-0.000582086292138989
2011-04-12,-0.00026747084046946346
2011-04-13,0.0039609427298543
2011-04-14,-0.0031952737207831426
2011-04-15,0.0032999412031265666
2011-04-18,-0.0013744555391565934
2011-04-19,0.002054220947902546
2011-04-20,0.0013491518700220358
2011-04-21,0.0018465906450290447
2011-04-25,0.00014149220361094365
2011-04-26,0.0027977518182728646
2011-04-27,-0.00025071176825314256
2011-04-28,0.0018672017632578976
2011-04-29,0.002762968349596328
2011-05-02,-0.0005006738242113229
2011-05-03,0.001278404909769848
2011-05-04,0.0006670040121404598
2011-05-05,-0.0008607612560505176
2011-05-06,0.003041938374034114
2011-05-09,0.0016711456664085579
2011-05-10,-0.00034044277078111346
2011-05-11,0.00020202501773943816
2011-05-12,-8.471199816110228e-05
2011-05-13,-0.0005896557640897855
2011-05-16,0.001810932784038921
2011-05-17,0.0019832223213993583
2011-05-18,-0.0006936709354305795
2011-05-19,-3.3096316609759714e-05
2011-05-20,0.0004175246971419024
2011-05-23,-0.0028139828297936483
2011-05-24,-0.000707207483463812
2011-05-25,0.00025290643675004445
2011-05-26,0.0007780039234837558
2011-05-27,0.0019086760240486498
2011-05-31,0.002997045557139888
2011-06-01,-0.0007591380928462614
2011-06-02,-0.002097436490972782
2011-06-03,-0.0010170967984317655
2011-06-06,-0.0013652301599953343
2011-06-07,0.00020169252532943892
2011-06-08,-0.0017272053872168394
2011-06-09,-0.0006716384132152368
2011-06-10,-0.0027605640441689945
2011-06-13,-0.002762092787759118
2011-06-14,0.0009986800407131226
2011-06-15,0.0007791039767434515
2011-06-16,-0.00983721378987396
2011-06-17,0.005786108994821891
2011-06-20,0.003320665061084382
2011-06-21,0.004300609654484843
2011-06-22,-0.003996140407086795
2011-06-23,0.004403589807808739
2011-06-24,-0.001632919689046141
2011-06-27,-0.0009265353876606211
2011-06-28,-6.865715216607463e-05
2011-06-29,0.0035561811234283086
2011-06-30,0.002903418155807368
2011-07-01,0.0020002746991014514
2011-07-05,0.002301445769946897
2011-07-06,0.0003496839605015512
2011-07-07,0.001081976355324621
2011-07-08,0.001910237515176105
2011-07-11,-0.0027386448855920786
2011-07-12,-0.001711706288072573
2011-07-13,0.004374315515568872
2011-07-14,-0.0012766314016028236
2011-07-15,0.0006952672349528566
2011-07-18,-0.0010002062822371983
2011-07-19,0.0027319558285735512
2011-07-20,-0.0002628688266209378
2011-07-21,0.0007549116798285018
2011-07-22,0.002328718492738446
2011-07-25,-0.003431933161310302
2011-07-26,0.0024228063442451983
2011-07-27,-0.0041069519277272815
2011-07-28,0.0019119788781420842
2011-07-29,0.004432896677137144
2011-08-01,0.002158312788892159
2011-08-02,0.003318448833843112
2011-08-03,0.00034619192736302646
2011-08-04,0.002364198264547767
2011-08-05,-0.007198620675537093
2011-08-08,0.001099145440336468
2011-08-09,0.009808863525982803
2011-08-10,0.004691228016248883
2011-08-11,-0.005231014372203968
2011-08-12,0.0032703303993499187
2011-08-15,0.0009638541314181963
2011-08-16,0.0014899572530467473
2011-08-17,0.006456094213048802
2011-08-18,0.0006763084695635686
2011-08-19,-0.0011072815495543954
2011-08-22,-0.0008844118347453022
2011-08-23,-0.0010218610512027658
2011-08-24,-0.007341327731845015
2011-08-25,0.002200180355446202
2011-08-26,0.0039688096313010394
2011-08-29,-0.001969269398984274
2011-08-30,0.004565727263942554
2011-08-31,0.0004297538614328692
2011-09-01,0.0047101913298945195
2011-09-02,0.004469880548290761
2011-09-06,-0.0015406664186891738
2011-09-07,-0.002279950560027522
2011-09-08,0.003634885826078893
2011-09-09,0.0011953246673682472
2011-09-12,-0.003691164699833771
2011-09-13,-0.00022394136346199907
2011-09-14,0.001673290848051723
2011-09-15,-0.0031086270356414985
2011-09-16,0.0010884122917760753
2011-09-19,0.0046995732818571724
2011-09-20,0.0010295104228047246
2011-09-21,0.0006332064258630418
2011-09-22,0.0028846137659765954
2011-09-23,-0.0043969923744543
2011-09-26,-0.0018214947286958826
2011-09-27,-0.0038336854283003595
2011-09-28,-0.002198223615937844
2011-09-29,-0.00033060619973690475
2011-09-30,-8.847973000827283e-05
2011-10-03,-0.0028324298013191022
2011-10-04,-0.0010881549553608317
2011-10-05,0.002442936458975975
2011-10-06,0.0029066791837150333
2011-10-07,-0.00011607748808253329
2011-10-10,0.0036304027868506506
2011-10-11,-0.0018280682706567353
2011-10-12,0.004653923780125835
2011-10-13,-0.0006458127302249262
2011-10-14,0.001777124747515302
2011-10-17,-0.0010622974889087367
2011-10-18,0.0010706388921214673
2011-10-19,-0.00036413226488767324
2011-10-20,0.0018598474203405325
2011-10-21,0.002133448858282261
2011-10-24,0.005414012738853513
2011-10-25,-0.003070314270483809
2011-10-26,0.0003836719387818822
2011-10-27,0.0023730619008167863
2011-10-28,-0.0002183990185999241
2011-10-31,-0.0011065156485248861
2011-11-01,0.0030483868129493
2011-11-02,0.0005167990883137464
2011-11-03,-0.0008181292640782266
2011-11-04,0.001589364474054844
2011-11-07,-3.156655223188762e-05
2011-11-08,-0.0022771384948766958
2011-11-09,0.0011273369211229015
2011-11-10,-0.002692160986658365
2011-11-11,-0.00021231631618572316
2011-11-14,0.002515585995436975
2011-11-15,-0.0013547326854309815
2011-11-16,0.0001985642418421917
2011-11-17,0.00024901236356911194
2011-11-18,-0.002443642674427515
2011-11-21,-0.0005453763793783707
2011-11-22,0.000303808105858838
2011-11-23,-0.0015268394410627995
2011-11-25,-0.0038151276454398975
2011-11-28,0.004552268722247499
2011-11-29,0.00017787429815203665
2011-11-30,-9.630266861206929e-05
2011-12-01,0.0007202788728152721
2011-12-02,0.0037488220947537792
2011-12-05,0.0008054260872741193
2011-12-06,-0.0006642981527034573
2011-12-07,0.0021499641151567104
2011-12-08,0.001770878246916707
2011-12-09,-0.0023970080198763895
2011-12-12,0.0010034908679141137
2011-12-13,0.0020009437229145718
2011-12-14,0.0021236579474029904
2011-12-15,0.00017850309417364327
2011-12-16,0.003943364777289293
2011-12-19,0.0017668016627702785
2011-12-20,-0.0029786940318371697
2011-12-21,-0.0014452386206197376
2011-12-22,0.0014869456875749698
2011-12-23,-0.001489556596889674
2011-12-27,0.0010645811156590802
2011-12-28,0.0028991566859755567
2011-12-29,0.00195906963893191
2011-12-30,0.002340561274744601
2012-01-03,-0.0032776912267841406
2012-01-04,-0.002198202870430199
2012-01-05,-0.0007323917714116446
2012-01-06,0.0017004207739488297
2012-01-09,0.00043161166540195417
2012-01-10,-0.00047962452691290296
2012-01-11,0.00336154746818782
2012-01-12,-0.0015447350542979077
2012-01-13,0.002503523524687945
2012-01-17,0.0009958691758041648
2012-01-18,-0.0013351057092266137
2012-01-19,-0.003294312062163773
2012-01-20,-0.002108192532130104
2012-01-23,-0.0006054217039379805
2012-01-24,0.0012025828536164074
2012-01-25,0.0047467487644903715
2012-01-26,0.003712527840375701
2012-01-27,0.001144684286130548
2012-01-30,0.001333444297992936
2012-01-31,0.0027706745735952333
2012-02-01,-0.0007967545480581592
2012-02-02,0.0016220668633225243
2012-02-03,-0.0006053834275478618
2012-02-06,0.0008741909675329784
2012-02-07,-0.0004301414787798719
2012-02-08,0.00019210900637670064
2012-02-09,-0.00026987288475189273
2012-02-10,-0.002918027385592059
2012-02-13,0.0018387538575916685
2012-02-14,0.0008005041725764995
2012-02-15,-0.0010329498278035087
2012-02-16,0.0005300475746682688
2012-02-17,-0.0007699091907632295
2012-02-21,0.001435219951535793
2012-02-22,0.0028891044851329095
2012-02-23,0.002328481038756802
2012-02-24,0.0018644279479568926
2012-02-27,0.000979096490376541
2012-02-28,0.0014879516103896596
2012-02-29,-0.00030830640212058395
2012-03-01,0.00020550408594879877
2012-03-02,-0.00035740164740252203
2012-03-05,-0.003603777772922556
2012-03-06,-0.007397490191675947
2012-03-07,0.001629208815513605
2012-03-08,0.004073122751969715
2012-03-09,0.0005758188516397643
2012-03-12,0.00034875990018962133
2012-03-13,0.0022329197545007387
2012-03-14,-0.0056115623468001976
2012-03-15,-0.002533783449398885
2012-03-16,-0.001953889490062294
2012-03-19,-0.00017119677831877226
2012-03-20,-0.0007934262658682856
2012-03-21,-0.00037508125258732777
2012-03-22,0.001651126254647106
2012-03-23,-2.9044997575561208e-05
2012-03-26,0.0026738998871351444
2012-03-27,0.0026805320924018663
2012-03-28,-0.0022238830730728744
2012-03-29,0.0010010316002216804
2012-03-30,-0.0022121231717551707
2012-04-02,0.002311411366170213
2012-04-03,-0.0031056520688018236
2012-04-04,-0.0005171475575511946
2012-04-05,-0.00036755230885351865
2012-04-09,0.0007314152882204449
2012-04-10,-0.0019468376567437545
2012-04-11,0.002683340977946002
2012-04-12,0.0050439844335885215
2012-04-13,-1.398282697846428e-05
2012-04-16,0.0007979477552764512
2012-04-17,0.0024548399785623396
2012-04-18,0.00039099520862365133
2012-04-19,-0.000679407038896962
2012-04-20,0.001438869580615387
2012-04-23,-0.0009417322802431179
2012-04-24,0.0006728289805760897
2012-04-25,0.004123658330929857
2012-04-26,0.0014272051105752581
2012-04-27,0.00018979357533251422
2012-04-30,0.0017645922418923598
2012-05-01,-6.740955526990405e-05
2012-05-02,0.0029540518792179893
2012-05-03,0.00020106256787258967
2012-05-04,5.438374623360515e-05
2012-05-07,0.0008098350645405537
2012-05-08,0.0002969154235797412
2012-05-09,-0.002440996956547375
2012-05-10,-0.0009905198923951086
2012-05-11,0.0019246616101841196
2012-05-14,-0.004479572912499379
2012-05-15,-0.0031627285336130345
2012-05-16,-0.005749088655894485
2012-05-17,-0.007425913770254049
2012-05-18,-0.0004847624778625159
2012-05-21,0.0058606677759338805
2012-05-22,-0.00026059898576745737
2012-05-23,-0.000743338921641917
2012-05-24,-0.0008180755404042118
2012-05-25,-0.0006813822179710047
2012-05-29,0.005760288149381692
2012-05-30,0.0003744415055035432
2012-05-31,-0.004391172412708432
2012-06-01,0.0029335866471701054
2012-06-04,-0.0033198290578726032
2012-06-05,-0.0006690323791164409
2012-06-06,-0.001868101196286265
2012-06-07,0.002175823524881615
2012-06-08,0.0012146461693367972
2012-06-11,0.0003039308558503205
2012-06-12,-0.0019024989107749189
2012-06-13,0.0025669202354256624
2012-06-14,-9.195383639371002e-05
2012-06-15,0.0032094464584435213
2012-06-18,-0.00014617577182256535
2012-06-19,-0.0006608199452202035
2012-06-20,-0.000514658069571916
2012-06-21,-0.0003353622927042999
2012-06-22,-0.001223982439640192
2012-06-25,0.0029800498915075967
2012-06-26,-0.0016674350892482482
2012-06-27,0.0020352086235599478
2012-06-28,0.0019445989909905315
2012-06-29,-0.0008647383015324859
2012-07-02,0.002219638144116365
2012-07-03,0.0011969813484486447
2012-07-05,0.001116232818367413
2012-07-06,0.0005559586791669569
2012-07-09,0.0008383679503462416
2012-07-10,-0.0018087944661946964
2012-07-11,0.001953464651433107
2012-07-12,0.00013688993566989823
2012-07-13,0.001937475251876547
2012-07-16,-0.00044704941810021486
2012-07-17,0.0018823112721999158
2012-07-18,0.002163329370051792
2012-07-19,0.0007487127935582871
2012-07-20,-0.0010660744034283963
2012-07-23,-0.0012507491394297798
2012-07-24,-0.002869782987812086
2012-07-25,-0.0004550697605474385
2012-07-26,0.004493866445963568
2012-07-27,0.0012599294550976197
2012-07-30,0.0014097369057233244
2012-07-31,-0.00040338462167247566
2012-08-01,0.0021102786754244097
2012-08-02,-0.0010990842448157735
2012-08-03,0.0009415017533646044
2012-08-06,0.00036373521728356724
2012-08-07,-0.002331347011987167
2012-08-08,-0.0004826985784715965
2012-08-09,-0.0008547343532645745
2012-08-10,0.00019733972905582874
2012-08-13,0.00016513230738677832
2012-08-14,-0.000574764900200192
2012-08-15,-0.003977876111227235
2012-08-16,0.0007845331214844933
2012-08-17,0.000284473305521743
2012-08-20,0.0008469210978341636
2012-08-21,0.0015108574546839003
2012-08-22,0.002440377748229422
2012-08-23,0.0007269145060869675
2012-08-24,0.002008628796594275
2012-08-27,0.000352449139091876
2012-08-28,-0.00014231086245198866
2012-08-29,0.0005494933290873861
2012-08-30,0.00033521883736227216
2012-08-31,0.00304087179099799
2012-09-04,-0.0006366990072790456
2012-09-05,0.0002637260034996535
2012-09-06,0.0014902259237685946
2012-09-07,0.0019934040125146432
2012-09-10,-0.0004534225074335484
2012-09-11,0.003394343824038059
2012-09-12,0.00025534118463890147
2012-09-13,0.004068979641551101
2012-09-14,-0.0025763326464195995
2012-09-17,-6.0569789537995105e-05
2012-09-18,0.0011423304329034158
2012-09-19,0.0001463593751258543
2012-09-20,-0.0025128816885567557
2012-09-21,0.00018586712223105388
2012-09-24,-0.00043614943517292204
2012-09-25,-0.003831554475358111
2012-09-26,-0.0014595021725879005
2012-09-27,0.005596571720690911
2012-09-28,-0.0021005504375635805
2012-10-01,-0.00020355016729165485
2012-10-02,0.0016024977914188773
2012-10-03,0.0019900081050717834
2012-10-04,0.0011525391636870049
2012-10-05,-0.0016073937035593234
2012-10-08,-0.000229470506279905
2012-10-09,-0.0022662244198005553
2012-10-10,-0.0005954908586720096
2012-10-11,0.004100988957691908
2012-10-12,0.0018176670663456072
2012-10-15,0.0029719616266573263
2012-10-16,0.0009518885984523212
2012-10-17,-0.0006443336002228577
2012-10-18,-0.0011192931400690331
2012-10-19,-0.0017344720743331869
2012-10-22,-0.0011087515543739047
2012-10-23,-0.0008794830971874717
2012-10-24,-0.0011094188118075333
2012-10-25,-0.0004823701465463796
2012-10-26,0.00020005736866625704
2012-10-31,0.001662362349193619
2012-11-01,0.0022265191751971057
2012-11-02,-0.001028678984627568
2012-11-05,0.00035922783293176354
2012-11-06,-0.00028675986147558307
2012-11-07,-0.0007965286344229767
2012-11-08,-0.00023225707424295253
2012-11-09,-0.0009826922833898297
2012-11-12,0.00036125958412142056
2012-11-13,-0.0010531469572701677
2012-11-14,-0.0029694825067471116
2012-11-15,-0.0008397936042407793
2012-11-16,0.0013752398625020978
2012-11-19,0.006841951819227809
2012-11-20,-0.0007041577564964154
2012-11-21,-0.0008072799051574986
2012-11-23,0.0017721996040246154
2012-11-26,0.0009021359690294607
2012-11-27,0.001425774148086778
2012-11-28,0.0007766388445114236
2012-11-29,0.0035033181349597097
2012-11-30,0.0007980759544504277
2012-12-03,0.0027189390801715006
2012-12-04,0.0006228445173565912
2012-12-05,0.0012819724525724439
2012-12-06,0.00140128160908366
2012-12-07,-0.0019716798506835
2012-12-10,0.0009930662827881242
2012-12-11,-0.00012205648359996948
2012-12-12,0.00025132260170581083
2012-12-13,-0.0025778702447799783
2012-12-14,0.0001447422916140529
2012-12-17,0.0003698057715401154
2012-12-18,-0.0009794099087235555
2012-12-19,0.00014317501573797315
2012-12-20,0.002478545132850507
2012-12-21,-0.0005876018450697626
2012-12-24,-0.0022427839851553773
2012-12-26,0.0020127456160889735
2012-12-27,0.0018226403486194531
2012-12-28,-0.00064511346564321
2012-12-31,0.0008332895502771937
2013-01-02,0.004241300985956219
2013-01-03,-0.003346635931996006
2013-01-04,6.649308984363347e-06
2013-01-07,0.0007508822216805155
2013-01-08,-0.0003550183652482607
2013-01-09,0.0010921937015167138
2013-01-10,2.7285965644552107e-05
2013-01-11,0.0011984156297501101
2013-01-14,-0.0006463655882945562
2013-01-15,0.0014384043691100692
2013-01-16,-0.0006751927394207822
2013-01-17,0.00038008535054825866
2013-01-18,0.0020913591622686465
2013-01-22,0.0003108541626841155
2013-01-23,-0.0003925868630091421
2013-01-24,0.0007532602179265987
2013-01-25,-0.0028027394873734682
2013-01-28,-0.0013918844140888508
2013-01-29,-0.0017148719486976105
2013-01-30,-0.005072248535765933
2013-01-31,-0.0021561701316270333
2013-02-01,0.0010648830636313497
2013-02-04,-0.0010530028266602927
2013-02-05,0.0004581116841342434
2013-02-06,0.0001070517234015413
2013-02-07,-0.000479905121793761
2013-02-08,0.001073731123311883
2013-02-11,-0.00015687439204586375
2013-02-12,0.0014293797781502857
2013-02-13,-0.0009444857548885913
2013-02-14,0.0010544716918210906
2013-02-15,-0.0004374584768387258
2013-02-19,0.00022514817600388632
2013-02-20,-0.0005188530158582004
2013-02-21,0.0009425992962746377
2013-02-22,0.0015424377321327952
2013-02-25,0.0007871029137999925
2013-02-26,0.0029191528862667513
2013-02-27,0.0008849391406417048
2013-02-28,4.834792929955264e-05
2013-03-01,0.0012198606384380471
2013-03-04,-9.483484544183809e-05
2013-03-05,0.0014765059021816128
2013-03-06,-0.0013806657565239968
2013-03-07,-0.0008622206679370307
2013-03-08,-0.0014251997473201717
2013-03-11,-0.00043690856574787873
2013-03-12,0.000906639827415562
2013-03-13,-0.0004672075582829616
2013-03-14,0.001974796347209195
2013-03-15,0.0011167762246587665
2013-03-18,0.0007485089882180108
2013-03-19,-0.00011857329328858164
2013-03-20,0.0007869380522861008
2013-03-21,-0.000378994107670971
2013-03-22,-0.0003976332276789618
2013-03-25,-0.0006174475316279458
2013-03-26,0.0014672980027515934
2013-03-27,0.0002539710201789173
2013-03-28,0.0004986342093133309
2013-04-01,0.0018744907706599423
2013-04-02,-0.0008037671475998487
2013-04-03,0.0019226755095306802
2013-04-04,0.001645035134263856
2013-04-05,0.0034076491004964684
2013-04-08,0.00024225496626113481
2013-04-09,0.0016897456487830363
2013-04-10,0.0005743790877960505
2013-04-11,0.0006763540806007274
2013-04-12,0.00234702839994817
2013-04-15,-0.0034631513696604553
2013-04-16,0.002742416740289438
2013-04-17,-0.0006903996406876555
2013-04-18,-0.00099311655971393
2013-04-19,-6.876987470436077e-05
2013-04-22,0.0016715405032658114
2013-04-23,0.0022429133088506356
2013-04-24,0.0012587832748664706
2013-04-25,0.0010213823228912397
2013-04-26,0.00041516469291676985
2013-04-29,0.0014506375193054197
2013-04-30,0.002254704747189806
2013-05-01,0.00016740422872132976
2013-05-02,0.004143651407171266
2013-05-03,-0.0020677776391513697
2013-05-06,-0.0001805007084622391
2013-05-07,-0.0012011438816638298
2013-05-08,0.0024098185073730626
2013-05-09,-0.0012087779708841893
2013-05-10,-0.005671697655195501
2013-05-13,-0.003760313015311883
2013-05-14,-0.0007009968075384512
2013-05-15,0.00040616140828390066
2013-05-16,0.003286483570924237
2013-05-17,-0.0017940139395022318
2013-05-20,-4.720547470944418e-05
2013-05-21,0.0016561996849472683
2013-05-22,-0.005832852201452309
2013-05-23,-0.002111910273213174
2013-05-24,-0.001627595069277432
2013-05-28,-0.006587703220027869
2013-05-29,-0.002411534612726684
2013-05-30,0.0009720702727953223
2013-05-31,-0.009057327919594425
2013-06-03,-9.82683322219279e-06
2013-06-04,-0.0008475114595297485
2013-06-05,-0.0043025076143636196
2013-06-06,0.004918474169834341
2013-06-07,-0.002785523724139133
2013-06-10,-0.003370366994936963
2013-06-11,-0.005863633461298605
2013-06-12,0.0008921167552200955
2013-06-13,0.011323336760224045
2013-06-14,0.0018997892081822675
2013-06-17,-0.0017066003229941396
2013-06-18,-0.000624308428156184
2013-06-19,-0.014088807088480398
2013-06-20,-0.011134934365071864
2013-06-21,-0.009180780915030917
2013-06-24,-0.010094556978133488
2013-06-25,0.010861708766654064
2013-06-26,0.007305529473842442
2013-06-27,0.007257319350787883
2013-06-28,-0.0036656100332667302
2013-07-01,0.004166982732509972
2013-07-02,-0.0008672383975462826
2013-07-03,-0.0007921273847268542
2013-07-05,-0.013912970910694388
2013-07-08,0.01082158577205796
2013-07-09,0.0009172368566765621
2013-07-10,-0.00047354548928119663
2013-07-11,0.012554755968887919
2013-07-12,-0.002001432334776665
2013-07-15,0.004911227166047683
2013-07-16,-0.00012986140720420132
2013-07-17,0.00657934875098728
2013-07-18,0.0026668603061293476
2013-07-19,0.0014944864669780404
2013-07-22,0.00015252350666740682
2013-07-23,-0.0010644564573381475
2013-07-24,-0.008058561736743042
2013-07-25,-0.0006659280693671718
2013-07-26,-2.5068959720431216e-05
2013-07-29,-0.0023579760756580748
2013-07-30,0.0004663480488860726
2013-07-31,0.0006768997929417264
2013-08-01,-0.008212769771355127
2013-08-02,0.0077953968185752506
2013-08-05,-0.004824378741350971
2013-08-06,-0.0004096593916522228
2013-08-07,-0.001004349955910077
2013-08-08,0.0018798187258812324
2013-08-09,0.0012561319586837372
2013-08-12,-0.0011363692370703281
2013-08-13,-0.003938298815660119
2013-08-14,-0.0010628520977601196
2013-08-15,-0.004862689576644824
2013-08-16,-0.003915662824234228
2013-08-19,-0.006241981697666782
2013-08-20,0.006209355007965827
2013-08-21,-0.004364119587157889
2013-08-22,0.0030717720681782577
2013-08-23,0.004818594330345405
2013-08-26,0.0009261062370322648
2013-08-27,-0.002466156249329504
2013-08-28,-8.62387882991757e-05
2013-08-29,0.002646558683031274
2013-08-30,-0.0008639326641103229
2013-09-03,-0.005728002055591763
2013-09-04,0.001090032347986957
2013-09-05,-0.004883026825061321
2013-09-06,0.004952665160416592
2013-09-09,0.0018458439923060952
2013-09-10,-0.00014339634737620707
2013-09-11,0.0031363151063386495
2013-09-12,0.00015953541065766858
2013-09-13,-0.0002696183287197339
2013-09-16,0.005247767223597111
2013-09-17,0.003212601715974128
2013-09-18,0.012539035475894644
2013-09-19,-0.0033542383604068414
2013-09-20,-0.0006021220312565466
2013-09-23,0.0008236642042722066
2013-09-24,-6.878736412069242e-05
2013-09-25,-0.0003080534555044143
2013-09-26,-0.0006849674692329944
2013-09-27,-0.0011553229692914668
2013-09-30,-0.001183227734029546
2013-10-01,0.0019291556118335215
2013-10-02,0.00039685780841633997
2013-10-03,0.000689599521308476
2013-10-04,0.0005244885233759319
2013-10-07,-0.0005518740328775915
2013-10-08,-2.8601715894805086e-06
2013-10-09,-0.00015926920290587631
2013-10-10,0.0021194993797364
2013-10-11,0.001829675077776871
2013-10-14,8.454166456683693e-06
2013-10-15,-0.00017401374947553224
2013-10-16,0.0051092483305202555
2013-10-17,0.005641193772328234
2013-10-18,0.00124448121096552
2013-10-21,-0.001751166341541893
2013-10-22,0.004032225800434285
2013-10-23,0.0014140119458580956
2013-10-24,-0.0005569231175250878
2013-10-25,0.0006875277760646725
2013-10-28,-0.00031441945676382037
2013-10-29,0.000711746891361792
2013-10-30,-0.0034592197752004727
2013-10-31,0.00047175636901077836
2013-11-01,-0.0034098971544969715
2013-11-04,0.0015089978942180004
2013-11-05,-0.0036040006545502434
2013-11-06,0.0024059792453308246
2013-11-07,0.0007927345932056518
2013-11-08,-0.005468584398849702
2013-11-11,-0.003090923110629773
2013-11-12,-0.0020263541744277415
2013-11-13,0.003917421715285074
2013-11-14,0.004055662076234911
2013-11-15,0.001350853117282802
2013-11-18,0.00021018269130216357
2013-11-19,-0.002530539834096535
2013-11-20,-0.0025967666874781303
2013-11-21,0.001997259911005106
2013-11-22,0.001590578516321084
2013-11-25,0.002280305421959761
2013-11-26,0.0008552760952510286
2013-11-27,-0.001552358690558492
2013-11-29,0.0003159051298091964
2013-12-02,-0.002502985526837648
2013-12-03,0.0004913842528706193
2013-12-04,-0.0037312908259159398
2013-12-05,-0.0005001166648200441
2013-12-06,0.0024552309784898305
2013-12-09,0.0027886667942214395
2013-12-10,0.0018605792351556018
2013-12-11,-0.003526833294470899
2013-12-12,-0.0016334008231866258
2013-12-13,0.0014757726450600472
2013-12-16,0.000546115449294937
2013-12-17,0.001414216722021178
2013-12-18,-0.00021073090354608594
2013-12-19,-0.0021055501150639977
2013-12-20,0.0016149628479652511
2013-12-23,-0.00012881615538139516
2013-12-24,-0.0014912155419528673
2013-12-26,3.322278928305489e-05
2013-12-27,-0.0004199139069224867
2013-12-30,0.0012614948146728146
2013-12-31,-0.001303155409909085
2014-01-02,0.0021541558701197784
2014-01-03,-0.0002193537590293504
2014-01-06,0.002621974001123006
2014-01-07,0.0006738955825883687
2014-01-08,-0.00265071818808339
2014-01-09,0.0017212402865163568
2014-01-10,0.004813265326121053
2014-01-13,0.00040093629111128694
2014-01-14,-0.00016815947319385202
2014-01-15,0.0008752851675006499
2014-01-16,0.000739393292232854
2014-01-17,0.0009146670026679905
2014-01-21,6.086283334882361e-05
2014-01-22,-0.00210736174763555
2014-01-23,0.0006891538732496263
2014-01-24,-0.003245174913247489
2014-01-27,-0.0012595593112483484
2014-01-28,0.0037066130459830204
2014-01-29,-0.0006187454616154214
2014-01-30,0.0003584984661637035
2014-01-31,0.0006383137530805939
2014-02-03,-0.0002559481223247499
2014-02-04,0.0007462995120012359
2014-02-05,-0.0006375865485121702
2014-02-06,0.001693111633402144
2014-02-07,0.004507980141519029
2014-02-10,0.00025159700149136595
2014-02-11,-0.00028388017847627046
2014-02-12,-0.0016031030688414606
2014-02-13,0.0029944160395902033
2014-02-14,0.0007567939972693559
2014-02-18,0.001511709983568932
2014-02-19,-0.0021987291616235526
2014-02-20,0.0011689322308755133
2014-02-21,0.00151604289661571
2014-02-24,0.0018151011832892138
2014-02-25,0.0018096214935873658
2014-02-26,0.0017986691158110024
2014-02-27,0.0020962990098776666
2014-02-28,0.001078698853358406
2014-03-03,-0.00036916414074998865
2014-03-04,0.0006658648244206472
2014-03-05,-0.0004997792184957216
2014-03-06,-0.0024069634353298345
2014-03-07,-0.003655002958741915
2014-03-10,8.317314407791382e-05
2014-03-11,-0.0005768769457646648
2014-03-12,0.0021467935324592903
2014-03-13,1.761025834300426e-05
2014-03-14,-6.414480858704658e-05
2014-03-17,-0.0002731956282648999
2014-03-18,0.0028136192895631407
2014-03-19,-0.005724763057240595
2014-03-20,0.001841038454307592
2014-03-21,5.75298739934906e-06
2014-03-24,0.0008427440283312326
2014-03-25,0.001330926042193803
2014-03-26,0.0018235532979466564
2014-03-27,0.0005106643899185805
2014-03-28,-0.00020376356796956725
2014-03-31,0.0014276022878934034
2014-04-01,0.0012639364361504365
2014-04-02,-0.002679832456114417
2014-04-03,0.0002935451539941902
2014-04-04,0.004034703457646593
2014-04-07,-0.0008208396587614627
2014-04-08,0.0023992518688778493
2014-04-09,0.0008938840790372437
2014-04-10,0.00040357930295776873
2014-04-11,-0.0019605630003572848
2014-04-14,0.0009975558016934948
2014-04-15,0.00041409525127357737
2014-04-16,0.0002536763074677427
2014-04-17,-0.0021810341349144005
2014-04-21,0.000208649440469133
2014-04-22,0.0003195326606227511
2014-04-23,0.0007546917556250256
2014-04-24,-0.00011877561878798629
2014-04-25,-0.000299056476634385
2014-04-28,-0.0005036800888085946
2014-04-29,0.0016735228061985018
2014-04-30,0.0008646813208466665
2014-05-01,0.0002652296189756322
2014-05-02,0.0020781696611793295
2014-05-05,-0.00035587381109646325
2014-05-06,0.0009502545351088631
2014-05-07,0.0022540217074184187
2014-05-08,0.0008400389326013391
2014-05-09,8.149410112351325e-06
2014-05-12,-0.0003427218935330214
2014-05-13,0.0020986646989312853
2014-05-14,0.0024284495126769
2014-05-15,0.0004322365304924361
2014-05-16,0.0003247267387211536
2014-05-19,0.0007271972574679706
2014-05-20,0.00022699442775506195
2014-05-21,-0.0006263490405905459
2014-05-22,0.0003509758703961307
2014-05-23,0.0008492637475533639
2014-05-27,0.0008062139506814557
2014-05-28,0.0025975195722936833
2014-05-29,0.0007864136845383338
2014-05-30,0.0004784524727087235
2014-06-02,-0.002798164223761324
2014-06-03,-0.0023392391062039388
2014-06-04,-0.00023309387746068275
2014-06-05,0.001860458726215508
2014-06-06,0.002285183853946787
2014-06-09,-1.4121345666628915e-05
2014-06-10,-0.0012692666088966798
2014-06-11,-6.609456533979147e-05
2014-06-12,0.0005732721666557416
2014-06-13,0.00026208280813297955
2014-06-16,-0.001134839121203507
2014-06-17,-0.001988081211213322
2014-06-18,0.004591000859369554
2014-06-19,-0.0010055497076128627
2014-06-20,0.0009796831045020382
2014-06-23,0.0001228134063547881
2014-06-24,0.0012724564853725138
2014-06-25,0.0012728778655213048
2014-06-26,0.00017864734960603703
2014-06-27,4.5875473121592675e-05
2014-06-30,-0.0005406943022345067
2014-07-01,-0.0009159497638012381
2014-07-02,-0.0010226913220121592
2014-07-03,-0.001298110193378893
2014-07-07,0.00047801704482587355
2014-07-08,0.002243043782450371
2014-07-09,0.00021443226700907362
2014-07-10,-0.001215653857727722
2014-07-11,0.0013528935915114503
2014-07-14,-0.0010144919103534434
2014-07-15,-0.0011725176861769606
2014-07-16,-0.00048748749919588774
2014-07-17,-0.0019050821568232846
2014-07-18,0.001783580829782877
2014-07-21,-0.00033853807214843105
2014-07-22,0.0011710276251514996
2014-07-23,0.0016831301503853922
2014-07-24,-0.0004693122905374213
2014-07-25,1.2960896515018511e-05
2014-07-28,-0.002229872712784459
2014-07-29,-0.0004198864983250007
2014-07-30,-0.0037665577648246184
2014-07-31,-0.00472252120423084
2014-08-01,0.003362153924135813
2014-08-04,0.0015644532350664875
2014-08-05,-9.927743848605621e-05
2014-08-06,0.0010442300447440988
2014-08-07,0.0029416782956598994
2014-08-08,-1.05504245608844e-05
2014-08-11,0.0006582922285739202
2014-08-12,-0.0009073661151485223
2014-08-13,0.002635185905394666
2014-08-14,0.001639737785401074
2014-08-15,0.0028163415531835324
2014-08-18,-0.001312989436471956
2014-08-19,-0.000694648703394618
2014-08-20,-0.0018208475190945037
2014-08-21,0.0012671594508975924
2014-08-22,-0.00047733281186892464
2014-08-25,0.0008137252260105532
2014-08-26,0.00010457494195454943
2014-08-27,0.0015223574730020228
2014-08-28,0.0005523309639332341
2014-08-29,0.00030047746705670343
2014-09-02,-0.002273582173811705
2014-09-03,-0.00047966576140347493
2014-09-04,-0.002420655232852681
2014-09-05,0.00013006883467002732
2014-09-08,-0.0017494697723845875
2014-09-09,-0.0032017255307647432
2014-09-10,-0.00045546329947196423
2014-09-11,-0.00028388462686401716
2014-09-12,-0.0023412396421700673
2014-09-15,-0.0006087547928210536
2014-09-16,0.0011253504868841081
2014-09-17,0.00026882203160282777
2014-09-18,4.539165145655e-05
2014-09-19,0.0018352012154606912
2014-09-22,4.4345996109834614e-05
2014-09-23,-0.0015342701308524945
2014-09-24,-0.0018922408783461741
2014-09-25,-0.0019914925270143606
2014-09-26,-0.0013448130403192538
2014-09-29,-0.000801201439201188
2014-09-30,0.0025739348390816483
2014-10-01,0.0050746844245184615
2014-10-02,-0.0014142105651248071
2014-10-03,0.0003127787825736084
2014-10-06,0.001387577973196308
2014-10-07,0.00287428885884593
2014-10-08,0.0032898374631870728
2014-10-09,-0.003150085431916616
2014-10-10,0.0008189061193951686
2014-10-13,0.0022103596909368805
2014-10-14,0.001973290104935144
2014-10-15,0.0036966117885808276
2014-10-16,-0.0006212880428276835
2014-10-17,-0.0001734617104638403
2014-10-20,0.0024045177414785623
2014-10-21,-6.192268814806398e-05
2014-10-22,-0.0015263057246202474
2014-10-23,-0.00267292806855155
2014-10-24,0.0011210465719938777
2014-10-27,-0.00019393538371159647
2014-10-28,-0.0011985332586804452
2014-10-29,-0.0024025301323626676
2014-10-30,0.0006124436613001771
2014-10-31,-0.0008438217540955195
2014-11-03,0.00016833591766187708
2014-11-04,-0.000709125382515663
2014-11-05,8.105463152452419e-05
2014-11-06,-0.0013572936430081392
2014-11-07,0.0041838391105586846
2014-11-10,-0.0025082614161118233
2014-11-11,0.0004882906994273739
2014-11-12,-0.0008062131037999132
2014-11-13,0.00019789238957323974
2014-11-14,0.00035210880957265984
2014-11-17,-0.0007305472591338624
2014-11-18,0.0002685258076183583
2014-11-19,-0.001665929570683011
2014-11-20,0.0011567467315764634
2014-11-21,0.002343012791772603
2014-11-24,0.000686094940790416
2014-11-25,0.001831540010964261
2014-11-26,0.0013075162971705634
2014-11-28,0.00048355900524661385
2014-12-01,-0.0034872075018718583
2014-12-02,-0.0016933745875692629
2014-12-03,0.0004657529235948532
2014-12-04,0.0020933245498591323
2014-12-05,-0.0038821682608470407
2014-12-08,0.0009557234906758523
2014-12-09,0.0021787536759783955
2014-12-10,0.0005926842939677928
2014-12-11,-0.0018595226462301273
2014-12-12,0.002422302979166035
2014-12-15,-0.002443068147168992
2014-12-16,0.0024178863132084723
2014-12-17,-0.0002327322197852805
2014-12-18,-0.00189716993688942
2014-12-19,0.003993907174762867
2014-12-22,-0.0004402829940030273
2014-12-23,-0.004473319380931184
2014-12-24,0.001213722239258086
2014-12-26,0.00010651110011850029
2014-12-29,0.0023503193440741477
2014-12-30,0.00035198789034132096
2014-12-31,7.477344523700849e-05
2015-01-02,0.0032700360317515107
2015-01-05,0.0018082620086897312
2015-01-06,0.0033592079276025585
2015-01-07,0.0012272926671722086
2015-01-08,-0.0009648421947717311
2015-01-09,0.004129160657980346
2015-01-12,0.0019856161919612034
2015-01-13,0.000671782911935459
2015-01-14,0.0024174855518785507
2015-01-15,0.004202893565951671
2015-01-16,-0.0038492552986398865
2015-01-20,0.0009237504090325865
2015-01-21,-0.0017803011840887395
2015-01-22,-0.0012926989546512722
2015-01-23,0.004019510476331068
2015-01-26,-0.0005799685485352811
2015-01-27,0.0007888553582977354
2015-01-28,0.004338761373455702
2015-01-29,-0.0014884734724134095
2015-01-30,0.004938972466374247
2015-02-02,-4.6593929253790824e-05
2015-02-03,-0.00409630879313807
2015-02-04,0.0001810059354673487
2015-02-05,-0.001096608489382711
2015-02-06,-0.007028136116509676
2015-02-09,-0.0007856061050896645
2015-02-10,-0.0008664921717064231
2015-02-11,-0.00026544444757556904
2015-02-12,0.00027219139556842185
2015-02-13,-0.0017228092699561827
2015-02-17,-0.004480737525210543
2015-02-18,0.0037926757366125497
2015-02-19,-0.002092743049693424
2015-02-20,0.0001873383849108734
2015-02-23,0.003005647801830502
2015-02-24,0.004340055076307658
2015-02-25,0.0012118227020176508
2015-02-26,-0.0037911811327165255
2015-02-27,0.002240088544595054
2015-03-02,-0.004665675931646552
2015-03-03,-0.001909545454823225
2015-03-04,0.00012544377295264908
2015-03-05,0.0007823899279699731
2015-03-06,-0.007620856051331892
2015-03-09,0.002462290308461967
2015-03-10,0.0018208636058027138
2015-03-11,0.0016261887290222711
2015-03-12,0.0010085662168048514
2015-03-13,-0.0015609223319639875
2015-03-16,0.001907409074010213
2015-03-17,0.00018841419653756728
2015-03-18,0.009133608369141387
2015-03-19,-0.004663668518980413
2015-03-20,0.004149112560229451
2015-03-23,0.0010011301758793944
2015-03-24,0.0022058389400398948
2015-03-25,-0.0031690505374006197
2015-03-26,-0.0034956393096033933
2015-03-27,0.00261266638736708
2015-03-30,0.0004735961530033084
2015-03-31,0.0014765432695508008
2015-04-01,0.0033525005682228043
2015-04-02,-0.0015793377184735832
2015-04-06,0.001448235024387312
2015-04-07,0.001414695694344337
2015-04-08,-0.0005961060188001798
2015-04-09,-0.002700223675945357
2015-04-10,0.000247595249355248
2015-04-13,0.0009666792757658581
2015-04-14,0.0019549194797427115
2015-04-15,0.0011214240924718234
2015-04-16,0.00012056936493312073
2015-04-17,0.000506224174553327
2015-04-20,-0.0006852554721362037
2015-04-21,-0.0011135255236103703
2015-04-22,-0.003844301124050986
2015-04-23,0.0018631869216726438
2015-04-24,0.002505970879363239
2015-04-27,-0.0008968156917669611
2015-04-28,-0.003166727497431565
2015-04-29,-0.0025722462634514276
2015-04-30,-0.0003007529611635196
2015-05-01,-0.0006736068179910844
2015-05-04,-0.0008269169758304163
2015-05-05,-0.0012789095333639146
2015-05-06,-0.0026554326849698275
2015-05-07,0.0007331101040531418
2015-05-08,0.005539732274013431
2015-05-11,-0.006107619432273509
2015-05-12,-0.0006434645027130259
2015-05-13,-0.0007455965610201512
2015-05-14,0.003673097990267371
2015-05-15,0.003539553196108447
2015-05-18,-0.002901992443830875
2015-05-19,-0.0026231045515248685
2015-05-20,0.00018617112116005584
2015-05-21,0.002990540688830268
2015-05-22,-0.00012320625566632494
2015-05-26,0.00021840734028388267
2015-05-27,0.0006038755799253504
2015-05-28,-0.00030716293517620843
2015-05-29,0.0012619486568955062
2015-06-01,-0.0012742231113822442
2015-06-02,-0.0028042917394917656
2015-06-03,-0.0051478850517954425
2015-06-04,-0.00037630503052774056
2015-06-05,-0.0041114237115945475
2015-06-08,8.875843014701792e-05
2015-06-09,-0.0021986615978766
2015-06-10,-0.0009250843367459682
2015-06-11,0.003315372583626208
2015-06-12,-0.0016304991414960559
2015-06-15,-0.002188859125264231
2015-06-16,0.0035123333956945447
2015-06-17,0.0005070544950524058
2015-06-18,0.0022771081298067985
2015-06-19,0.001999503592642127
2015-06-22,-0.0010887329137908909
2015-06-23,-0.0011532756706581048
2015-06-24,-0.0002551133003235894
2015-06-25,-0.0022163023559530815
2015-06-26,-0.003070602940880151
2015-06-29,-0.000326308335257125
2015-06-30,0.001833055721427773
2015-07-01,-0.0008082134134216602
2015-07-02,0.0028919789894631173
2015-07-06,-0.0002950627334099621
2015-07-07,0.0008929198883487976
2015-07-08,-0.0013718844345122607
2015-07-09,-0.0004843549457048735
2015-07-10,0.0012878846361879803
2015-07-13,-0.0005663475476571367
2015-07-14,-8.65898057241077e-05
2015-07-15,0.001008242088212785
2015-07-16,0.0009414916835274402
2015-07-17,-0.001171280425197485
2015-07-20,-0.00287356927430662
2015-07-21,-1.0561599476566189e-05
2015-07-22,-0.0025235838087375286
2015-07-23,0.00038524016878825336
2015-07-24,-0.0015623523109472794
2015-07-27,-0.0015669844428699456
2015-07-28,0.001955040234468825
2015-07-29,0.0030102062521257964
2015-07-30,0.002025069143514946
2015-07-31,0.0008716849006857707
2015-08-03,-0.0006900684702223381
2015-08-04,-0.0010416090096059484
2015-08-05,-0.0017177322802862825
2015-08-06,-0.0014814327684708863
2015-08-07,-0.00040802127869665755
2015-08-10,0.0002915424518525778
2015-08-11,-0.00018255736764709042
2015-08-12,-0.000634640207271836
2015-08-13,-0.0014771279534457004
2015-08-14,1.4256777001109267e-05
2015-08-17,0.0006322837318193386
2015-08-18,-0.0015285696654269653
2015-08-19,0.0008513565995153351
2015-08-20,-0.002109831171726695
2015-08-21,-0.001106195310033664
2015-08-24,-0.0053683049333649755
2015-08-25,0.0006294429562997861
2015-08-26,0.002106760862897134
2015-08-27,0.005412133114813034
2015-08-28,0.0004908030612061965
2015-08-31,-0.0010173539072890093
2015-09-01,0.0017216031304430948
2015-09-02,-0.0007660644016514116
2015-09-03,0.0017457381626422741
2015-09-04,0.001671121156881794
2015-09-08,-0.0016134759967805221
2015-09-09,-7.63756392357262e-05
2015-09-10,-0.0007942469396573059
2015-09-11,0.001581864032630742
2015-09-14,0.00016897234414250392
2015-09-15,-0.005053784799194005
2015-09-16,-0.0009118635913796469
2015-09-17,0.005601683640976907
2015-09-18,0.0023486128848220432
2015-09-21,-0.0039050402829575058
2015-09-22,0.0016544664933426654
2015-09-23,-0.00109553660456172
2015-09-24,2.595499562678687e-05
2015-09-25,-0.002679864359590933
2015-09-28,0.0004972431638989188
2015-09-29,0.0021355353526125494
2015-09-30,0.0014148349838772223
2015-10-01,-0.0008135465143623401
2015-10-02,0.0033713053081668052
2015-10-05,-0.0010631063953033147
2015-10-06,0.002304707151340768
2015-10-07,0.0005022722931794731
2015-10-08,-0.0007815793371770184
2015-10-09,0.0003587597250088059
2015-10-12,0.0015873594229702359
2015-10-13,0.00015635915352032456
2015-10-14,0.003421675279958336
2015-10-15,-0.001691483388375836
2015-10-16,0.00032531770261055024
2015-10-19,0.0003322872213481487
2015-10-20,-0.001986429217071861
2015-10-21,0.001923305202938974
2015-10-22,0.0007519796711657367
2015-10-23,-0.0028491873336884185
2015-10-26,0.0013533646213266248
2015-10-27,0.0009208165227075905
2015-10-28,-0.0028308071678854853
2015-10-29,-0.004339587457632987
2015-10-30,0.0014136650593910892
2015-11-02,-0.0012195486651395138
2015-11-03,-0.001389651990074081
2015-11-04,-0.0014180892812760471
2015-11-05,-0.0011695504396351142
2015-11-06,-0.005226323934688137
2015-11-09,-0.0019002737649006286
2015-11-10,0.000784062593086765
2015-11-11,-0.000808139968657673
2015-11-12,-0.0009238094564759881
2015-11-13,0.0018658982015664406
2015-11-16,0.0017337098868061228
2015-11-17,-9.687707045082924e-05
2015-11-18,2.9306935333206496e-05
2015-11-19,-0.0005377165589645517
2015-11-20,-0.000840054761113862
2015-11-23,0.0006001800701691316
2015-11-24,0.0008313543317555183
2015-11-25,0.0005798454884686777
2015-11-27,0.000981835251693841
2015-11-30,3.438981087064973e-05
2015-12-01,0.004735181820447876
2015-12-02,-0.002259374495279287
2015-12-03,-0.006837125315998604
2015-12-04,0.0018067982172105704
2015-12-07,0.000501714027803479
2015-12-08,-0.0021697725870149175
2015-12-09,0.0020114771740170397
2015-12-10,-0.0022506941571710515
2015-12-11,0.0010504021064334347
2015-12-14,-0.006403824601190133
2015-12-15,0.0017231957270335441
2015-12-16,-0.00022955585320851837
2015-12-17,0.0002701088764249567
2015-12-18,0.001658964761177461
2015-12-21,-0.0003704812020175031
2015-12-22,0.0006840061867362081
2015-12-23,-0.0001757932224159208
2015-12-24,0.0016043122796023377
2015-12-28,-0.001197868410862024
2015-12-29,-0.0020676474847347577
2015-12-30,0.00042416768723136934
2015-12-31,0.0007120491712608201
2016-01-04,0.0016264848095771222
2016-01-05,8.639934449925505e-05
2016-01-06,0.003740755125375283
2016-01-07,6.90331595792459e-05
2016-01-08,0.001130952521864592
2016-01-11,-0.002134728405787678
2016-01-12,0.0029215315354364614
2016-01-13,0.00025258410145763107
2016-01-14,-0.00028767431337552987
2016-01-15,0.00032172627193338644
2016-01-19,-0.001494558837468496
2016-01-20,0.0017506502673366726
2016-01-21,-0.00016978069645641166
2016-01-22,0.0016626820918643984
2016-01-25,2.346828155788119e-05
2016-01-26,0.0023316172071322417
2016-01-27,0.00018558584528114428
2016-01-28,0.001792402616929456
2016-01-29,0.00410028591624787
2016-02-01,-0.0026757467103023292
2016-02-02,0.0030815777897994275
2016-02-03,0.00036536878453738994
2016-02-04,0.0008347206826826214
2016-02-05,-0.0007935425163048571
2016-02-08,0.0023672308982669588
2016-02-09,-0.0007201881378935849
2016-02-10,0.0015017209349825532
2016-02-11,0.0016065943996343532
2016-02-12,-0.0018220685581064934
2016-02-16,-0.0017257241784039978
2016-02-17,0.00021853741724715565
2016-02-18,0.003127919919686217
2016-02-19,0.00019899997414161156
2016-02-22,0.0011521158410032096
2016-02-23,0.0008107741774347143
2016-02-24,0.0003797634368674974
2016-02-25,0.002910364931986064
2016-02-26,-0.0018326365719280036
2016-02-29,0.003241773146043592
2016-03-01,-0.0017942133017726514
2016-03-02,-0.002423572903114479
2016-03-03,0.0014558962318888201
2016-03-04,-0.0015986219866477745
2016-03-07,-0.0011039431362200422
2016-03-08,0.002204822022936525
2016-03-09,-0.0019287947056676248
2016-03-10,-0.0007788474915395357
2016-03-11,0.0005151511860578498
2016-03-14,-0.0001172150508942594
2016-03-15,-0.0018954262755196628
2016-03-16,0.004885663971409571
2016-03-17,0.0019099005631963762
2016-03-18,0.0015538182667189204
2016-03-21,-0.0019431333952251606
2016-03-22,-0.0019181400674472382
2016-03-23,0.0019494782453842725
2016-03-24,-0.001579302874821198
2016-03-28,1.672154143519391e-05
2016-03-29,0.00520324730587931
2016-03-30,-8.048309973411876e-05
2016-03-31,0.0025468115746702046
2016-04-01,-0.00014285075440081398
2016-04-04,0.0003579007422869873
2016-04-05,0.0017255307001048377
2016-04-06,0.00031044424764983293
2016-04-07,0.002232530775872865
2016-04-08,-6.696337411948687e-06
2016-04-11,0.00013811920996915642
2016-04-12,-0.0012526007515186507
2016-04-13,0.0016559453862714513
2016-04-14,-0.0014844877602640414
2016-04-15,0.0016227767530618607
2016-04-18,0.0005190500281023525
2016-04-19,-0.00020460951240219827
2016-04-20,-0.0028041518232540864
2016-04-21,-0.0016544893790092496
2016-04-22,-0.00020067826924528018
2016-04-25,-0.0014725699247040368
2016-04-26,-0.0006357662733700973
2016-04-27,0.004617951783650609
2016-04-28,0.001862968136183851
2016-04-29,0.0001869904537466827
2016-05-02,-0.001187399988656401
2016-05-03,-0.002113619730443211
2016-05-04,-0.0018621041468647067
2016-05-05,0.0006951789274187048
2016-05-06,-0.0008417653779841162
2016-05-09,-0.0008071078403820318
2016-05-10,0.005282522229788988
2016-05-11,0.00041431795915921623
2016-05-12,0.00034454884617394176
2016-05-13,-0.0012128685778611144
2016-05-16,0.0020546052136941155
2016-05-17,-0.0016377637489595252
2016-05-18,-0.0038022115256668597
2016-05-19,-0.0017357939400680531
2016-05-20,0.0022663389026319923
2016-05-23,0.0003374374770734878
2016-05-24,0.003167599831357825
2016-05-25,0.0011375530470997927
2016-05-26,-0.0005895800108591417
2016-05-27,0.0002668774886344814
2016-05-31,-0.00025096224803546334
2016-06-01,0.0012901942808452801
2016-06-02,0.0013337063528487626
2016-06-03,0.004962697944016692
2016-06-06,0.0019335226351652078
2016-06-07,0.0031007015321034446
2016-06-08,0.0032285700522498677
2016-06-09,-0.0018721094920551348
2016-06-10,-0.0021949968041661875
2016-06-13,-0.003629012891257931
2016-06-14,-0.0026130358716184797
2016-06-15,0.0017707245445383493
2016-06-16,0.0006463734749735273
2016-06-17,-0.000800207579705037
2016-06-20,0.002972286938475498
2016-06-21,0.0013106482915919257
2016-06-22,0.0017721073718326762
2016-06-23,0.0029872370234716224
2016-06-24,-0.006156580355695793
2016-06-27,-0.00488047591853321
2016-06-28,0.00795650680619676
2016-06-29,0.007238492702332375
2016-06-30,0.005091578111645789
2016-07-01,0.0020218920729786205
2016-07-05,-0.0007772375095924878
2016-07-06,0.002164159899089657
2016-07-07,0.0001347456522372948
2016-07-08,0.007646281744959338
2016-07-11,-0.0007881560343841966
2016-07-12,-0.0007856074147475412
2016-07-13,-0.0005530659511280122
2016-07-14,-0.00017171235510803903
2016-07-15,-0.0019575965199632173
2016-07-18,0.0013389104153150146
2016-07-19,-0.0004779625679660728
2016-07-20,0.0005078018239781656
2016-07-21,3.5440667660707685e-05
2016-07-22,0.0017527843908341
2016-07-25,-0.002821881886792499
2016-07-26,-0.001984789197220127
2016-07-27,0.0032206675766927925
2016-07-28,-0.0021366742822360343
2016-07-29,0.0020492952122471487
2016-08-01,-0.004844900285812853
2016-08-02,-0.0018518851944360926
2016-08-03,0.002844511728513521
2016-08-04,0.005226290210907324
2016-08-05,-0.001029202211493924
2016-08-08,0.0029847737768608274
2016-08-09,0.00369068973988852
2016-08-10,0.00021749031435717178
2016-08-11,-0.0003276038693454
2016-08-12,0.002159074144585027
2016-08-15,0.0009227402872388875
2016-08-16,-0.0020158564342868997
2016-08-17,0.0017069639499315392
2016-08-18,0.003053992585084364
2016-08-19,-0.0033615280057741944
2016-08-22,-2.714739647774998e-05
2016-08-23,0.0019458212426914918
2016-08-24,-0.002138737103849525
2016-08-25,0.0005226653407004954
2016-08-26,-0.0019795665884103806
2016-08-29,0.004713323589810636
2016-08-30,0.00023833964298573536
2016-08-31,-0.0030451992632616553
2016-09-01,0.0013715941886741356
2016-09-02,0.002202575510886306
2016-09-06,0.002955723050063708
2016-09-07,-0.0009357805409368702
2016-09-08,-0.003173070282661827
2016-09-09,-0.008165948210503598
2016-09-12,0.002168220039452745
2016-09-13,-0.006976078938137764
2016-09-14,0.0008357838788067675
2016-09-15,0.003926642557410531
2016-09-16,2.4578227146154785e-05
2016-09-19,0.00034016489224001343
2016-09-20,-1.150675048678919e-05
2016-09-21,0.006665138294248251
2016-09-22,0.0033213157609804146
2016-09-23,-0.0009706688092122106
2016-09-26,-0.0020095539926641807
2016-09-27,0.002524470825046321
2016-09-28,0.0037021362831494704
2016-09-29,-0.002494703242078505
2016-09-30,0.0021059423624774304
2016-10-03,-0.0007432294268611306
2016-10-04,-0.0029769901212073234
2016-10-05,0.0008222898300584089
2016-10-06,-0.0005386334941672345
2016-10-07,0.0017898619366950807
2016-10-10,0.0013457673124256716
2016-10-11,-0.004359636566359654
2016-10-12,-0.0001898515705903436
2016-10-13,-0.00041768238449834663
2016-10-14,-0.00040255595996188144
2016-10-17,-6.759762677357431e-05
2016-10-18,0.003050456095263631
2016-10-19,0.0019087490367667769
2016-10-20,-7.85595495897074e-05
2016-10-21,0.0010720582590667993
2016-10-24,-0.00010448163258048882
2016-10-25,-0.0003044335129508857
2016-10-26,-0.0037298308383738373
2016-10-27,-0.004337728010366776
2016-10-28,-0.002975483986362043
2016-10-31,-0.001254763832686173
2016-11-01,-0.002289997641003427
2016-11-02,-0.0017071675899569426
2016-11-03,0.0003337770520664084
2016-11-04,0.0008173941699171406
2016-11-07,0.007663370402398605
2016-11-08,-0.00188436354278293
2016-11-09,-0.010632558328783081
2016-11-10,-0.014556508834799697
2016-11-11,-0.0066358031736477195
2016-11-14,0.001590029856909419
2016-11-15,0.00983959032165451
2016-11-16,-0.0020085827331437654
2016-11-17,-0.0031271712281453314
2016-11-18,-0.002176171417585077
2016-11-21,0.005334718308800701
2016-11-22,0.005002399634702892
2016-11-23,-0.00424250840557957
2016-11-25,0.000546732276898587
2016-11-28,0.0018237810477721495
2016-11-29,-0.0005444777260202982
2016-11-30,-0.002122616497566349
2016-12-01,-0.004551956547254498
2016-12-02,0.004748619778748486
2016-12-05,0.0019400462661388947
2016-12-06,0.0036077496989034173
2016-12-07,0.004625485552897368
2016-12-08,-0.0012962199077494797
2016-12-09,-0.0019143675690207365
2016-12-12,-0.0003219201383210024
2016-12-13,0.001974199473999183
2016-12-14,-0.007931176428039166
2016-12-15,-0.0008571302369349444
2016-12-16,0.0011916397669710975
2016-12-19,0.0034692162566003163
2016-12-20,0.0003911925070542164
2016-12-21,0.0019376763067089132
2016-12-22,0.0010977526365475885
2016-12-23,0.001538884475438851
2016-12-27,-0.0010771940900463906
2016-12-28,0.0005398947478543917
2016-12-29,0.0020393772851717397
2016-12-30,0.000836009131883464
2017-01-03,0.002661740035776694
2017-01-04,0.004253755786177448
2017-01-05,0.0022857633969200933
2017-01-06,-0.0015703480346114299
2017-01-09,0.0008418076374924312
2017-01-10,-0.00032028496698313094
2017-01-11,0.0008043324403259611
2017-01-12,0.0005914972646420714
2017-01-13,-0.0003973616920861846
2017-01-17,0.0015569941804079671
2017-01-18,-0.0026720420687832095
2017-01-19,-0.0032669966698031794
2017-01-20,0.0014057524482143145
2017-01-23,0.0022858549174208046
2017-01-24,-0.0012549238880626371
2017-01-25,0.00029346683557592793
2017-01-26,3.0051687940602177e-05
2017-01-27,0.001318958856923902
2017-01-30,-0.0015508625951635158
2017-01-31,0.0010159332871565786
2017-02-01,0.0014935804802715497
2017-02-02,0.0008728136668766151
2017-02-03,0.002044078164128771
2017-02-06,0.0010539320678124965
2017-02-07,-0.0004629834421381704
2017-02-08,0.002187205034494144
2017-02-09,-0.0012277487819145176
2017-02-10,0.0004038257019095769
2017-02-13,0.0005199970446449596
2017-02-14,-0.0008676454648359035
2017-02-15,-0.00042484163168438624
2017-02-16,0.0006874504642292113
2017-02-17,0.0014050904443571155
2017-02-21,0.0019004141355530297
2017-02-22,0.0009470612641533816
2017-02-23,0.0017340478500469936
2017-02-24,0.0021192516182992785
2017-02-27,-0.0007449019530404168
2017-02-28,-0.000577628588302842
2017-03-01,-8.953878549012532e-06
2017-03-02,-0.0033070076584685915
2017-03-03,0.0012298389781770114
2017-03-06,-0.0018606036746365013
2017-03-07,-0.0041107863578634714
2017-03-08,-0.005834354438722788
2017-03-09,-0.0032337966198833336
2017-03-10,0.0010775268580277776
2017-03-13,-0.0005452698116915568
2017-03-14,-0.0017939198702464905
2017-03-15,0.012276719761727107
2017-03-16,-0.0028573040429959395
2017-03-17,0.001606656274795093
2017-03-20,0.0005317113652860141
2017-03-21,-0.0034774040596008077
2017-03-22,0.0020537918790403233
2017-03-23,0.00010291188292695921
2017-03-24,0.002302129829776722
2017-03-27,0.00015620923985175134
2017-03-28,0.0019694488023738405
2017-03-29,0.00247728235211333
2017-03-30,0.0014654445148576606
2017-03-31,0.00019914552131772864
2017-04-03,0.00158451408178944
2017-04-04,-0.0005132169986098334
2017-04-05,0.0006823054992221912
2017-04-06,0.0004156406456950311
2017-04-07,-0.0012502207691288127
2017-04-10,0.0012817583538444865
2017-04-11,0.0005717566432370206
2017-04-12,0.0017441068092970081
2017-04-13,-0.00029802645678091947
2017-04-17,0.0013992430748633652
2017-04-18,0.0018638362342691841
2017-04-19,-0.001717670114902192
2017-04-20,0.0012581980070799023
2017-04-21,8.196776031940142e-05
2017-04-24,0.0024152143837402155
2017-04-25,-0.0009252733492748468
2017-04-26,0.0002661936111578114
2017-04-27,0.0009123217359480185
2017-04-28,0.000592926746577932
2017-05-01,-0.000572630124812601
2017-05-02,0.0013460081414898074
2017-05-03,-0.0003016938988634312
2017-05-04,-0.004297772601808685
2017-05-05,0.0011576432865951112
2017-05-08,-0.0005141411935252806
2017-05-09,-0.0008613925276978795
2017-05-10,0.0027056947227383607
2017-05-11,0.0005390067469523863
2017-05-12,0.0018695834914072564
2017-05-15,0.0011699473573030248
2017-05-16,0.001232693177797839
2017-05-17,-4.220376644803979e-05
2017-05-18,-0.00022755414043292287
2017-05-19,0.0014922433861285778
2017-05-22,0.0012825010972478288
2017-05-23,-0.0007563349926496155
2017-05-24,0.002125895148369461
2017-05-25,-0.0003831620442611926
2017-05-26,0.0007672677934207672
2017-05-30,0.0013938181527360484
2017-05-31,0.00018165047081363796
2017-06-01,0.0016969017313202548
2017-06-02,0.00244618853720926
2017-06-05,-0.0012573232184901971
2017-06-06,0.00039060659479348025
2017-06-07,-0.0018066190350376097
2017-06-08,-0.0002576016856859654
2017-06-09,-0.00016706319430929718
2017-06-12,0.0008651807800553522
2017-06-13,0.0013403117717690316
2017-06-14,0.0019521653512211692
2017-06-15,-0.0031168724630685095
2017-06-16,-0.0007800843134521283
2017-06-19,0.0006933016997948567
2017-06-20,-0.0018757794625855083
2017-06-21,-0.003524669586836437
2017-06-22,0.0021125038368463244
2017-06-23,0.002833606757329354
2017-06-26,0.0012719634885412945
2017-06-27,-0.003996535976978472
2017-06-28,0.0021392420808600265
2017-06-29,-0.00319165800529384
2017-06-30,0.00042456181587670035
2017-07-03,-0.0018507972260734585
2017-07-05,-0.00034346258753717435
2017-07-06,-0.002761599783301993
2017-07-07,-0.0008901690298539044
2017-07-10,0.0016892465968765481
2017-07-11,0.00016578298292040943
2017-07-12,0.005339463113848797
2017-07-13,0.0001393285856123082
2017-07-14,0.0023620176300154228
2017-07-17,0.0006053297540037583
2017-07-18,0.0017789402351275907
2017-07-19,0.0011009379198110957
2017-07-20,0.00044621722745039614
2017-07-21,0.00045151344428611144
2017-07-24,-6.135001070107788e-05
2017-07-25,-0.001876642431177156
2017-07-26,0.0025735034484059118
2017-07-27,-0.0011312990018467362
2017-07-28,0.000568243860740081
2017-07-31,0.00020147191056774094
2017-08-01,0.0014652301043043825
2017-08-02,5.241115953514837e-05
2017-08-03,0.0005054158011531477
2017-08-04,-0.0010377432506362362
2017-08-07,0.00019311316462478081
2017-08-08,-0.0029268601307119056
2017-08-09,-0.0017061596620216997
2017-08-10,-0.003013973636454519
2017-08-11,0.00155590577325454
2017-08-14,0.0025110319937377105
2017-08-15,-0.0006677703372912293
2017-08-16,0.0007536735813487906
2017-08-17,-0.0021347248619627717
2017-08-18,0.001251835404275614
2017-08-21,0.0009039253542114322
2017-08-22,0.0017278984405561966
2017-08-23,0.0014199018991187364
2017-08-24,0.0004952878183902219
2017-08-25,0.0019016578133257966
2017-08-28,0.00010861283659830968
2017-08-29,9.967726745140927e-05
2017-08-30,0.0017385653919801958
2017-08-31,0.0025316001014936028
2017-09-01,-0.0005958229731650609
2017-09-05,0.0013648333772683984
2017-09-06,-0.0012053836021950538
2017-09-07,0.001803547690504359
2017-09-08,-0.0015092088087115874
2017-09-11,-0.00038902224542771135
2017-09-12,-0.0004181357072200797
2017-09-13,-0.0003927710990298816
2017-09-14,0.0007791329362872968
2017-09-15,0.0008972842799186253
2017-09-18,-0.0015620433358981055
2017-09-19,-2.1882176072623988e-05
2017-09-20,-0.0016294242563093695
2017-09-21,-0.0004953972540818474
2017-09-22,0.001196835839732402
2017-09-25,0.0009492885543959495
2017-09-26,0.0002626909829638868
2017-09-27,-0.001729025166626208
2017-09-28,0.00028176718015026633
2017-09-29,0.0008110066331099841
2017-10-02,-0.0009110664737803141
2017-10-03,0.0013807677811282447
2017-10-04,-0.0005273031410274353
2017-10-05,0.0004516070700000151
2017-10-06,-0.0015497593195134773
2017-10-09,0.00019400484588899539
2017-10-10,0.0008210793606526657
2017-10-11,-5.223949605437356e-05
2017-10-12,-5.5485514686781504e-05
2017-10-13,0.0016896566650243196
2017-10-16,-0.0004645736455183071
2017-10-17,0.0007739666262389642
2017-10-18,-0.00017450403785688204
2017-10-19,0.0005399988361348695
2017-10-20,-0.0012327180677224828
2017-10-23,-0.00046649121957134654
2017-10-24,-0.0010985316960400616
2017-10-25,-0.002293134129152646
2017-10-26,-0.0015236076552427036
2017-10-27,0.0031786579174727155
2017-10-30,0.0013930743233884603
2017-10-31,6.874969312330439e-05
2017-11-01,-0.0003123724334889832
2017-11-02,0.0004979736838599481
2017-11-03,-0.00039999914577302224
2017-11-06,0.00022122270554294506
2017-11-07,-0.002243858886614525
2017-11-08,-0.002876199226204384
2017-11-09,-0.0031344060507053073
2017-11-10,-0.000202682588565029
2017-11-13,-0.0003501880316220618
2017-11-14,-0.00203014731129657
2017-11-15,0.001180995031986343
2017-11-16,0.005233730234673472
2017-11-17,0.0002929049632921955
2017-11-20,-0.000393607982576505
2017-11-21,0.001396471576852909
2017-11-22,0.002477366186980046
2017-11-24,7.019380457589091e-05
2017-11-27,-0.0014276496621906552
2017-11-28,0.001958751647565604
2017-11-29,-0.0021903971422508107
2017-11-30,-0.0009640520426709988
2017-12-01,0.0014273324468612237
2017-12-04,-0.00023946123942406028
2017-12-05,0.00011965648883582321
2017-12-06,0.0002485690795103857
2017-12-07,-0.0005956036537288823
2017-12-08,0.00036680554797385834
2017-12-11,-0.00015025323749295888
2017-12-12,-0.00045494317062712004
2017-12-13,0.001963289997233087
2017-12-14,-0.0011683046394932004
2017-12-15,0.00020067715516893788
2017-12-18,4.4223821557864734e-05
2017-12-19,-0.002816853630466598
2017-12-20,-0.0006733530039157111
2017-12-21,0.0007753961795749274
2017-12-22,0.0011146037327356638
2017-12-26,0.0010138417715770175
2017-12-27,0.0016797187562385906
2017-12-28,-0.0005701792636111924
2017-12-29,0.0014985330041719647
2018-01-02,-0.00010276363792535172
2018-01-03,0.0028940318700705564
2018-01-04,0.0011844183143837504
2018-01-05,9.49560448646357e-05
2018-01-08,-0.0008501791787715041
2018-01-09,-0.003580111503753208
2018-01-10,-0.0017176434312399624
2018-01-11,0.0022192141159602663
2018-01-12,-0.0009211699314206178
2018-01-16,-0.00015763748821912
2018-01-17,-0.0005579477867832861
2018-01-18,-0.00186244950556686
2018-01-19,-0.0006394516637257709
2018-01-22,0.00041296758906075306
2018-01-23,0.002785009181815201
2018-01-24,-0.001610443550157753
2018-01-25,0.000495892103610024
2018-01-26,-0.00016952269328965894
2018-01-29,-0.0035089756104681514
2018-01-30,-0.002842365287698978
2018-01-31,0.0012551672896596977
2018-02-01,-0.002649547058487517
2018-02-02,-0.005758208635300554
2018-02-05,-0.0014511023012916116
2018-02-06,0.002303380296543322
2018-02-07,-0.003181372522140485
2018-02-08,-0.006228033747002331
2018-02-09,-0.0025180371828545543
2018-02-12,0.003908477840998781
2018-02-13,-0.0017860736447790123
2018-02-14,-0.001185418831568741
2018-02-15,0.005514855251291194
2018-02-16,0.003933349013296272
2018-02-20,-0.0032157219517726376
2018-02-21,-0.0038948710762283173
2018-02-22,0.0009592976813012188
2018-02-23,0.005929594253028436
2018-02-26,0.0017201366187393984
2018-02-27,-0.002679412829953504
2018-02-28,-0.0004412476407791297
2018-03-01,-0.0028996896429098412
2018-03-02,0.002493194532138165
2018-03-05,-0.0006094242336875888
2018-03-06,0.0009679287957930936
2018-03-07,-0.0015055271948213875
2018-03-08,0.0012735314193059622
2018-03-09,0.0016364195196599037
2018-03-12,-0.00021490315387528405
2018-03-13,-0.0014694470003934644
2018-03-14,0.00027884744522421197
2018-03-15,0.00014847372644718467
2018-03-16,0.0007916538987027151
2018-03-19,-0.003164818634381805
2018-03-20,0.00019882761884575367
2018-03-21,0.000855729210429379
2018-03-22,-0.002483833153382591
2018-03-23,-0.0016168363165383554
2018-03-26,0.003648931792507526
2018-03-27,0.0014122539231343103
2018-03-28,7.274191730371473e-05
2018-03-29,0.0032825409844776995
2018-04-02,-0.0018838717756322287
2018-04-03,0.0005062060394640577
2018-04-04,0.0009413449276487074
2018-04-05,-0.00028122147948727585
2018-04-06,0.00045015167532829197
2018-04-09,0.0015727931064515644
2018-04-10,0.0008807565823491571
2018-04-11,0.00045388264679206984
2018-04-12,0.0006342488842683792
2018-04-13,0.0005646501985639262
2018-04-16,0.00035128214426475847
2018-04-17,3.3928201001298685e-05
2018-04-18,-0.0015691382726108205
2018-04-19,-0.0026139185415081866
2018-04-20,-0.0026440245240292207
2018-04-23,-0.001833553682705713
2018-04-24,-0.001382661815009567
2018-04-25,-0.0010500063201464294
2018-04-26,0.002445252567124523
2018-04-27,0.00037657341811150327
2018-04-30,-0.0005733138862825171
2018-05-01,-0.0004878316973478791
2018-05-02,-0.0013254620376253578
2018-05-03,0.000539378642836186
2018-05-04,0.0005404948904584317
2018-05-07,-0.00025385315403791975
2018-05-08,-0.0022256850975254706
2018-05-09,-4.340066073815231e-05
2018-05-10,0.00413091626590163
2018-05-11,0.0004719046282161854
2018-05-14,-0.0007835743113000838
2018-05-15,-0.00538642016254301
2018-05-16,0.0004017218144226286
2018-05-17,-0.0004520731524126965
2018-05-18,0.000420167636097313
2018-05-21,0.0010090713934513104
2018-05-22,0.0008505623109988592
2018-05-23,0.0027467403824350868
2018-05-24,0.0015455657321198247
2018-05-25,0.000654153299709165
2018-05-29,0.0005137945582456235
2018-05-30,0.0003556868012789089
2018-05-31,-0.0012787394421229722
2018-06-01,-0.0006959117019720738
2018-06-04,-0.00011379445829317046
2018-06-05,0.001493412819096407
2018-06-06,-0.00028791512299525257
2018-06-07,0.0009446163779115391
2018-06-08,-0.0005027519815632099
2018-06-11,0.00024819461355899964
2018-06-12,-0.000480671847563785
2018-06-13,-0.0006868518226429309
2018-06-14,0.0019694123568573195
2018-06-15,0.0003172485100287447
2018-06-18,-0.00069417044029918
2018-06-19,3.484863730419116e-05
2018-06-20,-7.157037191100061e-05
2018-06-21,0.0003617999113006086
2018-06-22,0.0009620667213985467
2018-06-25,-0.0013351827759203905
2018-06-26,-0.00014071063044793775
2018-06-27,-0.00019713987425628584
2018-06-28,-0.0012106778002905771
2018-06-29,-0.001272223197427169
2018-07-02,0.00023475876887882327
2018-07-03,0.0012225263938246522
2018-07-05,0.0026609952603707963
2018-07-06,0.00270434040448595
2018-07-09,0.0003777046687517605
2018-07-10,0.00010175142056237377
2018-07-11,-0.0007377132785787776
2018-07-12,0.0015989754246618416
2018-07-13,0.0012250438973125833
2018-07-16,-0.0011506832088358841
2018-07-17,-2.9446275734207326e-05
2018-07-18,-0.0001319269313918292
2018-07-19,0.0005185334631749527
2018-07-20,-0.0008050797711879442
2018-07-23,-0.0016640576164710151
2018-07-24,0.0009980911247049584
2018-07-25,0.0019566939756963274
2018-07-26,-9.44572059943749e-05
2018-07-27,0.0005151684001634848
2018-07-30,-0.0005865925912289682
2018-07-31,0.0010122962432538517
2018-08-01,-0.0010001157474041344
2018-08-02,0.0005508254903625331
2018-08-03,0.0015501932495803562
2018-08-06,0.0009220302405774262
2018-08-07,-0.000585510826487784
2018-08-08,-5.335798113566541e-05
2018-08-09,-8.483470690965863e-05
2018-08-10,-0.001364751539738307
2018-08-13,-0.0011349096056697536
2018-08-14,0.001645398975254164
2018-08-15,-0.0005355549191422447
2018-08-16,0.0009273061467836461
2018-08-17,0.0013622226897665344
2018-08-20,0.0009960553867510548
2018-08-21,0.0008431747704082058
2018-08-22,0.0014042877935671828
2018-08-23,-0.0008314429439408133
2018-08-24,0.001436324806739886
2018-08-27,-0.00028407194253745623
2018-08-28,-0.0012056876945058137
2018-08-29,-0.0008534396690545787
2018-08-30,-0.0007163224375198172
2018-08-31,0.0002948400795783789
2018-09-04,-0.0022892767477261378
2018-09-05,-0.000506541435350688
2018-09-06,0.0017346334425923037
2018-09-07,-0.0023217169937612804
2018-09-10,0.000983550695193641
2018-09-11,-0.0012450848213000744
2018-09-12,0.0021198294653610337
2018-09-13,0.0024565933023519724
2018-09-14,0.00011863112444451243
2018-09-17,-0.0007871134947695202
2018-09-18,-0.0017700441486152463
2018-09-19,-0.0010017729981669666
2018-09-20,0.0016569144242069233
2018-09-21,0.0005688393375107403
2018-09-24,-0.0007356952138971196
2018-09-25,-0.000631975842620519
2018-09-26,0.0022425233211931907
2018-09-27,0.0015498927728444633
2018-09-28,0.00015564905774477774
2018-10-01,0.0008317322166000614
2018-10-02,0.00048207137483557446
2018-10-03,-0.004477004984407345
2018-10-04,-0.0038770863651686523
2018-10-05,-0.003611744873784822
2018-10-08,-0.0011472679883316626
2018-10-09,0.0014681660026706455
2018-10-10,-0.004409394382454578
2018-10-11,0.001912603805739055
2018-10-12,0.002904553862792747
2018-10-15,-0.00017971916281158122
2018-10-16,0.0024115374627620475
2018-10-17,-0.002315163887954935
2018-10-18,-0.002350085351285929
2018-10-19,-0.00020555937932479346
2018-10-22,0.00016260503424117
2018-10-23,0.0003036893619538129
2018-10-24,-0.0016920262250740942
2018-10-25,0.0008654927255975052
2018-10-26,-0.0009299781593390454
2018-10-29,-0.0011922155614932871
2018-10-30,0.0008117220333094585
2018-10-31,-0.001371209906124471
2018-11-01,0.002932095265854856
2018-11-02,-0.002012145946402244
2018-11-05,0.0009367160509115124
2018-11-06,0.0006767034592554733
2018-11-07,0.00291149326664758
2018-11-08,-0.0020369024489927615
2018-11-09,-0.0014246699662609388
2018-11-12,-0.002461402647729172
2018-11-13,-0.0007213699692963205
2018-11-14,5.85836960156294e-05
2018-11-15,-0.00048018948629280356
2018-11-16,-0.0002461694134578364
2018-11-19,-0.0014342870674846687
2018-11-20,-0.002710406231516399
2018-11-21,0.0029202792196948214
2018-11-23,-0.002899600635517824
2018-11-26,0.002161092570441586
2018-11-27,-0.0009993365357314542
2018-11-28,0.005643428389449362
2018-11-29,0.0005245349845362512
2018-11-30,-3.34561285351309e-05
2018-12-03,0.004594294365136997
2018-12-04,-0.0019625026962153624
2018-12-06,-0.00033838199058398584
2018-12-07,0.00017056118195478689
2018-12-10,0.00047185486625934693
2018-12-11,0.0001393123100614624
2018-12-12,0.0010366610951005272
2018-12-13,0.0018024618735928534
2018-12-14,-0.001385632868788106
2018-12-17,-0.0018370777368939548
2018-12-18,4.708381043090904e-05
2018-12-19,-0.003349059353117923
2018-12-20,-0.004536136934663987
2018-12-21,-0.002385523762742636
2018-12-24,-0.002682538289869213
2018-12-26,0.006463596724881316
2018-12-27,0.0011410676226158876
2018-12-28,0.0023403731800990756
2018-12-31,0.0018477060756265206
2019-01-02,0.0006194423117611427
2019-01-03,0.005274531601786014
2019-01-04,-0.0019184185338156912
2019-01-07,0.00013181024553119433
2019-01-08,-0.00031985666254239473
2019-01-09,0.000681313750248247
2019-01-10,0.0005225340233942389
2019-01-11,0.0012689118325451164
2019-01-14,-0.0009892890245964514
2019-01-15,0.0001651444813522752
2019-01-16,-8.405184354227653e-05
2019-01-17,-0.0005731752805017142
2019-01-18,-0.0015060285712595431
2019-01-22,0.0009305095489089638
2019-01-23,6.816487234477813e-05
2019-01-24,0.0022901073159416804
2019-01-25,-0.0010283094313839891
2019-01-28,-0.00011073663126539567
2019-01-29,0.001710132475674242
2019-01-30,0.003236371185503817
2019-01-31,0.0034204645578836514
2019-02-01,-0.003541401370501007
2019-02-04,-0.0008532818585377243
2019-02-05,0.001746641541613725
2019-02-06,0.0003691958327621147
2019-02-07,0.0014210448214019731
2019-02-08,0.0008285960527533387
2019-02-11,-0.0008950195685494267
2019-02-12,0.0001385260451744586
2019-02-13,-0.001920520668889236
2019-02-14,0.003112187293274582
2019-02-15,-3.517563052868311e-05
2019-02-19,0.0012477476097985994
2019-02-20,1.3350863068795088e-05
2019-02-21,-0.002025056498987876
2019-02-22,0.0023248907729040537
2019-02-25,-0.0007780892621358059
2019-02-26,0.002133278561250007
2019-02-27,-0.002097115606290689
2019-02-28,-0.0017163213676945732
2019-03-01,-0.000581744594873101
2019-03-04,4.1701521017423134e-05
2019-03-05,2.1216389014749865e-05
2019-03-06,-5.717999191334756e-05
2019-03-07,0.0003010169620597137
2019-03-08,9.108279043751886e-05
2019-03-11,0.0018094395780546724
2019-03-12,0.0020075826855200487
2019-03-13,0.0011741177586871655
2019-03-14,-0.00085712979997416
2019-03-15,0.0018690376517221162
2019-03-18,-0.00038866253228787004
2019-03-19,0.0001876910888862105
2019-03-20,0.005227691000480939
2019-03-21,-0.00026364325771279786
2019-03-22,-0.0005156589813286206
2019-03-25,0.0014742949756322342
2019-03-26,0.0010087030266796916
2019-03-27,0.000607899672168144
2019-03-28,0.001208698977855499
2019-03-29,0.000797342856690525
2019-04-01,-0.0017190737641785802
2019-04-02,0.0008019524714933947
2019-04-03,-0.0010350782550342275
2019-04-04,0.0009343364126277898
2019-04-05,0.0015235474778874602
2019-04-08,-0.0012979498587685602
2019-04-09,0.00025111605834887696
2019-04-10,0.0029981688198223
2019-04-11,-0.0005267467230906986
2019-04-12,-0.0005876578007179167
2019-04-15,0.00013580748200197612
2019-04-16,-0.00141820876151037
2019-04-17,-0.0008496009996529996
2019-04-18,0.0009617452206705623
2019-04-22,-0.0012264825546235703
2019-04-23,0.0025356599292143066
2019-04-24,-7.080136363374389e-06
2019-04-25,0.00010586228844461365
2019-04-26,0.0018688313991025828
2019-04-29,-0.0006291535645431279
2019-04-30,0.0008744788570566153
2019-05-01,-0.0017631724236009119
2019-05-02,-0.0007018508950383195
2019-05-03,0.0023844664106258736
2019-05-06,0.0009099502009764893
2019-05-07,-0.0025719167525346197
2019-05-08,-0.0001673816733159583
2019-05-09,-0.00038193070885062517
2019-05-10,0.0016362365692560831
2019-05-13,-0.0039029335729210417
2019-05-14,0.0012365534142884716
2019-05-15,0.001876672236679
2019-05-16,0.0008122893644909591
2019-05-17,-0.000347574719013255
2019-05-20,-0.00023726334158148958
2019-05-21,0.0012403647742652293
2019-05-22,0.0011066313119535544
2019-05-23,-0.0006604664309359741
2019-05-24,-0.0006019652526399411
2019-05-28,0.00099050594479701
2019-05-29,-0.0013665742346148757
2019-05-30,0.002429944903829051
2019-05-31,-0.0012786740061342893
2019-06-03,0.0031819700769951
2019-06-04,-0.00033105825261880995
2019-06-05,0.0005625220189385161
2019-06-06,0.0001914949701072422
2019-06-07,0.003096734515142341
2019-06-10,-0.0028809009907966084
2019-06-11,0.0002073110875689288
2019-06-12,0.0012758820913739476
2019-06-13,0.002163896294169776
2019-06-14,0.00022952495307200228
2019-06-17,-0.0005056528483826205
2019-06-18,0.0025692027872945555
2019-06-19,0.003014554722739682
2019-06-20,0.0020874450279297907
2019-06-21,-0.003188326931892682
2019-06-24,0.0021765378276482174
2019-06-25,0.00012766534558916731
2019-06-26,-0.0027803669798767802
2019-06-27,0.002523475473645531
2019-06-28,0.00034164848901840905
2019-07-01,-0.0008205451356059434
2019-07-02,0.002689217120943832
2019-07-03,0.0019504257438205386
2019-07-05,-0.005011309030874278
2019-07-08,-0.0010878024337114046
2019-07-09,-0.0006850581687712464
2019-07-10,0.0012379933371441166
2019-07-11,-0.0034453179199278815
2019-07-12,0.0010072585895078757
2019-07-15,0.0014508427324670947
2019-07-16,-0.0018025289511408138
2019-07-17,0.002742209293514053
2019-07-18,0.00180748358397258
2019-07-19,-0.0016510981863718578
2019-07-22,0.0009671366546359028
2019-07-23,-0.0006867443676414897
2019-07-24,0.0010849433843402422
2019-07-25,-0.0014334063721203939
2019-07-26,0.0003509047984411762
2019-07-29,0.00024997786136793376
2019-07-30,0.00038943337080135084
2019-07-31,0.0011648295396267103
2019-08-01,0.0032852180455436365
2019-08-02,-0.0002146244417117915
2019-08-05,-0.0037054971655953615
2019-08-06,0.004419951815913659
2019-08-07,0.0007196695086682025
2019-08-08,0.0024982363112288353
2019-08-09,-0.00117064760254037
2019-08-12,-0.0013960868493189393
2019-08-13,0.0007147026330120657
2019-08-14,-0.0023593949941306596
2019-08-15,0.003829678965557004
2019-08-16,0.001704776788804352
2019-08-19,-0.0006454680020919478
2019-08-20,0.0016158132844114937
2019-08-21,0.001560952597674198
2019-08-22,0.00028620768779004656
2019-08-23,-7.600251661387113e-05
2019-08-26,0.0017919412160417095
2019-08-27,0.0013449644875494049
2019-08-28,0.0013804962905310414
2019-08-29,0.0002535599254371523
2019-08-30,0.00020326497827801712
2019-09-03,0.0005014251486451073
2019-09-04,0.0015274855475057247
2019-09-05,-0.004494067965884229
2019-09-06,0.0005779431122413746
2019-09-09,-0.003709178663495227
2019-09-10,-0.004581121536226428
2019-09-11,-0.0006128325261419044
2019-09-12,-0.0012747025933760535
2019-09-13,-0.006185085895569364
2019-09-16,0.0034833507899902473
2019-09-17,0.001776771166975788
2019-09-18,-1.6757376060105855e-05
2019-09-19,6.451958560871324e-05
2019-09-20,0.003912919973466211
2019-09-23,0.0008838129199486789
2019-09-24,0.00293373614509318
2019-09-25,-0.004404536108112
2019-09-26,0.0012428387239734162
2019-09-27,0.0007440477036678717
2019-09-30,0.000804574665703095
2019-10-01,0.0014238723836727863
2019-10-02,0.0011127252877598526
2019-10-03,0.003673052048373337
2019-10-04,0.001765299494247574
2019-10-07,-0.0023769847906464966
2019-10-08,0.0006461378904452529
2019-10-09,-0.0010440238973045135
2019-10-10,-0.003737784341665517
2019-10-11,-0.003455801567690608
2019-10-14,0.0018240882900570465
2019-10-15,-0.0024969873642944
2019-10-16,0.0011155558547663478
2019-10-17,6.15243211789851e-05
2019-10-18,0.0006531274876143022
2019-10-21,-0.002222821570085909
2019-10-22,0.0015152781425604278
2019-10-23,0.0003747022848457071
2019-10-24,0.00012200906788906177
2019-10-25,-0.0012453647408729785
2019-10-28,-0.002352143281042029
2019-10-29,0.00022075475981049304
2019-10-30,0.0027778561635068313
2019-10-31,0.003475364960028515
2019-11-01,-0.00039210358349348593
2019-11-04,-0.002776956426892241
2019-11-05,-0.0035755361262375775
2019-11-06,0.0016183776126095447
2019-11-07,-0.00512701663882662
2019-11-08,-0.0006072522550668369
2019-11-11,0.0005852607405347987
2019-11-12,0.0003415556460860891
2019-11-13,0.0015174907374253532
2019-11-14,0.003108624772652302
2019-11-15,4.380523392746307e-05
2019-11-18,0.0008667449013417536
2019-11-19,0.00039372895955724896
2019-11-20,0.0018830026967441517
2019-11-21,-0.001548156220595409
2019-11-22,0.0006214234740619108
2019-11-25,0.000834631457115842
2019-11-26,0.0014521096047341864
2019-11-27,-0.0014193882884186546
2019-11-29,-0.0008489360679290624
2019-12-02,-0.0022582829396437963
2019-12-03,0.0021148833277673472
2019-12-04,0.0006730572109439948
2019-12-05,0.0004644483270360933
2019-12-06,0.00011309829571329319
2019-12-09,0.0006034698795876814
2019-12-10,0.0007235417246027665
2019-12-11,0.0030894832016755474
2019-12-12,-0.0010728777752849138
2019-12-13,0.0026663259823491935
2019-12-16,-0.000292593270128999
2019-12-17,0.0019955502753044143
2019-12-18,0.00044641610828695117
2019-12-19,-0.0005204648946310452
2019-12-20,-0.00029638465819482044
2019-12-23,0.00011415502293405934
2019-12-24,0.0010707919639968311
2019-12-26,0.0012917474717662357
2019-12-27,0.0006700620848033468
2019-12-30,-0.0006603990135506721
2019-12-31,-0.000498880286966813
2020-01-02,0.0037355206614292425
2020-01-03,0.00106510108740478
2020-01-06,-0.0011856011737984007
2020-01-07,-0.0006938669122513952
2020-01-08,0.00019170836553872295
2020-01-09,0.001547074960246264
2020-01-10,0.0008615088766284142
2020-01-13,-0.00020658274016120974
2020-01-14,0.0004924988892933747
2020-01-15,0.0014413429902820796
2020-01-16,-0.00011877287173638344
2020-01-17,-0.0008598188245810766
2020-01-21,-0.00012687504195012483
2020-01-22,0.0011690471110462287
2020-01-23,-0.0012811474226816716
2020-01-24,-0.0014356496538435453
2020-01-27,-0.0018622807897012254
2020-01-28,0.004442001555583319
2020-01-29,0.0018131060350541075
2020-01-30,0.0007511817510548357
2020-01-31,-0.00029177534273129254
2020-02-03,-0.0005174829622874464
2020-02-04,0.0008943327296562499
2020-02-05,0.0007109619456081296
2020-02-06,0.0009345879262142032
2020-02-07,0.0006220518705876087
2020-02-10,0.0011960666398534105
2020-02-11,-0.0004237689077139394
2020-02-12,0.0006834608063817027
2020-02-13,0.0004483458274018193
2020-02-14,0.0012257189719294848
2020-02-18,-0.00032835149706771376
2020-02-19,0.00047390083357832233
2020-02-20,0.0016172231275979445
2020-02-21,0.001061074546807994
2020-02-24,-0.003299140304322662
2020-02-25,-0.0032151769204753155
2020-02-26,0.0003646618915773281
2020-02-27,-0.006539072433760501
2020-02-28,0.0049750698552210315
2020-03-02,0.0006273883741613644
2020-03-03,0.006897585503922099
2020-03-04,0.0014634566618997313
2020-03-05,0.003226398058800273
2020-03-06,0.0040681135960289
2020-03-09,-0.0021341549003916615
2020-03-10,-0.008819417638234527
2020-03-11,-0.010575441900698057
2020-03-12,-0.007732572917478864
2020-03-13,0.002631882108503026
2020-03-16,0.005181416812568071
2020-03-17,-0.013629376937933157
2020-03-18,-0.017410137841450804
2020-03-19,-0.0021764627601039256
2020-03-20,0.011334962281805284
2020-03-23,0.004120660781385532
2020-03-24,0.0038886599166602087
2020-03-25,0.006207608135408238
2020-03-26,0.010830038060883852
2020-03-27,0.004921142892429242
2020-03-30,0.003194602800608859
2020-03-31,-0.0005536584211042195
2020-04-01,-0.005571424386259882
2020-04-02,0.0017400916230714714
2020-04-03,-0.004468865926896682
2020-04-06,0.004313292578239692
2020-04-07,-0.00018484288354896352
2020-04-08,0.005665293378591097
2020-04-09,0.013369018199550765
2020-04-13,-0.0027731112508858403
2020-04-14,0.0007914713590380096
2020-04-15,-0.001541340787660861
2020-04-16,-1.3488293247299033e-05
2020-04-17,0.0007394804521511756
2020-04-20,-0.0030090023430755955
2020-04-21,-0.003471290009566275
2020-04-22,0.0014830671679944007
2020-04-23,-0.00019347390366937224
2020-04-24,-0.0018719959524411856
2020-04-27,0.0008171603677221917
2020-04-28,0.0008874166850541877
2020-04-29,0.0034320259773455764
2020-04-30,0.0017835362489451168
2020-05-01,-0.003515364960953526
2020-05-04,-0.00018101860385784098
2020-05-05,0.001264241175410197
2020-05-06,-0.003286019205657076
2020-05-07,0.004309818967562906
2020-05-08,-0.00011575506103282934
2020-05-11,-0.0026506552887659795
2020-05-12,0.0017746139001658886
2020-05-13,0.00017425188891901917
2020-05-14,0.00020481961466534127
2020-05-15,1.9857728945194106e-06
2020-05-18,-0.0003195977757606051
2020-05-19,0.0020483163155015746
2020-05-20,0.002267800139276499
2020-05-21,0.000299324603452189
2020-05-22,0.0016280463021336009
2020-05-26,-7.34118248631344e-05
2020-05-27,0.0008628601341724718
2020-05-28,-0.0002550398972154033
2020-05-29,0.0027291293044090724
2020-06-01,0.0012534338374603938
2020-06-02,0.000997127476110338
2020-06-03,-0.0027815239660093248
2020-06-04,-0.0029564460628317413
2020-06-05,-0.001171747565184167
2020-06-08,0.0008418039356893113
2020-06-09,0.0006601516047854078
2020-06-10,0.004317197683742834
2020-06-11,-0.003096725203603712
2020-06-12,0.0007223328133542537
2020-06-15,0.0014003147222262148
2020-06-16,-0.0004429038431168484
2020-06-17,7.794792006670097e-05
2020-06-18,0.0012410708119107382
2020-06-19,-0.0004296484086947939
2020-06-22,-0.0007340294665470371
2020-06-23,0.00013836174298558211
2020-06-24,-0.000889737403542812
2020-06-25,0.00017175849265513852
2020-06-26,-0.0002025969328868229
2020-06-29,-0.0004945563627280824
2020-06-30,0.0007256124296719515
2020-07-01,-0.00038024398651286245
2020-07-02,0.002304629244839962
2020-07-06,0.00048014825266284877
2020-07-07,0.0006417315930381084
2020-07-08,-0.0003994874492366129
2020-07-09,0.0016299696808861344
2020-07-10,-0.0006652440336512244
2020-07-13,-0.00045112009788124136
2020-07-14,0.0016804230750509187
2020-07-15,0.0009624917952889778
2020-07-16,0.0006350164004799818
2020-07-17,0.00045102945209032355
2020-07-20,0.0015444638600122353
2020-07-21,0.0016133294372934872
2020-07-22,0.0005760309326998004
2020-07-23,0.0004469350489204603
2020-07-24,-8.171064892228405e-05
2020-07-27,-0.0005283161586313146
2020-07-28,0.0009518262362482986
2020-07-29,0.0019416367277222514
2020-07-30,0.0013000765676423054
2020-07-31,0.0005696025343776778
2020-08-03,-0.00024466733028851714
2020-08-04,0.0020073643920082594
2020-08-05,-0.0016924444119962743
2020-08-06,0.0011309374067902667
2020-08-07,-0.0017854829375310022
2020-08-10,-0.0005888597304325893
2020-08-11,-0.003912344542641733
2020-08-12,-0.0017696432662338334
2020-08-13,-0.0018011076796065728
2020-08-14,-3.64299149422598e-05
2020-08-17,0.002200688537637774
2020-08-18,0.0013664486275242638
2020-08-19,-0.0013545577034559165
2020-08-20,0.0023887955272333893
2020-08-21,0.0003957992732755988
2020-08-24,6.209985458356388e-05
2020-08-25,-0.0012168518018296213
2020-08-26,-0.0002454077593761594
2020-08-27,-0.0024497832785333575
2020-08-28,0.0012241775922042118
2020-08-31,0.00043009454939499917
2020-09-01,0.003842407968279754
2020-09-02,0.0015130643997206094
2020-09-03,-0.00324705734152741
2020-09-04,-0.003310734899388068
2020-09-08,-0.0025459798194629067
2020-09-09,0.004185901277823207
2020-09-10,-0.002257579557751127
2020-09-11,0.0013853011755545653
2020-09-14,-0.0005766127548199717
2020-09-15,0.0013639170558535972
2020-09-16,-0.00047428598932618414
2020-09-17,-0.0010639569943019234
2020-09-18,-0.002007934603840378
2020-09-21,-0.004665145513981445
2020-09-22,0.0012852284843068327
2020-09-23,-0.006492127863620389
2020-09-24,0.0007737630528007134
2020-09-25,0.0001339321643867797
2020-09-28,0.003245687699064426
2020-09-29,0.00020522755571314997
2020-09-30,0.0019069896600433455
2020-10-01,0.001935338830228539
2020-10-02,-0.000767508122076943
2020-10-05,0.00234267286384805
2020-10-06,-0.0003250858028888859
2020-10-07,0.0011874545057710241
2020-10-08,0.002924383520072016
2020-10-09,0.0012458943727826298
2020-10-12,0.002967970507434081
2020-10-13,-0.0018355291334752667
2020-10-14,-0.0010827562152002036
2020-10-15,-0.0011518038271188912
2020-10-16,-0.0004649365606092748
2020-10-19,-0.0028770765910764995
2020-10-20,0.0011272644863075277
2020-10-21,-0.0011508670261366205
2020-10-22,-0.0008277044073450868
2020-10-23,0.00160795914758588
2020-10-26,-0.0038354355519645287
2020-10-27,0.001668578213322691
2020-10-28,-0.005044666195094372
2020-10-29,0.0003290867600388436
2020-10-30,-0.0002669799283524287
2020-11-02,0.0019159113101463844
2020-11-03,0.005271966611162626
2020-11-04,0.010572340983409843
2020-11-05,0.002457979044294567
2020-11-06,-0.003608626435628836
2020-11-09,0.0026971046435952154
2020-11-10,-0.0017801559692252503
2020-11-11,0.0008553985540717792
2020-11-12,-0.0023037672939988808
2020-11-13,0.0020556930360139947
2020-11-16,0.003194288770761633
2020-11-17,0.0007047768225910857
2020-11-18,-0.0012554022843270785
2020-11-19,0.0025265250344197903
2020-11-20,-0.00039334428755163334
2020-11-23,0.00011636255655034212
2020-11-24,0.0013983223909570628
2020-11-25,-0.00027317745734206086
2020-11-27,0.0022781378364710057
2020-11-30,-0.0010603552275051163
2020-12-01,0.0001963175614289709
2020-12-02,0.0011087942485546007
2020-12-03,0.0017521616128759131
2020-12-04,0.0012430208875050636
2020-12-07,0.0006508242759376061
2020-12-08,-0.00039106465653080953
2020-12-09,-0.001616564609136878
2020-12-10,0.002441176994730243
2020-12-11,0.00010833293153444967
2020-12-14,-4.787796979677242e-05
2020-12-15,0.0019220524086772215
2020-12-16,-0.0009681386352697607
2020-12-17,0.0010917422928912067
2020-12-18,-1.1298516950032015e-06
2020-12-21,-0.0021959490942455523
2020-12-22,0.0013845951323339766
2020-12-23,0.0020763979505753144
2020-12-24,0.0019435525720474687
2020-12-28,0.0007590090206429643
2020-12-29,-0.0005234640407375978
2020-12-30,0.0015321133026789944
2020-12-31,0.0007322210836084974
2021-01-04,-0.001887218153736009
2021-01-05,-0.00040661933733375803
2021-01-06,-0.0038434630609614604
2021-01-07,0.0004694253284489799
2021-01-08,3.80157450935889e-05
2021-01-11,-0.004720867886633851
2021-01-12,-6.741780837005176e-05
2021-01-13,0.0033888682515195168
2021-01-14,-0.0012457916221794319
2021-01-15,0.0001022519682044201
2021-01-19,0.001967338243773675
2021-01-20,0.0013055569666913566
2021-01-21,-0.00063881722257077
2021-01-22,-0.000546951743831142
2021-01-25,0.0019332577119836826
2021-01-26,-0.00111646721346913
2021-01-27,-0.001920585881011277
2021-01-28,0.0011811948974489888
2021-01-29,-0.0019939420795063558
2021-02-01,0.0028816969447406303
2021-02-02,0.0005705051261255308
2021-02-03,-0.0006743291389909535
2021-02-04,0.0014687258989902418
2021-02-05,0.00035392651042316344
2021-02-08,0.0017612142939484098
2021-02-09,-0.0013118943776052492
2021-02-10,0.0009405005168006132
2021-02-11,0.00011492331126262682
2021-02-12,-0.000939569259779577
2021-02-16,-0.004879390829344021
2021-02-17,0.0008466536841306105
2021-02-18,-0.0009386771930848801
2021-02-19,-0.001941521395759305
2021-02-22,-0.0032041933423100633
2021-02-23,0.0017314566103792894
2021-02-24,0.0003828600648234202
2021-02-25,-0.011890732678321914
2021-02-26,0.0017149020129091923
2021-03-01,0.0066713730560355
2021-03-02,-0.00037092773709014853
2021-03-03,-0.004275562973320557
2021-03-04,-0.004865652675362675
2021-03-05,0.0012093186933822273
2021-03-08,-0.0077767796366304594
2021-03-09,0.003959947304750466
2021-03-10,0.0038119078728563235
2021-03-11,0.003047305710306802
2021-03-12,-0.005577742017065979
2021-03-15,0.0014143513261566263
2021-03-16,-0.0008026183824146214
2021-03-17,0.001524738758412858
2021-03-18,-0.008110167562863972
2021-03-19,0.0023719236780158303
2021-03-22,0.003292614937205695
2021-03-23,0.0015204969001351213
2021-03-24,0.001042793119431229
2021-03-25,0.0003398721135150328
2021-03-26,0.0007047109260808089
2021-03-29,-0.0014962651217590662
2021-03-30,-0.0015240816463372052
2021-03-31,0.0024311977846828365
2021-04-01,0.0036760771257529855
2021-04-05,-0.0007724505641783176
2021-04-06,0.0029147013617324856
2021-04-07,-0.0008938961807209823
2021-04-08,0.0020847990566607135
2021-04-09,-0.0015778152740899445
2021-04-12,-0.0005061081063931715
2021-04-13,0.0024133229380315924
2021-04-14,-0.0007567125914589412
2021-04-15,0.005955882798507839
2021-04-16,-0.0024271632659180363
2021-04-19,-0.0013048984882197523
2021-04-20,-0.0004310322812645592
2021-04-21,0.0022744563025256068
2021-04-22,-0.0005427695948441278
2021-04-23,0.0013154250671229659
2021-04-26,-0.001252715361457807
2021-04-27,-0.0027473227288999204
2021-04-28,0.001970151407513465
2021-04-29,0.0002797017239432707
2021-04-30,0.000445060823527832
2021-05-03,0.000520041438340585
2021-05-04,0.0002144918392112839
2021-05-05,0.00164387046993959
2021-05-06,0.0002261807346196854
2021-05-07,0.0011580536026873922
2021-05-10,-0.0021982842885742647
2021-05-11,-0.001417225820389739
2021-05-12,-0.005464191551550878
2021-05-13,0.0037493037611914803
2021-05-14,0.0032162756553733352
2021-05-17,-0.0013790653151273646
2021-05-18,-0.0013403165133507031
2021-05-19,-0.00305281624597184
2021-05-20,0.004633644996821895
2021-05-21,0.0006309312593202942
2021-05-24,0.0010822120897076015
2021-05-25,0.0018929329329479773
2021-05-26,-0.0001641329256116931
2021-05-27,-0.0010573158851778063
2021-05-28,9.363673463877456e-05
2021-06-01,0.0017943616626882929
2021-06-02,0.0012638050394397026
2021-06-03,-0.0026326234689389824
2021-06-04,0.00385348062776999
2021-06-07,-0.0003809762430076691
2021-06-08,0.0018318297665461448
2021-06-09,0.0019145132648610398
2021-06-10,0.00229911990920838
2021-06-11,-7.919458756687768e-05
2021-06-14,-0.0023397980834576723
2021-06-15,0.0003233973492048458
2021-06-16,-0.0040904109504437906
2021-06-17,0.0020438298231529985
2021-06-18,0.0018745236904521125
2021-06-21,1.5196182171767019e-05
2021-06-22,0.0008568848614426306
2021-06-23,-0.0009888313702790085
2021-06-24,0.0016971181133843324
2021-06-25,-0.00031559473128677803
2021-06-28,0.0011584037656208969
2021-06-29,0.0008042508113673962
2021-06-30,0.0007311198854888846
2021-07-01,0.0007053791377471083
2021-07-02,0.0021424359926422885
2021-07-06,0.0014426272426690814
2021-07-07,0.0012778770522886786
2021-07-08,-0.0007226644427153647
2021-07-09,-0.0006138338752583852
2021-07-12,-0.00024850128134906724
2021-07-13,-0.0030884519963423397
2021-07-14,0.00281499995822202
2021-07-15,0.0013537683715001915
2021-07-16,-0.0010028185613513484
2021-07-19,-0.0011097340288279511
2021-07-20,0.002810828359359829
2021-07-21,-0.0009835598512819125
2021-07-22,0.0013386309661947426
2021-07-23,0.0006185125580461359
2021-07-26,-0.0014304514444073268
2021-07-27,0.00012844775640193963
2021-07-28,0.00106884454415479
2021-07-29,0.00040687159362933184
2021-07-30,0.0004933225307603153
2021-08-02,9.671711626535467e-05
2021-08-03,0.0006453553676925794
2021-08-04,-0.000872402640170622
2021-08-05,-4.146291252926648e-05
2021-08-06,-0.002831498304120273
2021-08-09,-0.0021119459514587825
2021-08-10,-0.0015824183461207954
2021-08-11,0.0011668880799118654
2021-08-12,0.0007105409104681826
2021-08-13,0.0031538844552093217
2021-08-16,0.0007702867503614374
2021-08-17,-0.0013246665117422562
2021-08-18,-0.0012790487102310732
2021-08-19,0.0006492107299385542
2021-08-20,0.0006376555599500567
2021-08-23,0.0020177237277188786
2021-08-24,3.4310463329245727e-06
2021-08-25,-0.0006342705704697138
2021-08-26,-0.0004963304972058712
2021-08-27,0.003110571057098943
2021-08-30,0.001486378235249486
2021-08-31,-0.00033078818175949487
2021-09-01,0.0007115325473151469
2021-09-02,0.001457538066348496
2021-09-03,-0.0011425061184289155
2021-09-07,-0.003027673819268645
2021-09-08,0.0017161104223216927
2021-09-09,0.001599906548460761
2021-09-10,-0.0022368283719815417
2021-09-13,0.0019364802778215394
2021-09-14,0.0011706391722437594
2021-09-15,0.00027484903821843305
2021-09-16,-0.0016376124127399862
2021-09-17,-0.0020514212569727854
2021-09-20,-0.0011113896042578171
2021-09-21,0.0010427499270691419
2021-09-22,0.0013774398999539363
2021-09-23,-0.0036142820530793433
2021-09-24,-0.0023362248998961277
2021-09-27,-0.001750432486944703
2021-09-28,-0.004503039512946555
2021-09-29,0.0014560603364111356
2021-09-30,-0.0002902149656058616
2021-10-01,0.00251218151987877
2021-10-04,-0.003038637915722592
2021-10-05,-0.001091702029583147
2021-10-06,-0.0005535353216314043
2021-10-07,-0.0009701921668853755
2021-10-08,-0.002668445138767894
2021-10-11,-0.0028591044434113032
2021-10-12,0.0028677296188319825
2021-10-13,0.002985874020830348
2021-10-14,0.004450308808381098
2021-10-15,-0.002606326716273949
2021-10-18,-0.0011623421317131844
2021-10-19,-0.0008058847914507785
2021-10-20,0.00013977684524889565
2021-10-21,-0.002819724918393124
2021-10-22,2.9858915811465194e-05
2021-10-25,0.0014281524332899309
2021-10-26,0.0008093592211671941
2021-10-27,0.002126010819681773
2021-10-28,0.00032319296308503363
2021-10-29,-0.0018237966374465729
2021-11-01,-0.001025852415976719
2021-11-02,0.0022599576962846423
2021-11-03,-9.619482891201094e-05
2021-11-04,0.004165213131882738
2021-11-05,0.004856395200508101
2021-11-08,-0.0021231275096054436
2021-11-09,0.0020915961303188627
2021-11-10,-0.007838273188136924
2021-11-11,-0.0019159232279781168
2021-11-12,0.0012037925493584402
2021-11-15,-0.0022080509334621856
2021-11-16,-0.0003522875442175056
2021-11-17,0.0006730200940616994
2021-11-18,0.00012413449920103964
2021-11-19,0.00032633533112164125
2021-11-22,-0.005840005270288518
2021-11-23,-0.002944022244131467
2021-11-24,0.0010339480379038869
2021-11-26,-0.001759377317495519
2021-11-29,0.004029391297483409
2021-11-30,-0.0005319552482021977
2021-12-01,0.0006369877238214479
2021-12-02,-7.451569520033874e-05
2021-12-03,0.0036437388198402587
2021-12-06,-0.0022703771539461567
2021-12-07,-0.0014720745148317116
2021-12-08,-0.0019006387252430647
2021-12-09,0.0005448851604229474
2021-12-10,0.0009728083426816525
2021-12-13,0.002977997001622645
2021-12-14,-0.0014985874525186293
2021-12-15,-4.8349859622276296e-05
2021-12-16,0.001757693035429031
2021-12-17,0.0010692289001625222
2021-12-20,-0.0008178051891580829
2021-12-21,-0.0014309287686085303
2021-12-22,0.0010789882276936557
2021-12-23,-0.0006941762707734833
2021-12-27,0.0003444906727343877
2021-12-28,-0.00019571273581335812
2021-12-29,-0.0034136399276657016
2021-12-30,0.0020120070724285897
2021-12-31,-0.0007468343099009678
2022-01-03,-0.005029569717704452
2022-01-04,-0.0016326248685357369
2022-01-05,-0.006944054611011434
2022-01-06,-0.0008172431970983996
2022-01-07,-0.002681822898013397
2022-01-10,-0.00013813919900582117
2022-01-11,0.0035892599891287455
2022-01-12,0.0006348959479341553
2022-01-13,-0.0015241807405467706
2022-01-14,-0.003892616925842829
2022-01-18,-0.006334933143095234
2022-01-19,0.001221367116848171
2022-01-20,0.0001449882012338424
2022-01-21,0.002601500227015197
2022-01-24,-0.0018537175888394652
2022-01-25,-0.0017811520620159504
2022-01-26,-0.004790362468069137
2022-01-27,-0.00029178057751185187
2022-01-28,0.0027288161090141872
2022-01-31,8.721035619629891e-05
2022-02-01,0.0016785709808624042
2022-02-02,0.0019216221454468217
2022-02-03,-0.006510729641028718
2022-02-04,-0.00470013718976624
2022-02-07,-0.0003919423267202349
2022-02-08,-0.00184085958603859
2022-02-09,0.0032222235132877306
2022-02-10,-0.010971010242008
2022-02-11,0.0006067842413320867
2022-02-14,-0.0022424114043287425
2022-02-15,0.000638708406813432
2022-02-16,0.0036588011835016368
2022-02-17,-0.0011644286432850705
2022-02-18,0.0015402799847236137
2022-02-22,-0.003089231639283846
2022-02-23,-0.004731039709698815
2022-02-24,0.0024131212242305858
2022-02-25,0.004279661884634345
2022-02-28,0.0019783748897208965
2022-03-01,-0.0007858250247040346
2022-03-02,-0.0034941293257915564
2022-03-03,-0.0009217002496579696
2022-03-04,-0.003511726690894418
2022-03-07,-0.006355727803971684
2022-03-08,-0.0021020038132759933
2022-03-09,0.003578588237260083
2022-03-10,-0.004829484750579999
2022-03-11,-0.004537400656641671
2022-03-14,-0.009211468171572545
2022-03-15,0.0042171622324999655
2022-03-16,0.008891381741930438
2022-03-17,0.003504504025503968
2022-03-18,0.0015643291831750894
2022-03-21,-0.011565040334984216
2022-03-22,0.0005728005614516032
2022-03-23,0.0005056355519415799
2022-03-24,9.460348500320293e-05
2022-03-25,-0.006554350360972116
2022-03-28,0.00469827764712909
2022-03-29,0.008344006952249915
2022-03-30,-0.00015992445473888021
2022-03-31,-0.0013217471086215183
2022-04-01,-0.0016023398975883174
2022-04-04,0.004547407596478624
2022-04-05,-0.013117721343996358
2022-04-06,-0.005823686468767441
2022-04-07,-0.0020639352259037404
2022-04-08,-0.006154618498651121
2022-04-11,-0.006991942927905104
2022-04-12,0.006215752639184391
2022-04-13,0.004331735262453695
2022-04-14,-0.007773815975484016
2022-04-18,-0.0018411805231624057
2022-04-19,-0.003051052180466274
2022-04-20,0.0050893177690636065
2022-04-21,-0.006781000226547151
2022-04-22,-0.0047600910765832226
2022-04-25,0.00833559913416786
2022-04-26,-0.002262520167959303
2022-04-27,-0.004776375717283121
2022-04-28,0.002902171528688124
2022-04-29,-0.010922706613061826
2022-05-02,-0.00302127619295437
2022-05-03,0.0038689367194327693
2022-05-04,0.01010743516700121
2022-05-05,-0.015022071471683034
2022-05-06,-0.006833327166712832
2022-05-09,-0.004913110380525302
2022-05-10,0.0048991015677997355
2022-05-11,-0.0007697972081761421
2022-05-12,0.0008778200785682868
2022-05-13,-0.0011768621915571433
2022-05-16,-0.0003367414450557325
2022-05-17,-0.002232499579777553
2022-05-18,-0.0033392932971805676
2022-05-19,0.005581480352262191
2022-05-20,0.002010737939792534
2022-05-23,0.00043829605642897664
2022-05-24,0.007187439376069505
2022-05-25,0.010264927196823702
2022-05-26,0.00799689963272041
2022-05-27,0.005590512643281731
2022-05-31,-0.008633037905442691
2022-06-01,-0.003996185316516354
2022-06-02,0.004193479429880475
2022-06-03,-0.005694507046945212
2022-06-06,-0.00835654350970404
2022-06-07,0.0033619899481692637
2022-06-08,-0.007303679731577289
2022-06-09,-0.005902686733028888
2022-06-10,-0.014832867808076532
2022-06-13,-0.02770257932549661
2022-06-14,0.0011454369069225914
2022-06-15,0.01936573290260537
2022-06-16,-0.010095236664037582
2022-06-17,0.0026107758101185374
2022-06-21,-0.002364658645353019
2022-06-22,0.003871077219226638
2022-06-23,0.006630717178703394
2022-06-24,0.003039308398037409
2022-06-27,-0.007108573119384409
2022-06-28,-0.006802337230330618
2022-06-29,0.0021418967138981952
2022-06-30,0.002624119552465254
2022-07-01,0.008444547043618068
2022-07-05,0.0019950979995453587
2022-07-06,-0.006407770592911688
2022-07-07,-0.0005647169391021609
2022-07-08,-0.0037247214636805244
2022-07-11,0.003680559342110778
2022-07-12,0.002310319839600261
2022-07-13,0.002143028014233206
2022-07-14,-0.0037689306118972254
2022-07-15,0.0047448432505736715
2022-07-18,-0.003806709013709009
2022-07-19,-0.0003225702598089958
2022-07-20,0.0002585584544608333
2022-07-21,0.009755303171711426
2022-07-22,0.007119510984946431
2022-07-25,-0.0023510914446594586
2022-07-26,-0.0012704969049296857
2022-07-27,0.003727990123668601
2022-07-28,0.00841839011489438
2022-07-29,0.0007942559837891051
2022-08-01,0.0018735079228482281
2022-08-02,-0.008240194796862688
2022-08-03,0.007918816162158615
2022-08-04,0.0029967661325967956
2022-08-05,-0.006830787941008998
2022-08-08,0.004242530460473015
2022-08-09,-0.006736767468668525
2022-08-10,0.009707422217130855
2022-08-11,-0.004905140400320229
2022-08-12,0.006194956675735053
2022-08-15,-0.00015779147779774742
2022-08-16,-0.003828536696516033
2022-08-17,-0.0081070783281536
2022-08-18,0.0012286042442637979
2022-08-19,-0.009114832385824702
2022-08-22,-0.0074914125564637234
2022-08-23,0.0021683118058536902
2022-08-24,-0.0006056622295959712
2022-08-25,0.007522433177776001
2022-08-26,-0.010082249986657871
2022-08-29,-0.0041539362548861985
2022-08-30,-0.003655191936804075
2022-08-31,-0.004719735509176054
2022-09-01,-0.0012737243564373336
2022-09-02,0.0019575108616141754
2022-09-06,-0.005699862322216509
2022-09-07,0.010628652570151997
2022-09-08,0.0009209332047514177
2022-09-09,0.0025962164694161628
2022-09-12,0.0006928680016694444
2022-09-13,-0.01445718502171887
2022-09-14,0.0005579967904343341
2022-09-15,-0.003972515024625839
2022-09-16,0.000982615514759411
2022-09-19,0.0013489846743031165
2022-09-20,-0.0075910019752592865
2022-09-21,-0.0009046606250446454
2022-09-22,-0.007744870174350254
2022-09-23,-0.007411359751398389
2022-09-26,-0.013326490182381169
2022-09-27,-0.005054023226754611
2022-09-28,0.017915587474810504
2022-09-29,-0.007491022227788574
2022-09-30,-0.0031884345659074385
2022-10-03,0.011471745734106722
2022-10-04,0.01308581876386413
2022-10-05,-0.0064190279826190026
2022-10-06,-0.0034906846539415224
2022-10-07,-0.008916550491710695
2022-10-10,-0.0074523239941261645
2022-10-11,0.0019836084906374066
2022-10-12,0.0011880722436616808
2022-10-13,-0.0009461280163784445
2022-10-14,-0.004024402702471952
2022-10-17,0.006798900002248154
2022-10-18,0.005471654522130099
2022-10-19,-0.009453400383167892
2022-10-20,-0.006050743365115829
2022-10-21,0.00693355442225192
2022-10-24,-0.00014500048994128822
2022-10-25,0.010208155749408199
2022-10-26,0.0036169735403288605
2022-10-27,0.005731372872805364
2022-10-28,0.0023358590492170263
2022-10-31,-0.010436883209034981
2022-11-01,0.005990991891209835
2022-11-02,-0.006660403334750702
2022-11-03,-0.005759033626588677
2022-11-04,0.005564580453509427
2022-11-07,-0.00119113925532644
2022-11-08,0.0025149092982065307
2022-11-09,-0.007566574711489015
2022-11-10,0.030749072742229246
2022-11-11,0.001267474079169761
2022-11-14,-0.006057778218676446
2022-11-15,0.009889519498209154
2022-11-16,0.001028669423719259
2022-11-17,-0.0057559260516674374
2022-11-18,0.00013074182332859473
2022-11-21,-0.0003915838030730534
2022-11-22,0.007281197860436493
2022-11-23,0.00568196513969148
2022-11-25,-0.0005022347182200624
2022-11-28,-0.0062661095591611754
2022-11-29,0.0017929140851547169
2022-11-30,0.012664523496317425
2022-12-01,0.008293490273872252
2022-12-02,-0.00045925017617775557
2022-12-05,-0.01057997993920261
2022-12-06,-0.0009603916302733041
2022-12-07,0.007821546545014069
2022-12-08,-0.0015307626664504419
2022-12-09,-0.0032596082362629235
2022-12-12,0.0022537959274061435
2022-12-13,0.009837453884276115
2022-12-14,-0.00250925599559158
2022-12-15,-0.0022844667409591952
2022-12-16,-0.004473955977351018
2022-12-19,-0.006056447320651952
2022-12-20,-0.004340937050151122
2022-12-21,0.007010801843526626
2022-12-22,-0.00424799758830724
2022-12-23,-0.0007555068968952088
2022-12-27,-0.009102695537227106
2022-12-28,-0.00866447849598051
2022-12-29,0.009747232003776472
2022-12-30,-0.0015401975208448162
2023-01-03,0.004051008740942585
2023-01-04,0.010473225832741406
2023-01-05,-0.002897854638771646
2023-01-06,0.014347287742342762
2023-01-09,0.0024344403426770464
2023-01-10,-0.003474637351308285
2023-01-11,0.007269560633996863
2023-01-12,0.007555528383487008
2023-01-13,-0.00195550136737217
2023-01-17,-0.002651631700172452
2023-01-18,0.0064963913721370345
2023-01-19,-0.0042280345411774885
2023-01-20,-0.001236349720588476
2023-01-23,-0.0011249873562275139
2023-01-24,0.0027523663273926417
2023-01-25,0.0001584504411256683
2023-01-26,0.00028629110625711914
2023-01-27,-0.00239696902593014
2023-01-30,-0.005885169086956488
2023-01-31,0.0065413082419775725
2023-02-01,0.010785196871517022
2023-02-02,0.0035196750313082775
2023-02-03,-0.01105165496877848
2023-02-06,-0.008237117537456212
2023-02-07,0.0013577689938160217
2023-02-08,-0.0012891007893057744
2023-02-09,-0.0058834234747338005
2023-02-10,-0.00684165461543541
2023-02-13,0.0025283533436808005
2023-02-14,-0.0011243310494612694
2023-02-15,-0.0022146294447924542
2023-02-16,-0.006380752350362273
2023-02-17,0.003042821256720574
2023-02-21,-0.01401700097553915
2023-02-22,0.00471978075426639
2023-02-23,0.008994696391154232
2023-02-24,-0.006163144762511652
2023-02-27,0.00537772250703582
2023-02-28,-0.001191383020966491
2023-03-01,-0.004951632472603879
2023-03-02,-0.0011156825238811897
2023-03-03,0.01037054773068171
2023-03-06,-0.0011339131752186038
2023-03-07,-0.0044877356689699156
2023-03-08,-0.0033987198822845676
2023-03-09,-0.0011547164182170047
2023-03-10,0.007006843820775466
2023-03-13,0.00039440933490664893
2023-03-14,0.0007522121108019127
2023-03-15,0.0030901456467324908
2023-03-16,0.000267178620805596
2023-03-17,-0.00040520609693719825
2023-03-20,-0.002690381849865797
2023-03-21,0.0044723989837361245
2023-03-22,0.005778268791623686
2023-03-23,0.00011152865509473395
2023-03-24,-0.0018496220141403117
2023-03-27,-0.005671564717290023
2023-03-28,-0.0010113156122592503
2023-03-29,0.007104205509347649
2023-03-30,0.004753708050142202
2023-03-31,0.008566322570084816
2023-04-03,0.0015483524851750256
2023-04-04,0.0005303906261361628
2023-04-05,-0.0021358999817659035
2023-04-06,-6.70520601133595e-05
2023-04-10,-0.0037398752915960677
2023-04-11,0.0012139641052500982
2023-04-12,0.0011654275859776188
2023-04-13,0.0029089259411222857
2023-04-14,-0.002813371977370283
2023-04-17,-0.004332377245232738
2023-04-18,0.0008194732673206418
2023-04-19,-0.003556927757945993
2023-04-20,0.0010494780093814717
2023-04-21,0.0009810967333479413
2023-04-24,0.003407839790787093
2023-04-25,0.003007645889164818
2023-04-26,-0.0036972284287046632
2023-04-27,-8.341077931700602e-05
2023-04-28,0.005976304601666071
2023-05-01,-0.006970659444389266
2023-05-02,0.00396365294021388
2023-05-03,0.002230540174495604
2023-05-04,-0.0018939940818773762
2023-05-05,0.001132503974163468
2023-05-08,-0.0036282441981566106
2023-05-09,-0.0015567633603176313
2023-05-10,0.0057875808538301885
2023-05-11,0.0007709240825997164
2023-05-12,-0.004325413973805548
2023-05-15,-0.0013069429300370306
2023-05-16,-0.00471718399471931
2023-05-17,0.00026281477408177675
2023-05-18,-0.00218134692472331
2023-05-19,-0.0005859683181774433
2023-05-22,0.0014675770575084733
2023-05-23,-0.0017844062524871196
2023-05-24,-0.00422923150192508
2023-05-25,-0.0025949921105044124
2023-05-26,0.0038065139532180436
2023-05-30,0.0053397589610639
2023-05-31,-0.000492689415326747
2023-06-01,0.004630711125820186
2023-06-02,-0.00033536644234736243
2023-06-05,9.270422032066626e-05
2023-06-06,0.0010693764505910364
2023-06-07,-0.005285155142149789
2023-06-08,0.005619759806934755
2023-06-09,-0.0012311138322798289
2023-06-12,0.000887766974688986
2023-06-13,-0.0017381945560942303
2023-06-14,0.0007411403131485582
2023-06-15,0.005193585444238236
2023-06-16,-0.0030124568174113627
2023-06-20,-0.0003273452047864002
2023-06-21,-0.00012610373892807402
2023-06-22,-0.003481915499306504
2023-06-23,0.000550899545548622
2023-06-26,0.0014420067099618183
2023-06-27,0.00042087519271429854
2023-06-28,0.003873768832799285
2023-06-29,-0.00493646718206428
2023-06-30,0.0038509702469200716
2023-07-03,-0.002025559519415859
2023-07-05,-0.0038993395462085636
2023-07-06,-0.008594097255676107
2023-07-07,-3.540260798746145e-05
2023-07-10,0.004948034460428186
2023-07-11,0.004548710202560846
2023-07-12,0.008992887890145351
2023-07-13,0.007415635970296741
2023-07-14,-0.006357846767994918
2023-07-17,0.0017468469555888765
2023-07-18,0.0026171679254483713
2023-07-19,0.001048674446825587
2023-07-20,-0.005692981455081897
2023-07-21,0.002106029789804553
2023-07-24,-0.001371020621081054
2023-07-25,-0.0011160545976258874
2023-07-26,0.003707794498314654
2023-07-27,-0.009065894913568457
2023-07-28,0.00595432708877337
2023-07-31,0.001896455522927287
2023-08-01,-0.005976950777699025
2023-08-02,-0.004029906350285439
2023-08-03,-0.005264989931178488
2023-08-04,0.008442349058586329
2023-08-07,-0.0001814664649829712
2023-08-08,0.0030791943274646296
2023-08-09,0.000575557233534818
2023-08-10,-0.003016487362031201
2023-08-11,-0.002741149078587535
2023-08-14,-0.0017574342602128868
2023-08-15,-0.003607323443276145
2023-08-16,-0.003131843940852014
2023-08-17,-0.002803096062649335
2023-08-18,0.0012359157576802616
2023-08-21,-0.002755927646843942
2023-08-22,0.000837961149564137
2023-08-23,0.010120092668681469
2023-08-24,-0.0051540987201634855
2023-08-25,0.0024288087751628716
2023-08-28,0.003373743503611304
2023-08-29,0.007141370592645568
2023-08-30,-0.0006516777140249175
2023-08-31,9.755277072644468e-05
2023-09-01,-0.0011731734118118845
2023-09-05,-0.006871644414932848
2023-09-06,-0.0023294909059504987
2023-09-07,0.0036802507921585683
2023-09-08,-3.279867287475088e-05
2023-09-11,0.0002146769260604306
2023-09-12,-0.000358752470669682
2023-09-13,0.0019155653686730222
2023-09-14,4.148552075438055e-05
2023-09-15,-0.0034829536211360866
2023-09-18,0.000747297514588019
2023-09-19,-0.0029658584661116038
2023-09-20,-0.0007938089052826891
2023-09-21,-0.007661432308599886
2023-09-22,0.0027518077100044834
2023-09-25,-0.0038091661383205136
2023-09-26,-0.0034787186668872984
2023-09-27,-0.0027316876555317396
2023-09-28,0.0037868381151106465
2023-09-29,-0.0009173449172654
2023-10-02,-0.0074067908815963306
2023-10-03,-0.009746512536561468
2023-10-04,0.005432781094251427
2023-10-05,0.0010391257077501882
2023-10-06,-0.0009415315933474448
2023-10-09,0.008659324247752766
2023-10-10,-0.0005018617422996919
2023-10-11,0.002790662750938772
2023-10-12,-0.007388827841691997
2023-10-13,0.0018915824828243891
2023-10-16,-0.002092791454813031
2023-10-17,-0.0062352788904161795
2023-10-18,-0.005027276527684071
2023-10-19,-0.004563800633043324
2023-10-20,0.003714277587001269
2023-10-23,0.0045034577773161895
2023-10-24,0.004542684232241767
2023-10-25,-0.0067129775016224365
2023-10-26,0.004785128440167053
2023-10-27,-0.00014214115640426278
2023-10-30,-0.0004582053223128325
2023-10-31,0.0007719424584523511
2023-11-01,0.010664109126200949
2023-11-02,0.009550142794055826
2023-11-03,0.009152320334793728
2023-11-06,-0.005191907580246686
2023-11-07,0.0022936806163656345
2023-11-08,0.0017971157559001807
2023-11-09,-0.007910420176915524
2023-11-10,0.003671128709706239
2023-11-13,-0.0014816525645541365
2023-11-14,0.012690170537035495
2023-11-15,-0.005032378619682804
2023-11-16,0.004236891608680726
2023-11-17,0.0019304964243296308
2023-11-20,0.001954024636259566
2023-11-21,0.0011233200987196934
2023-11-22,0.0016004162029299883
2023-11-24,-0.00243803855767058
2023-11-27,0.0037356140065975653
2023-11-28,0.0045126591627693054
2023-11-29,0.005752154517147135
2023-11-30,-0.003543327855215983
2023-12-01,0.009684612553377459
2023-12-04,-0.003655601799838409
2023-12-05,0.0034917359902262753
2023-12-06,0.0021430531479201933
2023-12-07,0.00034400820258420595
2023-12-08,-0.0035370730640987614
2023-12-11,-0.0005724020521936767
2023-12-12,0.0021833348134131956
2023-12-13,0.015343627188439013
2023-12-14,0.006476921367998445
2023-12-15,-0.0016650716467934978
2023-12-18,-0.0002650477216995962
2023-12-19,0.002507376076020651
2023-12-20,0.0015574615840776133
2023-12-21,0.002296203530806851
2023-12-22,-0.0011205319011869997
2023-12-26,0.0017911415565721065
2023-12-27,0.005142272267313053
2023-12-28,-0.003326660903832451
2023-12-29,-0.0034895327894433944
2024-01-02,-0.004450378997967158
2024-01-03,-0.001357308780524835
2024-01-04,-0.004635750317458903
2024-01-05,-0.0011298858291875604
2024-01-08,0.004280559740396139
2024-01-09,0.00014613641122255264
2024-01-10,0.0015960630616666859
2024-01-11,0.004733297869316711
2024-01-12,0.0016512650549587505
2024-01-16,-0.007289816065792448
2024-01-17,-0.00388955242072101
2024-01-18,0.0006369919184835091
2024-01-19,0.0010283021721302797
2024-01-22,0.0014468644481854477
2024-01-23,-0.0021679949111868212
2024-01-24,-0.0015512351123372903
2024-01-25,0.006578072368040687
2024-01-26,-0.0007379654818823689
2024-01-29,0.003570193485531026
2024-01-30,4.244953115852283e-05
2024-01-31,0.0006793200017543917
2024-02-01,0.0062862955234681325
2024-02-02,-0.007592174603043362
2024-02-05,-0.006751275707782445
2024-02-06,0.004984885135836469
2024-02-07,0.00018592609690281628
2024-02-08,-0.0014525038141266155
2024-02-09,0.0006525781295028897
2024-02-12,-0.000785731897830588
2024-02-13,-0.009566413966447324
2024-02-14,0.004300645062674335
2024-02-15,0.003985605685126802
2024-02-16,-0.003971475177027411
2024-02-20,0.0016390453244505053
2024-02-21,-0.0020779986564578466
2024-02-22,0.0036243916150901717
2024-02-23,0.0025722814950768667
2024-02-26,-0.002649663821661502
2024-02-27,-9.408601523228099e-05
2024-02-28,0.0013249002933998113
2024-02-29,0.002115091691610304
2024-03-01,0.004311964959342496
2024-03-04,-0.0009455974054070949
2024-03-05,0.0017422277731579119
2024-03-06,0.0026425304730180676
2024-03-07,0.001550794315669668
2024-03-08,0.0005311678300980894
2024-03-11,-0.0006844911831326405
2024-03-12,-0.0009347625084691614
2024-03-13,-0.0003003344174836055
2024-03-14,-0.00560621865375433
2024-03-15,-0.0013423538080616195
2024-03-18,0.0010170987427756569
2024-03-19,0.003769075743006389
2024-03-20,0.0032569828343294027
2024-03-21,0.00027055993285189374
2024-03-22,0.0013877960516827882
2024-03-25,-0.0017600111686314202
2024-03-26,-0.00020914638224731595
2024-03-27,0.004672902040201454
2024-03-28,-0.002167943626937091
2024-04-01,-0.0056001618996334435
2024-04-02,-0.0015023593198885354
2024-04-03,0.0011031373109657628
2024-04-04,0.0005312450582446063
2024-04-05,-0.002248839917155216
2024-04-08,0.0006627459455066151
2024-04-09,0.0033453690925383194
2024-04-10,-0.011204035720167111
2024-04-11,-0.0013679135728731028
2024-04-12,0.0005269834720341596
2024-04-15,-0.00682586040426063
2024-04-16,-0.0034542672669343796
2024-04-17,0.0038083112175397397
2024-04-18,-0.0007289079642762045
2024-04-19,0.001837923595251778
2024-04-22,0.0038785050326233467
2024-04-23,0.002828614665865925
2024-04-24,-0.0032057347439905736
2024-04-25,-0.0027248084077109765
2024-04-26,0.003203653906780268
2024-04-29,0.0036004696357667676
2024-04-30,-0.00692847452667586
2024-05-01,0.004708245181420678
2024-05-02,0.006019945373333657
2024-05-03,0.005186036980528219
2024-05-06,0.001325107767015876
2024-05-07,0.000967516456893336
2024-05-08,-0.0026802195551736685
2024-05-09,0.0015588416565606167
2024-05-10,-0.002181198187346617
2024-05-13,0.00036598093163392475
2024-05-14,0.0020711444867467232
2024-05-15,0.007043564422383176
2024-05-16,-0.0023559579625788084
2024-05-17,-0.0011449602881282495
2024-05-20,-0.00014962363255455197
2024-05-21,0.00046506904029686727
2024-05-22,-0.002082511811997567
2024-05-23,-0.004015591587325779
2024-05-24,0.0029138063362363132
2024-05-28,-0.004785148202892303
2024-05-29,-0.0036521611977562932
2024-05-30,0.0046312573386905085
2024-05-31,0.0040564683086337875
2024-06-03,0.00435323517268833
2024-06-04,0.0014582090668406157
2024-06-05,0.0032795021729826847
2024-06-06,-0.0014060010781226982
2024-06-07,-0.0057658901595380955
2024-06-10,-0.00017869899768426807
2024-06-11,0.0028760943908042406
2024-06-12,0.0044768795295982875
2024-06-13,0.002316515208256315
2024-06-14,-0.0016181689181096407
2024-06-17,-0.0014921130887768867
2024-06-18,0.004012397705725468
2024-06-20,-0.0016693229890102023
2024-06-21,0.000888801243484194
2024-06-24,-0.0002470477773915235
2024-06-25,0.0009488032969163728
2024-06-26,-0.003520486035401177
2024-06-27,0.0014461655135444285
2024-06-28,-0.004138633741865855
2024-07-01,-0.0029347279645666807
2024-07-02,0.0033735699554835906
2024-07-03,0.005103631796524044
2024-07-05,0.004283513785055548
2024-07-08,-8.002010100281452e-05
2024-07-09,-0.0015231500211125128
2024-07-10,0.0022741181345629522
2024-07-11,0.004769766864151326
2024-07-12,0.002330540972912942
2024-07-15,-0.0014922267100802523
2024-07-16,0.004114358617160863
2024-07-17,-0.0009114394250972323
2024-07-18,-0.00276020166548796
2024-07-19,-0.0017736613190849682
2024-07-22,0.0024321172314294534
2024-07-23,0.00034270492512518126
2024-07-24,-0.0033927665335758026
2024-07-25,0.0009907091746302666
2024-07-26,0.004029823929970966
2024-07-29,0.0002641170271715622
2024-07-30,0.0011119089627862123
2024-07-31,0.004869516685472853
2024-08-01,0.00011147078009909336
2024-08-02,0.004210977151342976
2024-08-05,-0.004083284588525482
2024-08-06,-0.0012176209521765733
2024-08-07,0.00019592935742576708
2024-08-08,0.0017339626245868544
2024-08-09,0.0016581174039593972
2024-08-12,0.0012437568886021098
2024-08-13,0.004233870848814969
2024-08-14,0.001449149064090327
2024-08-15,-0.0015754152480359218
2024-08-16,0.002694332362095375
2024-08-19,0.0014993389949355504
2024-08-20,0.0011817676751328665
2024-08-21,0.0021423965832391926
2024-08-22,-0.003170266638738417
2024-08-23,0.005516125321167298
2024-08-26,-0.0015940773639452066
2024-08-27,7.722157154217425e-05
2024-08-28,-0.000617168980920546
2024-08-29,-7.362691211766357e-05
2024-08-30,-0.0006764103251476805
2024-09-03,-0.00038098693123423397
2024-09-04,0.004121319800850764
2024-09-05,0.002751734522003513
2024-09-06,-0.00028175395640953066
2024-09-09,0.0018622440669940675
2024-09-10,0.0005459795751028561
2024-09-11,0.0007689969791746687
2024-09-12,0.0004718881537621178
2024-09-13,0.0026339602888503233
2024-09-16,0.002796649024887832
2024-09-17,-0.00048138151099143544
2024-09-18,-0.001178625704826841
2024-09-19,0.0019336581814149603
2024-09-20,0.0002512652629535595
2024-09-23,-0.0014263020408744054
2024-09-24,0.0006729181208366741
2024-09-25,-0.0020967257042000254
2024-09-26,0.0006177205397656593
2024-09-27,0.0026095416494424485
2024-09-30,-0.000981293365277425
2024-10-01,0.0012091734495685957
2024-10-02,-0.0010297796717928741
2024-10-03,-0.00317339502131686
2024-10-04,-0.003993316264197427
2024-10-07,-0.0037100872640373093
2024-10-08,0.0016585394024721477
2024-10-09,-0.0016081666116755265
2024-10-10,-0.00036968441195416317
2024-10-11,0.00159213868298258
2024-10-14,1.9749698093574053e-05
2024-10-15,0.001646355780472275
2024-10-16,0.0016452886851855643
2024-10-17,-0.0030564263250164704
2024-10-18,0.0018300651298992943
2024-10-21,-0.005428816402955294
2024-10-22,-0.0012218193471721429
2024-10-23,-0.0025889732446497562
2024-10-24,0.0025446813597108982
2024-10-25,-0.001060258037888101
2024-10-28,0.000630729576421918
2024-10-29,0.0006183186128355111
2024-10-30,-0.0014532407007933291
2024-10-31,-0.0022288558287468785
2024-11-01,-0.0024891409275006105
2024-11-04,0.0037868648952063544
2024-11-05,0.002155448432391471
2024-11-06,-0.0025951933796620925
2024-11-07,0.006410631965355795
2024-11-08,0.0019455411414384116
2024-11-11,-0.0017589190805020805
2024-11-12,-0.0052552300722142845
2024-11-13,-0.00026888210955107743
2024-11-14,-0.001589840450850871
2024-11-15,-0.00015623406249143376
2024-11-18,0.0018989514032134555
2024-11-19,0.0021858138094090207
2024-11-20,-0.0005699605385991402
2024-11-21,0.00011331794352755769
2024-11-22,-0.00012731474903301948
2024-11-25,0.006716324501699501
2024-11-26,-0.0018807965345303934
2024-11-27,0.0033891469140449938
2024-11-29,0.0027920293060000436
2024-12-02,-0.0003897538384540045
2024-12-03,-0.0008208903279649295
2024-12-04,0.003009680414778881
2024-12-05,-0.00031819037574951076
2024-12-06,0.002348661435858268
2024-12-09,-0.002068237050744842
2024-12-10,-0.0005054210358341251
2024-12-11,-0.0008300229583523834
2024-12-12,-0.0034403981869502165
2024-12-13,-0.003760700629927405
2024-12-16,0.0012667112968635095
2024-12-17,-0.0012574775778131984
2024-12-18,-0.010216923181606679
2024-12-19,-0.0025771209082785518
2024-12-20,0.005602246258078402
2024-12-23,-0.0031832065761581763
2024-12-24,0.002588854552615527
2024-12-26,0.0014763260024927725
2024-12-27,-0.003232878034139125
2024-12-30,0.0028066721630387818
2024-12-31,-0.0009064005855558611
2025-01-02,0.0019963120290424907
2025-01-03,0.0006192886907901872
2025-01-06,0.0007498504121925429
2025-01-07,-0.0037766262153513027
2025-01-08,0.0013380029107201929
2025-01-10,-0.005848105247099833
2025-01-13,-0.0008853092906733195
2025-01-14,0.0010192553587785478
2025-01-15,0.00970908006450577
2025-01-16,0.0011565955754596511
2025-01-17,0.0009966139929825756
2025-01-21,0.0034778746420066173
2025-01-22,-0.001950126955558601
2025-01-23,-0.00012016369145577703
2025-01-24,0.0014885495510377322
2025-01-27,0.0027920728291345623
2025-01-28,-0.00024073237294701118
2025-01-29,-0.0008317404876223178
2025-01-30,0.002310085203935874
2025-01-31,-0.0020964169242459084
2025-02-03,-0.00024277375932535414
2025-02-04,0.0030102674403796104
2025-02-05,0.004038858966899495
2025-02-06,-0.0013123647828112595
2025-02-07,-0.003299494602286645
2025-02-10,0.0010445915580736928
2025-02-11,-0.0016343297392912737
2025-02-12,-0.00371723800937519
2025-02-13,0.005974422881998875
2025-02-14,0.0023433390761289806
2025-02-18,-0.002732998370328976
2025-02-19,0.0009320265466604028
2025-02-20,0.0012393234221067528
2025-02-21,0.0007868767583625264
2025-02-24,0.0014794398854882207
2025-02-25,0.0046837664388036495
2025-02-26,0.002072722500038737
2025-02-27,-0.001884821289305899
2025-02-28,0.004078106979127605
2025-03-03,-0.0003705234194707691
2025-03-04,-0.0012422329636954665
2025-03-05,-0.0014449314094431012
2025-03-06,-0.0031183525655516125
2025-03-07,0.0009337686089650574
2025-03-10,-0.00017692194543333277
2025-03-11,-0.003315919948990792
2025-03-12,-0.0002923826194574322
2025-03-13,-0.0019237735354145906
2025-03-14,0.0016264141833444148
2025-03-17,0.001975644572310153
2025-03-18,-0.0006743081891742552
2025-03-19,0.005367255848337126
2025-03-20,-0.0006145016054845628
2025-03-21,-0.0015280644157042553
2025-03-24,-0.0002385803863364348
2025-03-25,0.0003796762779391783
2025-03-26,-0.0037708474633198373
2025-03-27,-0.0016288541428541524
2025-03-28,0.0016077535203298083
2025-03-31,0.0018434413559938023
2025-04-01,0.002309314773022725
2025-04-02,0.0005037034283356668
2025-04-03,-0.0033537766354745204
2025-04-04,-0.00798994798508792
2025-04-07,-0.009249750346968334
2025-04-08,-0.004485078419464233
2025-04-09,0.015043859645215225
2025-04-10,-0.011830898822446057
2025-04-11,0.0002055021351731411
2025-04-14,0.006123487151877738
2025-04-15,0.0024268093785236645
2025-04-16,0.001276563176289197
2025-04-17,0.002352008356639812
2025-04-21,-0.005838835364979289
2025-04-22,0.0035416652973091936
2025-04-23,0.003077474282907089
2025-04-24,0.007171265703587271
2025-04-25,0.002075845014505251
2025-04-28,0.0016095599995248123
2025-04-29,0.0023514914065044575
2025-04-30,-0.0028616801687171073
2025-05-01,-0.003163539173834673
2025-05-02,-0.0038016510952176615
2025-05-05,-0.0011777133393241046
2025-05-06,0.0015401349981730484
2025-05-07,0.0018338849972146854
2025-05-08,-0.005135165552901766
2025-05-09,0.000669898581490358
2025-05-12,-0.002193264551506502
2025-05-13,-0.00014362305586923524
2025-05-14,-0.0031172815357647598
2025-05-15,0.004689462638560515
2025-05-16,0.0003699800472190207
2025-05-19,-0.0003471655853868105
2025-05-20,-0.000843127922871867
2025-05-21,-0.005615105038642265
2025-05-22,0.002781842137193946
2025-05-23,0.0018032685141118777
2025-05-27,0.003784163190812118
2025-05-28,-0.001928070769026169
2025-05-29,0.003012643593659137
2025-05-30,0.0022001152303264162
2025-06-02,-0.001675838112232225
2025-06-03,0.0012369878786504637
2025-06-04,0.0038094544012264534
2025-06-05,-0.0024283855303322277
2025-06-06,-0.002688227623869627
2025-06-09,0.001204334265505458
2025-06-10,0.0024913121563443163
2025-06-11,0.0015532521781936705
2025-06-12,0.002190663290953199
2025-06-13,-0.0037186825111151403
2025-06-16,0.00041481745647936586
2025-06-17,0.0009606598419879044
2025-06-18,0.0009226225893707195
2025-06-20,0.0021166269927953784
2025-06-23,0.0025082593150973385
2025-06-24,0.003458945420666559
2025-06-25,-9.280347393341156e-05
2025-06-26,0.0031056135054995937
2025-06-27,-0.0011880707229839306
2025-06-30,0.004164229883096581
2025-07-01,-0.0010401742097702004
2025-07-02,0.00015299490905644754
2025-07-03,-0.0004911688163431794
2025-07-07,-0.003101879230230503
2025-07-08,-0.0014430219634180895
2025-07-09,0.0037267540304796506
2025-07-10,-0.0008079864064506115
2025-07-11,-0.00253936405784424
2025-07-14,0.0002658912686576753
2025-07-15,-0.002892853717909999
2025-07-16,0.0021997582800794557
2025-07-17,0.0004792408252477842
2025-07-18,0.0017626540025030947
2025-07-21,0.0021529744451442958
2025-07-22,0.0018656996205240971
2025-07-23,-0.0007332564078964931
2025-07-24,-0.001088091243446471
2025-07-25,0.001439415704174507
2025-07-28,-0.0009021011046311312
2025-07-29,0.002622261255191616
2025-07-30,-0.0022388178247072957
2025-07-31,0.0005233307524272202
2025-08-01,0.0037574853928483316
2025-08-04,0.00300849888800172
2025-08-05,-0.000493327103454072
2025-08-06,0.00042580322358395375
2025-08-07,-0.0005422927728941041
2025-08-08,-0.0006218065652974226
2025-08-11,0.00028712016696322843
2025-08-12,0.0014599897715182996
2025-08-13,0.003242411596792416
2025-08-14,-0.002738915036118667
2025-08-15,-0.00031466599398654053
2025-08-18,-0.0005498192211923714
2025-08-19,0.0006838341181431341
2025-08-20,-4.3436973959586045e-06
2025-08-21,-0.002385745668190431
2025-08-22,0.007217631774578193
2025-08-25,-0.002272720752877133
2025-08-26,0.001979631512294422
2025-08-27,0.0010677330464890166
2025-08-28,0.0018395095897741909
2025-08-29,-0.001490583297354586
2025-09-02,-0.002029000324039653
2025-09-03,0.002846445679367782
2025-09-04,0.0030500399595028704
2025-09-05,0.0026640303235343386
2025-09-08,0.0008495726640619039
2025-09-09,-0.0013621307503209668
2025-09-10,0.0018474778679205884
2025-09-11,0.002105332455574849
2025-09-12,-0.00162168323938508
2025-09-15,0.00228056096944117
2025-09-16,-0.00019996506013446048
2025-09-17,-0.0011346542637248047
2025-09-18,-0.0005080910678190496
2025-09-19,-4.0749206764917334e-05
2025-09-22,0.00017764143551170507
2025-09-23,0.0010049913580681801
2025-09-24,-0.0014475742655116087
2025-09-25,-0.0023231768243380303
2025-09-26,0.000803221360260148
2025-09-29,0.0018108200788202302
2025-09-30,-0.0005119816358787943
2025-10-01,0.0023710318566455115
2025-10-02,0.00020742485009028755
2025-10-03,-0.0009834914313393726
2025-10-06,-0.000840102086463368
2025-10-07,0.00013274594659933302
2025-10-08,-0.000555884226111697
2025-10-09,-0.0015618762364052738
2025-10-10,-0.0014816273576066855
2025-10-13,0.0042629739164199215
2025-10-14,0.000976725406050294
2025-10-15,0.0016172781746244705
2025-10-16,-3.794626676346675e-05
2025-10-17,0.0007836623220332405
2025-10-20,0.0019107949471723008
2025-10-21,1.707712304782063e-05
2025-10-22,-0.0007061793499961889
2025-10-23,-3.226040821207037e-05
2025-10-24,0.0019830951260386698
2025-10-27,0.0022266857418997586
2025-10-28,-0.00019406777006599206
2025-10-29,-0.003962105036595326
2025-10-30,-0.0013385366582258252
2025-10-31,0.0004373664052473303
2025-11-03,-0.0019556111271856027
2025-11-04,0.0002495042226000832
2025-11-05,-0.001178437480808031
2025-11-06,0.002125414702003925
2025-11-07,0.0006465625153889487
2025-11-10,0.0014838447688361456
2025-11-11,0.0017488895766599288
2025-11-12,-0.000832776400705454
2025-11-13,-0.0033954436462986628
2025-11-14,-0.00033342652375898947
2025-11-17,-0.0004309427999286353
2025-11-18,0.0005703446450500416
2025-11-19,0.0002757412546055604
2025-11-20,8.206150489674103e-05
2025-11-21,0.0029302944745642546
2025-11-24,0.0019477233162292328
2025-11-25,0.00268507266150978
2025-11-26,0.0007873247168144915
2025-11-28,-0.00016624357395274015
2025-12-01,-0.0028067390069033693
2025-12-02,0.0017611618528381333
2025-12-03,0.0011846629943818466
2025-12-04,-0.000671738880572692
2025-12-05,-0.0007737277043345036
2025-12-08,-0.002291950865622994
2025-12-09,-0.0010639528798331076
2025-12-10,0.0031804948559362115
2025-12-11,9.738874694005805e-05
2025-12-12,-0.0015699190065996181
2025-12-15,0.0007244095913358728
2025-12-16,0.0014572398913311412
2025-12-17,-0.0011658452847128852
2025-12-18,0.0026392463517673883
2025-12-19,-0.0008844097839136644
2025-12-22,0.0001220447342339559
2025-12-23,8.127327528842932e-05
2025-12-24,0.0020315899731147224
2025-12-26,0.00010356095678950017
2025-12-29,0.0006805742725620068
2025-12-30,3.749524064832201e-05
2025-12-31,-0.0016249724368997964
2026-01-02,0.00011886066889109647
2026-01-05,0.0022139720457312827
2026-01-06,-0.00020774054044948588
2026-01-07,4.2150600492324507e-05
2026-01-08,-0.0007058970262306895
2026-01-09,0.0011119825020323103
2026-01-12,-0.00021383725877381353
2026-01-13,0.00016117920498171512
2026-01-14,0.0008674008509675258
2026-01-15,-0.000564472051738818
2026-01-16,-0.0010147699702400925
2026-01-20,-0.0028859220659692656
2026-01-21,0.0032684014705923413
2026-01-22,0.00022133453660601597
2026-01-23,0.0006233262246545523
2026-01-26,0.0007960205489892292
2026-01-27,-0.0003673917907912772
2026-01-28,-0.00111507520760627
2026-01-29,0.00027496721074937724
2026-01-30,0.000330542601745526
2026-02-02,-0.00044771461109053835
2026-02-03,-2.6368202962717626e-05
2026-02-04,-0.0006817791791550341
2026-02-05,0.0015192069263265389
2026-02-06,0.002301173612210272
2026-02-09,0.0008576646696100364
2026-02-10,0.0011552408947932582
2026-02-11,-0.000891858189421413
2026-02-12,0.001984587826225454
2026-02-13,0.0018479982694491138
2026-02-17,4.975114430971757e-06
2026-02-18,0.00012478769991969263
2026-02-19,0.00031332729619690247
2026-02-20,0.0005614767132021136
2026-02-23,0.0002909206495232522
2026-02-24,-0.000561747979964905
2026-02-25,0.0006405625826229165
2026-02-26,0.00023345540040566894
2026-02-27,0.0003911980770880789
2026-03-02,-0.004575748540242107
2026-03-03,-0.0011023282193341143
2026-03-04,-0.0006588072519634557
2026-03-05,-0.0028003470607774303
2026-03-06,-0.0012502974281347612
2026-03-09,0.0031676201416443563
2026-03-10,-0.0023676081806553563
2026-03-11,-0.003380652048986277
2026-03-12,-0.003553554135395154
2026-03-13,-0.0008838844799145873
2026-03-16,0.003572617633829189
2026-03-17,0.001992707452584508
2026-03-18,-0.004134940707376744
2026-03-19,0.0005437696811664728
2026-03-20,-0.007683909418318779
2026-03-23,0.003506503998058008
2026-03-24,-0.002988144951244687
2026-03-25,0.004012793157825945
2026-03-26,-0.006540820544553004
2026-03-27,-2.9886029771342203e-05
