date,returns
2008-07-02,0.0
2008-07-03,0.0
2008-07-07,0.0
2008-07-08,0.0
2008-07-09,0.0
2008-07-10,0.0
2008-07-11,0.0
2008-07-14,0.0
2008-07-15,0.0
2008-07-16,0.0
2008-07-17,0.0
2008-07-18,0.0
2008-07-21,0.0
2008-07-22,0.0
2008-07-23,0.0
2008-07-24,0.0
2008-07-25,0.0
2008-07-28,0.0
2008-07-29,0.0
2008-07-30,0.0
2008-07-31,0.0
2008-08-01,-0.006133483576477915
2008-08-04,-0.017344606680705532
2008-08-05,-0.009802168162350865
2008-08-06,-0.002940903671950027
2008-08-07,0.006355803383172913
2008-08-08,-0.01618904409897623
2008-08-11,-0.01620874722009439
2008-08-12,0.003924252947440946
2008-08-13,0.013680311868912857
2008-08-14,-0.008848583586917836
2008-08-15,-0.017539497253051768
2008-08-18,0.011574400569536625
2008-08-19,0.0047630917918966165
2008-08-20,0.004398526714826718
2008-08-21,0.016280323479774556
2008-08-22,-0.014409048341751243
2008-08-25,0.0041478420635889385
2008-08-26,0.001384272189495646
2008-08-27,-0.0005658461884534291
2008-08-28,-0.0008631690376552249
2008-08-29,-0.004628383663658451
2008-09-02,-0.007225555927980832
2008-09-03,-0.0021797966404199388
2008-09-04,-0.0012837639475232851
2008-09-05,-0.00579924425319845
2008-09-08,0.000681266814803715
2008-09-09,-0.009498347971589655
2008-09-10,-0.008672288971056513
2008-09-11,-0.006374209044222893
2008-09-12,0.0049041336643972765
2008-09-15,0.008222286370231566
2008-09-16,-0.021009460556490472
2008-09-17,0.02054357197553783
2008-09-18,-0.010813163991598417
2008-09-19,0.01083600712961004
2008-09-22,0.01571422572831993
2008-09-23,-0.006533718525076324
2008-09-24,-0.003877452994540038
2008-09-25,0.0006781186462930897
2008-09-26,-0.004649260314178041
2008-09-29,-0.014747454915775234
2008-09-30,-0.0026297376100537285
2008-10-01,0.0031620805517594136
2008-10-02,-0.01065616337683658
2008-10-03,-0.0005949198877293711
2008-10-06,-0.00655575927039515
2008-10-07,0.003729896597302165
2008-10-08,-0.004145591671451169
2008-10-09,-0.00879805661060691
2008-10-10,-0.019980705210522632
2008-10-13,0.002981497450710471
2008-10-14,0.0007852090845634984
2008-10-15,-0.005360778868632596
2008-10-16,-0.006710396008747006
2008-10-17,0.001515792745537358
2008-10-20,0.008472119935290097
2008-10-21,-0.005213806074268728
2008-10-22,-0.005500792345955168
2008-10-23,-0.0001838624407975968
2008-10-24,-0.01042281251714018
2008-10-27,-0.0019054647983211405
2008-10-28,0.0013841499130914437
2008-10-29,0.012088658574462223
2008-10-30,-0.009466735323412611
2008-10-31,-0.00408946314266383
2008-11-03,0.0008193398937347594
2008-11-04,0.004563078752151666
2008-11-05,0.002840852742962196
2008-11-06,-0.001483383116537501
2008-11-07,-0.0017870382333857902
2008-11-10,0.0013482800899347835
2008-11-11,0.0011083757819694727
2008-11-12,0.002117675099647498
2008-11-13,-0.0050508040529763255
2008-11-14,0.004421852183338515
2008-11-17,0.0015634968899275515
2008-11-18,0.0032538925888463636
2008-11-19,0.005672030314432385
2008-11-20,0.01105248563443566
2008-11-21,-0.003792646127343191
2008-11-24,-0.004123578643083831
2008-11-25,0.007112105346460151
2008-11-26,0.0015764162142809068
2008-11-28,0.00224405555819529
2008-12-01,0.0012785891605979157
2008-12-02,0.0033324686149953315
2008-12-03,-0.0003747483303143369
2008-12-04,0.002896053734801639
2008-12-05,-0.005694120777071237
2008-12-08,0.0014969036876343474
2008-12-09,0.004909069763330954
2008-12-10,0.004488405265222524
2008-12-11,0.002861350427248874
2008-12-12,0.0007242021195223131
2008-12-15,0.0046987386160597215
2008-12-16,0.008766857665625393
2008-12-17,0.006101419923375162
2008-12-18,0.0021187922535763895
2008-12-19,-0.0021880428370294443
2008-12-22,-0.0006660509157108063
2008-12-23,-0.0013885393384717932
2008-12-24,0.0007245194544518905
2008-12-26,0.004442194645359522
2008-12-29,0.0014955748750458506
2008-12-30,0.0011785148918600045
2008-12-31,-0.0040332517400340625
2009-01-02,-0.010072595541242459
2009-01-05,-0.007650076421260477
2009-01-06,-0.0029385604196643213
2009-01-07,-0.0026719824701249674
2009-01-08,0.005742283124897174
2009-01-09,0.0010013276487945589
2009-01-12,-0.004739301590282453
2009-01-13,-0.0014623521581333065
2009-01-14,0.00023244852250923738
2009-01-15,0.0015901515688339584
2009-01-16,0.0011649182725093138
2009-01-20,-0.0019825208403022156
2009-01-21,-0.007593607182284466
2009-01-22,-0.0035687742911287737
2009-01-23,0.0040989353571410595
2009-01-26,-0.002652992473828625
2009-01-27,0.00803269260597953
2009-01-28,-0.004886727348714858
2009-01-29,-0.004869060607628822
2009-01-30,0.0017783835822306692
2009-02-02,0.004033563999784521
2009-02-03,-0.005024737446557809
2009-02-04,-0.0015373408760220029
2009-02-05,0.000518833608492797
2009-02-06,-0.0014654699141509464
2009-02-09,0.000125677783691841
2009-02-10,0.005607481509044465
2009-02-11,0.003067360465227359
2009-02-12,-0.0012811579996180043
2009-02-13,-0.005457376578409034
2009-02-17,0.007587226834155935
2009-02-18,-0.0026196517758603375
2009-02-19,-0.003436528719605525
2009-02-20,0.00200896913615789
2009-02-23,0.0015096818368275755
2009-02-24,-0.0008310124476832325
2009-02-25,-0.003376779880343955
2009-02-26,-0.0018900496980356284
2009-02-27,-0.0009022649349761213
2009-03-02,0.0043258837418967185
2009-03-03,-0.001317613734992562
2009-03-04,-0.0016113172312147593
2009-03-05,0.006108782643255151
2009-03-06,-0.0018213920734231337
2009-03-09,-0.0009541608408387859
2009-03-10,-0.004064293362989663
2009-03-11,0.0027657081417595927
2009-03-12,0.0011974783528267974
2009-03-13,-0.0007493388775822395
2009-03-16,-0.003409041887803993
2009-03-17,-0.0011384586401529506
2009-03-18,0.011395016389216429
2009-03-19,-0.0005006347256901523
2009-03-20,-0.0006541131422151346
2009-03-23,-0.0019348178630475832
2009-03-24,0.0010131859767549877
2009-03-25,-0.0029574389337079505
2009-03-26,0.0023276236291705607
2009-03-27,0.0010905028899907132
2009-03-30,0.0013570448333482643
2009-03-31,0.0015500815650410502
2009-04-01,0.002911958414475364
2009-04-02,-0.006736128611127812
2009-04-03,-0.007172689672910404
2009-04-06,-0.004854998770113172
2009-04-07,0.0034006570177137927
2009-04-08,0.0018471439139679856
2009-04-09,-0.0034609781432643205
2009-04-13,0.005279033844990221
2009-04-14,0.0008098921286503247
2009-04-15,0.00017545294690639592
2009-04-16,-0.004892316306683686
2009-04-17,-0.004049769135996239
2009-04-20,0.006504472960065055
2009-04-21,-0.002149386846299367
2009-04-22,-0.0004269485252184457
2009-04-23,0.00228403826272941
2009-04-24,-0.0005375662666201985
2009-04-27,0.00025271874377341664
2009-04-28,-0.0054445402150376295
2009-04-29,-0.0010765917549540927
2009-04-30,-0.0025248945716336347
2009-05-01,-0.0021767389523262458
2009-05-04,0.0035272084203329833
2009-05-05,-0.0009209357509988358
2009-05-06,0.0019920336968302027
2009-05-07,-0.005299561892251104
2009-05-08,0.0015559646059086774
2009-05-11,0.0033105550252248484
2009-05-12,0.0021201413093821786
2009-05-13,0.0030372876970831348
2009-05-14,0.0005542876646676687
2009-05-15,0.00042522685579536866
2009-05-18,-0.00530015920239828
2009-05-19,8.31807773182925e-05
2009-05-20,0.004370443360453868
2009-05-21,-0.0030060753484120683
2009-05-22,-0.0020326926742447347
2009-05-26,-0.004078132718759603
2009-05-27,-0.004880612743445627
2009-05-28,0.004201989256161831
2009-05-29,0.008898956952354597
2009-06-01,-0.00915181203823533
2009-06-02,0.005389533627820763
2009-06-03,-0.001080498014390874
2009-06-04,-0.004475005624457773
2009-06-05,-0.011834668702198587
2009-06-08,-0.0020818723806999727
2009-06-09,0.004959548842164346
2009-06-10,-0.00518354935041071
2009-06-11,0.005004253540947995
2009-06-12,0.0006007634132165257
2009-06-15,-0.0011495881551869202
2009-06-16,0.005718804804857479
2009-06-17,0.00014350264689859133
2009-06-18,-0.008604871107560013
2009-06-19,0.005793748678641464
2009-06-22,0.0005671448221498568
2009-06-23,0.006729695083021092
2009-06-24,-0.003170402710307485
2009-06-25,0.009368637289845315
2009-06-26,0.001561233209151974
2009-06-29,-0.00017738115090897857
2009-06-30,-0.000856000220558567
2009-07-01,0.00038418364480656705
2009-07-02,0.0004034915204577106
2009-07-06,0.00014758005219037682
2009-07-07,-0.0009804397782992354
2009-07-08,0.0064390039234203215
2009-07-09,-0.002300857197492767
2009-07-10,0.004559220271435999
2009-07-13,-0.001593529080001954
2009-07-14,-0.004091850916110046
2009-07-15,-0.0069568419358123565
2009-07-16,0.005241632286178577
2009-07-17,-0.004053310514130349
2009-07-20,0.0031084304577180975
2009-07-21,0.00821696876188448
2009-07-22,-0.00195927732806046
2009-07-23,-0.005417253631855801
2009-07-24,0.003105887259470985
2009-07-27,-0.0021261585583465577
2009-07-28,0.0021931382775862264
2009-07-29,0.0001550606688043801
2009-07-30,0.003603219911772748
2009-07-31,0.010579256815446603
2009-08-03,-0.0029557767603452935
2009-08-04,-0.0022713712383615244
2009-08-05,-0.0010751106268836188
2009-08-06,-0.001937180588526949
2009-08-07,-0.004646719306898056
2009-08-10,0.0022947336203684777
2009-08-11,0.0029818647386539937
2009-08-12,-0.002915334285043058
2009-08-13,0.003954580051958639
2009-08-14,0.0008431566857444728
2009-08-17,-0.003694052948598925
2009-08-18,0.0011278339520844286
2009-08-19,0.0057651991966988
2009-08-20,0.0017135022731229075
2009-08-21,0.00021524559272328417
2009-08-24,0.001290167653601509
2009-08-25,0.0028732961743836217
2009-08-26,0.001979555392657373
2009-08-27,-0.0008482540504946344
2009-08-28,0.003365422529626783
2009-08-31,0.0016982091955774269
2009-09-01,-0.0001375013651459521
2009-09-02,0.010824812258593292
2009-09-03,0.007284403007157677
2009-09-04,-0.0019847929542886828
2009-09-08,0.0016352108563098514
2009-09-09,0.0006372370243235262
2009-09-10,0.00826558580877219
2009-09-11,0.005748120522065874
2009-09-14,-0.00406814485406893
2009-09-15,0.005342950844668317
2009-09-16,0.005504883781567562
2009-09-17,0.0030163805752679747
2009-09-18,-0.006966200773764014
2009-09-21,-0.0021627705712259603
2009-09-22,0.006990490077861773
2009-09-23,-0.0031522938670101256
2009-09-24,-0.006120984914351565
2009-09-25,0.001499108682270188
2009-09-28,0.003904220064933015
2009-09-29,-0.0009045277357467293
2009-09-30,0.0078105109776582405
2009-10-01,-0.018281262814160277
2009-10-02,-0.004576917298833766
2009-10-05,0.015957313323855856
2009-10-06,0.013846347083811158
2009-10-07,0.007489793235358709
2009-10-08,0.007287506701481219
2009-10-09,-0.008934404620661272
2009-10-12,0.006398880881345743
2009-10-13,0.0031743018536028564
2009-10-14,0.006766486224698053
2009-10-15,-0.006696612895380188
2009-10-16,-0.002700256389720866
2009-10-19,0.014031043657256643
2009-10-20,-0.0021274478488419197
2009-10-21,-0.002898599009750078
2009-10-22,0.0029719428327457894
2009-10-23,-0.00877166744868204
2009-10-26,-0.016152825363610762
2009-10-27,-0.00359189628139566
2009-10-28,-0.02164932768684365
2009-10-29,0.01951944887926789
2009-10-30,-0.012848930491793371
2009-11-02,0.007775593574180389
2009-11-03,0.005625629898548444
2009-11-04,0.0020228094569569037
2009-11-05,0.01485128731610774
2009-11-06,0.0004869473065574133
2009-11-09,0.02480687287847437
2009-11-10,-0.0037410553338387055
2009-11-11,0.009685310965293042
2009-11-12,-0.015144352116301784
2009-11-13,0.012356618613963494
2009-11-16,0.022937305189040948
2009-11-17,-0.0006659846661000301
2009-11-18,-0.002994697789423327
2009-11-19,-0.013628401740943444
2009-11-20,-0.0029213996225946727
2009-11-23,0.01297988364600671
2009-11-24,-0.0013888404280977822
2009-11-25,0.01265090391764016
2009-11-27,-0.02004612062083103
2009-11-30,0.01057137222334092
2009-12-01,0.020193878962461147
2009-12-02,0.0023834541107306748
2009-12-03,-0.0074191160180847055
2009-12-04,-0.006202687988885512
2009-12-07,-0.005170293891811382
2009-12-08,-0.013262635926367193
2009-12-09,-0.0007438722953446281
2009-12-10,0.001340795390311155
2009-12-11,-0.00037656313771583527
2009-12-14,0.013452044682339678
2009-12-15,-0.009242432985661955
2009-12-16,0.010082441668407775
2009-12-17,-0.01957864236509572
2009-12-18,0.005464775581451738
2009-12-21,-0.001926623792328829
2009-12-22,0.0030582526112327476
2009-12-23,0.009752758955386225
2009-12-24,0.00689651727936366
2009-12-28,0.0035364182096758114
2009-12-29,-0.0037683475081396298
2009-12-30,-0.0014323633300775266
2009-12-31,-0.006154269684621093
2010-01-04,0.029608766496683956
2010-01-05,0.0075003792717575415
2010-01-06,0.0044869530869770195
2010-01-07,-0.002428742084286142
2010-01-08,0.008518462575859857
2010-01-11,0.003552840450382308
2010-01-12,-0.01640326923768063
2010-01-13,0.012496665549493921
2010-01-14,0.0027541566557422728
2010-01-15,-0.015231301657398463
2010-01-19,0.016258707415255955
2010-01-20,-0.025367609115094666
2010-01-21,-0.022297287911120203
2010-01-22,-0.024968201947710003
2010-01-25,0.0071893887936268
2010-01-26,-0.01136696107305707
2010-01-27,-0.0029097456776643513
2010-01-28,-0.01510257645626474
2010-01-29,-0.015090084713158706
2010-02-01,0.02044231408851494
2010-02-02,0.018562013979637998
2010-02-03,-0.011105976394566414
2010-02-04,-0.0438321926366722
2010-02-05,-0.0029062650855592627
2010-02-08,-0.010266019912333888
2010-02-09,0.01844138902801947
2010-02-10,-0.0034936343676055313
2010-02-11,0.016963199753518066
2010-02-12,-0.002837295619099383
2010-02-16,0.028413333342693983
2010-02-17,0.001543159637205375
2010-02-18,0.008981018237562921
2010-02-19,-0.0007534200993152822
2010-02-22,0.0003007391045735631
2010-02-23,-0.01668894957356881
2010-02-24,0.010935332731342257
2010-02-25,-0.0023795620177298276
2010-02-26,0.009872500681953875
2010-03-01,0.00866249215515097
2010-03-02,0.010684401083311054
2010-03-03,0.004642194741699809
2010-03-04,-0.0016882907606781254
2010-03-05,0.016129830449498426
2010-03-08,0.0007716347598221442
2010-03-09,-0.00015996387474358394
2010-03-10,0.0009777178859463529
2010-03-11,0.004571266468019644
2010-03-12,0.0039583576451547335
2010-03-15,-0.002937190627347526
2010-03-16,0.015570227431087212
2010-03-17,0.00781695899547519
2010-03-18,-0.002916812791540127
2010-03-19,-0.012438500243972916
2010-03-22,0.006363465075143147
2010-03-23,0.004349882457961366
2010-03-24,-0.01573222753200537
2010-03-25,-0.0052523332873969574
2010-03-26,0.0063991267886682026
2010-03-29,0.012608072984220918
2010-03-30,0.0016092186025085558
2010-03-31,-0.004345059852453519
2010-04-01,0.017151792135070343
2010-04-05,0.010070853605017006
2010-04-06,0.00496138178862717
2010-04-07,-0.0047087447784307426
2010-04-08,0.0020550012664907824
2010-04-09,0.01146569448504039
2010-04-12,-0.00036662394292815803
2010-04-13,0.00466904613518824
2010-04-14,0.015175352006694063
2010-04-15,9.310240017542304e-06
2010-04-16,-0.02728176556044145
2010-04-19,-0.00311868629460692
2010-04-20,0.012966552721093576
2010-04-21,0.004977236020479915
2010-04-22,-0.0001299049514446138
2010-04-23,0.011632034975816639
2010-04-26,-0.0006965492461587555
2010-04-27,-0.031565916321860885
2010-04-28,0.002575853315434469
2010-04-29,0.023692787486033533
2010-04-30,-0.012427154313978424
2010-05-03,0.012098309174220728
2010-05-04,-0.03728804795103183
2010-05-05,-0.017052328080358305
2010-05-06,-0.03831767774725491
2010-05-07,-0.0075028298022965356
2010-05-10,0.05497176370136883
2010-05-11,0.00047714650666670215
2010-05-12,0.017232288002970123
2010-05-13,-0.013438441074470446
2010-05-14,-0.021007759457337207
2010-05-17,-0.006876036424784395
2010-05-18,-0.014975686050640279
2010-05-19,-0.011425481334742372
2010-05-20,-0.043713915293585544
2010-05-21,0.01938610152293127
2010-05-24,-0.009069766325059733
2010-05-25,-0.0038421620393732136
2010-05-26,-0.0053335941722087036
2010-05-27,0.04353394308747116
2010-05-28,-0.011392743230060952
2010-06-01,-0.007896817575505649
2010-06-02,0.01315768339670629
2010-06-03,-0.002256609040601416
2010-06-04,-0.017562956809184543
2010-06-07,-0.002976926303582016
2010-06-08,0.0046173337794189594
2010-06-09,-0.001553486419360631
2010-06-10,0.014793897008723095
2010-06-11,0.008587552458690102
2010-06-14,0.0008071501964934209
2010-06-15,0.017927131145625393
2010-06-16,0.00037862564508031236
2010-06-17,0.007288948112854634
2010-06-18,0.002514680605901434
2010-06-21,-0.0035318601764574922
2010-06-22,-0.006031874718045713
2010-06-23,0.00015391819102722004
2010-06-24,-0.01127151016400358
2010-06-25,0.00944263114918499
2010-06-28,-0.0028117305387965206
2010-06-29,-0.020239372175666046
2010-06-30,-0.0032417288956367797
2010-07-01,-0.007828437334936085
2010-07-02,-0.0040315434302547245
2010-07-06,0.004488823179642007
2010-07-07,0.02714364370383181
2010-07-08,0.005353914800261856
2010-07-09,0.0065559281543801015
2010-07-12,-0.0030830773806129214
2010-07-13,0.01512205844069919
2010-07-14,0.004357304505364389
2010-07-15,0.0021927576569475754
2010-07-16,-0.024421678415784655
2010-07-19,0.002946986848577883
2010-07-20,0.013817391377593238
2010-07-21,-0.006281213970853372
2010-07-22,0.023111888185045167
2010-07-23,0.006037158444919265
2010-07-26,0.008509321181295815
2010-07-27,-0.006935169631180596
2010-07-28,-0.004162003646133884
2010-07-29,0.000341444394772484
2010-07-30,0.0079753284318601
2010-08-02,0.019738499540704894
2010-08-03,0.0014260516466414372
2010-08-04,0.005376167559400345
2010-08-05,-0.0010788034717612918
2010-08-06,0.0009548945569219419
2010-08-09,0.004096982743040267
2010-08-10,-0.007251890454261678
2010-08-11,-0.027217935695817513
2010-08-12,-0.002307516758331625
2010-08-13,0.00019791804688356284
2010-08-16,0.01116534789403443
2010-08-17,0.011767190882048703
2010-08-18,0.002701195706799677
2010-08-19,-0.009516010405855344
2010-08-20,-0.005849401634536744
2010-08-23,-0.0033833352035259117
2010-08-24,-0.006596804954444091
2010-08-25,0.005950514544534818
2010-08-26,0.00015540086261956268
2010-08-27,0.008375740471431376
2010-08-30,-0.004613901332883773
2010-08-31,0.004446270941342384
2010-09-01,0.023766155623137497
2010-09-02,0.007987242094710911
2010-09-03,0.00902342441718796
2010-09-07,-0.0051195227785879715
2010-09-08,0.0027870953448971493
2010-09-09,-0.0035476751766188534
2010-09-10,0.0031014211290658223
2010-09-13,0.019324728266415108
2010-09-14,0.00750954861049866
2010-09-15,9.95445993754274e-05
2010-09-16,-0.0016000039835387103
2010-09-17,0.0005140680402181706
2010-09-20,0.01678273391080181
2010-09-21,0.004581781201525642
2010-09-22,-3.662026837697734e-05
2010-09-23,-0.006332144723644899
2010-09-24,0.01950946949950074
2010-09-27,0.00012043806897015972
2010-09-28,0.009302115583507563
2010-09-29,0.00017578558544431282
2010-09-30,0.0002804851813994516
2010-10-01,0.005346528259534607
2010-10-04,-0.009385795083031398
2010-10-05,0.031903528928439784
2010-10-06,0.006679221440997481
2010-10-07,-0.0053461566487696364
2010-10-08,0.020519214489931065
2010-10-11,-0.0004805161647032637
2010-10-12,0.0017085898787715988
2010-10-13,0.01366281867508825
2010-10-14,0.0010438673472149874
2010-10-15,-0.00625140655127843
2010-10-18,0.007669519842789848
2010-10-19,-0.027299357400283088
2010-10-20,0.020769939225007875
2010-10-21,-0.009825557685271304
2010-10-22,0.006499424021865875
2010-10-25,0.009576495958324844
2010-10-26,-0.003748921461858437
2010-10-27,-0.009745103929328534
2010-10-28,0.0073231088650526285
2010-10-29,0.006958279615275504
2010-11-01,-0.0009774607512295877
2010-11-02,0.015827911091450795
2010-11-03,0.002443642979817732
2010-11-04,0.032244224750116894
2010-11-05,-0.0004993048918300768
2010-11-08,-0.00021108131429308408
2010-11-09,-0.022164988809207614
2010-11-10,0.007845492311084576
2010-11-11,-0.008738386560565808
2010-11-12,-0.026474702926178165
2010-11-15,-0.010896685782459552
2010-11-16,-0.02248631936806761
2010-11-17,0.004378859194930216
2010-11-18,0.025814474567513852
2010-11-19,0.0008694659440876753
2010-11-22,0.0035770175605442838
2010-11-23,-0.018918592103721217
2010-11-24,0.013696171503552883
2010-11-26,-0.010787599112307469
2010-11-29,0.0008553475600527334
2010-11-30,-0.005209527106511933
2010-12-01,0.02105051545537228
2010-12-02,0.013896721610425555
2010-12-03,0.008650717552311223
2010-12-06,0.0057235611726412245
2010-12-07,-0.011441904875911218
2010-12-08,-0.005360934151370311
2010-12-09,0.0024693302166154214
2010-12-10,0.001332459460903072
2010-12-13,0.007006181113934326
2010-12-14,-0.0036641184497697046
2010-12-15,-0.01202589256491361
2010-12-16,0.006739575243437928
2010-12-17,0.006938740682311322
2010-12-20,0.004880534988051838
2010-12-21,0.010726876657615405
2010-12-22,0.0032168539544073496
2010-12-23,-0.0018245229431576783
2010-12-27,0.003928123454300158
2010-12-28,-0.00047401085988436415
2010-12-29,0.009964038699448735
2010-12-30,-0.003748907098693462
2010-12-31,0.008152629052909241
2011-01-03,0.010236176304956908
2011-01-04,-0.009229075786826343
2011-01-05,-0.0023137732594489327
2011-01-06,-0.007935236447195699
2011-01-07,-0.0018362951201538753
2011-01-10,0.0034870550358179282
2011-01-11,0.006736436348123447
2011-01-12,0.013788744444949565
2011-01-13,0.00020818773913801526
2011-01-14,0.0029842547871559264
2011-01-18,0.0036857222774220252
2011-01-19,-0.009321733770327516
2011-01-20,-0.013658819264950736
2011-01-21,0.0017361124232017494
2011-01-24,0.006247561165028577
2011-01-25,0.002067035960864998
2011-01-26,0.008422863225980574
2011-01-27,-0.0006358768747367486
2011-01-28,-0.015282856558555479
2011-01-31,0.00961035556173316
2011-02-01,0.018857499216252058
2011-02-02,-0.00024576063402945397
2011-02-03,-0.0006141924003145932
2011-02-04,-0.0035967963485643165
2011-02-07,0.004893851942267791
2011-02-08,0.004616029323831173
2011-02-09,-0.0027159377017397968
2011-02-10,-0.004538591304589241
2011-02-11,0.006910385880533057
2011-02-14,0.004173687729367262
2011-02-15,-0.0035294343200485767
2011-02-16,0.00886921521075207
2011-02-17,0.01060566719674516
2011-02-18,0.0032740496638477097
2011-02-22,-0.020173904292691506
2011-02-23,8.016286520386951e-05
2011-02-24,-0.0023623278141342505
2011-02-25,0.02185651514152656
2011-02-28,0.010732502917088774
2011-03-01,-0.010448401914095433
2011-03-02,0.0008411788457561029
2011-03-03,0.010517558160238263
2011-03-04,0.001283044487421121
2011-03-07,-0.010609425738712598
2011-03-08,0.004792566420579416
2011-03-09,0.001400136343403184
2011-03-10,-0.022335680263495777
2011-03-11,0.003336273908966107
2011-03-14,-0.011665108857886235
2011-03-15,-0.021115742725068592
2011-03-16,-0.016440100092381272
2011-03-17,0.02284183898820703
2011-03-18,0.012947061364464791
2011-03-21,0.019409947875650296
2011-03-22,-0.0018807318588276647
2011-03-23,0.0027376380773391214
2011-03-24,0.006960312787434173
2011-03-25,-0.0019834952947167445
2011-03-28,-0.005280281039128423
2011-03-29,0.003323949292678473
2011-03-30,0.011772444942860893
2011-03-31,0.0030836339593827674
2011-04-01,0.006485995941282075
2011-04-04,0.005819261574410243
2011-04-05,0.0009373892668022377
2011-04-06,0.0011134760266888581
2011-04-07,-0.0038611047286884383
2011-04-08,0.0024569355215905775
2011-04-11,-0.00714068702398324
2011-04-12,-0.0072492747657695415
2011-04-13,0.0058795537662112525
2011-04-14,0.005516902795949125
2011-04-15,0.010458345728242153
2011-04-18,-0.010168249030149122
2011-04-19,0.008765620275795968
2011-04-20,0.017430080315909317
2011-04-21,0.00926210114008135
2011-04-25,0.000722726533999447
2011-04-26,0.007588179477775405
2011-04-27,0.01061678061225863
2011-04-28,0.005205721927073011
2011-04-29,0.0060783953394452
2011-05-02,-0.006178894889942568
2011-05-03,-0.009973023558745298
2011-05-04,-0.012548431856863815
2011-05-05,-0.022059715343695115
2011-05-06,0.005147874182151795
2011-05-09,0.014472383577840031
2011-05-10,0.009288219113954511
2011-05-11,-0.02175405713981886
2011-05-12,0.001894369275768444
2011-05-13,-0.010870942125248879
2011-05-16,-0.007345273701910065
2011-05-17,0.00385723790646165
2011-05-18,0.012620116442770963
2011-05-19,-0.00043356667797626945
2011-05-20,-0.0072093380134192015
2011-05-23,-0.016916126713603187
2011-05-24,0.0060768358565455
2011-05-25,0.008056437014612408
2011-05-26,0.010105300880063867
2011-05-27,0.009173767097269924
2011-05-31,0.015259258807429933
2011-06-01,-0.020370928852003308
2011-06-02,-0.0011105682428645535
2011-06-03,-0.0034381691973672883
2011-06-06,-0.014004390367561072
2011-06-07,0.005882920633584881
2011-06-08,-0.004522323172939836
2011-06-09,0.004431548151399569
2011-06-10,-0.01898283525722101
2011-06-13,-0.002109287885333722
2011-06-14,0.012649888007701863
2011-06-15,-0.017168936075801406
2011-06-16,-0.0024261530046049648
2011-06-17,0.00476618539449465
2011-06-20,0.0043283945721442445
2011-06-21,0.01815500224378489
2011-06-22,-0.007770541479015166
2011-06-23,-0.003880709794911186
2011-06-24,-0.01071846510453109
2011-06-27,0.003531824545893155
2011-06-28,0.012469860521817084
2011-06-29,0.01099454579959423
2011-06-30,0.00614270291639322
2011-07-01,0.012040022175734529
2011-07-05,0.0077116394720816266
2011-07-06,0.0023218407159509664
2011-07-07,0.01352196952445412
2011-07-08,-0.0031264954254536944
2011-07-11,-0.02064964550199936
2011-07-12,-0.000769244359343943
2011-07-13,0.01579426331939211
2011-07-14,-0.01089038734797642
2011-07-15,0.009342761318353923
2011-07-18,-0.009245383262866082
2011-07-19,0.014820412247774042
2011-07-20,0.005100438442770198
2011-07-21,0.008742355302133608
2011-07-22,0.006830414398919782
2011-07-25,-0.006748422545201709
2011-07-26,0.004249351061014583
2011-07-27,-0.02296879873913912
2011-07-28,-0.001055484202162017
2011-07-29,0.002930192997399615
2011-08-01,-0.0028995076241459133
2011-08-02,-0.01171225909618012
2011-08-03,0.0022091912861747108
2011-08-04,-0.053985577277844476
2011-08-05,-0.008737959335137846
2011-08-08,-0.06384933271810693
2011-08-09,0.05881149251283213
2011-08-10,-0.027195105842084493
2011-08-11,0.032131996312385454
2011-08-12,0.008319717922200227
2011-08-15,0.024974613180114933
2011-08-16,-0.003164592146439576
2011-08-17,0.009473607910877108
2011-08-18,-0.03876298714574791
2011-08-19,-0.00610793682595663
2011-08-22,0.004478666882611413
2011-08-23,0.021492890838634263
2011-08-24,-0.011108744844629318
2011-08-25,-0.010766690565702484
2011-08-26,0.024927846287815726
2011-08-29,0.021876641387231957
2011-08-30,0.009483550958068765
2011-08-31,0.006786117854912906
2011-09-01,-0.0023057327672512252
2011-09-02,-0.00019889300216174985
2011-09-06,-0.009596285544083514
2011-09-07,0.009677156792055247
2011-09-08,-0.002114585545445522
2011-09-09,-0.015940005541081367
2011-09-12,-0.004411962598722907
2011-09-13,0.0031443547945643035
2011-09-14,0.0023130643616309627
2011-09-15,0.0021230852085063153
2011-09-16,0.002285779195740591
2011-09-19,-0.008262872258052192
2011-09-20,0.0006011872408625025
2011-09-21,-0.015572376669608468
2011-09-22,-0.02462725030215221
2011-09-23,-0.01244444843668181
2011-09-26,0.0038456308041557607
2011-09-27,0.01257023071734607
2011-09-28,-0.019831585984648886
2011-09-29,0.010795298605135083
2011-09-30,-0.02041961141499316
2011-10-03,-0.006011308244555204
2011-10-04,0.004632477834971116
2011-10-05,0.009520324521936853
2011-10-06,0.009569453517637693
2011-10-07,-0.008559397381737294
2011-10-10,0.01686349096472607
2011-10-11,0.0033381549320660574
2011-10-12,0.00262310561885913
2011-10-13,0.0025400409500004805
2011-10-14,0.010373568032221121
2011-10-17,-0.007836039219711375
2011-10-18,0.008506224040908951
2011-10-19,-0.011255784879659742
2011-10-20,-0.0012817550314789864
2011-10-21,0.009457763393090148
2011-10-24,0.012878533510487745
2011-10-25,0.0022825027951021365
2011-10-26,-0.0009699927180667352
2011-10-27,0.016914685057076512
2011-10-28,0.002791155358607288
2011-10-31,-0.00839044492360925
2011-11-01,-0.012541269398818684
2011-11-02,0.011598081746937912
2011-11-03,0.014476918171069452
2011-11-04,-0.003082644581239404
2011-11-07,0.009336393038344328
2011-11-08,0.0031892498625739024
2011-11-09,-0.029638353921712105
2011-11-10,-0.001072800077948517
2011-11-11,0.015724858505956712
2011-11-14,-0.007886766122744129
2011-11-15,0.003105276120612231
2011-11-16,-0.013525133121315747
2011-11-17,-0.021086211950371053
2011-11-18,-2.27732869443651e-05
2011-11-21,-0.018347620273522013
2011-11-22,0.0016562166894347977
2011-11-23,-0.020058851950075812
2011-11-25,-0.010983015722982823
2011-11-28,0.025819388182037512
2011-11-29,0.002006807883731075
2011-11-30,0.030076901546231105
2011-12-01,0.00022368639129453406
2011-12-02,0.006849181214386713
2011-12-05,0.0031875138868037983
2011-12-06,0.0015958965385760074
2011-12-07,0.0025550324635546695
2011-12-08,-0.016547486850352087
2011-12-09,0.007218143516796678
2011-12-12,-0.01199026287031196
2011-12-13,-0.0069887452441859945
2011-12-14,-0.012637604236713215
2011-12-15,0.0015246379465707481
2011-12-16,0.011770043139638784
2011-12-19,-0.004538226600846565
2011-12-20,0.01861565949192398
2011-12-21,-0.003004525750164627
2011-12-22,0.005444289613112334
2011-12-23,0.0017758905412545995
2011-12-27,0.0019297291376877217
2011-12-28,-0.011009692248082613
2011-12-29,0.0073702604025253846
2011-12-30,0.0011431870804350308
2012-01-03,0.010508612187094075
2012-01-04,-0.0033821103351593376
2012-01-05,0.0011948084202268049
2012-01-06,-0.0005122351524212679
2012-01-09,-0.0003515015938645223
2012-01-10,0.008222904821000314
2012-01-11,0.00501074816848034
2012-01-12,0.0011558231032079182
2012-01-13,-0.0007137888423397315
2012-01-17,0.0066498413014563955
2012-01-18,0.00795579991652874
2012-01-19,0.001342606278492602
2012-01-20,-7.833297840355237e-05
2012-01-23,0.000573736099202994
2012-01-24,0.00045774544879807457
2012-01-25,0.01502254902701298
2012-01-26,0.005314023088688386
2012-01-27,0.004024899547387429
2012-01-30,-0.0013233625050254583
2012-01-31,0.006230352666254488
2012-02-01,0.00937180587603309
2012-02-02,0.00555996023622065
2012-02-03,0.003081875734701977
2012-02-06,0.00028834236797915146
2012-02-07,0.0013218854031592285
2012-02-08,0.0012113720511715033
2012-02-09,-0.002834717111437718
2012-02-10,-0.007195548082206045
2012-02-13,0.009420465070432699
2012-02-14,-0.0014272869219761931
2012-02-15,-0.004593882649643161
2012-02-16,0.0085664881686669
2012-02-17,-0.0017138021825710888
2012-02-21,0.0015730096063825325
2012-02-22,0.0018605409664768948
2012-02-23,0.010005272116066844
2012-02-24,0.0026437526624123182
2012-02-27,0.002234299755369625
2012-02-28,0.006082270657701868
2012-02-29,-0.01756816862469557
2012-03-01,0.005075385417765034
2012-03-02,-0.0024403591371728686
2012-03-05,-0.005166017599352117
2012-03-06,-0.01505990505519768
2012-03-07,0.006987974976014018
2012-03-08,0.008118028354868627
2012-03-09,0.004865313823156013
2012-03-12,0.0001264855621945011
2012-03-13,0.01041472857688784
2012-03-14,-0.013427278729184039
2012-03-15,0.0037294023072497917
2012-03-16,0.0018686755373016448
2012-03-19,0.002578716711906258
2012-03-20,-0.004102826412429811
2012-03-21,0.0017807560385162899
2012-03-22,-0.005888281994419424
2012-03-23,0.007439563977410783
2012-03-26,0.014526596109142606
2012-03-27,0.0006109544780590829
2012-03-28,-0.005914648996985786
2012-03-29,0.0004724458777159401
2012-03-30,-0.0010041026627484926
2012-04-02,0.009387624576260878
2012-04-03,-0.013483794020907235
2012-04-04,-0.01082579018525468
2012-04-05,0.002017679943002105
2012-04-09,-0.0005282002249876218
2012-04-10,-0.010131056850956263
2012-04-11,0.006760834593463269
2012-04-12,0.012638902765481528
2012-04-13,-0.007598599509597102
2012-04-16,0.00010762156207048494
2012-04-17,0.011843348344053015
2012-04-18,-0.0030588790480814425
2012-04-19,-0.005021434630521931
2012-04-20,0.00348072829637521
2012-04-23,-0.007234515538040948
2012-04-24,0.0030565545194265174
2012-04-25,0.012807010089175539
2012-04-26,0.008239164914968962
2012-04-27,0.003035122982782687
2012-04-30,-0.0016818142024269901
2012-05-01,0.0026966834746465877
2012-05-02,0.0008598461139374895
2012-05-03,-0.006615267927057481
2012-05-04,-0.009611808351372878
2012-05-07,0.0016940069673580603
2012-05-08,-0.004372271450820573
2012-05-09,-0.006759161255717059
2012-05-10,-4.34037127805242e-06
2012-05-11,-0.0001459127830620283
2012-05-14,-0.010102472333102826
2012-05-15,-0.007015480742855729
2012-05-16,-0.006745497345562948
2012-05-17,-0.010831304136991092
2012-05-18,-0.005782444143940775
2012-05-21,0.01730621480488789
2012-05-22,-0.004791761164442127
2012-05-23,0.000915912990603535
2012-05-24,-0.0010258523910601739
2012-05-25,0.0006119009573167874
2012-05-29,0.00785457894298922
2012-05-30,-0.005316548009709284
2012-05-31,0.0027951637990270995
2012-06-01,-0.00689302951980968
2012-06-04,-0.0017028993489369476
2012-06-05,0.004355912081232793
2012-06-06,0.011778434730973474
2012-06-07,-0.0026938455430353613
2012-06-08,0.008022378643471972
2012-06-11,-0.009070408605912838
2012-06-12,0.006223453401885053
2012-06-13,-0.00016336724322819646
2012-06-14,0.006455773964028056
2012-06-15,0.009806078052956092
2012-06-18,0.004815898192616552
2012-06-19,0.003300776219725798
2012-06-20,-0.0007459509716256973
2012-06-21,-0.018010768100542165
2012-06-22,0.0022830516407499946
2012-06-25,-0.0038857449411481225
2012-06-26,0.0005128101548473652
2012-06-27,0.006108675100022764
2012-06-28,-0.0019843283755558217
2012-06-29,0.01991388419319842
2012-07-02,0.007382599556943693
2012-07-03,0.007060327505255717
2012-07-05,-0.0022391806192487516
2012-07-06,-0.004688979176194516
2012-07-09,0.0016004325014403148
2012-07-10,-0.008137650269037457
2012-07-11,0.0013365723664759785
2012-07-12,-0.000402558640971602
2012-07-13,0.013245074436011087
2012-07-16,0.0005769154666057437
2012-07-17,0.0037411765819654642
2012-07-18,0.0053535959837409
2012-07-19,0.0015334000574122025
2012-07-20,-0.00373060320029764
2012-07-23,-0.008489527892908511
2012-07-24,-0.004531041058567848
2012-07-25,0.0019441926628543655
2012-07-26,0.01135331342506818
2012-07-27,0.009615206921622309
2012-07-30,0.003402890494877392
2012-07-31,-0.00242431765987141
2012-08-01,-0.00387362200494775
2012-08-02,-0.0031718963185758085
2012-08-03,0.016581800249431334
2012-08-06,0.0034402594922552853
2012-08-07,-0.0005575204015216351
2012-08-08,-0.003465838710219327
2012-08-09,-0.0009939737075448534
2012-08-10,0.0021190479466669846
2012-08-13,-0.0010401543720013342
2012-08-14,-0.004058769107399567
2012-08-15,-0.0026471799221442814
2012-08-16,0.0060025408596068005
2012-08-17,0.0033179958389255903
2012-08-20,0.00031059818663497254
2012-08-21,0.0005009582666972237
2012-08-22,0.006230975434726505
2012-08-23,-0.0047376258639706265
2012-08-24,0.005085752013679636
2012-08-27,0.0023155267254872307
2012-08-28,0.002092231559352961
2012-08-29,-0.00018297213924435766
2012-08-30,-0.0068699993483535135
2012-08-31,0.010955764019023526
2012-09-04,-0.000614657964228213
2012-09-05,-0.0005933585184654403
2012-09-06,0.016910167455006408
2012-09-07,0.007175861511872589
2012-09-10,-0.007562172354103548
2012-09-11,0.004367327213111195
2012-09-12,0.0014804283119017676
2012-09-13,0.01812987742613306
2012-09-14,0.0018891715344245756
2012-09-17,-0.002513779327418557
2012-09-18,-0.00149392944978312
2012-09-19,0.0017122214785927794
2012-09-20,-0.004899794611571358
2012-09-21,0.000838804822656932
2012-09-24,-0.0019157052106130838
2012-09-25,-0.010967527188661359
2012-09-26,-0.0029587085264225566
2012-09-27,0.010904585126029109
2012-09-28,-0.008344934119516388
2012-10-01,0.003197727957139444
2012-10-02,0.002711888109658179
2012-10-03,4.821002762326961e-05
2012-10-04,0.009047553268065013
2012-10-05,-0.004559608089988043
2012-10-08,-0.005150728813729313
2012-10-09,-0.010442982429828766
2012-10-10,-0.0019917462587563275
2012-10-11,0.0058805826145248985
2012-10-12,-0.004073190315202315
2012-10-15,0.005001499634257568
2012-10-16,0.009178388185674223
2012-10-17,0.0034089644351165418
2012-10-18,-0.005570516043134626
2012-10-19,-0.01678278407789173
2012-10-22,0.0011913412864751915
2012-10-23,-0.01423509453268107
2012-10-24,-0.003276654791737727
2012-10-25,0.0031209365628847184
2012-10-26,0.0007497951163690398
2012-10-31,0.004716380250057815
2012-11-01,0.010088429525523914
2012-11-02,-0.010150920390670545
2012-11-05,0.0026655862442953038
2012-11-06,0.004919936854149237
2012-11-07,-0.014620453962228275
2012-11-08,-0.00910369823131045
2012-11-09,-0.00041327517748911136
2012-11-12,0.00023930767675665876
2012-11-13,-0.004036667051500034
2012-11-14,-0.015323057784139699
2012-11-15,-0.002038996515982633
2012-11-16,0.0039032695695309927
2012-11-19,0.02104048365112772
2012-11-20,-0.0011930158259637336
2012-11-21,0.0011037341497289327
2012-11-23,0.014765427950753071
2012-11-26,0.0018944103611955448
2012-11-27,-0.0029715482532666343
2012-11-28,0.007438332210562684
2012-11-29,0.008632358315737554
2012-11-30,0.0002852731709497708
2012-12-03,0.00025388767332533
2012-12-04,-0.0006446642011656091
2012-12-05,0.0010817491062792741
2012-12-06,0.004005186523312068
2012-12-07,8.5077584823497e-06
2012-12-10,0.0014972222344088642
2012-12-11,0.0034220470933564234
2012-12-12,-0.0006112592300899474
2012-12-13,-0.009699225243732993
2012-12-14,0.0017100651601832865
2012-12-17,0.006213398792149841
2012-12-18,0.007771144303446134
2012-12-19,-0.0006051890475300694
2012-12-20,0.004625918361199241
2012-12-21,-0.005293748568713496
2012-12-24,-0.0028104806682207038
2012-12-26,-0.0014027039512890423
2012-12-27,0.002825479647290937
2012-12-28,-0.00700544813317837
2012-12-31,0.012257803399807685
2013-01-02,0.023105559154038936
2013-01-03,-0.013295328902684174
2013-01-04,0.0013925638837484506
2013-01-07,-0.0022171951364984596
2013-01-08,-0.002662217439972513
2013-01-09,0.004611799673842535
2013-01-10,0.00874006759701339
2013-01-11,-0.001069669053264421
2013-01-14,0.003133822141014835
2013-01-15,0.0015348425410002255
2013-01-16,-0.0015815961700618964
2013-01-17,0.004638511986409017
2013-01-18,0.004001250786791485
2013-01-22,0.003221177101402842
2013-01-23,-0.0009586134969451435
2013-01-24,-0.002128816869810936
2013-01-25,0.0005971590492995652
2013-01-28,-0.005686954151574997
2013-01-29,0.005565253757584196
2013-01-30,-0.0009662633608498414
2013-01-31,-0.001793140566015468
2013-02-01,0.005526516983862843
2013-02-04,-0.00978208817692302
2013-02-05,0.0049419994101798205
2013-02-06,0.0030753788316324007
2013-02-07,-0.0041819775177643495
2013-02-08,0.008674908236507487
2013-02-11,-0.0004491069984662895
2013-02-12,0.0018620914605565859
2013-02-13,-9.910432991413614e-05
2013-02-14,-0.0005793487322325201
2013-02-15,-0.0034678118474548566
2013-02-19,0.008144050895329494
2013-02-20,-0.01258984028679357
2013-02-21,-0.010024384934600918
2013-02-22,0.011161526265362706
2013-02-25,-0.015264368846459764
2013-02-26,0.008123302721374702
2013-02-27,0.010153748724835801
2013-02-28,-0.0012902369665487594
2013-03-01,0.005980944444301429
2013-03-04,0.003294301420965153
2013-03-05,0.010698990835211883
2013-03-06,0.0006026117118907767
2013-03-07,-0.0017691260198523468
2013-03-08,0.0014694014026005505
2013-03-11,0.0018694686448443721
2013-03-12,-0.003970725117214618
2013-03-13,-0.00022523722676089087
2013-03-14,0.008729359940546355
2013-03-15,0.0011755054635372891
2013-03-18,-0.0059701437386178785
2013-03-19,-0.0021463495450653723
2013-03-20,0.005527296212057424
2013-03-21,-0.007353660375514171
2013-03-22,0.008321341609837784
2013-03-25,-0.004688678174991514
2013-03-26,0.009867393537966044
2013-03-27,0.0035218813319340945
2013-03-28,0.0019295074559630163
2013-04-01,-0.011125284171205469
2013-04-02,0.0067014317144723085
2013-04-03,-0.00636613667083584
2013-04-04,0.01729922066486715
2013-04-05,0.005262072969115225
2013-04-08,0.005957165459470962
2013-04-09,0.0011503008115696656
2013-04-10,0.012369074996042395
2013-04-11,0.006205464525684393
2013-04-12,0.00445036933813199
2013-04-15,-0.02479535166718183
2013-04-16,0.015334397267908292
2013-04-17,-0.015604212399266723
2013-04-18,-0.0070126016545100645
2013-04-19,0.013199080398486912
2013-04-22,0.004418917377143644
2013-04-23,0.011296479518083505
2013-04-24,0.004340052548779699
2013-04-25,0.00408510912471545
2013-04-26,-0.0005920940907258032
2013-04-29,0.009530674037950979
2013-04-30,0.006358576552874626
2013-05-01,-0.007665337677879865
2013-05-02,0.00931269235478143
2013-05-03,0.005241197053043865
2013-05-06,0.0007405164744136905
2013-05-07,0.0020762229478248277
2013-05-08,0.00727041002887911
2013-05-09,-0.007875918115132594
2013-05-10,-0.0034996955029116643
2013-05-13,-0.0033070445006291717
2013-05-14,0.0034081170070074454
2013-05-15,0.005214818440240595
2013-05-16,-0.00182206422243437
2013-05-17,0.006397095414552299
2013-05-20,0.0022318303845054823
2013-05-21,0.0027337857496434006
2013-05-22,-0.01990640233510942
2013-05-23,-0.011182750320864623
2013-05-24,-0.0063220047880591665
2013-05-28,-0.005420083400306173
2013-05-29,-0.01141172131947615
2013-05-30,0.0001788815498309691
2013-05-31,-0.02058644477677846
2013-06-03,0.006985766196363617
2013-06-04,-0.004689944724446494
2013-06-05,-0.024423803981754623
2013-06-06,0.013762370582553318
2013-06-07,0.013809698331954107
2013-06-10,-0.005571607626381625
2013-06-11,-0.020901391563929304
2013-06-12,-0.008403714253586382
2013-06-13,0.03122255792841787
2013-06-14,-0.008712444458247653
2013-06-17,0.010811900419574494
2013-06-18,0.008953860916259156
2013-06-19,-0.031815289130394886
2013-06-20,-0.053242512418460355
2013-06-21,0.003586031215539947
2013-06-24,-0.024564468201367404
2013-06-25,0.022790633482629125
2013-06-26,0.01526286980747322
2013-06-27,0.02281316176207649
2013-06-28,-0.0022320093457467768
2013-07-01,0.01071714845444769
2013-07-02,0.0008798467440394811
2013-07-03,0.00018589889648226656
2013-07-05,0.0024506925052838477
2013-07-08,0.008433343448813
2013-07-09,0.010829056299897282
2013-07-10,-0.00039309175376039073
2013-07-11,0.03158176316204409
2013-07-12,-0.002360974325810953
2013-07-15,0.008556897161128636
2013-07-16,-0.002900555051345002
2013-07-17,0.006580737185459717
2013-07-18,0.005752431320753137
2013-07-19,-0.0003736654918551257
2013-07-22,0.004236866990697596
2013-07-23,-0.0008469650857390137
2013-07-24,-0.011053148116289796
2013-07-25,0.003296061986761202
2013-07-26,-0.003108681773758062
2013-07-29,-0.008632051591749132
2013-07-30,0.0002354299076795109
2013-07-31,-0.0008127777170595829
2013-08-01,0.01689943924001363
2013-08-02,0.005724663307985186
2013-08-05,-0.0014869261786486165
2013-08-06,-0.007685791508746368
2013-08-07,-0.009522349339820466
2013-08-08,0.008317524506107656
2013-08-09,-0.0003358769271842493
2013-08-12,-0.0009271887843877542
2013-08-13,0.002911513351281491
2013-08-14,-0.004769427882472756
2013-08-15,-0.021405986002397476
2013-08-16,-0.007301250267733606
2013-08-19,-0.013135122707833803
2013-08-20,0.008855429960106253
2013-08-21,-0.014559636975909226
2013-08-22,0.013804937535336263
2013-08-23,0.01173987962250625
2013-08-26,-0.006856899584046624
2013-08-27,-0.024981214921161992
2013-08-28,0.002443815053281732
2013-08-29,0.004723877697706272
2013-08-30,-0.009809296058655647
2013-09-03,0.010073525636381302
2013-09-04,0.012598483221281636
2013-09-05,-0.002026407909625427
2013-09-06,0.005516077650113954
2013-09-09,0.02138972928413928
2013-09-10,0.010528765190106438
2013-09-11,0.0027999544320434664
2013-09-12,-0.006303788396276838
2013-09-13,0.0047814720754655315
2013-09-16,0.00914473371448587
2013-09-17,0.005454881666439482
2013-09-18,0.027943417629574464
2013-09-19,-0.002454808600928071
2013-09-20,-0.010984862185152605
2013-09-23,-0.0028480600559038565
2013-09-24,-0.002156610145031934
2013-09-25,-0.002228279633018981
2013-09-26,0.008271242737592237
2013-09-27,-0.0048910548556385155
2013-09-30,-0.007342819949465345
2013-10-01,0.013343601685037744
2013-10-02,-0.0012667525299239482
2013-10-03,-0.013839566187749446
2013-10-04,0.008227624712847681
2013-10-07,-0.013737751015974175
2013-10-08,-0.016101002458105158
2013-10-09,0.005722079044596305
2013-10-10,0.03145183687853834
2013-10-11,0.010245202421219641
2013-10-14,0.0057866621155439075
2013-10-15,-0.010304983173279467
2013-10-16,0.018302498085885827
2013-10-17,0.01439252799829623
2013-10-18,0.009750512888925391
2013-10-21,-0.0015585469262121715
2013-10-22,0.00933064854570042
2013-10-23,-0.01138774131399828
2013-10-24,0.005435350772415676
2013-10-25,0.003039400799009242
2013-10-28,-0.0002535364194207035
2013-10-29,0.004395771718399729
2013-10-30,-0.008828661832738848
2013-10-31,-0.006631511766047725
2013-11-01,-0.0018839914071744044
2013-11-04,0.00646573416834001
2013-11-05,-0.011225241531217806
2013-11-06,0.005131007695435014
2013-11-07,-0.02288717185652001
2013-11-08,0.010670368712246924
2013-11-11,-0.00088078502440192
2013-11-12,-0.0009934435122314345
2013-11-13,0.01058174012452121
2013-11-14,0.00966939569788074
2013-11-15,0.011786566090446059
2013-11-18,-0.005051594919520445
2013-11-19,-0.007153555928669563
2013-11-20,-0.008179795201029082
2013-11-21,0.010809094564317563
2013-11-22,0.0047445878526164555
2013-11-25,-0.004764127099183329
2013-11-26,0.0012483237655593617
2013-11-27,0.007034084355525266
2013-11-29,0.001239401814161817
2013-12-02,-0.010620407277745707
2013-12-03,-0.005824614613627977
2013-12-04,-0.0027910671713800403
2013-12-05,-0.005083164657246464
2013-12-06,0.01650611629673053
2013-12-09,0.0028554587086711486
2013-12-10,-0.0035660314691455864
2013-12-11,-0.02200305781695785
2013-12-12,-0.004617564803821466
2013-12-13,0.0002112609139007848
2013-12-16,0.007312281050921559
2013-12-17,-0.004176382066023781
2013-12-18,0.024315355527314144
2013-12-19,-0.008606858392048949
2013-12-20,0.009283507897998372
2013-12-23,0.011709384454454956
2013-12-24,0.0005796311714949653
2013-12-26,0.005251505119549383
2013-12-27,0.0037704436171235693
2013-12-30,0.003986942101139835
2013-12-31,0.006088766819784303
2014-01-02,-0.014583923297126952
2014-01-03,0.0023726884783743297
2014-01-06,-0.0033921382354531737
2014-01-07,0.007948541414129174
2014-01-08,-0.0006280789205447003
2014-01-09,-0.00038926338209313555
2014-01-10,0.008766642079445785
2014-01-13,-0.014574874795813807
2014-01-14,0.012500632529478516
2014-01-15,0.007956776992380048
2014-01-16,-0.0010619298266923815
2014-01-17,-0.0037891085203796415
2014-01-21,0.0064842506152955615
2014-01-22,0.002940710293590737
2014-01-23,-0.011183905520226306
2014-01-24,-0.028712428319388115
2014-01-27,-0.010399257889080171
2014-01-28,0.010332729590419169
2014-01-29,-0.01271020847853733
2014-01-30,0.014715341351583509
2014-01-31,-0.01145785027346214
2014-02-03,-0.02643150527878939
2014-02-04,0.008803838309714528
2014-02-05,-0.0026406108554837045
2014-02-06,0.015033631567417209
2014-02-07,0.016796868001339026
2014-02-10,0.002379262944033245
2014-02-11,0.01297531926812434
2014-02-12,0.0006274513597067877
2014-02-13,0.0064570888102136025
2014-02-14,0.0037390314457115994
2014-02-18,0.00905802805235063
2014-02-19,-0.009032029555438546
2014-02-20,0.004636544981735252
2014-02-21,0.0019941009830162894
2014-02-24,0.008172743916042845
2014-02-25,2.797301895195452e-05
2014-02-26,0.0010514928268965163
2014-02-27,0.004715553237388498
2014-02-28,0.0026870537655163894
2014-03-03,-0.00869011644679259
2014-03-04,0.021217694437691618
2014-03-05,0.0001300174424825164
2014-03-06,0.004236553923516841
2014-03-07,-0.0050875039379496825
2014-03-10,-0.0037842641914717715
2014-03-11,-0.005855382840450056
2014-03-12,-0.00012467234226199114
2014-03-13,-0.01497456259559243
2014-03-14,-0.0036383143715199135
2014-03-17,0.010001808295876003
2014-03-18,0.011424109964516666
2014-03-19,-0.015007031704285424
2014-03-20,-0.0033309474154501837
2014-03-21,-0.0036970561157373388
2014-03-24,-0.0026212548646532352
2014-03-25,0.007622088465403996
2014-03-26,-0.007977258064197471
2014-03-27,0.004640000729269222
2014-03-28,0.006786664823469273
2014-03-31,0.009583185347870027
2014-04-01,0.008799510712184874
2014-04-02,0.0021376426281480383
2014-04-03,-0.0046432420377975825
2014-04-04,-0.009711552982999413
2014-04-07,-0.007675105818780205
2014-04-08,0.004593447447469842
2014-04-09,0.015933835857498062
2014-04-10,-0.0264744464283
2014-04-11,-0.01192239852164676
2014-04-14,0.010758634357867764
2014-04-15,0.0041361640970148305
2014-04-16,0.01398689560039014
2014-04-17,0.002759014116640449
2014-04-21,0.001925433192455521
2014-04-22,0.007963419011874128
2014-04-23,-0.00267515149701355
2014-04-24,0.0022942289543184044
2014-04-25,-0.011400019661898502
2014-04-28,0.0027705623170601826
2014-04-29,0.007809323862412003
2014-04-30,0.004314126343161411
2014-05-01,0.00029638257270794626
2014-05-02,-0.0005180051923613111
2014-05-05,0.0015433332451938102
2014-05-06,-0.007583479940932884
2014-05-07,0.004327563280940678
2014-05-08,-0.003101732553813504
2014-05-09,-0.0009943106829781922
2014-05-12,0.011410200337829187
2014-05-13,-0.00017664861880460717
2014-05-14,-0.003258278307645395
2014-05-15,-0.0071597848816420135
2014-05-16,0.004082412936576163
2014-05-19,0.003224612593830155
2014-05-20,-0.007468227230148257
2014-05-21,0.005721157805199967
2014-05-22,0.002809446313227087
2014-05-23,0.006166452199117537
2014-05-27,0.00640032365083445
2014-05-28,-0.0021245596307111403
2014-05-29,0.005948334167651367
2014-05-30,-0.0019380447224681065
2014-06-02,-0.0016245357931288919
2014-06-03,-0.004507766308981794
2014-06-04,0.0005957375593738727
2014-06-05,0.011076418727794645
2014-06-06,0.008063352389618132
2014-06-09,-0.0017867367280435715
2014-06-10,-0.0034550177650637024
2014-06-11,-0.002721796592464622
2014-06-12,-0.002338817284332332
2014-06-13,0.002660157979682361
2014-06-16,-0.0012184533271516695
2014-06-17,-0.0016244445972838583
2014-06-18,0.013149300665608942
2014-06-19,0.0023597659400457337
2014-06-20,0.00322828213397058
2014-06-23,-0.0025469456390560525
2014-06-24,-0.0013171932666513429
2014-06-25,0.00593911148621068
2014-06-26,0.001692960230125442
2014-06-27,0.002481782361586961
2014-06-30,-0.0007532380388762033
2014-07-01,0.004979612833261843
2014-07-02,-0.0016196665995662537
2014-07-03,0.0003992019940387065
2014-07-07,-0.0052826062580237625
2014-07-08,-0.0036509253026204037
2014-07-09,0.00439017599810412
2014-07-10,-0.005495344677942123
2014-07-11,0.0013137554642985922
2014-07-14,0.0017214559216922258
2014-07-15,-0.005910497781100073
2014-07-16,0.004254321550748978
2014-07-17,-0.005147347053552066
2014-07-18,0.00801729047039709
2014-07-21,-4.003258439213311e-05
2014-07-22,0.004142850604992936
2014-07-23,0.004047935387020803
2014-07-24,-0.004960844260922784
2014-07-25,0.00037760288302188293
2014-07-28,0.0002759957869574448
2014-07-29,-0.003576646547750764
2014-07-30,-0.0044064095675064455
2014-07-31,-0.020272607032138325
2014-08-01,-0.001608001832161439
2014-08-04,0.006951601236862842
2014-08-05,-0.012257620505434158
2014-08-06,0.0002458738555872912
2014-08-07,-0.004052680036854507
2014-08-08,0.007217832190862137
2014-08-11,0.0087819856862527
2014-08-12,-0.004422425390714401
2014-08-13,0.009696742514201521
2014-08-14,0.006141597909562805
2014-08-15,0.0030304475443436673
2014-08-18,0.006093727818140529
2014-08-19,0.0011789326660532663
2014-08-20,-0.003053623422214619
2014-08-21,0.0035732844274293895
2014-08-22,-0.00217765008069953
2014-08-25,0.004350455776072913
2014-08-26,0.002869872013330713
2014-08-27,0.0029884797434862865
2014-08-28,-0.0010633904415986112
2014-08-29,0.0015423550069772274
2014-09-02,-0.002287827573499943
2014-09-03,0.0023467953521994055
2014-09-04,-0.007560051661211251
2014-09-05,0.004454221685684633
2014-09-08,-0.007159333013187024
2014-09-09,-0.010393508418760992
2014-09-10,-0.000878846310340993
2014-09-11,-0.0025994158539824367
2014-09-12,-0.012746941205800942
2014-09-15,-0.004861565975330851
2014-09-16,0.0068050120556287265
2014-09-17,-0.00451671843717644
2014-09-18,0.003523862438366958
2014-09-19,-0.0010020016769893372
2014-09-22,-0.0078947435007819
2014-09-23,-0.00535346300113203
2014-09-24,0.007224899732493214
2014-09-25,-0.015014472870887629
2014-09-26,0.007379477610518621
2014-09-29,-0.003865581161239093
2014-09-30,-0.004821729730904825
2014-10-01,-0.008005227779937861
2014-10-02,-0.0035361712529981184
2014-10-03,0.00911624950546204
2014-10-06,0.004546088144198325
2014-10-07,-0.011280587339076715
2014-10-08,0.020714230499086307
2014-10-09,-0.02264377467726889
2014-10-10,-0.013677312266921194
2014-10-13,-0.00669380673297193
2014-10-14,0.008403113382326377
2014-10-15,-0.004895645318109014
2014-10-16,-0.0013270689498713836
2014-10-17,0.009413250156484407
2014-10-20,0.012951617769542118
2014-10-21,0.01481351983134047
2014-10-22,-0.00824726352249092
2014-10-23,0.00951767492811569
2014-10-24,0.005165730967030743
2014-10-27,-0.0004571157461969484
2014-10-28,0.01386282545351221
2014-10-29,-0.002948574229570112
2014-10-30,0.0074960166090406715
2014-10-31,0.018677745717308084
2014-11-03,-0.0005815889807724978
2014-11-04,-0.006119996190289402
2014-11-05,-0.001540598512365722
2014-11-06,-0.005311806722830145
2014-11-07,0.004626863831688919
2014-11-10,0.0020791578222703953
2014-11-11,0.003380015545809306
2014-11-12,-0.0026606204218319793
2014-11-13,0.0021522177242294343
2014-11-14,0.0016850207383920027
2014-11-17,-0.005657180922715048
2014-11-18,0.0067033677454731554
2014-11-19,-0.006344586568733859
2014-11-20,0.0017811898983477873
2014-11-21,0.012080221928356628
2014-11-24,0.0031814090569198855
2014-11-25,0.003168475447258419
2014-11-26,0.006232670490083918
2014-11-28,-0.005612352676640918
2014-12-01,-0.010403646467149653
2014-12-02,0.0015778837501975631
2014-12-03,0.002986794095179184
2014-12-04,3.106931113943274e-05
2014-12-05,-0.002571518362793973
2014-12-08,-0.007925344594173184
2014-12-09,0.0027895608017809463
2014-12-10,-0.015609804373194704
2014-12-11,0.0009916343521676608
2014-12-12,-0.01435924814183745
2014-12-15,-0.013621795332540482
2014-12-16,-0.003468778660118018
2014-12-17,0.023551926434946326
2014-12-18,0.019628302157227256
2014-12-19,0.008275864965788266
2014-12-22,0.007659671964314336
2014-12-23,-0.00643375524966141
2014-12-24,0.0017011566917037042
2014-12-26,0.0053785205376233975
2014-12-29,0.0010365365974236015
2014-12-30,-0.004639397274003131
2014-12-31,-0.010369229924723007
2015-01-02,0.002245569342425913
2015-01-05,-0.0076475919353385675
2015-01-06,-0.002911256700971372
2015-01-07,0.01422890909252259
2015-01-08,0.011914527533508645
2015-01-09,-0.0020968679832509677
2015-01-12,-0.004072219969987306
2015-01-13,-0.000740148432907353
2015-01-14,0.0012192906826374395
2015-01-15,-0.0030867353537229214
2015-01-16,0.008157194951506588
2015-01-20,0.0004829331427752032
2015-01-21,0.00036010454040457415
2015-01-22,0.01222713650830824
2015-01-23,0.002154716952007589
2015-01-26,0.002893447665623273
2015-01-27,-0.007994164626803926
2015-01-28,-0.0061009779223375644
2015-01-29,0.006052740921820765
2015-01-30,-0.008788694564356015
2015-02-02,0.010186039238510594
2015-02-03,0.006662409642584173
2015-02-04,-0.0034942157916074326
2015-02-05,0.01021813201573648
2015-02-06,-0.018452219362673623
2015-02-09,-0.006788635445966347
2015-02-10,0.005163305710149425
2015-02-11,-0.002110419387174693
2015-02-12,0.012491246565144559
2015-02-13,0.004385486559767355
2015-02-17,-0.005967118606221011
2015-02-18,0.007056389988138952
2015-02-19,-0.004694059108197468
2015-02-20,0.007419802821576756
2015-02-23,0.0018983994670069778
2015-02-24,0.0058592787194835134
2015-02-25,0.001817448699384645
2015-02-26,-0.0032381435094548227
2015-02-27,0.000658787931750623
2015-03-02,0.00033149223479777645
2015-03-03,-0.006058880824576368
2015-03-04,-0.0068557611075890776
2015-03-05,0.002047889243823861
2015-03-06,-0.02501772527830691
2015-03-09,0.002655335082540122
2015-03-10,-0.014891612124315364
2015-03-11,0.004448022152921079
2015-03-12,0.014551911298779778
2015-03-13,-0.007607151438554078
2015-03-16,0.013040391678231057
2015-03-17,0.0014011149579820086
2015-03-18,0.026785681455907925
2015-03-19,-0.00871828427388528
2015-03-20,0.018574059087913198
2015-03-23,0.0006579990356257316
2015-03-24,0.0001531136748803729
2015-03-25,-0.018300804950708523
2015-03-26,-0.010453272963796317
2015-03-27,0.006932049684814524
2015-03-30,0.011323774388551526
2015-03-31,-0.009018173667879735
2015-04-01,0.005177544779120733
2015-04-02,0.004437106220788409
2015-04-06,0.010091656744516142
2015-04-07,-0.0012990752204746368
2015-04-08,0.007199807800229001
2015-04-09,-0.002075257585048703
2015-04-10,0.0037387776928223967
2015-04-13,-0.005334212941121612
2015-04-14,0.005284625931269348
2015-04-15,0.005635412378127034
2015-04-16,0.0003886294633928166
2015-04-17,-0.010978410005279377
2015-04-20,0.004892794025028951
2015-04-21,0.0013859576446747796
2015-04-22,0.0015381042443228733
2015-04-23,0.005183795458008206
2015-04-24,0.006448409671625156
2015-04-27,-0.0034234332884607484
2015-04-28,-0.0018295258825877588
2015-04-29,-0.013487884604561197
2015-04-30,-0.016211553512373807
2015-05-01,0.007567021775527452
2015-05-04,0.0012715238317654119
2015-05-05,-0.018017034444702023
2015-05-06,-0.008323070088713726
2015-05-07,0.0057959835280476145
2015-05-08,0.021936023224939958
2015-05-11,-0.01643471202227259
2015-05-12,-0.0023622186570230776
2015-05-13,0.0008600681904209879
2015-05-14,0.015668770087874
2015-05-15,0.009848960295908076
2015-05-18,-0.003762277617457367
2015-05-19,-0.004727808829671231
2015-05-20,0.000972302633806328
2015-05-21,0.005647063288059927
2015-05-22,-0.002635442644907978
2015-05-26,-0.011425439527468271
2015-05-27,0.010297071517634353
2015-05-28,-0.004542169459849468
2015-05-29,-0.0082519002011099
2015-06-01,0.0008638588187046506
2015-06-02,-0.006393359226891251
2015-06-03,-0.004850860012278269
2015-06-04,-0.006098668343963355
2015-06-05,-0.00911681880956277
2015-06-08,-0.0068665699810553866
2015-06-09,-0.005496354830439597
2015-06-10,0.012355638561215196
2015-06-11,0.009806676658728105
2015-06-12,-0.0069645880243455185
2015-06-15,-0.004282150935702191
2015-06-16,0.007457358117467883
2015-06-17,0.00010835805996595236
2015-06-18,0.011437247099298456
2015-06-19,-0.0007996705294120613
2015-06-22,0.002204743844512949
2015-06-23,-4.369680688642622e-05
2015-06-24,-0.006716220639017729
2015-06-25,-0.004525869807210364
2015-06-26,-0.003606092704650224
2015-06-29,-0.019761831770436226
2015-06-30,0.0027448519749169705
2015-07-01,0.0050726293975625536
2015-07-02,0.0006621235876604127
2015-07-06,0.0025059377783363088
2015-07-07,0.008518871826281298
2015-07-08,-0.016867506691748895
2015-07-09,-0.0026291256822284616
2015-07-10,0.008874170043164663
2015-07-13,0.010332843751305915
2015-07-14,0.0062350429457217246
2015-07-15,0.0016942232589549468
2015-07-16,0.009394062410841751
2015-07-17,0.0025318892554109344
2015-07-20,-0.0012665013416838014
2015-07-21,-0.0020510136184174414
2015-07-22,-0.0007601265953610935
2015-07-23,-0.003650730709951161
2015-07-24,-0.008827085333501523
2015-07-27,-0.004144499588693967
2015-07-28,0.007219642108940783
2015-07-29,0.0048547373552341126
2015-07-30,0.0021951648494626386
2015-07-31,0.005165755308166825
2015-08-03,-0.00021650034455865315
2015-08-04,-0.005728669551250232
2015-08-05,0.0006126420768157283
2015-08-06,-0.006784660982372497
2015-08-07,0.0014018961861217154
2015-08-10,0.008249271813650922
2015-08-11,-0.00544730214246591
2015-08-12,-0.0010507966894795218
2015-08-13,-0.0016670129960605071
2015-08-14,0.0041206798844915845
2015-08-17,0.008461936484956889
2015-08-18,-0.005974710156242728
2015-08-19,-0.005670170698765815
2015-08-20,-0.02185523488754091
2015-08-21,-0.029076240075284716
2015-08-24,-0.0441282870250064
2015-08-25,-0.013635819418800627
2015-08-26,0.03521908720209221
2015-08-27,0.024765825825629216
2015-08-28,0.0030832535727525583
2015-08-31,-0.013829788036992544
2015-09-01,-0.018931598159144847
2015-09-02,0.011464896101717005
2015-09-03,0.0012583606569575067
2015-09-04,-0.008017928971305996
2015-09-08,0.012948463689430388
2015-09-09,-0.005757123300010302
2015-09-10,0.00193301882432055
2015-09-11,0.004251399128902483
2015-09-14,-0.0019328018713283075
2015-09-15,0.0027213941358659654
2015-09-16,0.004328499088884488
2015-09-17,0.00370560333760746
2015-09-18,-0.0082228505620632
2015-09-21,-0.0015099292903868636
2015-09-22,-0.0061568867136474505
2015-09-23,-0.0010041614059222484
2015-09-24,-0.0012938518770368435
2015-09-25,-0.0022948842518876232
2015-09-28,-0.01350697939731043
2015-09-29,-0.002329611378184063
2015-09-30,0.011761722764266729
2015-10-01,0.002492493251498081
2015-10-02,0.010615010572795734
2015-10-05,0.007229143680208459
2015-10-06,-0.0021354021711237183
2015-10-07,0.006042318425119702
2015-10-08,0.0019167862130473113
2015-10-09,0.002063327099099732
2015-10-12,0.0037170879298975
2015-10-13,-0.0049183671791653005
2015-10-14,-0.00084374623508352
2015-10-15,0.008962779455347108
2015-10-16,0.0021149998570242187
2015-10-19,0.003309667059241089
2015-10-20,-0.00332993977802804
2015-10-21,-0.0019158358771380777
2015-10-22,0.008934147780658352
2015-10-23,0.003436982435779473
2015-10-26,0.000900255970952618
2015-10-27,-0.0006699602495202852
2015-10-28,0.005128594813233073
2015-10-29,-0.006477884305763847
2015-10-30,-0.0015257862556382117
2015-11-02,0.01319366496908038
2015-11-03,-0.0013899631871439068
2015-11-04,-0.005072933467527928
2015-11-05,0.0005703585756784099
2015-11-06,-0.010328485923644626
2015-11-09,-0.015823492874666265
2015-11-10,0.005635288027622744
2015-11-11,-0.001721292557945221
2015-11-12,-0.013144850078228892
2015-11-13,-0.009980819632912601
2015-11-16,0.015182056937484789
2015-11-17,0.000533091300794951
2015-11-18,0.015698769241478762
2015-11-19,0.0022426630560647386
2015-11-20,0.005945652825291158
2015-11-23,-0.0013708630099886466
2015-11-24,0.0016615638235048767
2015-11-25,0.0014466877004643726
2015-11-27,0.0011389534318404716
2015-11-30,-0.004509930127642419
2015-12-01,0.012570784982951532
2015-12-02,-0.00994414860563183
2015-12-03,-0.018874157260680136
2015-12-04,0.0167465341622007
2015-12-07,-0.0034780554959989163
2015-12-08,-0.004120408300297051
2015-12-09,-0.009287087673982095
2015-12-10,0.0021201641382267095
2015-12-11,-0.011622210457114868
2015-12-14,0.0005811215507188831
2015-12-15,0.005349087347173348
2015-12-16,0.01492032036488754
2015-12-17,-0.00815554381188529
2015-12-18,-0.012561888293646111
2015-12-21,0.006502264342178027
2015-12-22,0.005148862346402288
2015-12-23,0.007824078029734605
2015-12-24,-0.0009372703259526657
2015-12-28,0.00031043124181713837
2015-12-29,0.007759005309122796
2015-12-30,-0.0063929039991483805
2015-12-31,-0.00884819560800309
2016-01-04,-0.01137113337647376
2016-01-05,0.005270283259700364
2016-01-06,-0.006949014434500089
2016-01-07,-0.017649106915725587
2016-01-08,-0.009224754359057397
2016-01-11,0.0019121794870129549
2016-01-12,0.002635645590229069
2016-01-13,-0.016701331643584595
2016-01-14,0.009294609332634117
2016-01-15,-0.016780220771566545
2016-01-19,0.0030883220753154137
2016-01-20,-0.013027482501592174
2016-01-21,0.0020225025755869876
2016-01-22,0.022764909166467645
2016-01-25,-0.010681524197798064
2016-01-26,0.01074822605220066
2016-01-27,-0.009680340561699575
2016-01-28,0.0036754962419908942
2016-01-29,0.01831578560067283
2016-02-01,-0.00013376580655518737
2016-02-02,-0.0019897283493567506
2016-02-03,-0.0008486355060210503
2016-02-04,0.00037721277445201264
2016-02-05,-0.00505276888410937
2016-02-08,-0.0009958070920199232
2016-02-09,-0.0004915200018045851
2016-02-10,0.0010238035593745475
2016-02-11,0.0006136405663868526
2016-02-12,0.000963311462443167
2016-02-16,0.002846087852752549
2016-02-17,0.00306515442345332
2016-02-18,-0.0008930410814474652
2016-02-19,0.00030298348985765
2016-02-22,0.0023036251218656544
2016-02-23,-0.0021523957728602104
2016-02-24,0.0014676710005912417
2016-02-25,0.0019601810206089196
2016-02-26,-0.0011125588327344116
2016-02-29,-0.0010158220863017708
2016-03-01,-0.005180669437708437
2016-03-02,0.0015002091939283646
2016-03-03,0.003369064617074513
2016-03-04,-0.0018109765141614664
2016-03-07,0.0002913823046265141
2016-03-08,0.0019374273325573734
2016-03-09,-0.0027976369537327126
2016-03-10,0.0012391481873594231
2016-03-11,-0.004665256082040992
2016-03-14,-0.001352704712809072
2016-03-15,0.0002809336115793315
2016-03-16,0.004879562689869654
2016-03-17,0.00019505979925983912
2016-03-18,0.00019888521374941676
2016-03-21,-0.002645337738749809
2016-03-22,1.3594117587445442e-06
2016-03-23,-0.0009180385088428502
2016-03-24,-0.0005239374282365816
2016-03-28,0.0008001756115986414
2016-03-29,0.005649511187845091
2016-03-30,-0.0038627013342011516
2016-03-31,0.0023721411241336312
2016-04-01,0.003918219588437
2016-04-04,-0.002064191037776108
2016-04-05,-0.0006806101105827573
2016-04-06,0.004044857609844703
2016-04-07,-0.0014874722301627462
2016-04-08,0.00031535553553074347
2016-04-11,0.0007102681594426066
2016-04-12,0.0017964879459328397
2016-04-13,0.003813788349231633
2016-04-14,-0.004716977854392142
2016-04-15,0.005460406456864374
2016-04-18,0.002769612785358132
2016-04-19,0.0025677628428521625
2016-04-20,-0.007315092525755146
2016-04-21,-0.005844225692255894
2016-04-22,-0.0049692077483818485
2016-04-25,-0.000897073420977133
2016-04-26,-1.8428964352547328e-05
2016-04-27,0.004176732559243918
2016-04-28,0.002227829731223547
2016-04-29,0.0008210321891868432
2016-05-02,-0.0005557452041941345
2016-05-03,-0.0003878407350964011
2016-05-04,-0.0006914236796645679
2016-05-05,0.002362620055102214
2016-05-06,0.003342753269417429
2016-05-09,-0.005037828693440735
2016-05-10,0.006492892754695064
2016-05-11,-0.0006640348987560375
2016-05-12,-0.004941098313647057
2016-05-13,-0.0002785192318350292
2016-05-16,0.0021682104514309706
2016-05-17,-0.004564951684567599
2016-05-18,-0.017582696776550742
2016-05-19,-0.0053373207344144255
2016-05-20,0.0035874809848021414
2016-05-23,-0.0008604040913933726
2016-05-24,0.00022027118491681474
2016-05-25,0.0031634578016110004
2016-05-26,0.002917840615086205
2016-05-27,-0.0018648205987233757
2016-05-31,-0.0012118832324728873
2016-06-01,0.0018660752656026393
2016-06-02,0.005153160282309894
2016-06-03,0.013012510568292807
2016-06-06,-0.0006606570110815168
2016-06-07,0.0026528398063710656
2016-06-08,0.007651469447601989
2016-06-09,0.0013788875107072272
2016-06-10,-0.004046624092321849
2016-06-13,-0.0027499543572171107
2016-06-14,-0.0025604909659053153
2016-06-15,0.005418470863429636
2016-06-16,0.0018628055443882187
2016-06-17,-0.0036488735258796974
2016-06-20,0.0005976695523504438
2016-06-21,-0.003550555701619346
2016-06-22,0.0016372018644711214
2016-06-23,0.0035176885303427655
2016-06-24,-0.005597312381158537
2016-06-27,-0.0003096803401442805
2016-06-28,0.013762255753334106
2016-06-29,0.010134231760641104
2016-06-30,0.010318921838052409
2016-07-01,0.013385811137548297
2016-07-05,0.0014337505119087395
2016-07-06,0.005398254152866925
2016-07-07,-0.004390802047381482
2016-07-08,0.01983533357881949
2016-07-11,-0.0001355438639008841
2016-07-12,-0.0043931499423203015
2016-07-13,0.005717156834800165
2016-07-14,-0.0027542396169100212
2016-07-15,-0.006516189248981177
2016-07-18,0.0025512294695789624
2016-07-19,-0.0005824166813289286
2016-07-20,-0.0020236639162998084
2016-07-21,0.0035457237300203785
2016-07-22,0.0017489609309100853
2016-07-25,-0.0041306001808875895
2016-07-26,0.0010396686692064313
2016-07-27,0.009979052843454314
2016-07-28,0.0006161047014987989
2016-07-29,0.010374894111639991
2016-08-01,-0.004462569612834349
2016-08-02,-0.008750480329915048
2016-08-03,0.0006656815211015573
2016-08-04,0.005629240127160453
2016-08-05,-8.508783083815275e-05
2016-08-08,0.002227122909222316
2016-08-09,0.006660843944373246
2016-08-10,0.0019124232191494337
2016-08-11,-0.0012419196492233643
2016-08-12,0.0017945099644868928
2016-08-15,0.003451498671935881
2016-08-16,-0.005801025778088328
2016-08-17,0.0017295799479695017
2016-08-18,0.0061043218824223585
2016-08-19,-0.008209607056852336
2016-08-22,-0.0002797669966299334
2016-08-23,0.002870192809445516
2016-08-24,-0.008050724759463146
2016-08-25,-0.0003757027265517469
2016-08-26,-0.007189411489147132
2016-08-29,0.009727951910304245
2016-08-30,-0.005040201323125757
2016-08-31,-0.004244767248328097
2016-09-01,0.0053337709685611434
2016-09-02,0.009545629770260754
2016-09-06,0.015902574752451732
2016-09-07,-0.0003126421910335085
2016-09-08,-0.009238955456116898
2016-09-09,-0.03599622081364061
2016-09-12,0.012494392448865212
2016-09-13,-0.02499946077361164
2016-09-14,0.001943706132668222
2016-09-15,0.010055347306416043
2016-09-16,-0.0058257935719274855
2016-09-19,0.0053158810360449515
2016-09-20,0.0034524237762218646
2016-09-21,0.02420651018724664
2016-09-22,0.013821412372592956
2016-09-23,-0.007834834985270938
2016-09-26,-0.007688068303558633
2016-09-27,0.006182239033117926
2016-09-28,0.0056355640191625075
2016-09-29,-0.012886248783040097
2016-09-30,0.004658618096834497
2016-10-03,-0.005842870809939404
2016-10-04,-0.017433318086429794
2016-10-05,-0.0002871337496250227
2016-10-06,-0.00592058626909852
2016-10-07,-0.002354988788077245
2016-10-10,0.00514772082968098
2016-10-11,-0.01745189273923066
2016-10-12,0.0006464696251619773
2016-10-13,0.00012178039625944511
2016-10-14,-0.004924528118652187
2016-10-17,0.0005445231380150197
2016-10-18,0.010707780563605909
2016-10-19,0.0050614838596810055
2016-10-20,-0.00169024135008632
2016-10-21,0.0004069462355640386
2016-10-24,0.0027623508097501712
2016-10-25,-0.00015092547013587627
2016-10-26,-0.009858268676800517
2016-10-27,-0.010355061517899573
2016-10-28,-0.002070110118320114
2016-10-31,0.004535511276170544
2016-11-01,-0.005871263311806266
2016-11-02,-0.005774646665306296
2016-11-03,-0.0048455031004524035
2016-11-04,0.0006830752690107835
2016-11-07,0.017047671009255146
2016-11-08,0.002150791302088254
2016-11-09,-0.01120896400544922
2016-11-10,-0.015510958906450163
2016-11-11,-0.01064328672307602
2016-11-14,-0.004391687271001061
2016-11-15,0.01268506590149864
2016-11-16,-0.0017514193607993836
2016-11-17,-0.0021443798844318317
2016-11-18,-0.007221748465373523
2016-11-21,0.008773599382469136
2016-11-22,0.008258375206731814
2016-11-23,-0.008634928481520966
2016-11-25,0.002239472706974067
2016-11-28,0.0035998043155563383
2016-11-29,0.002738018045132538
2016-11-30,-0.010554712890001932
2016-12-01,-0.00832999496643126
2016-12-02,0.00657332692098982
2016-12-05,0.007524459824605943
2016-12-06,0.004889240292270028
2016-12-07,0.01670500157915228
2016-12-08,0.0024366409107936284
2016-12-09,-0.0015809293760481117
2016-12-12,-0.0003153465884303536
2016-12-13,0.006194353523551664
2016-12-14,-0.020037497565832875
2016-12-15,-0.005349932905371872
2016-12-16,0.0006602178998663539
2016-12-19,0.00581866482619116
2016-12-20,0.0032299653352782626
2016-12-21,-0.0031478777154741394
2016-12-22,-0.003965434318099884
2016-12-23,0.003441285710191828
2016-12-27,0.004374024933690272
2016-12-28,-0.0032337362860140784
2016-12-29,0.005723635841716612
2016-12-30,-0.002702107149556575
2017-01-03,0.007200562678275102
2017-01-04,0.01439100004922915
2017-01-05,0.0107477689832027
2017-01-06,-0.0036423359021680087
2017-01-09,-0.0012620513214063997
2017-01-10,0.0010988502239713863
2017-01-11,0.0050520349373815
2017-01-12,0.0015468721345238414
2017-01-13,0.001871246580645465
2017-01-17,0.0025971124818872284
2017-01-18,-0.006391052829005986
2017-01-19,-0.007394575300351508
2017-01-20,0.006208733535362214
2017-01-23,0.006923843398261052
2017-01-24,0.0028674154239793385
2017-01-25,0.002714636043156955
2017-01-26,-0.0030974368942915977
2017-01-27,-0.0008034915351517338
2017-01-30,-0.006937970872036362
2017-01-31,0.008280549832581113
2017-02-01,0.002080237007653998
2017-02-02,0.0019746695034725107
2017-02-03,0.007457671046132912
2017-02-06,0.00016384909546189017
2017-02-07,-0.0023771436237996933
2017-02-08,0.005409210372207677
2017-02-09,0.0034565122851373687
2017-02-10,0.00800031850852794
2017-02-13,-0.00010939010823749038
2017-02-14,0.0012019045452276635
2017-02-15,0.00508448938605156
2017-02-16,0.0010585789611396858
2017-02-17,-0.0005893634388151472
2017-02-21,0.0069109148550336435
2017-02-22,7.00229399579349e-05
2017-02-23,0.00302550225359149
2017-02-24,0.000483841732851616
2017-02-27,-0.0018874309305113128
2017-02-28,-0.0033968467933892864
2017-03-01,0.012407462390709643
2017-03-02,-0.018180066416327346
2017-03-03,0.004345200577731614
2017-03-06,-0.005739786572389139
2017-03-07,-0.00893504777875016
2017-03-08,-0.012767791158557286
2017-03-09,-0.00759997618699479
2017-03-10,0.005570328861574808
2017-03-13,0.002662865818135434
2017-03-14,-0.0072985024839284825
2017-03-15,0.02516442304426301
2017-03-16,0.0012569174921793363
2017-03-17,0.0029748387931001798
2017-03-20,0.0014732045734170245
2017-03-21,-0.01195870828518102
2017-03-22,0.003389756761200704
2017-03-23,0.0016672130999104114
2017-03-24,0.0030662969458060173
2017-03-27,0.0014414110654799622
2017-03-28,0.005746875421989082
2017-03-29,0.004869344510676924
2017-03-30,-0.0015475279474889314
2017-03-31,0.00040407006074923797
2017-04-03,0.0005734126328888905
2017-04-04,0.0012369865831572298
2017-04-05,-0.003768501487343194
2017-04-06,0.0017426098346254937
2017-04-07,-0.002291140668043282
2017-04-10,0.0016961730857726128
2017-04-11,0.006649218448082361
2017-04-12,-0.0006749057752641882
2017-04-13,-0.004965366908189743
2017-04-17,0.008431088200207864
2017-04-18,-0.0024311533569214274
2017-04-19,-0.006540271367847443
2017-04-20,0.007611945850157451
2017-04-21,-0.002342951858094359
2017-04-24,0.010080596066975058
2017-04-25,0.003458460413338716
2017-04-26,-0.001487480603512656
2017-04-27,-0.001169543583741736
2017-04-28,-0.0036700021528355423
2017-05-01,0.00460970205875273
2017-05-02,0.0010658687587359924
2017-05-03,-0.005442863498156659
2017-05-04,-0.005731592537457536
2017-05-05,0.010086566724301766
2017-05-08,-0.003978809827264589
2017-05-09,-0.0006792171745723923
2017-05-10,0.006502758345854936
2017-05-11,-0.0017172529203465757
2017-05-12,0.0014224596218791689
2017-05-15,0.0072191292937073106
2017-05-16,0.0011666339254842249
2017-05-17,-0.01544513605705677
2017-05-18,0.0014412434155743746
2017-05-19,0.013827896566875653
2017-05-22,0.005742455338553207
2017-05-23,0.0007644305552046319
2017-05-24,0.003913510452613478
2017-05-25,0.0008275291123918856
2017-05-26,0.001093114579799363
2017-05-30,-0.0030266717819460442
2017-05-31,-0.002215412383785154
2017-06-01,0.01001489870910726
2017-06-02,0.013841996118521353
2017-06-05,-0.0038470363183687934
2017-06-06,0.0008270625481587622
2017-06-07,-0.0004089687527234081
2017-06-08,-0.0008876370073487227
2017-06-09,-0.008056482348676095
2017-06-12,-0.0019447878605989594
2017-06-13,0.006882206777626871
2017-06-14,-0.00028794793554904013
2017-06-15,-0.008466423977321943
2017-06-16,0.000756370429368958
2017-06-19,0.004365458699958887
2017-06-20,-0.009487458492822533
2017-06-21,-0.0004241367580540028
2017-06-22,0.00338544662590592
2017-06-23,0.005561732060261523
2017-06-26,0.00022244166920403616
2017-06-27,-0.00969946476008666
2017-06-28,0.011227407264155708
2017-06-29,-0.01436564330463955
2017-06-30,0.00041049971182012367
2017-07-03,-0.001881907701319422
2017-07-05,0.0012114692121979022
2017-07-06,-0.013347395321407968
2017-07-07,0.005908410645321466
2017-07-10,0.0034864672332876817
2017-07-11,0.002411905803366937
2017-07-12,0.0149871769578083
2017-07-13,0.0027973104194502826
2017-07-14,0.009978072571624861
2017-07-17,-0.0010015660802376147
2017-07-18,0.004848275363439403
2017-07-19,0.00875400256705468
2017-07-20,0.00246521196052083
2017-07-21,-0.0010253969726900737
2017-07-24,0.00033353177347593687
2017-07-25,-6.17246927864469e-05
2017-07-26,0.0044434974026363264
2017-07-27,-0.0034891853721510883
2017-07-28,0.00035842895479538126
2017-07-31,-0.00011885731289328367
2017-08-01,0.00295463876853481
2017-08-02,-0.0007697055591529941
2017-08-03,-0.0029167517541350274
2017-08-04,0.0018442051855270757
2017-08-07,0.003523803414718535
2017-08-08,-0.004239800320731712
2017-08-09,-0.00361829140945229
2017-08-10,-0.023397557332938333
2017-08-11,0.0034093831444881374
2017-08-14,0.011942568790947489
2017-08-15,-0.0021824516564763587
2017-08-16,0.004306177037872243
2017-08-17,-0.017769271097897152
2017-08-18,0.004560821878994725
2017-08-21,-0.0009451898607700348
2017-08-22,0.012113028519808533
2017-08-23,0.0008708580633037812
2017-08-24,-0.0016364788624917525
2017-08-25,0.004068014881793053
2017-08-28,0.0007596160885114166
2017-08-29,-4.7080944592253675e-05
2017-08-30,0.00477139474051324
2017-08-31,0.013864725439723823
2017-09-01,0.000329189745438595
2017-09-05,-0.003618528907638749
2017-09-06,0.004258967526252963
2017-09-07,0.006842513646493054
2017-09-08,-0.0035664321546805614
2017-09-11,0.006376544928771522
2017-09-12,0.0016689573729417888
2017-09-13,-0.0029274465283070433
2017-09-14,0.001319530698123948
2017-09-15,0.0031536648852411265
2017-09-18,-0.00039705444640680175
2017-09-19,0.0017925202374683101
2017-09-20,-0.0029870153175527506
2017-09-21,-0.004817305794988842
2017-09-22,0.003006637111450028
2017-09-25,-0.0009507685631249524
2017-09-26,-0.002946882845675831
2017-09-27,0.000458783727951143
2017-09-28,0.0017430084517223658
2017-09-29,0.004302194986000382
2017-10-02,0.0021802115315615778
2017-10-03,0.006379223059698736
2017-10-04,-0.0004222195998563169
2017-10-05,0.006276067508846017
2017-10-06,-0.0045008021346853375
2017-10-09,-0.001339606240032059
2017-10-10,0.00854238355027594
2017-10-11,0.00376550049852458
2017-10-12,-0.0013795371581864426
2017-10-13,0.007585140484333692
2017-10-16,0.0009783706892154212
2017-10-17,-0.001254518349428072
2017-10-18,0.001947339131597297
2017-10-19,-0.002755956814571081
2017-10-20,0.003213931961686544
2017-10-23,-0.006148039802586984
2017-10-24,0.003748933051579624
2017-10-25,-0.007367900551078643
2017-10-26,2.2956842822814065e-05
2017-10-27,0.015012362386877422
2017-10-30,-0.001959035996014483
2017-10-31,0.005967817396284779
2017-11-01,0.0010294731878286228
2017-11-02,0.00380197448449525
2017-11-03,0.0016069973532757415
2017-11-06,0.006248670648757325
2017-11-07,-0.003653505675045702
2017-11-08,0.004308172792571023
2017-11-09,-0.006251992867444061
2017-11-10,-0.002452057209527237
2017-11-13,-0.0012460233067138758
2017-11-14,-0.005156472486883253
2017-11-15,-0.005881268295401561
2017-11-16,0.01586498316379577
2017-11-17,0.000991394965102463
2017-11-20,0.0013961638567032558
2017-11-21,0.01277601536151789
2017-11-22,0.0030193287632364623
2017-11-24,0.004207437173364832
2017-11-27,-0.00461089892487289
2017-11-28,0.007973385911713595
2017-11-29,-0.007692845296914178
2017-11-30,0.0032903531328663535
2017-12-01,0.0019604607174802816
2017-12-04,-0.005708380450206474
2017-12-05,-0.0025768551771471085
2017-12-06,-0.0030690485804663603
2017-12-07,0.0009743066865775198
2017-12-08,0.005323240208581592
2017-12-11,0.0020686023777730213
2017-12-12,-0.0006339602801670786
2017-12-13,0.006998273181440463
2017-12-14,-0.0036525491967585927
2017-12-15,0.0064506146029954204
2017-12-18,0.008976739350863818
2017-12-19,-0.009235799246057875
2017-12-20,-0.0026304353468752924
2017-12-21,0.0030693092892831396
2017-12-22,0.0037280381997197745
2017-12-26,0.0026518778749287657
2017-12-27,0.005349440621261027
2017-12-28,0.0032769708721392403
2017-12-29,0.0003683450648316654
2018-01-02,0.009391085207915558
2018-01-03,0.006669170364943993
2018-01-04,0.003775679742825182
2018-01-05,0.004172145887388759
2018-01-08,0.0010815031353073963
2018-01-09,-0.004462931056812593
2018-01-10,-0.0020842966233672704
2018-01-11,0.007214777021991316
2018-01-12,0.009131745827895377
2018-01-16,-0.0019592830438804687
2018-01-17,0.006037251732437053
2018-01-18,-0.006088651598087122
2018-01-19,0.004928459720669739
2018-01-22,0.007230142501567776
2018-01-23,0.008130816267638024
2018-01-24,0.004459327664643145
2018-01-25,-0.002066692413449345
2018-01-26,0.00909587784631786
2018-01-29,-0.013201511290391528
2018-01-30,-0.012710751465079027
2018-01-31,0.0065634108666816175
2018-02-01,-0.006654167842456073
2018-02-02,-0.02766439389936069
2018-02-05,-0.04064382450288529
2018-02-06,0.0166918909325397
2018-02-07,-0.014524154339724432
2018-02-08,-0.038179842273000704
2018-02-09,0.010005364953433309
2018-02-12,0.01672174647324367
2018-02-13,0.003174135718920078
2018-02-14,0.01610061204683088
2018-02-15,0.014874775179972325
2018-02-16,0.004829427208721049
2018-02-20,-0.011661341076870096
2018-02-21,-0.010747138659192112
2018-02-22,0.005781147184706085
2018-02-23,0.020442496162184333
2018-02-26,0.012204696331102638
2018-02-27,-0.022304784669461904
2018-02-28,-0.010249980391652914
2018-03-01,-0.01056486528402892
2018-03-02,0.007588206036313221
2018-03-05,0.006154687543498599
2018-03-06,0.0076519027024144525
2018-03-07,-0.002147476930651685
2018-03-08,0.0023127065791535275
2018-03-09,0.011744106663338616
2018-03-12,0.0015204017163601509
2018-03-13,-0.0052840144356029566
2018-03-14,0.0015914770062663455
2018-03-15,-0.002353607211195669
2018-03-16,-0.0005578728571703527
2018-03-19,-0.011569144185787543
2018-03-20,0.0005097890831986101
2018-03-21,0.007699805262541994
2018-03-22,-0.01952420920159678
2018-03-23,-0.013285957553924088
2018-03-26,0.023094220829406917
2018-03-27,-0.01133329692171449
2018-03-28,-0.002327264991532791
2018-03-29,0.01569333406404186
2018-04-02,-0.019296252695271153
2018-04-03,0.008594358234051
2018-04-04,0.007708757782213258
2018-04-05,0.0032512862914305654
2018-04-06,-0.013723134683209718
2018-04-09,0.008139984290196092
2018-04-10,0.015969280920019476
2018-04-11,0.00037406863240103
2018-04-12,0.0008105693349221677
2018-04-13,-0.00094798661780031
2018-04-16,0.004690360173754069
2018-04-17,0.008708919911782376
2018-04-18,0.0036876941681637607
2018-04-19,-0.009229121451547752
2018-04-20,-0.011272493412327306
2018-04-23,-0.005164203504672879
2018-04-24,-0.009637068317288694
2018-04-25,-0.0035408794117790365
2018-04-26,0.011441967657214008
2018-04-27,0.0036807711529742763
2018-04-30,-0.006264289632631048
2018-05-01,-0.0020699710733337083
2018-05-02,-0.006817312481307337
2018-05-03,0.0018767940368308264
2018-05-04,0.01298050477663723
2018-05-07,0.0030884690371326116
2018-05-08,0.0011458373845574237
2018-05-09,0.006258637079855411
2018-05-10,0.014727742076435627
2018-05-11,0.0017120521776685074
2018-05-14,0.0014046683686883704
2018-05-15,-0.01621485540942503
2018-05-16,0.006789789317890162
2018-05-17,-0.0032081428430201933
2018-05-18,-0.003716808700576386
2018-05-21,0.009366842415438295
2018-05-22,-0.002763987817746713
2018-05-23,0.001702672702113405
2018-05-24,-0.0011900653127321042
2018-05-25,-0.0049859830977974405
2018-05-29,-0.01608093301152455
2018-05-30,0.01751367186525837
2018-05-31,-0.007192474719384155
2018-06-01,0.009608309155373218
2018-06-04,0.007288869371882816
2018-06-05,0.0009793910611974731
2018-06-06,0.010497434711129579
2018-06-07,-0.004912403891515698
2018-06-08,0.0022899416755883663
2018-06-11,0.0023141184226286087
2018-06-12,-0.0007574567922841912
2018-06-13,-0.0043560251944273565
2018-06-14,0.0011722737406236155
2018-06-15,-0.008927106814907345
2018-06-18,-0.0034999418096509425
2018-06-19,-0.008582473804714164
2018-06-20,0.004274160437544665
2018-06-21,-0.009515447588002351
2018-06-22,0.009450795879517894
2018-06-25,-0.019861536406926075
2018-06-26,0.004197282754731947
2018-06-27,-0.01462103800939169
2018-06-28,0.006277653280175201
2018-06-29,0.0067556952393512245
2018-07-02,-0.007698417595135168
2018-07-03,0.001613655240399389
2018-07-05,0.011943658799119164
2018-07-06,0.013029089488186629
2018-07-09,0.01181461511074448
2018-07-10,-0.0010226133706066067
2018-07-11,-0.020353411852511438
2018-07-12,0.012118127236479977
2018-07-13,0.00142332152684442
2018-07-16,-0.00601388481052161
2018-07-17,0.0029874059538450726
2018-07-18,0.0006793677446311691
2018-07-19,-0.0030351980235856506
2018-07-20,0.004379483526075979
2018-07-23,-0.0012207403690625306
2018-07-24,0.004886357456534422
2018-07-25,0.015183715677255214
2018-07-26,-0.006405501764409394
2018-07-27,-0.007337039731825655
2018-07-30,-0.005505153922315803
2018-07-31,0.007313477984723705
2018-08-01,-0.003454454003100918
2018-08-02,0.001907606086670005
2018-08-03,0.0062735956808525895
2018-08-06,0.00021392346433056703
2018-08-07,0.007577972283445699
2018-08-08,-0.003545763617477809
2018-08-09,-0.002452332402115509
2018-08-10,-0.015975806455950207
2018-08-13,-0.008520653228356951
2018-08-14,0.007513593758581027
2018-08-15,-0.018459370600617652
2018-08-16,0.01197441207561867
2018-08-17,0.008324385508953735
2018-08-20,0.005208938748676506
2018-08-21,0.0059459791205137115
2018-08-22,0.005203603852968042
2018-08-23,-0.0069634182319860466
2018-08-24,0.012393552042467858
2018-08-27,0.012513094692060283
2018-08-28,0.0007624377196319197
2018-08-29,0.009349322696827705
2018-08-30,-0.011569157426397667
2018-08-31,0.0012263593414500176
2018-09-04,-0.009847114761852184
2018-09-05,-0.0073563425627625354
2018-09-06,-0.004222464126140152
2018-09-07,-0.006647036468417982
2018-09-10,0.0045322929747946385
2018-09-11,0.005153751159035041
2018-09-12,0.002633689905283032
2018-09-13,0.006118084609487961
2018-09-14,-0.00016556560064075486
2018-09-17,-0.005510383403250424
2018-09-18,0.010821338819465847
2018-09-19,-0.001041563671168383
2018-09-20,0.01182964692239844
2018-09-21,-0.002410296585381921
2018-09-24,-0.0041755370995300075
2018-09-25,0.0020849869429470313
2018-09-26,-0.0033637433212397923
2018-09-27,0.003158355927219003
2018-09-28,0.0016949963497956077
2018-10-01,0.0019408498043719578
2018-10-02,-0.0046064897977167165
2018-10-03,-0.0018049110465378547
2018-10-04,-0.019154721298411413
2018-10-05,-0.008397123675975516
2018-10-08,0.00044717173482014517
2018-10-09,0.001203192284576848
2018-10-10,-0.041284959073446315
2018-10-11,-0.025869710981524043
2018-10-12,0.012311763266498504
2018-10-15,-0.003212615570217708
2018-10-16,0.031148389184770236
2018-10-17,-0.00390995263919191
2018-10-18,-0.021233589076805767
2018-10-19,0.0016004545299906528
2018-10-22,-0.00567920017346279
2018-10-23,-0.01087651371491873
2018-10-24,-0.037343669668765414
2018-10-25,0.024429459237039115
2018-10-26,-0.018418777046280213
2018-10-29,-0.008746463674337917
2018-10-30,0.01854003807717645
2018-10-31,0.006269154039437876
2018-11-01,0.008383318502569053
2018-11-02,-0.0039275803023953
2018-11-05,0.0020976529796474927
2018-11-06,0.003711710384046001
2018-11-07,0.01452298174723652
2018-11-08,-0.0030555526439595047
2018-11-09,-0.01054677972274078
2018-11-12,-0.014776693478230582
2018-11-13,-0.005282242745569087
2018-11-14,-0.0035670281284064303
2018-11-15,0.008021172137714873
2018-11-16,0.0015963079211589455
2018-11-19,-0.01322772985154265
2018-11-20,-0.01711238172226106
2018-11-21,0.0063229130466456035
2018-11-23,-0.008629392685279243
2018-11-26,0.01193593375612486
2018-11-27,-0.0003225162673521767
2018-11-28,0.016803194027953584
2018-11-29,-0.0004183694996146986
2018-11-30,0.003251823182117855
2018-12-03,0.010090963884355736
2018-12-04,-0.0276955462167821
2018-12-06,0.0033321578362274454
2018-12-07,-0.01992749065384338
2018-12-10,0.0007477640155589831
2018-12-11,0.0004427158119498645
2018-12-12,0.003044235472801068
2018-12-13,-0.0011428507317152808
2018-12-14,-0.014328940190207215
2018-12-17,-0.021782015182721486
2018-12-18,0.0017727274643745726
2018-12-19,-0.015905232995623433
2018-12-20,-0.015188938587408808
2018-12-21,-0.01962636913574807
2018-12-24,-0.023917690563805178
2018-12-26,0.04439544960839667
2018-12-27,0.005082023572943084
2018-12-28,0.0006253787469114901
2018-12-31,0.0069456831757977
2019-01-02,0.00015926015771314947
2019-01-03,0.001497214829972593
2019-01-04,-0.0015335971292354089
2019-01-07,-0.0005242964203141132
2019-01-08,-0.0004643596485085666
2019-01-09,0.000158511139821238
2019-01-10,-5.4224524848617286e-05
2019-01-11,0.0005374739460832666
2019-01-14,-8.639723528846011e-05
2019-01-15,-9.02570653979251e-05
2019-01-16,-0.00012239814707144524
2019-01-17,-0.00029210856644486526
2019-01-18,-0.0006026455160386023
2019-01-22,0.0006477805293283122
2019-01-23,-0.00010814217234278999
2019-01-24,0.0006027675361390594
2019-01-25,-0.0004534993077926985
2019-01-28,6.12826588548554e-05
2019-01-29,0.0005050373142449383
2019-01-30,0.0005428725681121849
2019-01-31,0.0008150133386028656
2019-02-01,-0.0045740408035658126
2019-02-04,0.0030651807012557434
2019-02-05,0.005313707956669611
2019-02-06,-0.0019795268264077245
2019-02-07,-0.0006184503058210566
2019-02-08,0.001856988923468621
2019-02-11,-0.0011190217470892108
2019-02-12,0.0032259543025804235
2019-02-13,-0.00038336482518038363
2019-02-14,0.002818534717575475
2019-02-15,0.0032857948942416467
2019-02-19,0.0014970629188244449
2019-02-20,-0.0012881158544860818
2019-02-21,-0.0035325744192647355
2019-02-22,0.005947979231393305
2019-02-25,-0.0012162371171667563
2019-02-26,0.0015416976416268986
2019-02-27,-0.003854714667753157
2019-02-28,-0.0016662126026543765
2019-03-01,0.002321778105028072
2019-03-04,-0.0010982091613252558
2019-03-05,0.00044358181295072504
2019-03-06,-0.006865622900993573
2019-03-07,-0.0050222190806664055
2019-03-08,0.0013551691710716384
2019-03-11,0.015217708003333713
2019-03-12,0.006099160962068133
2019-03-13,0.006028382196660656
2019-03-14,-0.002664285056737627
2019-03-15,0.007187610668906593
2019-03-18,0.002269769154539866
2019-03-19,-0.0007903810212232441
2019-03-20,0.005710243241895604
2019-03-21,0.011936412477131335
2019-03-22,-0.015930991796327527
2019-03-25,0.002848098195929096
2019-03-26,0.007112377019158092
2019-03-27,-0.002183011041810734
2019-03-28,0.006074866072846099
2019-03-29,0.004323548023069907
2019-04-01,0.004610133398168275
2019-04-02,0.0017758443361454476
2019-04-03,2.2361301821908163e-05
2019-04-04,0.001721826097391077
2019-04-05,0.005468627862682925
2019-04-08,-0.0016050760538495992
2019-04-09,-0.005010364000549711
2019-04-10,0.009710101920095224
2019-04-11,-0.0031106939728929696
2019-04-12,0.0026940623437710044
2019-04-15,-0.0017096364942353918
2019-04-16,-0.0044838170806392715
2019-04-17,-0.004176817728309936
2019-04-18,0.003703981646076867
2019-04-22,-0.003005802685020622
2019-04-23,0.012117997786895346
2019-04-24,0.0026114651133090643
2019-04-25,-0.0014802445460982993
2019-04-26,0.007203555808201862
2019-04-29,-0.0023317805567230707
2019-04-30,0.0011416056193696946
2019-05-01,-0.005568001162769811
2019-05-02,-0.003120907701343695
2019-05-03,0.01386513257812748
2019-05-06,-0.0016561505558598697
2019-05-07,-0.01595232221378008
2019-05-08,-0.003644979168380036
2019-05-09,-0.001258040072083716
2019-05-10,0.005200440974002474
2019-05-13,-0.02141056519924684
2019-05-14,0.008747205348186004
2019-05-15,0.009073544278451062
2019-05-16,0.006307320572416614
2019-05-17,-0.00688707164663258
2019-05-20,-0.009481600636705499
2019-05-21,0.009332654794459657
2019-05-22,-0.0013008409182292235
2019-05-23,-0.008003765245212801
2019-05-24,0.0033360065887252043
2019-05-28,-0.005221352071809203
2019-05-29,-0.007221131717035722
2019-05-30,0.006041631632307531
2019-05-31,-0.006066262729062692
2019-06-03,0.0014864092002820272
2019-06-04,0.013073284615093016
2019-06-05,0.007214324621127784
2019-06-06,0.006368141858719681
2019-06-07,0.013323308795548243
2019-06-10,-0.0008129345032239885
2019-06-11,0.001189630950605478
2019-06-12,-0.0022512112563147745
2019-06-13,0.006078543633472877
2019-06-14,-0.0020290926505447796
2019-06-17,0.002017161564883243
2019-06-18,0.012876260357945552
2019-06-19,0.007925088020407105
2019-06-20,0.01189511474839628
2019-06-21,-0.007877682606775703
2019-06-24,0.001372162606881453
2019-06-25,-0.009578519146442617
2019-06-26,-0.005908006712899841
2019-06-27,0.007353330715657348
2019-06-28,0.0036087322456452952
2019-07-01,0.004271099243369775
2019-07-02,0.008905566734022492
2019-07-03,0.010559774098718104
2019-07-05,-0.009880291507207793
2019-07-08,-0.005468786222558549
2019-07-09,-0.0002648953908492812
2019-07-10,0.007765338331372345
2019-07-11,-0.006587013155789334
2019-07-12,0.004627730263491872
2019-07-15,0.002559710003929941
2019-07-16,-0.005613555322255008
2019-07-17,0.0009795106938718693
2019-07-18,0.007069987496733562
2019-07-19,-0.009848820617898506
2019-07-22,0.002733424286483302
2019-07-23,0.004059787457783333
2019-07-24,0.005542082863342873
2019-07-25,-0.009365747242227475
2019-07-26,0.0051596320810051895
2019-07-29,-0.0007498748953729327
2019-07-30,-0.0022879805726448888
2019-07-31,-0.010248362103153408
2019-08-01,0.006648463697289936
2019-08-02,-0.002407153746326873
2019-08-05,-0.016128832023005652
2019-08-06,0.01484112571962181
2019-08-07,0.010378883001354311
2019-08-08,0.014931991803692764
2019-08-09,-0.00613857367396145
2019-08-12,-0.0014260397892730608
2019-08-13,0.006164912875138547
2019-08-14,-0.013073032711389761
2019-08-15,0.009722738885159996
2019-08-16,0.008149866305809886
2019-08-19,0.0001980061343407173
2019-08-20,0.0022826657267463984
2019-08-21,0.003989547785593333
2019-08-22,-0.003043442258057492
2019-08-23,-0.006073042307664915
2019-08-26,0.008194987327571077
2019-08-27,0.006844878017986056
2019-08-28,0.005411209425934385
2019-08-29,0.005327577945993806
2019-08-30,-0.00032636501689573455
2019-09-03,0.005738723145450212
2019-09-04,0.013549064579617555
2019-09-05,-0.012831112255384193
2019-09-06,-0.002344434021732568
2019-09-09,-0.009248925714658083
2019-09-10,-0.011369425490198126
2019-09-11,0.0030375312975621255
2019-09-12,0.0006335342267926312
2019-09-13,-0.01627288436367392
2019-09-16,0.009702246831927379
2019-09-17,0.007496008684923266
2019-09-18,-0.0030245760751619983
2019-09-19,0.0047853896995935265
2019-09-20,0.006424848182227042
2019-09-23,0.006093955668345176
2019-09-24,-0.0005447328133725453
2019-09-25,-0.010833408243843573
2019-09-26,0.0030070831566378214
2019-09-27,-0.006974597320067842
2019-09-30,-0.0010265055875943725
2019-10-01,-0.006367441325932037
2019-10-02,-0.007314851801034575
2019-10-03,0.01206008428969537
2019-10-04,0.013325028839324233
2019-10-07,-0.008089819300226902
2019-10-08,-0.007466890498754093
2019-10-09,0.004889956454700787
2019-10-10,-0.002115361430742324
2019-10-11,0.0035680348788109037
2019-10-14,0.00243834382914271
2019-10-15,0.002214592559247804
2019-10-16,0.0014672156939805276
2019-10-17,0.0038103119307110423
2019-10-18,-0.0011041872524334363
2019-10-21,0.001987868174982648
2019-10-22,-0.00031471370683349743
2019-10-23,0.002538603211041822
2019-10-24,0.0033425749470066945
2019-10-25,0.0006547320583456153
2019-10-28,-0.0019186828432423257
2019-10-29,-0.0020479165178107377
2019-10-30,0.007652338806396815
2019-10-31,0.0057757744426105324
2019-11-01,0.00983138497779684
2019-11-04,-1.776593763814756e-05
2019-11-05,-0.009730405546758747
2019-11-06,0.0010105480578096791
2019-11-07,-0.007493968128043683
2019-11-08,-0.004092517076337954
2019-11-11,-0.0017905553129540564
2019-11-12,-0.0006052535131929825
2019-11-13,0.0010381905852930528
2019-11-14,0.0049962610554231904
2019-11-15,0.006482270184003291
2019-11-18,0.0022259252565138055
2019-11-19,0.00236606974957192
2019-11-20,-0.001318693300961915
2019-11-21,-0.005779449562189043
2019-11-22,0.0007552455819765824
2019-11-25,0.008735154899949448
2019-11-26,0.005759076633136261
2019-11-27,0.001782123695796389
2019-11-29,-0.0063777103820128155
2019-12-02,-0.010299091603349
2019-12-03,0.004020217239576367
2019-12-04,0.005097892771267449
2019-12-05,0.0010120876045502884
2019-12-06,0.004847904542227762
2019-12-09,-0.00223985845934676
2019-12-10,0.00046273871576862804
2019-12-11,0.006816641546077218
2019-12-12,0.0022518867505569645
2019-12-13,0.004919680770792188
2019-12-16,0.006885505656289873
2019-12-17,5.594414223520944e-05
2019-12-18,0.00038720734597076374
2019-12-19,0.0046299670286827285
2019-12-20,0.003216586433541395
2019-12-23,0.0018089907241969987
2019-12-24,0.003971679752903384
2019-12-26,0.008200178463153292
2019-12-27,0.001165009543047954
2019-12-30,-0.004453529999462718
2019-12-31,0.000888703054617321
2020-01-02,0.01139436414463572
2020-01-03,-0.0017250970497858886
2020-01-06,0.0029314132663621553
2020-01-07,-0.0026025277777071117
2020-01-08,-0.0014195495548018813
2020-01-09,0.002943402446153886
2020-01-10,0.002228509625794242
2020-01-13,0.005328878755306639
2020-01-14,-0.0009128241667334659
2020-01-15,0.004153256523638787
2020-01-16,0.00610571639298984
2020-01-17,0.0018452162441888753
2020-01-21,-0.004248933588806051
2020-01-22,0.001094418780870802
2020-01-23,0.00032815509075696326
2020-01-24,-0.0044179006789998925
2020-01-27,-0.01537228991224224
2020-01-28,0.004782218803832696
2020-01-29,0.0030193473876949464
2020-01-30,0.0005999072007346534
2020-01-31,-0.012394023417389767
2020-02-03,0.004080273725122916
2020-02-04,0.011201467275598299
2020-02-05,0.005691679369973471
2020-02-06,0.005326910533062275
2020-02-07,-0.004486604521083445
2020-02-10,0.008170206957265135
2020-02-11,0.0024601569462851195
2020-02-12,0.003705451343648876
2020-02-13,-0.00018877223364099186
2020-02-14,0.0037861809420510722
2020-02-18,0.0005869871132031211
2020-02-19,0.003291104046992951
2020-02-20,-0.001720109010211736
2020-02-21,-0.0030694864431513678
2020-02-24,-0.02764551086904257
2020-02-25,-0.027366688018743625
2020-02-26,-0.004023991209929329
2020-02-27,-0.040440396886027026
2020-02-28,-0.01086812219164192
2020-03-02,0.023823485946034884
2020-03-03,0.006319491803497902
2020-03-04,0.025886532159437373
2020-03-05,-0.009622127474078557
2020-03-06,-0.002506758139043358
2020-03-09,-0.068326351110565
2020-03-10,0.007536317404754345
2020-03-11,-0.055886257495860674
2020-03-12,-0.09918405489765615
2020-03-13,0.04112045376004038
2020-03-16,-0.07849832047777067
2020-03-17,0.0021552807866126755
2020-03-18,-0.09682647297514148
2020-03-19,-0.002920572422520956
2020-03-20,0.012789780318241118
2020-03-23,0.016260814063577333
2020-03-24,0.08217243844750542
2020-03-25,0.03855915536812099
2020-03-26,0.05232638831103892
2020-03-27,-0.016721172345728827
2020-03-30,0.014126078858831652
2020-03-31,-0.014646035994838718
2020-04-01,-0.0003564926816807331
2020-04-02,0.004649955310392138
2020-04-03,0.00011247021962060484
2020-04-06,0.005676314257292567
2020-04-07,-0.0010435856173365207
2020-04-08,-0.0005802334995532864
2020-04-09,0.008881418645035758
2020-04-13,0.0005955843111640545
2020-04-14,0.0029676683834173687
2020-04-15,0.002280703732944406
2020-04-16,-0.0003705508310978779
2020-04-17,-0.002912709188615118
2020-04-20,0.00015226956735949187
2020-04-21,-0.0004792735221056854
2020-04-22,0.002290431767496553
2020-04-23,0.0019390130296445284
2020-04-24,0.0017954625501713714
2020-04-27,-0.003578413998448842
2020-04-28,0.0014838634778878922
2020-04-29,0.002692691252200522
2020-04-30,-0.003553037444151169
2020-05-01,-0.005307792083336505
2020-05-04,0.0004324150116634083
2020-05-05,0.0031613869540766536
2020-05-06,-0.007980473732700851
2020-05-07,0.013065500840028376
2020-05-08,0.0006812002075218086
2020-05-11,-0.0038111316088119875
2020-05-12,-0.00022483231530684075
2020-05-13,0.00032748085702934615
2020-05-14,0.008813458169477036
2020-05-15,0.007203567038914558
2020-05-18,0.00396404031007885
2020-05-19,0.0034043906048498353
2020-05-20,0.009279660385036474
2020-05-21,-0.006337745781145126
2020-05-22,0.001819602176427334
2020-05-26,-0.003588250457230653
2020-05-27,0.004476675285192454
2020-05-28,0.0007392597038497969
2020-05-29,0.009750597966046074
2020-06-01,0.007982442175160292
2020-06-02,0.0032387460708913417
2020-06-03,-0.002753304731380898
2020-06-04,-0.006875915677465095
2020-06-05,0.00654911234650211
2020-06-08,0.013385517187356805
2020-06-09,0.0009018336375865928
2020-06-10,0.013649020422250899
2020-06-11,-0.036068146611297175
2020-06-12,0.006415170008881594
2020-06-15,0.006984752725235973
2020-06-16,0.007308873853070156
2020-06-17,0.0007586508282096966
2020-06-18,0.001803044731066521
2020-06-19,0.0023225206268710444
2020-06-22,0.006545218550581207
2020-06-23,0.006110097946599046
2020-06-24,-0.01620264025725055
2020-06-25,0.00771079202476775
2020-06-26,-0.00834622389077817
2020-06-29,0.004880172536665837
2020-06-30,0.009405981412698156
2020-07-01,0.0013157591529764658
2020-07-02,0.004180064997948847
2020-07-06,0.012292305396291772
2020-07-07,-0.0009213164234017613
2020-07-08,0.007059088580644979
2020-07-09,0.002555390283938163
2020-07-10,0.0019270924533503174
2020-07-13,-0.0037127445812240615
2020-07-14,0.007844945161539284
2020-07-15,0.004692909927597542
2020-07-16,-0.005732543010358769
2020-07-17,0.005672705208335528
2020-07-20,0.011783992700070503
2020-07-21,0.009003573038810088
2020-07-22,0.013811658444828852
2020-07-23,-0.005088417731686106
2020-07-24,0.00029511768827050197
2020-07-27,0.016763310114770006
2020-07-28,-0.0015507483668656392
2020-07-29,0.00687719271918638
2020-07-30,-0.004072755223651219
2020-07-31,0.006338104173054206
2020-08-03,0.008117356959751226
2020-08-04,0.015181363553736303
2020-08-05,0.004787045601175402
2020-08-06,0.012218920192088664
2020-08-07,-0.012146571246144967
2020-08-10,0.0004928716757230133
2020-08-11,-0.022652097556464818
2020-08-12,0.008866775486308378
2020-08-13,0.0037050757761936002
2020-08-14,-0.004746232779781013
2020-08-17,0.01271190152617399
2020-08-18,0.008277653899329896
2020-08-19,-0.014512729020324104
2020-08-20,0.008376879290238143
2020-08-21,0.0011457144751502069
2020-08-24,0.004878906708820333
2020-08-25,0.0005908588564165676
2020-08-26,0.00980849818171928
2020-08-27,-0.010931105594592472
2020-08-28,0.011588082341206703
2020-08-31,0.0022609715819453995
2020-09-01,0.013175930170854791
2020-09-02,0.010164632812998196
2020-09-03,-0.03177204196535548
2020-09-04,-0.00958822772687245
2020-09-08,-0.022711093741111597
2020-09-09,0.01921604628517123
2020-09-10,-0.014114030115460181
2020-09-11,0.003821302261144822
2020-09-14,0.0148387443163615
2020-09-15,0.0066283539229171845
2020-09-16,-0.002140450652094026
2020-09-17,-0.005862858604133964
2020-09-18,-0.009852711892886777
2020-09-21,-0.01898235331532351
2020-09-22,0.005238170919804899
2020-09-23,-0.025169827372701393
2020-09-24,0.0015584463746468411
2020-09-25,0.011235350927650616
2020-09-28,0.019658424690024188
2020-09-29,-0.0019082977859517583
2020-09-30,0.0015891988096479628
2020-10-01,0.009675932440635892
2020-10-02,-0.006946143928975746
2020-10-05,0.010227747567867316
2020-10-06,-0.007935219816120474
2020-10-07,0.008526859621257215
2020-10-08,0.00940792759823027
2020-10-09,0.011920148894536643
2020-10-12,0.009628586751486146
2020-10-13,-0.007556643589417875
2020-10-14,-0.002058363665146991
2020-10-15,-0.004832260173762899
2020-10-16,-0.0014077688885428261
2020-10-19,-0.007137462532812856
2020-10-20,0.0034010344541174345
2020-10-21,0.00045413012730715285
2020-10-22,-0.004129649699599951
2020-10-23,0.005543642559018382
2020-10-26,-0.011526632835466474
2020-10-27,0.004043911414900828
2020-10-28,-0.027519877205334452
2020-10-29,0.002980805004449454
2020-10-30,-0.00985361907143242
2020-11-02,0.010739023606465654
2020-11-03,0.012296012632798215
2020-11-04,0.027194417589728223
2020-11-05,0.0242649864017069
2020-11-06,-0.0025192985194351486
2020-11-09,-0.01292630541864182
2020-11-10,-0.007260047797180495
2020-11-11,0.007939164943406126
2020-11-12,-0.001234016309615974
2020-11-13,0.010790605118123053
2020-11-16,0.00870879095356597
2020-11-17,-0.0008759434090080389
2020-11-18,-0.005822219477260154
2020-11-19,0.005293753643191652
2020-11-20,0.002974285236049686
2020-11-23,-0.004673850006755628
2020-11-24,0.004433284647775572
2020-11-25,-0.0005691096185363434
2020-11-27,0.005556693059784944
2020-11-30,-0.009633476584051658
2020-12-01,0.014447978478955351
2020-12-02,0.0006770511742153806
2020-12-03,0.007580457171520762
2020-12-04,0.004442550651351361
2020-12-07,0.0020432579336131422
2020-12-08,0.00416118982091262
2020-12-09,-0.010593142918167568
2020-12-10,0.0067895085723938325
2020-12-11,-0.000972691165338558
2020-12-14,-0.0020954728842895653
2020-12-15,0.014268503226927222
2020-12-16,0.0034231964484865624
2020-12-17,0.009219806865544251
2020-12-18,-0.004282601136358428
2020-12-21,-0.0049577957879480125
2020-12-22,-0.0022446033732525994
2020-12-23,0.004218625346857214
2020-12-24,0.003583070132142188
2020-12-28,0.00598714593134999
2020-12-29,0.0017506832289027677
2020-12-30,0.006438763060271414
2020-12-31,0.0014633322797842016
2021-01-04,-0.003995671710757856
2021-01-05,0.009880909021273981
2021-01-06,-0.0013364409151741612
2021-01-07,0.008368826910049495
2021-01-08,-0.00030328489855099925
2021-01-11,-0.012099264492473323
2021-01-12,0.0065988143302409775
2021-01-13,0.003783897935171934
2021-01-14,0.002321630046913325
2021-01-15,-0.013314358142920934
2021-01-19,0.012635986446961987
2021-01-20,0.01561965979091251
2021-01-21,-0.0009628605985740094
2021-01-22,-0.0040540683715089365
2021-01-25,0.006107449312693408
2021-01-26,-0.0026064153347469207
2021-01-27,-0.024737579497937628
2021-01-28,0.009484888983736412
2021-01-29,-0.019340300690006085
2021-02-01,0.01928184425937822
2021-02-02,0.004835909461825785
2021-02-03,0.000771833173810922
2021-02-04,0.004201030772527705
2021-02-05,0.006601165824060246
2021-02-08,0.013184725975262533
2021-02-09,0.0023007053239605785
2021-02-10,-0.0004660435529465792
2021-02-11,0.0015740896007213356
2021-02-12,0.001677756522668724
2021-02-16,-0.004330228322098166
2021-02-17,-0.0011158110509777864
2021-02-18,-0.007188006333310181
2021-02-19,-0.0002740571983019525
2021-02-22,-0.0033611540553978338
2021-02-23,-0.0002240339936469039
2021-02-24,0.007395397192038575
2021-02-25,-0.03281923478767417
2021-02-26,-0.0043452355082021586
2021-03-01,0.018472959644451156
2021-03-02,-0.005377582494144774
2021-03-03,-0.01466062457932411
2021-03-04,-0.01716766146124756
2021-03-05,0.01414543407704817
2021-03-08,-0.014522895888230088
2021-03-09,0.02185212042245615
2021-03-10,0.008978418499515695
2021-03-11,0.014408811253930717
2021-03-12,-0.0037662887053886546
2021-03-15,0.007442664291667468
2021-03-16,-0.0007757672250470656
2021-03-17,0.005491225959071596
2021-03-18,-0.026071707507856683
2021-03-19,0.00513400138571742
2021-03-22,0.0046702702323522405
2021-03-23,-0.014632155133764969
2021-03-24,-0.005080542968858519
2021-03-25,0.0034875100792731853
2021-03-26,0.01796261634189604
2021-03-29,-0.00894120668617468
2021-03-30,-0.006645605432529768
2021-03-31,0.006849011598906968
2021-04-01,0.017758200296717513
2021-04-05,0.008729836405992095
2021-04-06,0.002337555142372714
2021-04-07,-0.0004954670957069109
2021-04-08,0.009311629028384429
2021-04-09,-0.0005244111115996555
2021-04-12,-0.004076535039145247
2021-04-13,0.010524715638777046
2021-04-14,0.0017018715611552453
2021-04-15,0.016432036533662712
2021-04-16,0.002323732401159979
2021-04-19,-0.005001921500732152
2021-04-20,-0.007258445969049686
2021-04-21,0.013147318566209314
2021-04-22,-0.004851029327362269
2021-04-23,0.01152098728982449
2021-04-26,0.004951205531604744
2021-04-27,-0.004005114942215173
2021-04-28,0.001397343187750858
2021-04-29,0.0015272873969374027
2021-04-30,-0.00847810044185603
2021-05-03,0.010206252345832409
2021-05-04,-0.010571755636606865
2021-05-05,0.004907027334251153
2021-05-06,0.014666716856017972
2021-05-07,0.014503158798717795
2021-05-10,-0.015231924831431803
2021-05-11,-0.006304750650875947
2021-05-12,-0.033692639690821966
2021-05-13,0.005842975125774427
2021-05-14,0.02135224069712103
2021-05-17,0.002797487019577058
2021-05-18,8.363202270137262e-05
2021-05-19,-0.010608218583546028
2021-05-20,0.013694483832023529
2021-05-21,-0.0015935580706020929
2021-05-24,0.012958220865398464
2021-05-25,0.002000071173221093
2021-05-26,0.003484495602301788
2021-05-27,0.005043343276123616
2021-05-28,0.003568104895564516
2021-06-01,0.007921118846629258
2021-06-02,0.006751831754038279
2021-06-03,-0.013666944641933335
2021-06-04,0.01596462569190748
2021-06-07,0.0038987385304763353
2021-06-08,0.002976764191430113
2021-06-09,-0.0014800882707548479
2021-06-10,0.00816948257032286
2021-06-11,-0.002078521375526271
2021-06-14,-0.0017352786538030684
2021-06-15,-0.005399966473356351
2021-06-16,-0.0133483688461143
2021-06-17,-0.013318642173383502
2021-06-18,-0.011945075210914652
2021-06-21,0.016164223397551043
2021-06-22,0.0011933488581189478
2021-06-23,-0.0014662239089058035
2021-06-24,0.007198179359256202
2021-06-25,0.0032052877527540243
2021-06-28,0.0015164920343150785
2021-06-29,-0.0022848176218913554
2021-06-30,0.001167539863513967
2021-07-01,0.0021453664570545206
2021-07-02,0.008760401572396414
2021-07-06,-0.008699921894176087
2021-07-07,0.0005149098094929139
2021-07-08,-0.011709500373303948
2021-07-09,0.019907614046497636
2021-07-12,0.00598636680159287
2021-07-13,-0.008777098469250927
2021-07-14,0.00373606473688948
2021-07-15,-0.005217681953894629
2021-07-16,-0.01025891004108399
2021-07-19,-0.02424072523802752
2021-07-20,0.020052791630796724
2021-07-21,0.013299852440116952
2021-07-22,0.002401008111442763
2021-07-23,0.006585151908289899
2021-07-26,0.0009349449249996829
2021-07-27,-0.008497088799448292
2021-07-28,0.009575596798819534
2021-07-29,0.007989862616129774
2021-07-30,-0.008335149975552143
2021-08-02,0.00026571774274203883
2021-08-03,0.007191379361436828
2021-08-04,-0.006472551516159286
2021-08-05,0.008393674774739632
2021-08-06,-0.007557330260198394
2021-08-09,-0.007845712457492517
2021-08-10,0.0005101884009612221
2021-08-11,0.007887058365755314
2021-08-12,-0.0007170933185194267
2021-08-13,0.006269335579243513
2021-08-16,-0.0017436438306897423
2021-08-17,-0.013221900104361285
2021-08-18,-0.00913691872082664
2021-08-19,-0.00774651351268791
2021-08-20,0.003912421528731303
2021-08-23,0.017207984963284236
2021-08-24,0.008339864005631421
2021-08-25,0.0013977949689890179
2021-08-26,-0.0080470701346604
2021-08-27,0.01994914317269493
2021-08-30,0.005002865359526636
2021-08-31,-0.0013285926320832976
2021-09-01,0.008211061917597875
2021-09-02,0.004897148498142997
2021-09-03,0.003781755037317668
2021-09-07,-0.005380932169301875
2021-09-08,-0.005513630348381412
2021-09-09,-0.0030947766271564605
2021-09-10,-0.008640769934078902
2021-09-13,0.006798057869443507
2021-09-14,-0.00561828378171828
2021-09-15,0.009533379882174805
2021-09-16,-0.004001018295855305
2021-09-17,-0.012652291206151777
2021-09-20,-0.023475443450596174
2021-09-21,0.00523182729957105
2021-09-22,0.011325541600341757
2021-09-23,0.011625586312482263
2021-09-24,-0.006994568231738091
2021-09-27,0.000570278828257484
2021-09-28,-0.026101036096440232
2021-09-29,-0.0008464853434603919
2021-09-30,-0.00817556597407597
2021-10-01,0.014406399260346626
2021-10-04,-0.015111229710578397
2021-10-05,0.007866985465504954
2021-10-06,-0.002832461779633325
2021-10-07,0.013959399827955557
2021-10-08,-0.005209626514945727
2021-10-11,-0.004578626425337418
2021-10-12,0.0027220851876105486
2021-10-13,0.00969490278644471
2021-10-14,0.018897170678976703
2021-10-15,0.008563724445083003
2021-10-18,-0.0010984546166029356
2021-10-19,0.007362605919085418
2021-10-20,0.006207462681606848
2021-10-21,-0.005527525715025699
2021-10-22,0.0024819334337429456
2021-10-25,0.007425101619983729
2021-10-26,0.0014949973045789038
2021-10-27,-0.00774940105640934
2021-10-28,0.01287391629081484
2021-10-29,-0.006025959803798115
2021-11-01,0.010142307960033507
2021-11-02,0.00044164471508682703
2021-11-03,0.005573814475771487
2021-11-04,0.0052035338825549724
2021-11-05,0.009793590132688428
2021-11-08,0.003305982910082877
2021-11-09,-0.0017721280711485848
2021-11-10,-0.015701005797007717
2021-11-11,0.007665236398830067
2021-11-12,0.008280093567788631
2021-11-15,-0.00208902893778754
2021-11-16,-0.0005285298906110331
2021-11-17,-0.0019219427860903459
2021-11-18,0.0005811147165266892
2021-11-19,-0.005910385123769211
2021-11-22,-0.010935135433728514
2021-11-23,-0.00042564991805047684
2021-11-24,0.0004169565843932126
2021-11-26,-0.04123429003854386
2021-11-29,0.007999080122565887
2021-11-30,-0.023670964369327967
2021-12-01,-0.01902693147634717
2021-12-02,0.027441816462403026
2021-12-03,-0.009622973867309394
2021-12-06,0.015725128783795124
2021-12-07,0.030343549263756413
2021-12-08,0.005333140931063
2021-12-09,-0.01885034659675528
2021-12-10,0.008601150603049956
2021-12-13,-0.012340945117854293
2021-12-14,-0.012023105369583996
2021-12-15,0.01978833242593605
2021-12-16,-0.007014030815576843
2021-12-17,-0.00994217061253342
2021-12-20,-0.017173330773297298
2021-12-21,0.02786698053929384
2021-12-22,0.016253440490570415
2021-12-23,0.008385340509174711
2021-12-27,0.01732503105109226
2021-12-28,-0.003326346920160347
2021-12-29,0.0015078765963940897
2021-12-30,0.0008495371799578624
2021-12-31,-0.0023961799982544184
2022-01-03,0.004014769215578407
2022-01-04,0.0024988807669371147
2022-01-05,-0.02825495595198494
2022-01-06,-0.0013507895343458063
2022-01-07,-0.004975302905205967
2022-01-10,-0.005740935714532796
2022-01-11,0.015916686987274168
2022-01-12,0.005534216936571384
2022-01-13,-0.0162062276862324
2022-01-14,0.0023767257865828667
2022-01-18,-0.02321604588874139
2022-01-19,-0.007980231972416091
2022-01-20,-0.01476890491483943
2022-01-21,-0.01598829430465611
2022-01-24,0.0021871539863438623
2022-01-25,-0.010657502693955268
2022-01-26,-0.009778352280610107
2022-01-27,-0.012688098643405962
2022-01-28,0.025645324707896405
2022-01-31,0.026083842182616827
2022-02-01,0.006023239975874183
2022-02-02,0.009026784502155275
2022-02-03,-0.020222346337467854
2022-02-04,0.0017715299079880391
2022-02-07,-0.0016823037960893641
2022-02-08,0.0030603680386236845
2022-02-09,0.022613035370305505
2022-02-10,-0.020408519968669298
2022-02-11,-0.01341428379922718
2022-02-14,-0.004780321611145058
2022-02-15,0.012074936367096202
2022-02-16,0.005953278472087661
2022-02-17,-0.015673203057622365
2022-02-18,-0.005505442127148163
2022-02-22,-0.0038950225208365394
2022-02-23,-0.013805798868349631
2022-02-24,0.01097852683930076
2022-02-25,0.015738154276894005
2022-02-28,0.00022709248454406234
2022-03-01,0.0023113361780886963
2022-03-02,0.01173294423707496
2022-03-03,0.0009386721433695985
2022-03-04,0.001558563369678705
2022-03-07,-0.016199496470694144
2022-03-08,0.004421558591621504
2022-03-09,0.0027576284164293747
2022-03-10,-0.008746731010836619
2022-03-11,-0.005744469327859613
2022-03-14,-0.015713389758064907
2022-03-15,0.004227526410902848
2022-03-16,0.019438312885925225
2022-03-17,0.020359941581507078
2022-03-18,0.009592357093773526
2022-03-21,0.001995356731204
2022-03-22,0.005228558886330312
2022-03-23,-0.0009561529538377783
2022-03-24,0.006172562990057966
2022-03-25,0.0037457817742770115
2022-03-28,-0.005887483208521046
2022-03-29,0.016401936932464844
2022-03-30,0.0018382350902269348
2022-03-31,-0.015351837674878476
2022-04-01,0.003371253662898194
2022-04-04,0.006339193650836405
2022-04-05,-0.010161831383005727
2022-04-06,-0.006018626402631829
2022-04-07,0.0012431238048532173
2022-04-08,0.0018633935301209735
2022-04-11,-0.009328008572837422
2022-04-12,0.001335408058391379
2022-04-13,0.009923190983074768
2022-04-14,-0.0082184603109379
2022-04-18,0.0016624866041091062
2022-04-19,0.004948745865402967
2022-04-20,0.0031479066761450733
2022-04-21,-0.009254438731541621
2022-04-22,-0.022483869432370705
2022-04-25,-0.0016935135635959431
2022-04-26,-0.016920846368679923
2022-04-27,-0.000605981942509333
2022-04-28,0.018315405577595107
2022-04-29,-0.03030469900711142
2022-05-02,-0.00590747848389795
2022-05-03,0.0018755214666202947
2022-05-04,0.018935053729832927
2022-05-05,-0.015695853358979734
2022-05-06,-0.004919564288274808
2022-05-09,-0.028641068335793406
2022-05-10,-0.004631979850250384
2022-05-11,0.005825477127379463
2022-05-12,-0.00031934422742249094
2022-05-13,0.013216771457870553
2022-05-16,0.006968789966197158
2022-05-17,0.005173335531970574
2022-05-18,-0.021027381255888086
2022-05-19,0.0010220215368272722
2022-05-20,0.0007948435020793897
2022-05-23,0.009846452972018199
2022-05-24,0.0003061187933744102
2022-05-25,0.0031777347941757683
2022-05-26,0.008874089523422956
2022-05-27,0.013707569815264477
2022-05-31,-0.01040875662092342
2022-06-01,-0.0018221197863210795
2022-06-02,0.007995105954091386
2022-06-03,-0.0034340333836456955
2022-06-06,0.002470965038046902
2022-06-07,0.0043794366335674125
2022-06-08,-0.003575043179808934
2022-06-09,-0.006618854009820884
2022-06-10,-0.00936582682968855
2022-06-13,-0.016282542708566904
2022-06-14,-0.004273049711526078
2022-06-15,0.004867893893449171
2022-06-16,-0.006058374933657006
2022-06-17,-0.005633591017975559
2022-06-21,0.0035477609113346463
2022-06-22,-0.002828943968626124
2022-06-23,-0.004389352625910331
2022-06-24,0.009155433311642957
2022-06-27,-0.002339198415070259
2022-06-28,-0.0012814870305415949
2022-06-29,-0.0032526032547517234
2022-06-30,-0.008263859402812207
2022-07-01,-0.002381739497373152
2022-07-05,-0.01649558541364521
2022-07-06,-0.0039084578855892674
2022-07-07,0.009128639154625206
2022-07-08,0.00547299653919231
2022-07-11,-0.0020485739521545975
2022-07-12,-0.01150812498468735
2022-07-13,0.0020968258440392626
2022-07-14,-0.005310021687530819
2022-07-15,0.002637107816561934
2022-07-18,0.006159733451854832
2022-07-19,4.858321414394351e-05
2022-07-20,-0.0015273093059863685
2022-07-21,-0.0030325905787284167
2022-07-22,-0.0037079732975779543
2022-07-25,0.0043218780322753
2022-07-26,0.001958596228171838
2022-07-27,0.006014895009046339
2022-07-28,0.0033726031338688566
2022-07-29,0.0015613252531702314
2022-08-01,-0.004768577133660742
2022-08-02,-0.002866522724886816
2022-08-03,-0.0006869040203171861
2022-08-04,0.0006720960683974596
2022-08-05,-0.001213846441444888
2022-08-08,0.0026356482854558937
2022-08-09,0.0018490994306445073
2022-08-10,0.004077486491050308
2022-08-11,0.004309892689986916
2022-08-12,-0.0005096303571369254
2022-08-15,-0.002856242279962451
2022-08-16,-0.0039540911844998744
2022-08-17,0.0005886970172684247
2022-08-18,6.032243925104246e-05
2022-08-19,0.0013736825340524782
2022-08-22,0.002522997493273249
2022-08-23,0.004609859908248859
2022-08-24,0.0021617026877327025
2022-08-25,-0.003064184507709716
2022-08-26,0.0025246109700915675
2022-08-29,0.0024135335652996637
2022-08-30,-0.004812933180808843
2022-08-31,-0.0036477107848816633
2022-09-01,-0.005534329205455796
2022-09-02,0.0015300975523016346
2022-09-06,-0.0005199163796314965
2022-09-07,-0.0045273250753888545
2022-09-08,0.0005361124410780127
2022-09-09,0.007061999548467023
2022-09-12,0.0030837083728951554
2022-09-13,-0.0016946252530106397
2022-09-14,-0.000298660460394995
2022-09-15,-0.004447020694509096
2022-09-16,-0.0006867052537046169
2022-09-19,0.00048231511254022137
2022-09-20,0.0017933957489878192
2022-09-21,-0.0019126280859132815
2022-09-22,0.0004963680387409352
2022-09-23,-0.007974585168318699
2022-09-26,-0.005941780181258849
2022-09-27,0.0019002008094428644
2022-09-28,0.005454130562932991
2022-09-29,-0.0008491666707432399
2022-09-30,-0.002826477994963422
2022-10-03,0.0036874041892862477
2022-10-04,0.004497733792487591
2022-10-05,0.003582804249770166
2022-10-06,0.00027197108871939715
2022-10-07,0.0017979751397952603
2022-10-10,0.0001102238377114872
2022-10-11,-0.0027471922316185337
2022-10-12,-0.001179941002949858
2022-10-13,0.0020726411369917153
2022-10-14,-0.0038709442123690484
2022-10-17,-0.0003575685339690271
2022-10-18,-0.0018372302447495934
2022-10-19,-0.0003599371474190038
2022-10-20,0.0001958591055495784
2022-10-21,0.0005560865191146846
2022-10-24,-0.0001016650495946736
2022-10-25,0.0003912329162829908
2022-10-26,0.00220747477754778
2022-10-27,-0.0006725162804785245
2022-10-28,-0.0025184615872211047
2022-10-31,0.0005383109112666428
2022-11-01,0.003933253514747981
2022-11-02,0.0005299985330790568
2022-11-03,-0.0008688521842246444
2022-11-04,0.006965966942071011
2022-11-07,-0.000775320313667488
2022-11-08,-0.0025656794976054833
2022-11-09,-0.004130530038773417
2022-11-10,0.0018073413698999285
2022-11-11,0.0032388187010209068
2022-11-14,-0.0023117948854676496
2022-11-15,0.002195324903211393
2022-11-16,-0.002190834403697511
2022-11-17,-0.0038488724745437738
2022-11-18,-0.000990056360260999
2022-11-21,-0.00023490685255391777
2022-11-22,0.001781434462181275
2022-11-23,-0.002673843541801318
2022-11-25,-0.0013965095617741452
2022-11-28,-0.0017391213322785425
2022-11-29,0.0024058922428754513
2022-11-30,0.0051101004103113025
2022-12-01,-0.0017714435744791439
2022-12-02,-0.0021620392946051113
2022-12-05,-0.007474172825714425
2022-12-06,-0.005198786855054543
2022-12-07,-0.0006735557659768021
2022-12-08,0.0006249287269260384
2022-12-09,-0.0016993647618818552
2022-12-12,0.00500523729605219
2022-12-13,0.004368267052833452
2022-12-14,0.0003050250487707074
2022-12-15,-0.004902811042647331
2022-12-16,-0.004043539786658362
2022-12-19,-0.001224382272321156
2022-12-20,0.0023049128818033223
2022-12-21,0.005721432293608386
2022-12-22,-0.002926099122158582
2022-12-23,0.004619841037921957
2022-12-27,0.0008657787978647524
2022-12-28,-0.002365366307674882
2022-12-29,0.0012274375765790157
2022-12-30,0.0010054034620936405
2023-01-03,-0.0050536211402471025
2023-01-04,-0.005575555506583251
2023-01-05,-0.0045688695777151515
2023-01-06,0.003935126362019298
2023-01-09,0.001081707737326265
2023-01-10,-0.0016736839441348294
2023-01-11,0.0010677666411067596
2023-01-12,0.004535728022306074
2023-01-13,0.004782173483553376
2023-01-17,-0.0005832995738860868
2023-01-18,-0.0056161310962193345
2023-01-19,0.0033834760478079376
2023-01-20,0.0016993979562601514
2023-01-23,-0.0028704058136099996
2023-01-24,0.0014223603708964304
2023-01-25,0.001412196473997279
2023-01-26,0.0028686897986768822
2023-01-27,-0.0034886723901081606
2023-01-30,-0.0012458068172293058
2023-01-31,0.00563084931200084
2023-02-01,0.0005982404452613523
2023-02-02,-0.006001918085938384
2023-02-03,-0.016556384060854502
2023-02-06,-0.0011730125697438699
2023-02-07,0.004025093424859455
2023-02-08,0.0005409322066922293
2023-02-09,-0.007160971000211646
2023-02-10,0.005283218078851915
2023-02-13,0.0008781353247470645
2023-02-14,0.0007362656374202025
2023-02-15,-0.005690097053234788
2023-02-16,-0.0017613831964360116
2023-02-17,0.0012036445465062051
2023-02-21,-0.0011783200373121582
2023-02-22,-0.00624615307319239
2023-02-23,0.0003184854646475666
2023-02-24,-0.008826694582629212
2023-02-27,-0.0007293471401977338
2023-02-28,0.0025874097017508035
2023-03-01,0.002528383838383812
2023-03-02,-0.0005585436491518547
2023-03-03,0.002367109634551523
2023-03-06,-0.0007358953393295286
2023-03-07,-0.0030813475760065765
2023-03-08,-0.0008179530201342155
2023-03-09,-0.0018346689160691598
2023-03-10,0.0016011955593509763
2023-03-13,-0.0009505703422053257
2023-03-14,-0.0019132653061224635
2023-03-15,-0.0034883720930232454
2023-03-16,0.000462962962962965
2023-03-17,-0.0004615384615384632
2023-03-20,0.0005952380952380931
2023-03-21,0.0005270092226614231
2023-03-22,0.00039387308533913587
2023-03-23,-0.0003928415539065644
2023-03-24,0.000722100656455138
2023-03-27,0.0028092334494773663
2023-03-28,0.0007054296707994955
2023-03-29,-0.0009574468085106313
2023-03-30,0.0010920770877944075
2023-03-31,0.0014030612244897765
2023-04-03,0.0012189509373377878
2023-04-04,0.0031433639801066947
2023-04-05,8.086555013307461e-05
2023-04-06,-0.0011247415037516362
2023-04-10,-0.0016382122385344864
2023-04-11,0.0009298056146549604
2023-04-12,0.0008973016971562054
2023-04-13,0.002118659412195534
2023-04-14,-0.003003304002642981
2023-04-17,-0.0008875740109622776
2023-04-18,0.0005454771159432936
2023-04-19,-0.000845046297738633
2023-04-20,0.0009575353457117353
2023-04-21,-0.0015746278829826099
2023-04-24,0.0006206570052085025
2023-04-25,0.001348097501786316
2023-04-26,-0.0009977617447113952
2023-04-27,-0.0002836737937454703
2023-04-28,0.00020504904762277395
2023-05-01,-0.005673609958506861
2023-05-02,0.0009746714673394166
2023-05-03,0.0008515569050683566
2023-05-04,0.0012703101947351245
2023-05-05,0.008501361951801751
2023-05-08,-0.0016880435301009577
2023-05-09,-0.0007425672318710723
2023-05-10,0.003852759967708902
2023-05-11,-0.007586139231931121
2023-05-12,-0.0038041793471211612
2023-05-15,0.003959573232349961
2023-05-16,-0.008741414477348669
2023-05-17,0.006914864076061866
2023-05-18,0.0016495926931180288
2023-05-19,0.0036421415714160852
2023-05-22,0.0003354403164958274
2023-05-23,-0.011472300728277398
2023-05-24,-0.011984629953775017
2023-05-25,0.003828624727535901
2023-05-26,0.016305921700796172
2023-05-30,0.0010798343712676846
2023-05-31,-0.0027355213731614252
2023-06-01,0.014343214166797551
2023-06-02,0.005998664374622803
2023-06-05,-0.0011762529641926932
2023-06-06,0.004931222709356363
2023-06-07,-0.012956022190048386
2023-06-08,0.014513441787145151
2023-06-09,0.002218587914417321
2023-06-12,0.006218838071899815
2023-06-13,0.003248540645429793
2023-06-14,0.004741449821491987
2023-06-15,0.0078082887645272445
2023-06-16,-0.0027140048006136074
2023-06-20,-0.013059375792212679
2023-06-21,-0.005333177334922907
2023-06-22,-0.0022471645453088418
2023-06-23,-0.009246986908943027
2023-06-26,-0.001465854699362036
2023-06-27,0.008292042968684838
2023-06-28,0.0010846394435765146
2023-06-29,-0.0015382887023881629
2023-06-30,0.011283913388335867
2023-07-03,0.004540651527839325
2023-07-05,-0.007414157030662016
2023-07-06,-0.019963239048365597
2023-07-07,0.006481233596533544
2023-07-10,0.006439326475415782
2023-07-11,0.012104471206690077
2023-07-12,0.02215143908741978
2023-07-13,0.02005406168779315
2023-07-14,-0.006617734758024565
2023-07-17,0.0037594907099262474
2023-07-18,0.012998512158614809
2023-07-19,0.0039042761818680353
2023-07-20,-0.014879592971122249
2023-07-21,-0.000980022436889973
2023-07-24,0.004133301013493464
2023-07-25,0.005088510640890391
2023-07-26,0.0056145800660201885
2023-07-27,-0.016917543269049578
2023-07-28,0.0180725420303739
2023-07-31,0.00448448614967717
2023-08-01,-0.013349059096326854
2023-08-02,-0.026820313765240043
2023-08-03,-0.006105347337690004
2023-08-04,0.002435028227772859
2023-08-07,0.00444593160287938
2023-08-08,-0.011133868535548715
2023-08-09,-0.007957424511665022
2023-08-10,0.000703748850118533
2023-08-11,-0.005213863146857994
2023-08-14,-0.0021414218089426543
2023-08-15,-0.017514851497450405
2023-08-16,-0.012605712622720922
2023-08-17,-0.00810693174591017
2023-08-18,0.0017793839156371584
2023-08-21,0.007591182581419624
2023-08-22,-0.0014521556620588469
2023-08-23,0.025503960423206056
2023-08-24,-0.01747439674283828
2023-08-25,0.008488059613145901
2023-08-28,0.013111706937212196
2023-08-29,0.022634549853985976
2023-08-30,0.0021900711956393494
2023-08-31,-0.003293681442342551
2023-09-01,0.0029913392243555875
2023-09-05,-0.013888395314331748
2023-09-06,-0.008639805236080243
2023-09-07,-0.004432812929818344
2023-09-08,-0.0015686589532580748
2023-09-11,0.011586285970355398
2023-09-12,-0.005646486292271144
2023-09-13,-0.0013611574701049578
2023-09-14,0.011478230189076245
2023-09-15,-0.007650028203514367
2023-09-18,-0.00032339708852330827
2023-09-19,-0.0024194782619763907
2023-09-20,-0.009909500468187494
2023-09-21,-0.02269455318504144
2023-09-22,0.002455146191089024
2023-09-25,-0.003700101538902958
2023-09-26,-0.02028722110136084
2023-09-27,-0.0025229384069889995
2023-09-28,0.008764277080136502
2023-09-29,-0.009587706396735118
2023-10-02,-0.016070178373599277
2023-10-03,-0.020753140823537193
2023-10-04,0.0016795339680319781
2023-10-05,0.004681883331655014
2023-10-06,0.013907295664042469
2023-10-09,0.01335162263071749
2023-10-10,0.00982900526223211
2023-10-11,0.005405568442583778
2023-10-12,-0.01335426085687699
2023-10-13,0.004362088809486416
2023-10-16,0.006913405206891028
2023-10-17,0.0007429184061885102
2023-10-18,-0.015892558632859856
2023-10-19,-0.007936962308398509
2023-10-20,-0.00835545228850772
2023-10-23,-0.0019498881467199874
2023-10-24,0.008988120150238928
2023-10-25,-0.017000875966527912
2023-10-26,-0.007055294587381675
2023-10-27,0.003430850427063885
2023-10-30,0.007517463643886023
2023-10-31,0.003017856636472328
2023-11-01,0.01719104843183351
2023-11-02,0.023956187984593102
2023-11-03,0.02076215808837473
2023-11-06,-0.004367393579482014
2023-11-07,-0.0016960403683337353
2023-11-08,-0.0026140813881218453
2023-11-09,-0.009595370303519977
2023-11-10,0.009496987571851277
2023-11-13,0.002328615519894512
2023-11-14,0.03382296468147651
2023-11-15,-0.0014768237200800196
2023-11-16,0.0054675235426200905
2023-11-17,0.006243072413569837
2023-11-20,0.008061672524518799
2023-11-21,-6.580177944356296e-05
2023-11-22,0.001870078445490851
2023-11-24,0.001567801205227546
2023-11-27,0.0027084651830152915
2023-11-28,0.01123942396899468
2023-11-29,0.003804132143828116
2023-11-30,-0.0008810727398987108
2023-12-01,0.016307034353867794
2023-12-04,-0.015753207315048385
2023-12-05,-0.0014281297060125691
2023-12-06,-0.0017730871347788587
2023-12-07,0.008172754427015701
2023-12-08,-0.004444599853141324
2023-12-11,0.0006030386829168699
2023-12-12,0.004460218425520792
2023-12-13,0.030674572260062448
2023-12-14,0.01487841501114596
2023-12-15,-0.0065819364258706175
2023-12-18,0.0016972647499366876
2023-12-19,0.010918914697652283
2023-12-20,-0.01375749892321096
2023-12-21,0.016071899583551045
2023-12-22,0.0013815187670363346
2023-12-26,0.007874020656714154
2023-12-27,0.007443339415256463
2023-12-28,-0.0024016619260593623
2023-12-29,-0.006981883158140835
2024-01-02,-0.012863622034113894
2024-01-03,-0.013434128944466103
2024-01-04,-0.006494434735890406
2024-01-05,-0.00028945713604635763
2024-01-08,0.014273121504148197
2024-01-09,-0.005975842964287942
2024-01-10,0.004278868798744678
2024-01-11,0.004703456575879044
2024-01-12,0.005437235280438626
2024-01-16,-0.017391285369162762
2024-01-17,-0.01496346847943928
2024-01-18,0.008367756460993662
2024-01-19,0.010982008320193385
2024-01-22,0.003989917793220566
2024-01-23,-0.0008272745850350937
2024-01-24,0.0007529147721891324
2024-01-25,0.007554725896581063
2024-01-26,-0.0017989417419093756
2024-01-29,0.012116524115575102
2024-01-30,-0.0009239818355007924
2024-01-31,-0.008749868176724228
2024-02-01,0.016813525145231486
2024-02-02,-0.003872463061307918
2024-02-05,-0.01093776828770669
2024-02-06,0.007875061397993884
2024-02-07,0.004588593842162156
2024-02-08,0.0015772114171917835
2024-02-09,0.0060266539773794125
2024-02-12,0.0018042856853089716
2024-02-13,-0.024410655405340657
2024-02-14,0.012755635250202435
2024-02-15,0.012294600203756998
2024-02-16,-0.007366901740315936
2024-02-20,0.0001076806943582434
2024-02-21,-0.0013267347747482655
2024-02-22,0.01771633329016642
2024-02-23,0.0040208461730829375
2024-02-26,-0.0015090858281164331
2024-02-27,0.003087622654090107
2024-02-28,-0.004134287563024365
2024-02-29,0.007144233659823858
2024-03-01,0.017524683508716225
2024-03-04,0.0038400945260850207
2024-03-05,-0.006027102314395369
2024-03-06,0.012940880861234925
2024-03-07,0.010526210462744774
2024-03-08,-0.0013470587461232178
2024-03-11,-0.002978901238771969
2024-03-12,0.004799707799893597
2024-03-13,-0.0001475285733341883
2024-03-14,-0.010028975032081939
2024-03-15,-0.0009193067076535386
2024-03-18,0.00429209839589548
2024-03-19,0.0026432509879701156
2024-03-20,0.016415204241499705
2024-03-21,0.0024394634514871994
2024-03-22,-0.0026988261006149206
2024-03-25,-0.0013879748903874653
2024-03-26,-0.0018638776205893437
2024-03-27,0.013639947324722734
2024-03-28,0.0019074204621761133
2024-04-01,-0.005919884608756811
2024-04-02,-0.004471479065714688
2024-04-03,0.007768524407122409
2024-04-04,-0.010180369390305746
2024-04-05,0.010642764984301787
2024-04-08,0.006163161299297117
2024-04-09,0.007378226964064469
2024-04-10,-0.02478680878789431
2024-04-11,0.0098291267547183
2024-04-12,-0.017910305149352882
2024-04-15,-0.009604880450041268
2024-04-16,-0.013215100998227005
2024-04-17,-0.004709863055804414
2024-04-18,0.0007478236512114583
2024-04-19,1.6118036480882846e-05
2024-04-22,0.005351103484595917
2024-04-23,0.012162226984109098
2024-04-24,-0.0005173203843306827
2024-04-25,-0.006693072591191918
2024-04-26,0.010618400258028004
2024-04-29,0.004200291910367818
2024-04-30,-0.02700151277581793
2024-05-01,-0.004207867209695765
2024-05-02,0.017458405671078016
2024-05-03,0.017232939406366273
2024-05-06,0.01491847015662292
2024-05-07,0.0006992498739210435
2024-05-08,-0.005061011363950868
2024-05-09,0.012294706775027276
2024-05-10,0.0005989936883494346
2024-05-13,-0.004103362601532979
2024-05-14,0.010258399764707616
2024-05-15,0.021724056409718605
2024-05-16,-0.006775081468579652
2024-05-17,0.010768276509964606
2024-05-20,0.005613266933519427
2024-05-21,0.00017608399850196747
2024-05-22,-0.013685525154372125
2024-05-23,-0.013316961783979283
2024-05-24,0.01162685171302313
2024-05-28,0.009283409703193206
2024-05-29,-0.016395832791386372
2024-05-30,-0.002494195033789423
2024-05-31,0.004210852426092778
2024-06-03,0.004318097832720054
2024-06-04,-0.0038525407029433136
2024-06-05,0.01419886923953059
2024-06-06,0.003866649796894546
2024-06-07,-0.02041224786974529
2024-06-10,0.005805683714062752
2024-06-11,-0.0022741973107731138
2024-06-12,0.015009054102618623
2024-06-13,-0.004140311482435736
2024-06-14,-0.0023232176878515707
2024-06-17,0.002027879766696715
2024-06-18,0.007579142262448909
2024-06-20,-0.0020819184105005132
2024-06-21,-0.007324537336246141
2024-06-24,0.0028442198837446866
2024-06-25,-0.0008633364341243563
2024-06-26,-0.00547978648737452
2024-06-27,0.005641614931985451
2024-06-28,-0.0010455624543356694
2024-07-01,-0.0018801374371080867
2024-07-02,0.010826148371310882
2024-07-03,0.013467787275704622
2024-07-05,0.010728824526718141
2024-07-08,-0.0037795583404754566
2024-07-09,0.0004560750031844579
2024-07-10,0.012384739802521366
2024-07-11,0.011820056181380734
2024-07-12,0.008518750620755555
2024-07-15,-0.0013381929830421418
2024-07-16,0.013436092523848604
2024-07-17,-0.013110096407421815
2024-07-18,-0.014872143348001611
2024-07-19,-0.013551048977812773
2024-07-22,0.01473467568373943
2024-07-23,-0.002976729478818055
2024-07-24,-0.02514846367623088
2024-07-25,-0.006830291576725866
2024-07-26,0.01560820084749585
2024-07-29,-0.0022500637700398757
2024-07-30,0.0012104695341508581
2024-07-31,0.024529929276472278
2024-08-01,-0.020652189831980125
2024-08-02,-0.012376144609797966
2024-08-05,-0.031116964563995826
2024-08-06,0.005063388853715014
2024-08-07,-0.0020221696409014043
2024-08-08,0.02292707277776363
2024-08-09,0.007830846920359525
2024-08-12,0.0013170009596843578
2024-08-13,0.018818036068185027
2024-08-14,0.0007562016598141754
2024-08-15,0.01383538254763271
2024-08-16,0.009290355522807884
2024-08-19,0.015108162548880448
2024-08-20,-0.0011956920096063083
2024-08-21,0.008411505090242303
2024-08-22,-0.011879320032681722
2024-08-23,0.025803532969559864
2024-08-26,-0.0018538363606826701
2024-08-27,0.002450096048421206
2024-08-28,-0.00875420034338417
2024-08-29,0.00034795717174468713
2024-08-30,0.004002286261538414
2024-09-03,-0.015349207945921413
2024-09-04,0.0024803453662323813
2024-09-05,0.005986147697736986
2024-09-06,-0.017400013845335262
2024-09-09,0.013224609282824127
2024-09-10,0.00437075684554188
2024-09-11,0.008378263040121639
2024-09-12,0.010422107524511549
2024-09-13,0.011719458174737416
2024-09-16,0.008058929534859012
2024-09-17,-0.003777004389512768
2024-09-18,-0.006461479977594942
2024-09-19,0.018212109310200623
2024-09-20,-0.0040857287021942735
2024-09-23,0.004334917401734882
2024-09-24,0.010746689613595956
2024-09-25,-0.008664001455689376
2024-09-26,0.013067223588680933
2024-09-27,-0.0010838748382888458
2024-09-30,-0.005479284442676469
2024-10-01,-0.0038499525054023855
2024-10-02,-0.002255619323516201
2024-10-03,-0.009309141538455403
2024-10-04,0.0001038668361843585
2024-10-07,-0.012287723260546233
2024-10-08,0.001412539589973764
2024-10-09,-0.00025395429295025425
2024-10-10,-0.00032010576699895317
2024-10-11,0.009359121736751016
2024-10-14,0.002739190549841278
2024-10-15,-0.00219820316968913
2024-10-16,0.006969691134490421
2024-10-17,-0.006321461485505844
2024-10-18,0.00823423413430939
2024-10-21,-0.01624246922258174
2024-10-22,-0.0007731175999061573
2024-10-23,-0.012080590197816607
2024-10-24,0.004231453975652988
2024-10-25,-0.003951352661513173
2024-10-28,0.005270161497782663
2024-10-29,0.002846073403200065
2024-10-30,-0.0019767042930102954
2024-10-31,-0.01695980145472263
2024-11-01,-0.004316255034888072
2024-11-04,0.006620680976669332
2024-11-05,0.01474412305412656
2024-11-06,-0.0042927161231073865
2024-11-07,0.02106409541734762
2024-11-08,-0.0016847512757388662
2024-11-11,-0.005768977185234871
2024-11-12,-0.015840876348099248
2024-11-13,-0.007005609738680419
2024-11-14,-0.004327094795842118
2024-11-15,-0.007097111216937529
2024-11-18,0.010063888869621332
2024-11-19,0.006000530350572615
2024-11-20,-0.0027309741066355465
2024-11-21,0.004407814942391987
2024-11-22,0.008254945790632972
2024-11-25,0.009642073882814297
2024-11-26,-0.00017389372651894434
2024-11-27,0.004470505616038642
2024-11-29,0.011408041311426885
2024-12-02,-0.0006202298914930866
2024-12-03,0.0008516450010039676
2024-12-04,0.006496031624008528
2024-12-05,0.0006204579206341456
2024-12-06,0.0030227096732646304
2024-12-09,-0.002417176858636322
2024-12-10,-0.006217789895354503
2024-12-11,0.004951502280502667
2024-12-12,-0.012825619276619826
2024-12-13,-0.006092526993406191
2024-12-16,0.001723287564620197
2024-12-17,-0.004530605760944763
2024-12-18,-0.039502435400603345
2024-12-19,-0.009107322602320073
2024-12-20,0.014414504963319849
2024-12-23,0.0012674948210537034
2024-12-24,0.009561749115891052
2024-12-26,0.0025085777961303636
2024-12-27,-0.011547105196048969
2024-12-30,-0.005091683697081493
2024-12-31,-0.0011726059791634595
2025-01-02,0.002998810808928193
2025-01-03,0.008435417718308434
2025-01-06,0.003843884352244928
2025-01-07,-0.007884478892045575
2025-01-08,5.165847079784938e-05
2025-01-10,-0.015317006786644967
2025-01-13,-0.00016171897537840514
2025-01-14,0.005704541690913512
2025-01-15,0.025462421797213454
2025-01-16,0.00042694079334950805
2025-01-17,0.006348357287608019
2025-01-21,0.018969949778908653
2025-01-22,0.0006391950087377232
2025-01-23,0.0043006042259929175
2025-01-24,0.0037556354831180584
2025-01-27,-0.012264342540748482
2025-01-28,0.006859879239545268
2025-01-29,-0.0016589269148975083
2025-01-30,0.014085793960869189
2025-01-31,-0.008809565008890857
2025-02-03,-0.0046809656760766725
2025-02-04,0.013626601902151845
2025-02-05,0.009907174483027716
2025-02-06,0.0007934934344925031
2025-02-07,-0.01093904810739472
2025-02-10,0.01146505566170379
2025-02-11,-0.0014973309071718709
2025-02-12,-0.00543526019881211
2025-02-13,0.017085176164509983
2025-02-14,0.0007258238754861038
2025-02-18,0.00860566617009374
2025-02-19,-0.0009598932029912883
2025-02-20,-0.00029542479939683613
2025-02-21,-0.015642901167181603
2025-02-24,-0.006064015829293851
2025-02-25,-0.0004091678272788327
2025-02-26,0.0022122042598097724
2025-02-27,-0.017722218437023773
2025-02-28,0.005746934818113183
2025-03-03,-0.005655285172018677
2025-03-04,-0.005230095762528616
2025-03-05,0.01450525951573372
2025-03-06,-0.01834078539832653
2025-03-07,0.0077348511791388375
2025-03-10,-0.021122716150842834
2025-03-11,-0.0022215612587446394
2025-03-12,0.005291835063740926
2025-03-13,-0.005917069451000657
2025-03-14,0.017481119147968197
2025-03-17,0.014615391702963873
2025-03-18,-0.005074595948108689
2025-03-19,0.011168988722083335
2025-03-20,-0.004511793076887793
2025-03-21,-0.0071712100180301355
2025-03-24,0.007994364976937531
2025-03-25,0.003979936742323689
2025-03-26,-0.011699784572492496
2025-03-27,0.0012316912067354387
2025-03-28,-0.010737423477809092
2025-03-31,0.00456695765783081
2025-04-01,0.006009923502944113
2025-04-02,0.006045372094675658
2025-04-03,-0.036464952357353864
2025-04-04,-0.05804152936819779
2025-04-07,-0.0296090572601377
2025-04-08,-0.019573515398940734
2025-04-09,0.07854417557519068
2025-04-10,-0.030908864143540417
2025-04-11,0.02354354326707373
2025-04-14,0.012693735579220685
2025-04-15,0.002657318055193356
2025-04-16,0.0014324874822164578
2025-04-17,0.004398775470460211
2025-04-21,-0.01454788162203169
2025-04-22,0.017695210706604448
2025-04-23,0.010164770628561737
2025-04-24,0.021265787989862374
2025-04-25,0.003598640129515141
2025-04-28,0.004914245193554419
2025-04-29,0.0004673416533620303
2025-04-30,-0.006705599760130584
2025-05-01,-0.005058427704837645
2025-05-02,0.004741726046004618
2025-05-05,0.0014927850793874957
2025-05-06,0.00507363114045353
2025-05-07,-0.001954091113750043
2025-05-08,-0.008576134854234179
2025-05-09,0.004468054396161764
2025-05-12,0.0010031726634667465
2025-05-13,0.003110503229491102
2025-05-14,-0.008136568926877304
2025-05-15,0.011841133422461698
2025-05-16,0.001847714705455989
2025-05-19,0.00390042032071229
2025-05-20,0.0009863382823685277
2025-05-21,-0.012014276310438086
2025-05-22,-0.000311526799525422
2025-05-23,0.004786700384133616
2025-05-27,0.010583791558475561
2025-05-28,-0.007096743582932558
2025-05-29,0.007279424500176379
2025-05-30,0.0007878591609486098
2025-06-02,0.010968804556076203
2025-06-03,-0.00019186460440834686
2025-06-04,0.006444580488093653
2025-06-05,-0.0006937866036666785
2025-06-06,0.004439030200113722
2025-06-09,0.005071215569568808
2025-06-10,0.004489209740197172
2025-06-11,-0.00042058011749957153
2025-06-12,0.008020756523656587
2025-06-13,-0.014224550000628678
2025-06-16,0.006189221937149284
2025-06-17,-0.007203428354458532
2025-06-18,0.0014823446897665187
2025-06-20,-0.007364099602397531
2025-06-23,0.012372581011709226
2025-06-24,0.011751422588397804
2025-06-25,-0.004606745424819044
2025-06-26,0.012928315897935878
2025-06-27,0.0012823609783029163
2025-06-30,0.0067518307965336215
2025-07-01,-0.0008539900960132744
2025-07-02,0.0063281743958783785
2025-07-03,0.004081612829562703
2025-07-07,-0.015040732019178164
2025-07-08,-0.0006723022166749926
2025-07-09,0.008480602540154352
2025-07-10,0.001265858177246532
2025-07-11,-0.005348306042728046
2025-07-14,0.002457586054871093
2025-07-15,-0.011378260973110736
2025-07-16,0.008615121898087429
2025-07-17,0.00547041671041317
2025-07-18,-0.00024131477167919392
2025-07-21,0.00914855577641507
2025-07-22,0.007745744143016926
2025-07-23,0.012014345585341962
2025-07-24,-0.005485317140775501
2025-07-25,-0.0014400381670884527
2025-07-28,-0.007891790444691104
2025-07-29,0.0013775128534476416
2025-07-30,-0.010369338843611785
2025-07-31,-0.0072159334641205405
2025-08-01,-0.0035257499998015652
2025-08-04,0.017217703505710783
2025-08-05,-0.0007483000396811717
2025-08-06,0.0061819519668976
2025-08-07,0.005347223867923736
2025-08-08,0.0034404111062460614
2025-08-11,-0.003657582349815166
2025-08-12,0.013045718525853303
2025-08-13,0.010183223050798825
2025-08-14,-0.008780928772988875
2025-08-15,0.0018061660239160953
2025-08-18,-0.0008893056872346974
2025-08-19,-0.003839013536682563
2025-08-20,0.0027520057489653182
2025-08-21,-0.00516038785860849
2025-08-22,0.02617373010041106
2025-08-25,-0.008945400373498441
2025-08-26,0.0019952589244386382
2025-08-27,0.003313330671456587
2025-08-28,0.005691572819216284
2025-08-29,-0.0026619989517768887
2025-09-02,-0.0048462602678053445
2025-09-03,0.004559965080226554
2025-09-04,0.00603051040755125
2025-09-05,0.008349352710434514
2025-09-08,0.009091920944757264
2025-09-09,-0.002804556157543894
2025-09-10,0.004329906367825672
2025-09-11,0.013154004105255484
2025-09-12,-0.0013078827211648234
2025-09-15,0.010940244421660153
2025-09-16,-0.00016982186152121972
2025-09-17,-0.007115938776404566
2025-09-18,0.0019143933930907363
2025-09-19,0.0006690642343520481
2025-09-22,0.0062549911808647395
2025-09-23,0.0008039997897380453
2025-09-24,-0.007381392362314605
2025-09-25,-0.0038888712860026026
2025-09-26,0.008713450675603232
2025-09-29,0.00614079236735311
2025-09-30,0.002364884613628668
2025-10-01,0.006248559603758303
2025-10-02,-0.0005805985508735025
2025-10-03,0.006132363334332062
2025-10-06,0.0074703371510724745
2025-10-07,-0.007587839217015762
2025-10-08,0.007851437973060305
2025-10-09,-0.009020419677993184
2025-10-10,-0.02415884493997251
2025-10-13,0.024750194324743555
2025-10-14,0.002531312483651322
2025-10-15,0.011742349190245681
2025-10-16,0.003434838204630061
2025-10-17,-0.003946382730130573
2025-10-20,0.01915317185620518
2025-10-21,-0.016909243785334063
2025-10-22,-0.0020393037049329134
2025-10-23,0.007956371030550255
2025-10-24,0.004384757679682388
2025-10-27,0.0035031585740186626
2025-10-28,-0.00014737579040467437
2025-10-29,-0.00505612354842747
2025-10-30,-0.004870712777905665
2025-10-31,0.0013957407844721185
2025-11-03,0.0017079583353009963
2025-11-04,-0.01259814848409805
2025-11-05,0.002638224655695377
2025-11-06,-0.004014559081899963
2025-11-07,0.003326281605088879
2025-11-10,0.015456168217043093
2025-11-11,0.006305138922010393
2025-11-12,0.001084464773898819
2025-11-13,-0.01803572058180977
2025-11-14,-0.0035426943136690862
2025-11-17,-0.00864875929586362
2025-11-18,-0.005428124985412538
2025-11-19,-0.002911819636758863
2025-11-20,-0.013861673089190292
2025-11-21,0.01115751495137065
2025-11-24,0.012659800236151063
2025-11-25,0.010465986939118333
2025-11-26,0.012793424212080212
2025-11-28,0.007573571237073037
2025-12-01,-0.007575550768275942
2025-12-02,0.0023650760552992064
2025-12-03,0.005704799680496392
2025-12-04,-0.0004302480390236058
2025-12-05,0.0013905413373829375
2025-12-08,-0.007355075405690098
2025-12-09,0.0009238628687113808
2025-12-10,0.012295053754925997
2025-12-11,0.004355988128149938
2025-12-12,-0.011231116294653416
2025-12-15,0.0012889857469215904
2025-12-16,-0.0032553015505238907
2025-12-17,-0.005196981052926762
2025-12-18,0.006750113913644545
2025-12-19,0.006662108801434378
2025-12-22,0.008642089620985552
2025-12-23,0.008234621229508231
2025-12-24,0.005405820903751567
2025-12-26,0.005105606135206902
2025-12-29,-0.00903024666858576
2025-12-30,0.001219426390857516
2025-12-31,-0.011705571499202837
2026-01-02,0.0072500414027823635
2026-01-05,0.01683711043613376
2026-01-06,0.006754663620877152
2026-01-07,-0.0036818333515507176
2026-01-08,0.001960980520424315
2026-01-09,0.008853549024181145
2026-01-12,0.007062765666165007
2026-01-13,-0.00260898563732926
2026-01-14,0.00480408169436657
2026-01-15,0.0020798333096956395
2026-01-16,-0.0010172893214082628
2026-01-20,-0.015064991301694612
2026-01-21,0.015491020921854854
2026-01-22,0.007163197729485812
2026-01-23,0.0061902086033582635
2026-01-26,0.007032384364697859
2026-01-27,0.012062968054866648
2026-01-28,0.0017777290036537054
2026-01-29,0.004292742049785203
2026-01-30,-0.022587186194968818
2026-02-02,-0.0035071967133482583
2026-02-03,0.003278102492006919
2026-02-04,-0.0019256987063446273
2026-02-05,-0.012755018685451005
2026-02-06,0.02705018511401178
2026-02-09,0.012460466416163702
2026-02-10,0.004780328512351879
2026-02-11,0.003497391429605931
2026-02-12,-0.012760781878113931
2026-02-13,0.007828663659039546
2026-02-17,-0.002650327221728761
2026-02-18,0.002984397984649735
2026-02-19,-0.000797205243607332
2026-02-20,0.009828711901343285
2026-02-23,-0.00445641928590844
2026-02-24,0.005452295390244368
2026-02-25,0.008401615611079346
2026-02-26,-0.0002129281417496357
2026-02-27,-0.0003013273545865601
2026-03-02,-0.009768508218111578
2026-03-03,-0.023395751348133292
2026-03-04,0.009968136319422147
2026-03-05,-0.01622846497645567
2026-03-06,-0.010784346653286751
2026-03-09,0.01071282219651546
2026-03-10,-0.0008071484726819064
2026-03-11,-0.00771041052377908
2026-03-12,-0.020164365067453078
2026-03-13,-0.009931231988893032
2026-03-16,0.01775824986624489
2026-03-17,0.007568546397255212
2026-03-18,-0.01942661938521117
2026-03-19,-0.0014844811018609964
2026-03-20,-0.03505212088487288
2026-03-23,0.017339445829549112
2026-03-24,-0.006793884091036215
2026-03-25,0.013930913920932616
2026-03-26,-0.026334386732187715
2026-03-27,-0.012172880068169259
2026-03-30,0.0015659355711621684
2026-03-31,0.03378956222296995
2026-04-01,0.008170698802329348
2026-04-02,0.0021005905420875895
2026-04-06,0.0033446071537998378
2026-04-07,0.0005503416294008585
2026-04-08,0.0279816148760439
2026-04-09,0.0031129131071091247
2026-04-10,-0.001201818633062956
2026-04-13,0.009303340864742231
2026-04-14,0.016683208587979295
2026-04-15,0.0007819635083542121
2026-04-16,-0.0004536747115310979
2026-04-17,0.014807304621513738
2026-04-20,-0.0015840855994484094
2026-04-21,-0.014594789892492518
2026-04-22,0.008384208165931101
2026-04-23,-0.0037438352089769963
2026-04-24,0.007149618066238252
2026-04-27,-0.001599122938971941
2026-04-28,-0.0034457913330169015
2026-04-29,-0.0068717778225422434
2026-04-30,0.017079812350576092
2026-05-01,0.0027238375052782717
2026-05-04,-0.008353358012178307
2026-05-05,0.012237373786094597
2026-05-06,0.02230540889446328
2026-05-07,-0.010161424630013807
2026-05-08,0.013786477297279588
2026-05-11,0.00612687105856965
2026-05-12,-0.005278262082393367
2026-05-13,0.004239654348955156
2026-05-14,-0.003823657497483232
2026-05-15,-0.02668962887968053
2026-05-18,0.003460587307889228
2026-05-19,-0.009676602291673882
2026-05-20,0.016779041425948396
2026-05-21,0.0020249496637942603
2026-05-22,0.0010200171536629602
2026-05-26,0.013565812958460639
2026-05-27,-0.004741344373775316
2026-05-28,0.007657047630759412
2026-05-29,-0.0005555708970383297
2026-06-01,-0.0020506114721832868
2026-06-02,0.004408024072260033
2026-06-03,-0.009865956693292209
2026-06-04,0.0048951677063138405
2026-06-05,-0.038085232864861956
