date,returns
2010-01-05,0.0
2010-01-06,0.0
2010-01-07,0.0
2010-01-08,0.0
2010-01-11,0.0
2010-01-12,0.0
2010-01-13,0.0
2010-01-14,0.0
2010-01-15,0.0
2010-01-19,0.0
2010-01-20,0.0
2010-01-21,0.0
2010-01-22,0.0
2010-01-25,0.0
2010-01-26,0.0
2010-01-27,0.0
2010-01-28,0.0
2010-01-29,0.0
2010-02-01,0.0
2010-02-02,0.0
2010-02-03,0.0
2010-02-04,0.0
2010-02-05,0.0
2010-02-08,0.0
2010-02-09,0.0
2010-02-10,0.0
2010-02-11,0.0
2010-02-12,0.0
2010-02-16,0.0
2010-02-17,0.0
2010-02-18,0.0
2010-02-19,0.0
2010-02-22,0.0
2010-02-23,0.0
2010-02-24,0.0
2010-02-25,0.0
2010-02-26,0.0
2010-03-01,0.0
2010-03-02,0.0
2010-03-03,0.0
2010-03-04,0.0
2010-03-05,0.0
2010-03-08,0.0
2010-03-09,0.0
2010-03-10,0.0
2010-03-11,0.0
2010-03-12,0.0
2010-03-15,0.0
2010-03-16,0.0
2010-03-17,0.0
2010-03-18,0.0
2010-03-19,0.0
2010-03-22,0.0
2010-03-23,0.0
2010-03-24,0.0
2010-03-25,0.0
2010-03-26,0.0
2010-03-29,0.0
2010-03-30,0.0
2010-03-31,0.0
2010-04-01,0.0
2010-04-05,0.0
2010-04-06,0.0
2010-04-07,0.0
2010-04-08,0.0
2010-04-09,0.0
2010-04-12,0.0
2010-04-13,0.0
2010-04-14,0.0
2010-04-15,0.0
2010-04-16,0.0
2010-04-19,0.0
2010-04-20,0.0
2010-04-21,0.0
2010-04-22,0.0
2010-04-23,0.0
2010-04-26,0.0
2010-04-27,0.0
2010-04-28,0.0
2010-04-29,0.0
2010-04-30,0.0
2010-05-03,0.0
2010-05-04,0.0
2010-05-05,0.0
2010-05-06,0.0
2010-05-07,0.0
2010-05-10,0.0
2010-05-11,0.0
2010-05-12,0.0
2010-05-13,0.0
2010-05-14,0.0
2010-05-17,0.0
2010-05-18,0.0
2010-05-19,0.0
2010-05-20,0.0
2010-05-21,0.0
2010-05-24,0.0
2010-05-25,0.0
2010-05-26,0.0
2010-05-27,0.0
2010-05-28,0.0
2010-06-01,0.0
2010-06-02,0.0
2010-06-03,0.0
2010-06-04,0.0
2010-06-07,0.0
2010-06-08,0.0
2010-06-09,0.0
2010-06-10,0.0
2010-06-11,0.0
2010-06-14,0.0
2010-06-15,0.0
2010-06-16,0.0
2010-06-17,0.0
2010-06-18,0.0
2010-06-21,0.0
2010-06-22,0.0
2010-06-23,0.0
2010-06-24,0.0
2010-06-25,0.0
2010-06-28,0.0
2010-06-29,0.0
2010-06-30,0.0
2010-07-01,0.0
2010-07-02,0.0
2010-07-06,0.0
2010-07-07,0.0
2010-07-08,0.0
2010-07-09,0.0
2010-07-12,0.0
2010-07-13,0.0
2010-07-14,0.0
2010-07-15,0.0
2010-07-16,0.0
2010-07-19,0.0
2010-07-20,0.0
2010-07-21,0.0
2010-07-22,0.0
2010-07-23,0.0
2010-07-26,0.0
2010-07-27,0.0
2010-07-28,0.0
2010-07-29,0.0
2010-07-30,0.0
2010-08-02,0.0
2010-08-03,0.0
2010-08-04,0.0
2010-08-05,0.0
2010-08-06,0.0
2010-08-09,0.0
2010-08-10,0.0
2010-08-11,0.0
2010-08-12,0.0
2010-08-13,0.0
2010-08-16,0.0
2010-08-17,0.0
2010-08-18,0.0
2010-08-19,0.0
2010-08-20,0.0
2010-08-23,0.0
2010-08-24,0.0
2010-08-25,0.0
2010-08-26,0.0
2010-08-27,0.0
2010-08-30,0.0
2010-08-31,0.0
2010-09-01,0.0
2010-09-02,0.0
2010-09-03,0.0
2010-09-07,0.0
2010-09-08,0.0
2010-09-09,0.0
2010-09-10,0.0
2010-09-13,0.0
2010-09-14,0.0
2010-09-15,0.0
2010-09-16,0.0
2010-09-17,0.0
2010-09-20,0.0
2010-09-21,0.0
2010-09-22,0.0
2010-09-23,0.0
2010-09-24,0.0
2010-09-27,0.0
2010-09-28,0.0
2010-09-29,0.0
2010-09-30,0.0
2010-10-01,0.0
2010-10-04,0.0
2010-10-05,0.0
2010-10-06,0.0
2010-10-07,0.0
2010-10-08,0.0
2010-10-11,0.0
2010-10-12,0.0
2010-10-13,0.0
2010-10-14,0.0
2010-10-15,0.0
2010-10-18,0.0
2010-10-19,0.0
2010-10-20,0.0
2010-10-21,0.0
2010-10-22,0.0
2010-10-25,0.0
2010-10-26,0.0
2010-10-27,0.0
2010-10-28,0.0
2010-10-29,-0.0005
2010-11-01,0.002272781674175284
2010-11-02,0.00932609967888225
2010-11-03,0.004075988304127654
2010-11-04,0.02002601781534428
2010-11-05,0.0014961912489759531
2010-11-08,-0.0017706370118957928
2010-11-09,-0.014744055012063375
2010-11-10,0.007176314146117902
2010-11-11,-0.004794213783796942
2010-11-12,-0.014551823248234185
2010-11-15,-0.0049677152029874
2010-11-16,-0.019138736469950502
2010-11-17,0.0001430620535292971
2010-11-18,0.014144392246603067
2010-11-19,-0.0008047066294062824
2010-11-22,-0.001758360151018379
2010-11-23,-0.009556737375190116
2010-11-24,0.012152203801782703
2010-11-26,-0.005890837814269467
2010-11-29,0.0022816159801295035
2010-11-30,-0.006454597018785658
2010-12-01,0.01460064086608892
2010-12-02,0.010992785162931186
2010-12-03,0.00565245317418217
2010-12-06,5.255886264250438e-05
2010-12-07,-0.004356399622414653
2010-12-08,-0.0020465352087835733
2010-12-09,-0.0004731493855103522
2010-12-10,0.0007983706268604564
2010-12-13,0.005024923694878548
2010-12-14,-0.003949478412902674
2010-12-15,-0.006581845990429969
2010-12-16,0.0032557053055693565
2010-12-17,0.0033383719431963276
2010-12-20,0.00536371618624043
2010-12-21,0.006850526475773089
2010-12-22,0.0031757433791228308
2010-12-23,-0.0012310892407230599
2010-12-27,0.002507129202033043
2010-12-28,0.00034201959081257035
2010-12-29,0.003995920888226645
2010-12-30,-0.003972418419903834
2010-12-31,0.005432321876111114
2011-01-03,0.011055703985059007
2011-01-04,-0.010860484213000149
2011-01-05,0.004183112465455968
2011-01-06,-0.009304413887320784
2011-01-07,-0.0028882871215799855
2011-01-10,0.0024275686488595127
2011-01-11,0.005891503950251148
2011-01-12,0.010850923524313216
2011-01-13,-0.0005759449819884299
2011-01-14,0.0069720310860940105
2011-01-18,0.0034988346130069015
2011-01-19,-0.007965958639818332
2011-01-20,-0.005261835605776477
2011-01-21,0.003719063409668266
2011-01-24,0.003227583411409607
2011-01-25,-0.0009806608499715042
2011-01-26,0.008477422114847422
2011-01-27,0.002072777059422215
2011-01-28,-0.009334305643996843
2011-01-31,0.012370335691162748
2011-02-01,0.010615838600387062
2011-02-02,0.0011646948446109862
2011-02-03,-0.0003988050789603126
2011-02-04,-0.0038305564869900444
2011-02-07,0.0027881230525225453
2011-02-08,0.005019462576267786
2011-02-09,0.0005310148051854702
2011-02-10,-0.0013620744096100035
2011-02-11,0.0013826563860952212
2011-02-14,0.002149929434050346
2011-02-15,-0.005059336224981337
2011-02-16,0.007251176525618852
2011-02-17,0.0037349644569127927
2011-02-18,0.0015051110525051148
2011-02-22,-0.010748455151808167
2011-02-23,0.0030026115468835823
2011-02-24,-0.005673209653415001
2011-02-25,0.014900596664944976
2011-02-28,0.009112090545112805
2011-03-01,-0.008999467626503083
2011-03-02,0.001803014154985766
2011-03-03,0.010906759573061864
2011-03-04,-0.002646371845100276
2011-03-07,-0.008037044576717917
2011-03-08,0.004236218694276955
2011-03-09,3.4355345319980746e-06
2011-03-10,-0.017738856983136986
2011-03-11,0.0014692322230271393
2011-03-14,-0.00805771020465601
2011-03-15,-0.018517043100075403
2011-03-16,-0.014221815616945105
2011-03-17,0.021023608997393972
2011-03-18,0.00763609848758251
2011-03-21,0.012465584443720173
2011-03-22,-0.00045887443279865603
2011-03-23,-0.0011591597005655985
2011-03-24,0.006849151417037069
2011-03-25,0.0005089863347002288
2011-03-28,-0.004207117504256924
2011-03-29,0.005222789543617767
2011-03-30,0.007651423255573275
2011-03-31,0.0046367917986948615
2011-04-01,0.006623781821941677
2011-04-04,0.0028145635048062723
2011-04-05,-0.0007264251558142254
2011-04-06,0.003570175159154809
2011-04-07,-0.002802983550867194
2011-04-08,0.005102645912616555
2011-04-11,-0.006342965717445859
2011-04-12,-0.010605096034889627
2011-04-13,0.0025934802599824613
2011-04-14,0.0055756387098424565
2011-04-15,0.005341765183027897
2011-04-18,-0.012658601931266555
2011-04-19,0.0048506148217464795
2011-04-20,0.01719060620823243
2011-04-21,0.006134939921295102
2011-04-25,0.0008891918974199553
2011-04-26,0.006343324582411158
2011-04-27,0.0076951177782747515
2011-04-28,0.003918141049568474
2011-04-29,0.0004934787037910171
2011-05-02,-0.00033176109589555525
2011-05-03,-0.007921313721456352
2011-05-04,-0.009729741320693763
2011-05-05,-0.025023411471392337
2011-05-06,-0.0029953750270704516
2011-05-09,0.014808379560212526
2011-05-10,0.010193613195633944
2011-05-11,-0.01882840398751104
2011-05-12,0.0019152918422549181
2011-05-13,-0.008121843504417692
2011-05-16,-0.005517893589493117
2011-05-17,0.0018656043868542083
2011-05-18,0.01180998684925988
2011-05-19,0.0009794305513362855
2011-05-20,-0.007091205675258533
2011-05-23,-0.01646532391496075
2011-05-24,0.005224370101768461
2011-05-25,0.007936325445564052
2011-05-26,0.00648808668289555
2011-05-27,0.006169171833093845
2011-05-31,0.013709721334944613
2011-06-01,-0.016687540583099448
2011-06-02,-0.00014612093173809186
2011-06-03,0.00019141305330616643
2011-06-06,-0.011095298769965446
2011-06-07,0.005594479728446378
2011-06-08,-0.0006807716122089412
2011-06-09,0.002680079706810501
2011-06-10,-0.015191297069139378
2011-06-13,-0.0010914349611285568
2011-06-14,0.009443595810097773
2011-06-15,-0.0170143027987407
2011-06-16,0.0011442770985426788
2011-06-17,0.0003546863070714055
2011-06-20,0.00237784125816658
2011-06-21,0.008846049636258969
2011-06-22,-0.0023536727151439955
2011-06-23,-0.01059325733819041
2011-06-24,-0.005454749611900067
2011-06-27,0.003385891852311218
2011-06-28,0.00852193347974113
2011-06-29,0.010562342357550249
2011-06-30,0.0027180152074501866
2011-07-01,0.010096396182659922
2011-07-05,0.0018090154008980064
2011-07-06,0.0010367621405047156
2011-07-07,0.006938548555060126
2011-07-08,-0.002524325863573179
2011-07-11,-0.014514162651009882
2011-07-12,-0.001550150178308618
2011-07-13,0.0025128455002786376
2011-07-14,-0.0076619688076071946
2011-07-15,0.006100851124095419
2011-07-18,-0.007650914685949417
2011-07-19,0.01277655709971437
2011-07-20,0.0034066252381558804
2011-07-21,0.009395916022760964
2011-07-22,0.0026033069919310092
2011-07-25,-0.0061025170179107024
2011-07-26,0.0021864561668756
2011-07-27,-0.01861068692231088
2011-07-28,-0.0005894103784853666
2011-07-29,0.001798947205106738
2011-08-01,-0.0047486030576958
2011-08-02,-0.016799872588145106
2011-08-03,-0.0031193470299531127
2011-08-04,-0.03888952898474885
2011-08-05,-0.0028478418021727235
2011-08-08,-0.051585294852661834
2011-08-09,0.04366525520424474
2011-08-10,-0.021552006735665867
2011-08-11,0.032801087537089414
2011-08-12,0.004695128941972838
2011-08-15,0.018170689922071184
2011-08-16,-0.004485585406496951
2011-08-17,0.004280404048604946
2011-08-18,-0.0331874099692441
2011-08-19,-0.007583349942332228
2011-08-22,0.0022089158700979274
2011-08-23,0.020581294619101187
2011-08-24,0.0010633237920897537
2011-08-25,-0.009471262621892464
2011-08-26,0.010863984442639963
2011-08-29,0.017820048320934246
2011-08-30,0.004840000545179968
2011-08-31,0.005673553798525143
2011-09-01,0.00796986073785666
2011-09-02,0.009170769379283739
2011-09-06,0.0013392003061030167
2011-09-07,-0.005349636988918549
2011-09-08,0.004898194391086852
2011-09-09,0.004874319028959295
2011-09-12,-0.0030435609663307384
2011-09-13,-0.0029574508681547984
2011-09-14,0.000574107740885843
2011-09-15,-0.007459118293965505
2011-09-16,0.0019269679159841235
2011-09-19,0.008173862871430071
2011-09-20,0.0013353681800840622
2011-09-21,0.004286530767765306
2011-09-22,0.009295267001801832
2011-09-23,-0.008269899445540685
2011-09-26,-0.004169430493698445
2011-09-27,-0.00666095727471705
2011-09-28,0.000191589232685363
2011-09-29,0.0
2011-09-30,0.006321233598314269
2011-10-03,0.009263807712118322
2011-10-04,-0.005102522914107399
2011-10-05,-0.004178934371735332
2011-10-06,-0.006962327134000912
2011-10-07,-0.005186323472915921
2011-10-10,-0.010523267039969086
2011-10-11,0.0033173968192017345
2011-10-12,-0.003403675970047537
2011-10-13,0.004000780640124768
2011-10-14,-0.004956749927106707
2011-10-17,0.006544246923227304
2011-10-18,-0.001067442988840539
2011-10-19,0.0015543034777540932
2011-10-20,-0.002036857419980609
2011-10-21,-0.0018466323257847472
2011-10-24,-0.0004868549172345471
2011-10-25,0.008572820263029746
2011-10-26,-0.0073408673814354675
2011-10-27,-0.0120657779507638
2011-10-28,0.006008076430611631
2011-10-31,0.012912962600352518
2011-11-01,-0.010083413057569157
2011-11-02,0.008400873320844493
2011-11-03,0.004538314168718194
2011-11-04,-0.002548711402216186
2011-11-07,0.0006630137052922036
2011-11-08,0.004246757777096877
2011-11-09,-0.01841454449775559
2011-11-10,-0.0025256654289440017
2011-11-11,0.011148988523847103
2011-11-14,-0.006123299168962315
2011-11-15,0.0030664361581879684
2011-11-16,-0.00294605885099275
2011-11-17,-0.008180931322937512
2011-11-18,0.0013186412276378623
2011-11-21,-0.011229614250466369
2011-11-22,-0.000806083535349944
2011-11-23,-0.013358449176708476
2011-11-25,-0.0009728263763162381
2011-11-28,0.011222540592168095
2011-11-29,-0.0017024027783191231
2011-11-30,0.019878774672452137
2011-12-01,-0.0002867895329342618
2011-12-02,0.004437156361531747
2011-12-05,-0.0005762028233939898
2011-12-06,-0.002594407610262195
2011-12-07,0.004527938342967275
2011-12-08,0.005082957705955682
2011-12-09,-0.006870229007633677
2011-12-12,0.0034588777863182596
2011-12-13,0.004595940252776876
2011-12-14,0.004193671368661889
2011-12-15,-0.0008542141230067912
2011-12-16,0.004844685095468648
2011-12-19,0.00340328984685212
2011-12-20,-0.009044657998869332
2011-12-21,-0.0032325537174368035
2011-12-22,0.0012399847386495022
2011-12-23,-0.004096408497666015
2011-12-27,0.0005682760153979949
2011-12-28,0.006321233598314269
2011-12-29,0.0012372703911678329
2011-12-30,0.003017110266159529
2012-01-03,0.0010508879547155292
2012-01-04,-0.0101213964206604
2012-01-05,0.004792098672839473
2012-01-06,0.00032295015335814803
2012-01-09,-0.0016336692353289828
2012-01-10,0.0045518906481049615
2012-01-11,0.006427529384969932
2012-01-12,-0.004706760993252512
2012-01-13,0.003349528598037721
2012-01-17,0.004583464051703845
2012-01-18,0.00192226036864368
2012-01-19,-0.001047535012973111
2012-01-20,0.0013913278448294264
2012-01-23,0.0013205044203613014
2012-01-24,0.004398208147343929
2012-01-25,0.008828472212935257
2012-01-26,0.006171794819702203
2012-01-27,0.0016797341980651082
2012-01-30,-0.0020154623985249587
2012-01-31,0.003995032941766027
2012-02-01,0.005056809188178746
2012-02-02,0.0017494193648366352
2012-02-03,0.006676845976102
2012-02-06,-0.0003572125455601298
2012-02-07,-0.0021501030298094097
2012-02-08,0.001730545815458025
2012-02-09,-0.0027747017755270775
2012-02-10,-0.003671187443522387
2012-02-13,0.005644640297365
2012-02-14,-0.003125970471532772
2012-02-15,-0.003288946724058587
2012-02-16,0.005688486720755688
2012-02-17,0.0008003117952428696
2012-02-21,-0.0062468918550716195
2012-02-22,-0.002590840591864059
2012-02-23,0.006109421780282323
2012-02-24,0.0014184868200390888
2012-02-27,0.0011292798722363586
2012-02-28,-0.0008179583796955234
2012-02-29,-0.0043957975775540835
2012-03-01,0.0069919270701893415
2012-03-02,-0.005184497740597727
2012-03-05,8.411817890958685e-05
2012-03-06,-0.014577078118856335
2012-03-07,0.005467843625129754
2012-03-08,0.005681069700320628
2012-03-09,0.001953672587659017
2012-03-12,0.000573210546216907
2012-03-13,0.010121887608922653
2012-03-14,-0.006033446266556908
2012-03-15,0.0017018133094848014
2012-03-16,0.00578871312901148
2012-03-19,0.002383034138913698
2012-03-20,-0.006182297040632513
2012-03-21,-1.4866186298067999e-05
2012-03-22,-0.0075413746966749295
2012-03-23,0.006241046129936922
2012-03-26,0.008258837030839095
2012-03-27,-0.0011911743875394178
2012-03-28,-0.005161483389309973
2012-03-29,-0.004087743456362425
2012-03-30,0.003465985524098802
2012-04-02,0.009196401424262568
2012-04-03,-0.007579428194358796
2012-04-04,-0.010246090349672787
2012-04-05,-0.0005922545682950143
2012-04-09,-0.004803812510401562
2012-04-10,-0.014189309412251428
2012-04-11,0.008010266676311974
2012-04-12,0.011119719211998969
2012-04-13,-0.006960431166759218
2012-04-16,0.002605432140112685
2012-04-17,0.00852610629821955
2012-04-18,-0.004645435568241063
2012-04-19,-0.0027264898012729914
2012-04-20,0.006418640395004216
2012-04-23,-0.008339362785692384
2012-04-24,0.004221022077844872
2012-04-25,0.008858239924687395
2012-04-26,0.004389038945337199
2012-04-27,0.0037810746475593687
2012-04-30,-0.0017724944460843163
2012-05-01,0.004387447740812057
2012-05-02,-0.004550532875336933
2012-05-03,-0.007025835228089461
2012-05-04,-0.011509471588461252
2012-05-07,0.0018645972611866404
2012-05-08,-0.004520655506053095
2012-05-09,-0.0051310118297065
2012-05-10,0.0007902676158679789
2012-05-11,-0.002234443902012151
2012-05-14,-0.01016940600862415
2012-05-15,-0.0047159157986854435
2012-05-16,-0.005299469265630519
2012-05-17,-0.011195657376529876
2012-05-18,-0.006279022321463645
2012-05-21,0.014270855862460198
2012-05-22,-0.0033037846011260367
2012-05-23,-0.0029345720607173442
2012-05-24,-7.4696991471268e-05
2012-05-25,-0.001695905260909725
2012-05-29,0.006734580002092971
2012-05-30,-0.014845071305444282
2012-05-31,0.0011087775112093026
2012-06-01,-0.01368710098097688
2012-06-04,-0.004372654910255365
2012-06-05,0.008299003798659443
2012-06-06,0.012691629337634642
2012-06-07,-0.0013663497523519472
2012-06-08,0.00762623151060593
2012-06-11,-0.010828155723996535
2012-06-12,0.005205940666462849
2012-06-13,-0.002065577133399313
2012-06-14,0.0074959841432438905
2012-06-15,0.007004943909171501
2012-06-18,0.0033242469479503414
2012-06-19,0.003434398547678722
2012-06-20,-0.0013740633865775285
2012-06-21,-0.012192351011379499
2012-06-22,0.0011697642058660451
2012-06-25,-0.005216020271149646
2012-06-26,0.0020530388278187095
2012-06-27,0.0047944664276837
2012-06-28,0.0037727125053178172
2012-06-29,0.015287965064773588
2012-07-02,0.0062190820268145
2012-07-03,0.0033316165397611064
2012-07-05,-0.002662855435240622
2012-07-06,-0.0011916819837869406
2012-07-09,0.0008539708595156995
2012-07-10,-0.006320148485094027
2012-07-11,9.936518067181027e-05
2012-07-12,0.0001645049904420346
2012-07-13,0.009413662835456155
2012-07-16,0.0005970316262445448
2012-07-17,0.0046259895704372864
2012-07-18,0.0008299141219009578
2012-07-19,-0.0030924679599080664
2012-07-20,-0.003491367316555712
2012-07-23,-0.0052447656278589525
2012-07-24,-0.003342000847783059
2012-07-25,0.00010377645680625935
2012-07-26,0.0074274195862114025
2012-07-27,0.006926714931915249
2012-07-30,0.0026260796191877782
2012-07-31,-0.002249649563581202
2012-08-01,-0.0031038774212159463
2012-08-02,-0.000550841026591309
2012-08-03,0.007469818774716308
2012-08-06,0.0005135037668340114
2012-08-07,-0.0040071038307438
2012-08-08,-0.0023229778750691876
2012-08-09,-0.001026252258595576
2012-08-10,0.001962124197224672
2012-08-13,-0.0006354203558924798
2012-08-14,-0.0023004968122400937
2012-08-15,0.00022916557120574365
2012-08-16,0.004180938273231552
2012-08-17,0.0009531208808484978
2012-08-20,-0.0007439710934185422
2012-08-21,-2.1515360344485533e-05
2012-08-22,0.0025287318254650173
2012-08-23,-0.0031448487614101532
2012-08-24,0.0029702732661936273
2012-08-27,0.0019422835454216227
2012-08-28,0.0009471892928644883
2012-08-29,-5.638314983284304e-05
2012-08-30,-0.0025358495822758176
2012-08-31,0.004396697365680261
2012-09-04,-0.0007623731535438828
2012-09-05,-0.0021333123312374134
2012-09-06,0.00911522082991887
2012-09-07,0.006662648937133886
2012-09-10,-0.004185624643621733
2012-09-11,0.0036306056218511134
2012-09-12,0.0014666005851194264
2012-09-13,0.010148996428337043
2012-09-14,0.0045215546853069714
2012-09-17,-0.007387677282708838
2012-09-18,-0.0039632172432693125
2012-09-19,-0.004157117813396293
2012-09-20,-0.002312698053749629
2012-09-21,0.001454517507329345
2012-09-24,-0.003146580286336809
2012-09-25,-0.00577586961134231
2012-09-26,-0.004134630928770399
2012-09-27,0.0074736937135601485
2012-09-28,-0.004283761671943954
2012-10-01,0.0015206910534437458
2012-10-02,0.0013809684879107385
2012-10-03,-0.004028399711050357
2012-10-04,0.00866186025817417
2012-10-05,-0.002337095519725807
2012-10-08,-0.002122910066437034
2012-10-09,-0.0029124773536806313
2012-10-10,-0.0011452691514209912
2012-10-11,0.0038497841444042006
2012-10-12,-0.0037873609739336625
2012-10-15,0.004532889563878672
2012-10-16,0.005448604492178211
2012-10-17,0.0014372798452003009
2012-10-18,0.0010013650925975394
2012-10-19,-0.009853940041684406
2012-10-22,-0.0019801589600046744
2012-10-23,-0.011815173084107667
2012-10-24,-0.001896440806413846
2012-10-25,0.000926237851340206
2012-10-26,-0.0005092648327931438
2012-10-31,0.0017200474738302998
2012-11-01,0.006286326966133404
2012-11-02,-0.0027730469086513776
2012-11-05,-0.0011149078100404775
2012-11-06,0.004281477705118969
2012-11-07,-0.008431798217595682
2012-11-08,-0.007127395809660403
2012-11-09,-0.0003297223460780041
2012-11-12,-0.0004414760157527564
2012-11-13,-0.001974279246145433
2012-11-14,-0.010607018305510113
2012-11-15,-0.0008835458418191
2012-11-16,0.002782307656611027
2012-11-19,0.013032996796006002
2012-11-20,0.0013373697972287601
2012-11-21,8.813977002719575e-05
2012-11-23,0.01050086631542893
2012-11-26,-0.00020286817159673176
2012-11-27,-0.003342254439818809
2012-11-28,0.0038229407067349175
2012-11-29,0.004947131018640638
2012-11-30,0.0008321852139845098
2012-12-03,-4.2583259302064747e-07
2012-12-04,0.0010836781749194169
2012-12-05,0.00025934835527219313
2012-12-06,0.003812824218698496
2012-12-07,0.001082055375833696
2012-12-10,0.0004636784467061672
2012-12-11,0.0032777097554149426
2012-12-12,-0.0008207790291411832
2012-12-13,-0.004682690749976237
2012-12-14,0.00045270683588533034
2012-12-17,0.004000259920900334
2012-12-18,0.0069711577006558445
2012-12-19,-0.0009561106816878273
2012-12-20,0.006549243605331989
2012-12-21,-0.003546994315684754
2012-12-24,-0.0013575218958153112
2012-12-26,-0.001765696909311748
2012-12-27,0.00224844394498111
2012-12-28,-0.006412239130435371
2012-12-31,0.009373705634500129
2013-01-02,0.012251294418437697
2013-01-03,-0.004310262034614071
2013-01-04,0.003618397296290765
2013-01-07,-0.001040716228658034
2013-01-08,-0.001992456279383381
2013-01-09,0.0027596994617734016
2013-01-10,0.004714083620525028
2013-01-11,0.0011497465479700375
2013-01-14,0.0007452587250573739
2013-01-15,0.001578946431010697
2013-01-16,-0.0012093240120363558
2013-01-17,0.0032848452544291806
2013-01-18,0.002071445006434164
2013-01-22,0.002972508849158839
2013-01-23,0.0001880934042113036
2013-01-24,0.0013632010415097762
2013-01-25,0.003866299643724036
2013-01-28,-0.0013923006371004687
2013-01-29,0.0030315997823112117
2013-01-30,-0.002963736075721146
2013-01-31,-0.0030758349373229965
2013-02-01,0.006539350720933035
2013-02-04,-0.009274684879215622
2013-02-05,0.004633119931808399
2013-02-06,0.0008719629089785352
2013-02-07,-0.004671222955463378
2013-02-08,0.006092206501729092
2013-02-11,-8.871913273597598e-05
2013-02-12,0.004118702049510203
2013-02-13,0.0005201107817678075
2013-02-14,-0.002098562216717448
2013-02-15,-0.0016278554903819131
2013-02-19,0.00608160077427336
2013-02-20,-0.011427658652125888
2013-02-21,-0.01065388257290148
2013-02-22,0.009379446667324931
2013-02-25,-0.017069504366034827
2013-02-26,0.005221557621486739
2013-02-27,0.0069277084433327085
2013-02-28,-0.0032572834927692136
2013-03-01,0.001550496926365256
2013-03-04,0.005709820752329693
2013-03-05,0.008924697699229803
2013-03-06,0.0003076959405656037
2013-03-07,-4.147441161284071e-06
2013-03-08,0.002697262841535153
2013-03-11,0.002589658874579811
2013-03-12,-0.003664263489476571
2013-03-13,0.0002711155915796626
2013-03-14,0.007170547536180441
2013-03-15,0.0009932374047666817
2013-03-18,-0.00736528835942296
2013-03-19,-0.003405577744045855
2013-03-20,0.005413281183014687
2013-03-21,-0.006879353182024742
2013-03-22,0.007320149825741213
2013-03-25,-0.005499967905821967
2013-03-26,0.007618257414369129
2013-03-27,-0.0009929430808590287
2013-03-28,0.003352541028856952
2013-04-01,-0.0026548244888342956
2013-04-02,0.0025664359992187747
2013-04-03,-0.006791627789439049
2013-04-04,0.005347818731743193
2013-04-05,-0.0018726730401884995
2013-04-08,0.00417275941651134
2013-04-09,0.0025122374618301363
2013-04-10,0.005119757623385013
2013-04-11,0.002060908936708006
2013-04-12,-0.002109334621894599
2013-04-15,-0.017605112931737124
2013-04-16,0.009921432527360685
2013-04-17,-0.01185157149535896
2013-04-18,0.000940420507485662
2013-04-19,0.005657762940354583
2013-04-22,0.0024941651654287076
2013-04-23,0.005090419341771457
2013-04-24,0.00466884052695069
2013-04-25,0.0037764272342427413
2013-04-26,-0.00044558862969039663
2013-04-29,0.00797405070333408
2013-04-30,0.0013150237194137883
2013-05-01,-0.004861482191398453
2013-05-02,0.004733646423528137
2013-05-03,0.004598762902828457
2013-05-06,0.0012836316897965327
2013-05-07,0.002704187139438735
2013-05-08,0.004207304200175732
2013-05-09,-0.004800036843698896
2013-05-10,0.0006033630612286567
2013-05-13,0.00081934400558345
2013-05-14,0.0029743914453516374
2013-05-15,0.005553667069384649
2013-05-16,-0.002977468685395057
2013-05-17,0.004181417132978232
2013-05-20,0.0017661767697663422
2013-05-21,0.002942754955858329
2013-05-22,-0.012434706469105938
2013-05-23,-0.008730621606053007
2013-05-24,-0.002930169239392766
2013-05-28,-0.0029322652382849645
2013-05-29,-0.008300280034452434
2013-05-30,-0.00041744768690663014
2013-05-31,-0.012726263819958727
2013-06-03,0.004995483761336331
2013-06-04,-0.005022263805676163
2013-06-05,-0.014856979693917933
2013-06-06,0.010239977857189182
2013-06-07,0.008769072691111008
2013-06-10,-0.0025427006893719386
2013-06-11,-0.012468303611069357
2013-06-12,-0.007685558473905026
2013-06-13,0.018820683964525076
2013-06-14,-0.004490076278454732
2013-06-17,0.008317540055609102
2013-06-18,0.00670313321660143
2013-06-19,-0.02105117579618739
2013-06-20,-0.034340717560590685
2013-06-21,0.006675283845044787
2013-06-24,-0.010957864681915619
2013-06-25,0.013054687554615363
2013-06-26,0.009639656709330275
2013-06-27,0.012028124041403594
2013-06-28,-0.004077250435929472
2013-07-01,0.00436697720250175
2013-07-02,0.003123129781644344
2013-07-03,-0.001941852207283934
2013-07-05,0.0035690296364802028
2013-07-08,0.0043152954287321394
2013-07-09,0.00897303679287235
2013-07-10,0.0012325490729971909
2013-07-11,0.02123113579730984
2013-07-12,-0.004123535303714195
2013-07-15,0.0047409251679046225
2013-07-16,-0.0012372117619282583
2013-07-17,0.0030652430363674967
2013-07-18,0.006869497837272013
2013-07-19,8.742133501515872e-05
2013-07-22,0.003532134329085797
2013-07-23,-0.0003652611256758827
2013-07-24,-0.008143467191307097
2013-07-25,0.0019820711043134764
2013-07-26,-0.0014341993917698452
2013-07-29,-0.006685026812477475
2013-07-30,-0.0010454516059377563
2013-07-31,-0.004675796564251942
2013-08-01,0.008078788108202728
2013-08-02,-0.00043406145915575456
2013-08-05,-0.002145465040230804
2013-08-06,-0.004273252499181229
2013-08-07,-0.004808573657309828
2013-08-08,0.003684093291450641
2013-08-09,0.004393270851442477
2013-08-12,-0.00036953357569696754
2013-08-13,-0.0008457570817272941
2013-08-14,-0.0009800180934343705
2013-08-15,-0.008894129610624746
2013-08-16,-0.005133855320116759
2013-08-19,-0.00758966365710273
2013-08-20,0.005138000735730952
2013-08-21,-0.0061226540597294765
2013-08-22,0.006604796591185291
2013-08-23,0.007828940037915622
2013-08-26,-0.002347112817833147
2013-08-27,-0.0063391229819792505
2013-08-28,0.0015877800133080044
2013-08-29,-0.0025719842385368563
2013-08-30,-0.006986528073140291
2013-09-03,0.014188769655308242
2013-09-04,0.0005735347927990908
2013-09-05,4.936627288287808e-05
2013-09-06,0.0044471014860062805
2013-09-09,0.005313468575718646
2013-09-10,0.0017720333303981777
2013-09-11,0.0028189113032121385
2013-09-12,0.0005146990219049297
2013-09-13,0.0024482265208212914
2013-09-16,-0.0007307225955442238
2013-09-17,-0.003242457945266378
2013-09-18,0.02042483831528378
2013-09-19,-0.0056485276229307395
2013-09-20,-0.005989514790504172
2013-09-23,-0.006490913619189594
2013-09-24,-0.000788563522771346
2013-09-25,-0.0012166202710059229
2013-09-26,0.004743337057186103
2013-09-27,-0.004256647125978655
2013-09-30,-0.004798926236868986
2013-10-01,0.006614795903152948
2013-10-02,-0.0006283312947505948
2013-10-03,-0.007885583221611925
2013-10-04,0.004965724782657555
2013-10-07,-0.00949070333621066
2013-10-08,-0.009700524911304242
2013-10-09,0.0025156916287026876
2013-10-10,0.019751512107214486
2013-10-11,0.005873717481063134
2013-10-14,0.0037039601243740172
2013-10-15,-0.006024157972812527
2013-10-16,0.010751364787899953
2013-10-17,0.009935324107914534
2013-10-18,0.006345696528967437
2013-10-21,0.0007853299644130507
2013-10-22,0.007882042927129462
2013-10-23,-0.007256748155155868
2013-10-24,0.005136069866377602
2013-10-25,0.0008208910634737165
2013-10-28,5.67231479969843e-06
2013-10-29,0.0037219806051735915
2013-10-30,-0.004288273107003804
2013-10-31,-0.00454390403747971
2013-11-01,0.0009131593309033015
2013-11-04,0.0034234422720595217
2013-11-05,-0.009423159577103157
2013-11-06,0.004150120685363393
2013-11-07,-0.013620012449236274
2013-11-08,0.0019587327484012667
2013-11-11,0.0011221768666600518
2013-11-12,-0.003298208819983957
2013-11-13,0.005908372316999773
2013-11-14,0.005512441781003148
2013-11-15,0.005400301663106343
2013-11-18,-0.0032341515591247276
2013-11-19,-0.003914935465256156
2013-11-20,-0.007416548918105466
2013-11-21,0.007356467113696751
2013-11-22,0.0013214738312241252
2013-11-25,-0.002903175071525488
2013-11-26,-0.0010732315166794848
2013-11-27,0.004468140622640189
2013-11-29,-0.0029743901328744826
2013-12-02,-0.004997014039020975
2013-12-03,-0.005658404625670244
2013-12-04,-0.0027359820345773667
2013-12-05,-0.0050465245484830334
2013-12-06,0.011783292726587624
2013-12-09,0.0007357258059101923
2013-12-10,-0.0026338871901545047
2013-12-11,-0.010294122701659192
2013-12-12,-0.005289524170086879
2013-12-13,-0.0003681025872496746
2013-12-16,0.0067058755084570265
2013-12-17,-0.0037597578556097244
2013-12-18,0.016401483149605656
2013-12-19,-0.000577875619152346
2013-12-20,0.005768473487496983
2013-12-23,0.007819595065195473
2013-12-24,0.002084453829336752
2013-12-26,0.0052746111694288444
2013-12-27,0.0025396180180879413
2013-12-30,0.0020214611703697205
2013-12-31,0.0038655728354033045
2014-01-02,-0.017676518805367948
2014-01-03,-0.001082453323222691
2014-01-06,-0.0011566651837285151
2014-01-07,0.004025421755762629
2014-01-08,-0.002800375574588306
2014-01-09,-0.0016465156574712407
2014-01-10,0.006140067348128516
2014-01-13,-0.008939115651374285
2014-01-14,0.0066236574921578
2014-01-15,0.005565688489459486
2014-01-16,-0.001545475176175426
2014-01-17,-0.001760786781936178
2014-01-21,0.0040763175414426644
2014-01-22,0.004055950439870504
2014-01-23,-0.005492617428185334
2014-01-24,-0.014993131141175543
2014-01-27,-0.006021774036604939
2014-01-28,0.0073167817554825225
2014-01-29,-0.006307081052301895
2014-01-30,0.005347226957665614
2014-01-31,-0.010641172260069201
2014-02-03,-0.013349640894195769
2014-02-04,0.006903893328074923
2014-02-05,-0.001223719495503539
2014-02-06,0.009095022869910568
2014-02-07,0.00892071915669923
2014-02-10,0.0020930914695239666
2014-02-11,0.006586531342236718
2014-02-12,9.585297617473176e-05
2014-02-13,0.00417497207706663
2014-02-14,0.00312807017728009
2014-02-18,0.004280788395648549
2014-02-19,-0.003966273770223933
2014-02-20,0.0015304596649722557
2014-02-21,0.001131571277839527
2014-02-24,0.003916177203732468
2014-02-25,0.0009955730440486255
2014-02-26,0.00046502930188591085
2014-02-27,0.0017849005067377133
2014-02-28,0.0029525448248002907
2014-03-03,-0.001145928723530032
2014-03-04,0.006452617113071635
2014-03-05,-0.0023162395198826455
2014-03-06,0.001339872336590942
2014-03-07,-0.0037320454596899257
2014-03-10,-0.0038111043333460383
2014-03-11,-0.001659704392524453
2014-03-12,1.8284617284325573e-05
2014-03-13,-0.006952943749141127
2014-03-14,0.0010193754860304827
2014-03-17,0.0019349647685068302
2014-03-18,0.005300017038890425
2014-03-19,-0.00963904382339904
2014-03-20,0.0003597848792928461
2014-03-21,0.0015937438782581248
2014-03-24,-0.001659119136699361
2014-03-25,0.005260862777517384
2014-03-26,-0.0027576832252467656
2014-03-27,0.003823161171697542
2014-03-28,0.0032980226869544047
2014-03-31,0.004299964069247975
2014-04-01,0.00012535722153652566
2014-04-02,-0.00038444135990447484
2014-04-03,0.0006830448246431641
2014-04-04,-0.00016146175345994613
2014-04-07,-0.00283350105943605
2014-04-08,0.0045403953801929076
2014-04-09,0.005246093117710427
2014-04-10,-0.009034881883483559
2014-04-11,-0.004105778504325009
2014-04-14,0.005473532910377422
2014-04-15,0.0035001300049910537
2014-04-16,0.006014869729641449
2014-04-17,-0.00037997383024686044
2014-04-21,0.0014736046184135048
2014-04-22,0.0014468244871217895
2014-04-23,-0.0016484129759114284
2014-04-24,0.0027062627656698757
2014-04-25,-0.004361037011331437
2014-04-28,0.0017397342902246925
2014-04-29,0.003506998671252593
2014-04-30,0.0015000743365774618
2014-05-01,0.0015830138229717236
2014-05-02,-0.0002491459520122863
2014-05-05,-0.0003729344457627181
2014-05-06,-0.0026872652541650504
2014-05-07,0.004882166850789771
2014-05-08,6.874601219328822e-05
2014-05-09,-0.0009762887305988288
2014-05-12,0.004326426877855737
2014-05-13,0.0013489433727695845
2014-05-14,-9.106958134648117e-05
2014-05-15,-0.0026204031581331666
2014-05-16,0.0029072518078912643
2014-05-19,-0.0008498825731681815
2014-05-20,-0.0019581099957483254
2014-05-21,0.002282553480954985
2014-05-22,-6.542613862929863e-05
2014-05-23,0.003859968830703009
2014-05-27,0.003012087064577163
2014-05-28,-0.0013885775448370774
2014-05-29,0.002946995727979918
2014-05-30,-0.0006828453812643075
2014-06-02,-0.0006326269751786961
2014-06-03,-0.001341835004131786
2014-06-04,-0.00019523823098417388
2014-06-05,0.007631698998139714
2014-06-06,0.0012331262070269353
2014-06-09,-0.0017376023982175858
2014-06-10,-0.0022478654189860506
2014-06-11,-0.0021386181071957554
2014-06-12,0.002944146170889228
2014-06-13,0.0007588775344265164
2014-06-16,-0.0005039112231459696
2014-06-17,0.0002661780625560884
2014-06-18,0.006235092448383428
2014-06-19,0.003692745491878391
2014-06-20,0.0012818126927455656
2014-06-23,-0.002372059119561043
2014-06-24,-0.0011976154652413532
2014-06-25,0.0005673358080130254
2014-06-26,-0.0002459690017643457
2014-06-27,0.0020959107708931057
2014-06-30,-0.0014240804772325257
2014-07-01,0.0030374740883380097
2014-07-02,-0.002190052862548586
2014-07-03,-0.0005231796509647113
2014-07-07,-0.002430984098924727
2014-07-08,-0.002719378058404098
2014-07-09,9.501108077489815e-05
2014-07-10,-0.0012957047437861745
2014-07-11,-0.0019216752672995164
2014-07-14,0.003824347575186149
2014-07-15,-0.002449058436412632
2014-07-16,0.003519189805582146
2014-07-17,-0.003701988856514005
2014-07-18,0.004335134081877156
2014-07-21,-0.0008617188487415107
2014-07-22,0.0015974859543507415
2014-07-23,0.002187777103699817
2014-07-24,-0.001630381195641495
2014-07-25,-0.0012602872564826176
2014-07-28,0.00047747025828610563
2014-07-29,-0.0025215571099141522
2014-07-30,-0.0038156270387805337
2014-07-31,-0.01151259156938418
2014-08-01,-0.001621341724119818
2014-08-04,0.004861787152098784
2014-08-05,-0.008060287440181418
2014-08-06,-0.00041542593825166785
2014-08-07,-0.0021120898731234183
2014-08-08,0.0056170648382802835
2014-08-11,0.0031302222585227746
2014-08-12,-0.0012972108483988443
2014-08-13,0.007542890249115808
2014-08-14,0.0028489389816020727
2014-08-15,0.0004272624289785032
2014-08-18,0.005393763484029451
2014-08-19,0.0021623679112215133
2014-08-20,0.0002735384123097595
2014-08-21,0.0019222459439956763
2014-08-22,-0.0035656670989118455
2014-08-25,0.00252272981955301
2014-08-26,0.0006415348117039255
2014-08-27,0.0012428462933215256
2014-08-28,-0.0009544951074726971
2014-08-29,0.0019586166685391926
2014-09-02,-0.001202232652607188
2014-09-03,0.0026290034350092417
2014-09-04,-0.0033746561616266324
2014-09-05,0.0038922570158852476
2014-09-08,-0.0038171191646352576
2014-09-09,-0.004419316245397431
2014-09-10,-0.0021926499359160856
2014-09-11,-0.001221760957969914
2014-09-12,-0.01042331713240971
2014-09-15,-0.0014746059917475351
2014-09-16,0.0053232569246701444
2014-09-17,-0.002138415566488916
2014-09-18,0.0009128954085760588
2014-09-19,0.0001629758159928385
2014-09-22,-0.004464525432141181
2014-09-23,-0.004805042829182288
2014-09-24,0.0018544939877257194
2014-09-25,-0.007604047681809251
2014-09-26,0.005865673875917465
2014-09-29,-0.0023183690728522666
2014-09-30,-0.0025662055218118036
2014-10-01,-0.0014385988785715247
2014-10-02,-0.0014955291691977806
2014-10-03,0.00566305210532736
2014-10-06,0.0010316672671337364
2014-10-07,-0.005815983137244371
2014-10-08,0.014243609236716784
2014-10-09,-0.007181896465704181
2014-10-10,-0.0021845183531456667
2014-10-13,-0.003417765959331964
2014-10-14,0.006569289927233453
2014-10-15,-0.0016635574640567752
2014-10-16,-0.0006548426939756805
2014-10-17,0.0033681033579148565
2014-10-20,0.008796901436194382
2014-10-21,0.008727704956969432
2014-10-22,-0.0023775080318331567
2014-10-23,0.005060535277236451
2014-10-24,0.0025900407558610743
2014-10-27,0.0023550407239870674
2014-10-28,0.004463506045572292
2014-10-29,-0.0034918929124540714
2014-10-30,0.004592783627526723
2014-10-31,0.007460606225750621
2014-11-03,0.0029680599434128707
2014-11-04,-0.0006443968223010708
2014-11-05,0.0014908120850803954
2014-11-06,-0.0022363857067666153
2014-11-07,0.00202713682793169
2014-11-10,0.00243132147562138
2014-11-11,-0.0009398294423000144
2014-11-12,-0.003009469990886656
2014-11-13,0.002739024613894969
2014-11-14,-0.0019583136345566743
2014-11-17,0.0013187255786966483
2014-11-18,0.003743879081819982
2014-11-19,-0.004413673736289092
2014-11-20,0.0022939680598546746
2014-11-21,0.004525830389920123
2014-11-24,0.0024943282272675837
2014-11-25,0.00116878744717915
2014-11-26,0.004645646297645485
2014-11-28,0.0014151358389597652
2014-12-01,-0.003961635825379117
2014-12-02,0.002746874583356873
2014-12-03,0.0010845839756387088
2014-12-04,0.0016686934009563963
2014-12-05,-0.00300226672804782
2014-12-08,0.0009919326732559983
2014-12-09,0.0025276996438429915
2014-12-10,-0.004159397953644098
2014-12-11,0.0017242812679295614
2014-12-12,-0.005541527965333544
2014-12-15,-0.007834725545603122
2014-12-16,-0.0014602065062234344
2014-12-17,0.01190513283304473
2014-12-18,0.008694835132280568
2014-12-19,0.002484209831346081
2014-12-22,0.007106269991814962
2014-12-23,-0.003243737491599452
2014-12-24,-0.0011097699952732354
2014-12-26,0.0027013410350685456
2014-12-29,0.003415666987379643
2014-12-30,-0.001653000873820772
2014-12-31,-0.008553480875291581
2015-01-02,0.00654045767540401
2015-01-05,-0.0021616637225189876
2015-01-06,0.0024058764863918634
2015-01-07,0.009202345222744879
2015-01-08,0.005813786415914124
2015-01-09,-0.0008701741631322869
2015-01-12,0.0011071133354535099
2015-01-13,-0.0011351003855740727
2015-01-14,0.002404339918816833
2015-01-15,0.0005634996948012951
2015-01-16,0.004801363312096648
2015-01-20,-0.0011584783840768629
2015-01-21,-0.00013370431823915107
2015-01-22,0.010058110925945551
2015-01-23,-0.0005925079578687671
2015-01-26,0.0028246135435316213
2015-01-27,-0.0038252534084781686
2015-01-28,-0.0039277189288163435
2015-01-29,0.0030725857627626656
2015-01-30,-0.008136727072540687
2015-02-02,0.002825212275836024
2015-02-03,0.00490428954794823
2015-02-04,-0.002098536940254229
2015-02-05,0.006145145902912819
2015-02-06,-0.014336553409662074
2015-02-09,-0.0039938713477939425
2015-02-10,0.003780152615155963
2015-02-11,-0.0009124645057960363
2015-02-12,0.0073081947471799556
2015-02-13,-0.001962576334159305
2015-02-17,-0.0026622147092311512
2015-02-18,0.004732689509677757
2015-02-19,-0.008241382475256706
2015-02-20,0.005034635815423108
2015-02-23,0.004163826468694287
2015-02-24,-0.00340893020590675
2015-02-25,0.00010567712936230639
2015-02-26,-0.005997995894148141
2015-02-27,0.002414812986808947
2015-03-02,0.0015409180637018793
2015-03-03,-0.003575822115684829
2015-03-04,-0.004258861904123834
2015-03-05,0.001719214494647292
2015-03-06,-0.01777395981207555
2015-03-09,0.004579972795207499
2015-03-10,-0.00861645593296459
2015-03-11,0.0007168578605187825
2015-03-12,0.010874779481515606
2015-03-13,-0.0035171433150914255
2015-03-16,0.009601141324044049
2015-03-17,-0.0009458359463167532
2015-03-18,0.016446111569303257
2015-03-19,-0.005357582611669548
2015-03-20,0.015024456750738824
2015-03-23,0.0007764921207046582
2015-03-24,-0.003302819996184009
2015-03-25,-0.01023368367066485
2015-03-26,-0.005484162590645741
2015-03-27,0.002529853456286757
2015-03-30,0.006757749914589273
2015-03-31,-0.007615599334108769
2015-04-01,0.0017415746109181451
2015-04-02,0.004253233184534716
2015-04-06,0.007130601663518199
2015-04-07,-0.0052004122981944845
2015-04-08,0.0020646346154278017
2015-04-09,-0.004754731823113284
2015-04-10,0.0016047295261114036
2015-04-13,-0.0028730262481896918
2015-04-14,0.00395844630850023
2015-04-15,0.000513837597630018
2015-04-16,0.001428593566061398
2015-04-17,-0.006669425775802179
2015-04-20,0.0024574234132563044
2015-04-21,0.001834319346442903
2015-04-22,0.0007832682632526455
2015-04-23,0.00299856532108167
2015-04-24,0.003428197597641347
2015-04-27,-0.0005395018128274143
2015-04-28,-0.0005472930881008087
2015-04-29,-0.009169590695566138
2015-04-30,-0.009274160212765253
2015-05-01,0.006015258777450488
2015-05-04,0.00018660683989557558
2015-05-05,-0.01244002452059842
2015-05-06,-0.0020878517221607495
2015-05-07,0.005068980678622326
2015-05-08,0.013536027383624638
2015-05-11,-0.009591599643386572
2015-05-12,4.924955581889212e-05
2015-05-13,-0.0008081455673384086
2015-05-14,0.01128315069313135
2015-05-15,0.004910453313043517
2015-05-18,-0.0023976350799334023
2015-05-19,-0.003009205741346971
2015-05-20,0.0006300976797346258
2015-05-21,0.0023598678442233456
2015-05-22,-0.00308073167086384
2015-05-26,-0.00752533494427815
2015-05-27,0.00712139414869517
2015-05-28,-0.0009915839450425346
2015-05-29,-0.006950628830880323
2015-06-01,-0.0016919381015490693
2015-06-02,-0.0010969531316581034
2015-06-03,-0.00011221790753431415
2015-06-04,-0.004765530331754012
2015-06-05,-0.006945000942632321
2015-06-08,-0.0020279990850633847
2015-06-09,-0.0029630237008965166
2015-06-10,0.009724409855326039
2015-06-11,0.004609351095249551
2015-06-12,-0.0053902760418746976
2015-06-15,-0.0026456115318039077
2015-06-16,0.002988051504504763
2015-06-17,-3.097263286707305e-05
2015-06-18,0.006209731615381631
2015-06-19,-0.0005104521821905905
2015-06-22,0.005209737641297247
2015-06-23,0.00011014018221936861
2015-06-24,-0.004346481452741931
2015-06-25,-0.0019363050262389452
2015-06-26,-0.0018091033438876192
2015-06-29,-0.013357635551390874
2015-06-30,-0.0017567685041265375
2015-07-01,0.0072366275877733255
2015-07-02,0.00016814676546567098
2015-07-06,-0.01150426512409397
2015-07-07,0.003303864919375843
2015-07-08,-0.020029503100138235
2015-07-09,0.009149410744594078
2015-07-10,0.022678664402197568
2015-07-13,0.007384856146827268
2015-07-14,0.0063524944071212675
2015-07-15,-0.0020100131759378526
2015-07-16,0.008330477191763053
2015-07-17,-0.0002641449912924587
2015-07-20,0.0014072172071381006
2015-07-21,-0.0034269017990863904
2015-07-22,-0.004727528137141335
2015-07-23,-0.004127304969690937
2015-07-24,-0.010681387058181224
2015-07-27,-0.006586850747077377
2015-07-28,0.012448654828917771
2015-07-29,0.005230264617743563
2015-07-30,-0.0002692848892417721
2015-07-31,0.001858035948754185
2015-08-03,-0.0009821802036131069
2015-08-04,-0.002113311982009184
2015-08-05,0.001562538947988005
2015-08-06,-0.0029463773021327633
2015-08-07,6.272983432942247e-05
2015-08-10,0.006897406403477246
2015-08-11,-0.0059030836458283656
2015-08-12,-0.002106570400285538
2015-08-13,-0.001498497402782998
2015-08-14,0.0013910359848480214
2015-08-17,0.0018333086497359281
2015-08-18,-0.0040025688606250736
2015-08-19,-0.0035408007237160977
2015-08-20,-0.014119232270879967
2015-08-21,-0.016307690154963472
2015-08-24,-0.024993611792611132
2015-08-25,-0.002577346356230266
2015-08-26,0.018623160003242562
2015-08-27,0.01212788286498667
2015-08-28,-0.0004164720418436222
2015-08-31,-0.006238818646346067
2015-09-01,0.0
2015-09-02,0.0
2015-09-03,0.0
2015-09-04,0.0
2015-09-08,0.0
2015-09-09,0.0
2015-09-10,0.0
2015-09-11,0.0
2015-09-14,0.0
2015-09-15,0.0
2015-09-16,0.0
2015-09-17,0.0
2015-09-18,0.0
2015-09-21,0.0
2015-09-22,0.0
2015-09-23,0.0
2015-09-24,0.0
2015-09-25,0.0
2015-09-28,0.0
2015-09-29,0.0
2015-09-30,-0.0005
2015-10-01,0.000782688381394836
2015-10-02,0.004824195194359504
2015-10-05,-0.00553965469485751
2015-10-06,0.0020425215857398094
2015-10-07,-0.002501621421291622
2015-10-08,-0.002600780234070288
2015-10-09,0.0005587632706276491
2015-10-12,0.003350707371556183
2015-10-13,0.0009276437847867136
2015-10-14,0.005468025949953548
2015-10-15,-0.0034104525762741478
2015-10-16,-0.0008324084350722627
2015-10-19,-0.00046283439785244074
2015-10-20,-0.0034265604741617883
2015-10-21,0.003438342161509178
2015-10-22,0.0010187071679941262
2015-10-23,-0.005643445277083825
2015-10-26,0.002605135839226058
2015-10-27,0.0025055679287304677
2015-10-28,-0.005183745255947558
2015-10-29,-0.006141248720572978
2015-10-30,0.0012994413756514489
2015-11-02,0.010079086144436533
2015-11-03,-0.00325958271563224
2015-11-04,-0.002841791679816019
2015-11-05,0.000773977937986836
2015-11-06,-0.012800472715943015
2015-11-09,-0.009390330167706257
2015-11-10,0.00521817882765041
2015-11-11,-0.0010829143975423041
2015-11-12,-0.006732712406303428
2015-11-13,-0.006271493982315746
2015-11-16,0.00934747378695085
2015-11-17,-0.0003375600597717761
2015-11-18,0.008062861327442234
2015-11-19,0.0014624153019966073
2015-11-20,0.004950046040326117
2015-11-23,0.0007735587105040335
2015-11-24,-0.0010028261877512712
2015-11-25,0.001491298657808356
2015-11-27,0.003628032091542425
2015-11-30,-0.0037174395392985944
2015-12-01,0.00956997046842245
2015-12-02,-0.011129746988583192
2015-12-03,-0.01341509181419176
2015-12-04,0.014091180661891967
2015-12-07,-0.0018752337628138807
2015-12-08,-0.0023471826494214643
2015-12-09,-0.0039521320730029705
2015-12-10,-0.0022428318335881987
2015-12-11,-0.004389779548709671
2015-12-14,0.0007671560704379428
2015-12-15,0.00628303124556077
2015-12-16,0.010504517851475215
2015-12-17,-0.005348806775053412
2015-12-18,-0.00861918511408662
2015-12-21,0.0042130161216584
2015-12-22,0.0034291780080156022
2015-12-23,0.006789448607266342
2015-12-24,7.093896634483932e-05
2015-12-28,0.0011479319308128622
2015-12-29,0.005344034525109342
2015-12-30,-0.003392521745152995
2015-12-31,-0.006189618370543991
2016-01-04,-0.013010066944249998
2016-01-05,0.010494030274216581
2016-01-06,-0.007677145268940588
2016-01-07,-0.02173725128124787
2016-01-08,-0.012175322453618131
2016-01-11,0.0033351734902884456
2016-01-12,0.0006965347797303068
2016-01-13,-0.019642704756548834
2016-01-14,0.007028423099436132
2016-01-15,-0.014150085945561441
2016-01-19,0.0033121191286706875
2016-01-20,-0.019833882019426652
2016-01-21,0.0055738628438130045
2016-01-22,0.02418016452543914
2016-01-25,-0.010699211737248637
2016-01-26,0.017291743118647784
2016-01-27,-0.015116562979168024
2016-01-28,-0.0012102036447197984
2016-01-29,0.021961737946118387
2016-02-01,-0.00030685011055359146
2016-02-02,-0.0009965234170717374
2016-02-03,0.002788727452656903
2016-02-04,0.0014488197662575475
2016-02-05,-0.008845586766654812
2016-02-08,-0.0105669782608106
2016-02-09,-0.009112013542763087
2016-02-10,0.004964219690347882
2016-02-11,-0.004804494074635957
2016-02-12,0.0019226190638381713
2016-02-16,0.007706926951469906
2016-02-17,0.0030542388104385365
2016-02-18,0.007369108432938143
2016-02-19,0.002866666666666684
2016-02-22,0.0042748542771166576
2016-02-23,-0.00031664028889882845
2016-02-24,-0.0005924950625411651
2016-02-25,0.011708050282022375
2016-02-26,-0.005017612890642009
2016-02-29,-0.0011325077469960254
2016-03-01,0.010172606958356034
2016-03-02,0.002746357336168459
2016-03-03,0.0032378717592275175
2016-03-04,-0.0016270424562739305
2016-03-07,0.000306571767832442
2016-03-08,-0.0022273181364089734
2016-03-09,0.0008127424637910385
2016-03-10,-0.003606673513300962
2016-03-11,0.009781844673596662
2016-03-14,0.0004305876289455446
2016-03-15,0.00015412252786367597
2016-03-16,0.008659208417418629
2016-03-17,0.007604551964200512
2016-03-18,-0.001288429189685858
2016-03-21,-0.005930330803069983
2016-03-22,-0.0010547555718609658
2016-03-23,-0.00040623734744643647
2016-03-24,-0.00031783393083828493
2016-03-28,0.005241623972493059
2016-03-29,0.0142185962640069
2016-03-30,-0.0016399186655985387
2016-03-31,0.004547432789482072
2016-04-01,0.0017373234026148618
2016-04-04,-0.0011638378227953141
2016-04-05,-0.004192994003912523
2016-04-06,0.0037208110164428745
2016-04-07,-0.004351540283696701
2016-04-08,0.0022426776155755057
2016-04-11,-0.0015239439192520723
2016-04-12,0.004191090423347976
2016-04-13,0.0021330717867857896
2016-04-14,-0.002610864877404954
2016-04-15,0.003126522032452339
2016-04-18,0.0036096804812960626
2016-04-19,0.0006673389423231441
2016-04-20,-0.007022224440563736
2016-04-21,-0.008286295385641887
2016-04-22,0.003094583307090189
2016-04-25,0.0019952193570580423
2016-04-26,0.0010869306714489009
2016-04-27,0.0023186570198884256
2016-04-28,-0.002554862239048883
2016-04-29,-0.004988159351996442
2016-05-02,0.006855235010267043
2016-05-03,-0.00040126967839722804
2016-05-04,0.003511637908381012
2016-05-05,0.0017886485697110968
2016-05-06,0.00409828739005406
2016-05-09,0.004570319662932827
2016-05-10,0.004045819299650384
2016-05-11,-0.009733343384248323
2016-05-12,0.0011231387028168096
2016-05-13,-0.004612205174221858
2016-05-16,0.005245567583147351
2016-05-17,-0.009745260372483095
2016-05-18,-0.007813063077036959
2016-05-19,-0.004545722470761607
2016-05-20,0.004980831451494083
2016-05-23,-0.00020073120117913845
2016-05-24,0.00791764562028537
2016-05-25,0.002108849321211729
2016-05-26,0.0017728858120673594
2016-05-27,0.0025978454391063126
2016-05-31,-0.0006786530000778255
2016-06-01,0.0022846581400405965
2016-06-02,0.0028988246718917752
2016-06-03,0.004010353823456736
2016-06-06,0.002250291117474834
2016-06-07,0.004915975744006174
2016-06-08,0.006076884728428045
2016-06-09,-0.003199810165387152
2016-06-10,-0.011782665405995109
2016-06-13,-0.004888796958378096
2016-06-14,-0.005050251631450542
2016-06-15,0.0012660636641427252
2016-06-16,-0.001774816227760412
2016-06-17,0.006289340116580245
2016-06-20,0.007711648566972618
2016-06-21,0.0016202826952616436
2016-06-22,-0.002134787724638954
2016-06-23,0.010499300372910182
2016-06-24,-0.029547543586176908
2016-06-27,-0.0070121383262615085
2016-06-28,0.016586732649694923
2016-06-29,0.011655777890909769
2016-06-30,0.005865528230140571
2016-07-01,0.004324567795733092
2016-07-05,-0.006417981830810243
2016-07-06,0.0016105743420031515
2016-07-07,-0.011432252470862492
2016-07-08,0.010460228455312859
2016-07-11,-0.001291245296168947
2016-07-12,0.007281291069965806
2016-07-13,-0.0023095097549079013
2016-07-14,-0.0006951304714994944
2016-07-15,-0.0008739131426793445
2016-07-18,-0.0005700303753294333
2016-07-19,-0.0010635938172461612
2016-07-20,-0.00046673102199626393
2016-07-21,-0.002114982778943314
2016-07-22,0.002255792361659875
2016-07-25,-0.0044612173769071894
2016-07-26,-0.0016581846098784325
2016-07-27,-0.0046605845627442355
2016-07-28,0.0006022926095561043
2016-07-29,0.005544610418181245
2016-08-01,-0.002149078828496326
2016-08-02,-0.007452613551223591
2016-08-03,-0.0014605453669189195
2016-08-04,0.0012895409025766025
2016-08-05,0.0017868826868373267
2016-08-08,0.000679179555112458
2016-08-09,0.0043839529148834155
2016-08-10,0.0006318341516224346
2016-08-11,-0.0010793752616800323
2016-08-12,0.001097067770731569
2016-08-15,0.0006939466389937754
2016-08-16,-0.005068638870890901
2016-08-17,0.001798295389442206
2016-08-18,0.0013573277109251436
2016-08-19,-0.0046686041399140454
2016-08-22,0.0021580658587137536
2016-08-23,0.0016835353836135714
2016-08-24,-0.0030550271381095673
2016-08-25,-0.0004634421021853796
2016-08-26,-0.0053920497256801925
2016-08-29,0.00550041620919034
2016-08-30,-0.0012533511320547974
2016-08-31,-0.0012613803828866454
2016-09-01,0.0015000926695148131
2016-09-02,0.005541100431559781
2016-09-06,0.005531113138042665
2016-09-07,0.00173294005741223
2016-09-08,-0.005565393694419385
2016-09-09,-0.021930878215448507
2016-09-12,0.008824306579091945
2016-09-13,-0.01583457655679532
2016-09-14,0.0009252754706554622
2016-09-15,0.005676236535467671
2016-09-16,-0.0037976636462652147
2016-09-19,0.003189365885472889
2016-09-20,0.0015299925087084165
2016-09-21,0.010814714264169911
2016-09-22,0.009321376274059934
2016-09-23,-0.0025847185050785204
2016-09-26,-0.0030361676902893042
2016-09-27,0.0005204097506232297
2016-09-28,0.004959505021265964
2016-09-29,-0.008552226383898243
2016-09-30,0.0013051101223140794
2016-10-03,-0.0038733536339490503
2016-10-04,-0.004425984308034781
2016-10-05,-0.00039137222450431625
2016-10-06,-9.403817654938238e-05
2016-10-07,-0.003333429651105502
2016-10-10,0.005122778191588351
2016-10-11,-0.008256483752640232
2016-10-12,0.00014029358454654669
2016-10-13,0.0020294323170704457
2016-10-14,-0.0011828456968015378
2016-10-17,-0.000942165513730453
2016-10-18,0.005302872517944124
2016-10-19,0.003450244677499592
2016-10-20,-0.003179440574950698
2016-10-21,0.00018282078902904792
2016-10-24,0.0008689462283528958
2016-10-25,-0.0029140309347854615
2016-10-26,-0.0056685442119416285
2016-10-27,-0.005101248776240274
2016-10-28,-0.0017419402376271933
2016-10-31,-0.0022139972261004505
2016-11-01,-0.0031695592925239375
2016-11-02,-0.009519085272483425
2016-11-03,-0.004893112728644862
2016-11-04,-0.006387792630928738
2016-11-07,0.014783298098095827
2016-11-08,0.0014942648066111526
2016-11-09,0.006642700209957978
2016-11-10,-0.00405463429584485
2016-11-11,-0.008222823505043182
2016-11-14,-0.001789075859174057
2016-11-15,0.0124628932781341
2016-11-16,-0.006942512296396936
2016-11-17,0.004255381910073167
2016-11-18,-0.0010803995838043847
2016-11-21,0.016109290561999057
2016-11-22,0.0005692247571162563
2016-11-23,-0.000538132221831263
2016-11-25,-0.0009331372278008621
2016-11-28,-0.001724354424283943
2016-11-29,-0.005650041473722315
2016-11-30,0.013698509687678051
2016-12-01,0.008551005124708966
2016-12-02,0.0032051842748455073
2016-12-05,0.004309853021437271
2016-12-06,0.0002816270739063875
2016-12-07,0.0022975500258505255
2016-12-08,0.005174366015041287
2016-12-09,0.0066126320024983976
2016-12-12,0.002668616057069917
2016-12-13,0.005592171213760877
2016-12-14,-0.012145111618342641
2016-12-15,0.0017326699527087652
2016-12-16,0.00358814567866228
2016-12-19,-0.0018201605069820825
2016-12-20,0.0032291800784592928
2016-12-21,-0.0033368680480125312
2016-12-22,-0.000863710856181088
2016-12-23,0.0020341802363416095
2016-12-27,0.008383387026336009
2016-12-28,-0.0025317192410662104
2016-12-29,0.0005267538935281313
2016-12-30,-0.002798183634529198
2017-01-03,-0.0006893821996822869
2017-01-04,0.008364330350215294
2017-01-05,0.004717074445487486
2017-01-06,-0.0012113686819364236
2017-01-09,-0.00738498442803485
2017-01-10,-0.00233841333088732
2017-01-11,0.00708030372860809
2017-01-12,0.004864242226058228
2017-01-13,0.0013609727793708615
2017-01-17,-0.002191577535574566
2017-01-18,-0.004699252149463539
2017-01-19,-0.0027283639936088733
2017-01-20,0.007045124293184305
2017-01-23,-2.547386576190469e-05
2017-01-24,0.003191220645386498
2017-01-25,0.005491164164683981
2017-01-26,4.214923262990688e-05
2017-01-27,-0.0038541698739188446
2017-01-30,-0.007471955083836653
2017-01-31,0.002430236806201506
2017-02-01,0.005578015538746816
2017-02-02,0.00038669291475290635
2017-02-03,0.003419797075180438
2017-02-06,-0.006182315652172865
2017-02-07,-0.0026921037225432856
2017-02-08,0.0029500083726633113
2017-02-09,0.004883475394129958
2017-02-10,0.005531828592059954
2017-02-13,-0.0011100079964390477
2017-02-14,0.0021277583018445663
2017-02-15,0.0030117542229624776
2017-02-16,-0.00015660459915271347
2017-02-17,-0.001429037551987459
2017-02-21,0.004812981586024204
2017-02-22,-0.0030862939496358504
2017-02-23,0.002454765876392484
2017-02-24,-0.0030655047563841187
2017-02-27,0.00030941348697832705
2017-02-28,-0.0005639141362341984
2017-03-01,0.0058326586092209975
2017-03-02,-0.008927917016475884
2017-03-03,0.0019823235617495716
2017-03-06,-0.002325188583737564
2017-03-07,-0.004110274084504123
2017-03-08,-0.012881709964479737
2017-03-09,-0.004679048748842757
2017-03-10,-0.0006878622833378922
2017-03-13,0.0015415444283727597
2017-03-14,-0.003969200970000503
2017-03-15,0.013738542679685661
2017-03-16,0.000407297573812998
2017-03-17,0.0011919710999704902
2017-03-20,-0.001781209071881007
2017-03-21,-0.007060891386576673
2017-03-22,0.0004905446908851085
2017-03-23,0.0011046624085501444
2017-03-24,0.0009246514331374411
2017-03-27,-0.002565260698277866
2017-03-28,0.00583874651295313
2017-03-29,0.004405464890118005
2017-03-30,0.0017402326942132784
2017-03-31,0.001576973147297767
2017-04-03,-0.001592029459928812
2017-04-04,0.00015792969385675093
2017-04-05,-0.00413991216479026
2017-04-06,0.0014864119167478096
2017-04-07,-0.0008329946975068059
2017-04-10,-0.00026854077120985753
2017-04-11,0.0017532941400313917
2017-04-12,-0.0025938958038231874
2017-04-13,-0.006473773735423571
2017-04-17,0.007514833375347196
2017-04-18,-0.0037512495697925585
2017-04-19,-0.0029455744828137953
2017-04-20,0.008057198405728827
2017-04-21,-0.0012704940185621072
2017-04-24,0.018166375343925845
2017-04-25,0.006450382048663883
2017-04-26,-0.0017208692578609686
2017-04-27,0.0008896088324292784
2017-04-28,-0.0016376779583318624
2017-05-01,0.003297698200020238
2017-05-02,0.0027642472248632366
2017-05-03,-0.0016167524921281151
2017-05-04,0.005333394306695771
2017-05-05,0.0075180645967889426
2017-05-08,-0.0038187631373083897
2017-05-09,-0.0016878622082768802
2017-05-10,0.001667869984280257
2017-05-11,-0.0022513988845229704
2017-05-12,0.0019388609641903254
2017-05-15,0.0052908606211592435
2017-05-16,0.0027449230224204646
2017-05-17,-0.014554721846266439
2017-05-18,0.0028572892344653766
2017-05-19,0.009066944347509875
2017-05-22,0.0031437622692557232
2017-05-23,0.0011819195373171665
2017-05-24,0.0014685384653624345
2017-05-25,0.0023897593616224455
2017-05-26,-0.0015375870828097105
2017-05-30,-0.0009643064550392544
2017-05-31,0.00014868738064162878
2017-06-01,0.004645186643447744
2017-06-02,0.00623197300101208
2017-06-05,-0.0026382781628067433
2017-06-06,-0.000957668655795274
2017-06-07,9.792992877636719e-05
2017-06-08,-0.0009627015632392247
2017-06-09,-0.002068405711814473
2017-06-12,-0.0013873493149062128
2017-06-13,0.004327708182501869
2017-06-14,0.0010670871920017329
2017-06-15,-0.004686342119544625
2017-06-16,0.003094351173538771
2017-06-19,0.0032022371677588035
2017-06-20,-0.004093115476419254
2017-06-21,-0.000523072129591721
2017-06-22,0.00010737530998779682
2017-06-23,0.0013116228796119511
2017-06-26,0.0010605447048483985
2017-06-27,-0.00437396556174896
2017-06-28,0.005585308482382626
2017-06-29,-0.007465012126822712
2017-06-30,-0.00020370799246689292
2017-07-03,0.002383495985535111
2017-07-05,-0.0027628982285973214
2017-07-06,-0.008563660399289408
2017-07-07,0.002669027224424747
2017-07-10,-0.0010703025271958377
2017-07-11,0.00044480272346919536
2017-07-12,0.007685208031151192
2017-07-13,0.0012803920610185149
2017-07-14,0.005665143629150993
2017-07-17,0.0018009894755517952
2017-07-18,0.0007369087644899797
2017-07-19,0.004332483926215158
2017-07-20,3.795661100949865e-05
2017-07-21,-0.0009303336813888674
2017-07-24,-0.0013778912132387522
2017-07-25,-0.00012522700888825677
2017-07-26,0.004083109838473098
2017-07-27,-0.0008944510883077683
2017-07-28,-0.0002904552264410831
2017-07-31,0.0007792874445775311
2017-08-01,0.0036883003682541826
2017-08-02,-0.0022753508177688064
2017-08-03,2.251911435033338e-05
2017-08-04,0.0009496562799858332
2017-08-07,0.00044835023567044163
2017-08-08,-0.0033511099737188743
2017-08-09,-0.0009541650392232703
2017-08-10,-0.007940885747386078
2017-08-11,-0.0013489933272416155
2017-08-14,0.00786522135670184
2017-08-15,-0.001713003688057907
2017-08-16,0.0033260107532990246
2017-08-17,-0.007375788366961344
2017-08-18,-0.002191803175304624
2017-08-21,0.0029595761245752306
2017-08-22,0.0026132323347933806
2017-08-23,0.0025677716033605524
2017-08-24,-0.002317606122571897
2017-08-25,0.0037080516743860925
2017-08-28,-0.0016667404271347996
2017-08-29,-0.0004163306867532579
2017-08-30,0.0020520550674678617
2017-08-31,0.005253831302798606
2017-09-01,0.0008180380054046144
2017-09-05,-0.0024167357659093114
2017-09-06,0.002448837410539806
2017-09-07,0.004709888790214389
2017-09-08,-0.00023437657742758633
2017-09-11,0.005498427599254702
2017-09-12,-0.0019334532980405106
2017-09-13,-0.0023950794668265996
2017-09-14,0.0024800012964822093
2017-09-15,0.0013284477725173938
2017-09-18,-0.0014602584287679021
2017-09-19,-0.000504894039075332
2017-09-20,-0.0016295676479895216
2017-09-21,-0.0019851014675033862
2017-09-22,-0.0004985461331689367
2017-09-25,0.0002656632283501714
2017-09-26,-0.00018865951992955154
2017-09-27,-0.0023806434983744684
2017-09-28,0.002615660097531697
2017-09-29,0.002355436981397735
2017-10-02,-0.002106034241723531
2017-10-03,0.0010934642760731307
2017-10-04,0.0002729276806371806
2017-10-05,0.004441057850620856
2017-10-06,-0.004888814538532383
2017-10-09,0.000571282815212193
2017-10-10,0.006379651544182919
2017-10-11,0.002372752540968337
2017-10-12,6.426487204094235e-05
2017-10-13,0.004633560515499768
2017-10-16,-0.00013934706667790837
2017-10-17,-0.00047966069836258285
2017-10-18,-0.00021213668380350994
2017-10-19,-0.002373777170489411
2017-10-20,-0.00012302694947419223
2017-10-23,-0.0016537679517053538
2017-10-24,0.0009968440013040205
2017-10-25,-0.00319705233152916
2017-10-26,-0.00036115392227888945
2017-10-27,0.0056152967440676
2017-10-30,0.0007852024825085956
2017-10-31,0.0016400158659387598
2017-11-01,0.0015600804255632816
2017-11-02,0.0035435649434250485
2017-11-03,0.002226864260309269
2017-11-06,0.006389582139964079
2017-11-07,-0.0005536283954491019
2017-11-08,0.000999493057150369
2017-11-09,-0.0013552638034623143
2017-11-10,-0.001915277822381234
2017-11-13,-0.0004897137969304356
2017-11-14,-0.00391216334616915
2017-11-15,-0.0032602002518171695
2017-11-16,0.003684156529952043
2017-11-17,0.001181745114496513
2017-11-20,-0.0014057133196950788
2017-11-21,0.005496747571789574
2017-11-22,0.0023448013804054256
2017-11-24,0.003068719813606835
2017-11-27,-0.002857359917828539
2017-11-28,0.0023277782924648886
2017-11-29,-0.002747171188113318
2017-11-30,0.0004217408972861939
2017-12-01,0.0021045446139303092
2017-12-04,-0.0059044739536177615
2017-12-05,-0.0035172179458654307
2017-12-06,-0.0058080387788117804
2017-12-07,0.003208822831527458
2017-12-08,0.006253397333743693
2017-12-11,0.0024939720406286503
2017-12-12,6.0654546499450124e-05
2017-12-13,-0.00010334570545514343
2017-12-14,-0.0008426385041546969
2017-12-15,0.004061710572124871
2017-12-18,0.0068402881459870835
2017-12-19,-0.006226761495394001
2017-12-20,-0.0015345206337887274
2017-12-21,0.0012360073981004527
2017-12-22,0.003091891767880911
2017-12-26,0.005298629889009421
2017-12-27,0.0020260571155228946
2017-12-28,0.003536019087551412
2017-12-29,-0.0005206378524397759
2018-01-02,0.00408638625859295
2018-01-03,0.00465176954319646
2018-01-04,-0.0005130446545940359
2018-01-05,0.00106320507008556
2018-01-08,0.0021408772960162525
2018-01-09,-9.72656161854768e-05
2018-01-10,-0.0027589236082181112
2018-01-11,0.003305762175358884
2018-01-12,0.003917261520087034
2018-01-16,-0.001954904871684926
2018-01-17,0.006170543820725405
2018-01-18,-0.004387790321930818
2018-01-19,0.0034206891563708097
2018-01-22,0.006649050284908697
2018-01-23,0.006885105788463353
2018-01-24,0.002138518815629653
2018-01-25,-0.0031975398764537977
2018-01-26,0.0067326941510831295
2018-01-29,-0.009054845829437608
2018-01-30,-0.008803079103968381
2018-01-31,0.0041685164090896065
2018-02-01,0.00471407507628067
2018-02-02,-0.01849229595399452
2018-02-05,-0.0245491829686831
2018-02-06,0.003747524670247155
2018-02-07,-0.011575319490808292
2018-02-08,-0.02489339735475138
2018-02-09,0.0008220075672723164
2018-02-12,0.011685385851666785
2018-02-13,0.00045367837542487077
2018-02-14,0.01585128292754086
2018-02-15,0.008596613616958551
2018-02-16,0.0022121543906602854
2018-02-20,-0.005214113055191408
2018-02-21,-0.004077448220258054
2018-02-22,0.006281184887918586
2018-02-23,0.011188607093520911
2018-02-26,0.008604824854891705
2018-02-27,-0.012705848703531012
2018-02-28,-0.011767888835390001
2018-03-01,-0.009624876350277312
2018-03-02,0.002901720449294487
2018-03-05,0.009517124803778568
2018-03-06,0.0021964575823872896
2018-03-07,-0.004067171236279939
2018-03-08,-0.0003395514772430346
2018-03-09,0.012273344744889947
2018-03-12,-0.0024895811821539584
2018-03-13,-0.005187206630408429
2018-03-14,-0.0004934437270483298
2018-03-15,6.507937423128052e-05
2018-03-16,0.0023840250257485263
2018-03-19,-0.00945025477962232
2018-03-20,0.0038052810014051657
2018-03-21,0.006596318918158076
2018-03-22,-0.018510125899507696
2018-03-23,-0.006756858461764215
2018-03-26,0.014307905116375953
2018-03-27,-0.00992723153861319
2018-03-28,0.0003545396047834882
2018-03-29,0.009112063756465522
2018-04-02,-0.01719271042141768
2018-04-03,0.00762760827864195
2018-04-04,0.004520341657992236
2018-04-05,0.006260227425313846
2018-04-06,-0.013663870073149915
2018-04-09,0.00990201935868266
2018-04-10,0.01671859147660415
2018-04-11,-0.0006615724251431976
2018-04-12,0.0053860140664894925
2018-04-13,-6.467085154896835e-05
2018-04-16,0.0013183104301112876
2018-04-17,0.004875435606835602
2018-04-18,0.009789437666188967
2018-04-19,-0.004632765888495889
2018-04-20,-0.004280033759790395
2018-04-23,0.0006784994982712196
2018-04-24,-0.009100632606030149
2018-04-25,0.0014159568371480877
2018-04-26,0.006388673829905563
2018-04-27,6.730790648053675e-05
2018-04-30,-0.0026842853367530966
2018-05-01,-0.002690592973776754
2018-05-02,-0.0019958929642939585
2018-05-03,0.002614366679795828
2018-05-04,0.008741883796992514
2018-05-07,0.0007963715197866574
2018-05-08,0.000993957762001137
2018-05-09,0.00779777193048381
2018-05-10,0.0063933117985919274
2018-05-11,-0.0005176319448318978
2018-05-14,0.0031997933670511176
2018-05-15,-0.004892521918193559
2018-05-16,0.003358438921124529
2018-05-17,0.0011583056142283241
2018-05-18,-0.0029682853642382097
2018-05-21,0.007760725280739677
2018-05-22,-0.0011609939420170006
2018-05-23,-0.0023890544734893604
2018-05-24,-0.0037340492016603535
2018-05-25,-0.009420008011542339
2018-05-29,-0.014007864171729055
2018-05-30,0.015047405541056397
2018-05-31,-0.007092672329335228
2018-06-01,0.0013596629307056998
2018-06-04,0.0008694143472210607
2018-06-05,-5.588666120381891e-05
2018-06-06,0.004349804449037986
2018-06-07,0.0030308476572417087
2018-06-08,0.0016253403052131445
2018-06-11,-0.0008164460444645878
2018-06-12,0.0030008712819428554
2018-06-13,-0.006036880409049224
2018-06-14,0.0009721697892708008
2018-06-15,-0.008284424458871415
2018-06-18,0.002538161323807242
2018-06-19,-0.0047178182422522585
2018-06-20,0.004286449264194599
2018-06-21,-0.0016762977250001085
2018-06-22,0.011673778403000915
2018-06-25,-0.01038491022874229
2018-06-26,0.006869941368189339
2018-06-27,0.0003664713311229608
2018-06-28,0.0056423650974126716
2018-06-29,0.0058278600621389405
2018-07-02,-0.00578184393103894
2018-07-03,0.0013332116294425176
2018-07-05,0.0061150119803557255
2018-07-06,0.005540790640772434
2018-07-09,0.0018598082946240655
2018-07-10,0.0016998208080884665
2018-07-11,-0.017049789175964482
2018-07-12,0.005796629877685847
2018-07-13,0.0004207410871133559
2018-07-16,-0.009841982429181698
2018-07-17,-0.0006528854210865466
2018-07-18,0.0014086655657958116
2018-07-19,0.0026561844699286206
2018-07-20,-0.0018222858655815297
2018-07-23,0.0005094392225265901
2018-07-24,0.0015550378823550037
2018-07-25,0.01016927430270383
2018-07-26,0.0005150704540624422
2018-07-27,-0.007165847036715448
2018-07-30,0.0009734827794400196
2018-07-31,0.004105057201169725
2018-08-01,-0.0032497987629504788
2018-08-02,0.0009225105175029724
2018-08-03,0.004216277662888346
2018-08-06,-4.247384141933819e-05
2018-08-07,0.0034878127300375372
2018-08-08,-0.006106156951373426
2018-08-09,-0.0015400602254322104
2018-08-10,-0.007842962866552977
2018-08-13,-0.0033523764868792494
2018-08-14,0.002635732801310159
2018-08-15,-0.009163482238255444
2018-08-16,0.007918656840974425
2018-08-17,0.006465201355388306
2018-08-20,0.002217881711116254
2018-08-21,0.0014977252195567115
2018-08-22,0.002966620758604377
2018-08-23,-0.0034733007708308283
2018-08-24,0.006780416912356035
2018-08-27,0.005577118212322013
2018-08-28,0.0019704518775398028
2018-08-29,0.006098856394170127
2018-08-30,-0.005271853141733479
2018-08-31,-0.0012447643745825407
2018-09-04,-0.005123707586086629
2018-09-05,-0.000692503113820353
2018-09-06,-0.0012584353013553595
2018-09-07,-0.0035956983421995825
2018-09-10,0.0018435943357939522
2018-09-11,0.0027941764894905963
2018-09-12,0.0020564419415435298
2018-09-13,-0.00017038026160873243
2018-09-14,-0.0024409114344558502
2018-09-17,-0.0010411386117687438
2018-09-18,0.0018787837252995376
2018-09-19,-0.001079551505097115
2018-09-20,0.004124949098470138
2018-09-21,0.0009193533191821646
2018-09-24,-0.001906230931659092
2018-09-25,0.0003899035236332449
2018-09-26,-0.004594106109161694
2018-09-27,0.003299888286101782
2018-09-28,0.005801136164933968
2018-10-01,0.00523773751751518
2018-10-02,-0.0004043598198705256
2018-10-03,4.803588461503149e-05
2018-10-04,-0.010023207199454154
2018-10-05,-0.0027583698688017724
2018-10-08,0.004273821127374547
2018-10-09,0.0023321422641842853
2018-10-10,-0.02252516012507788
2018-10-11,-0.022398763221843157
2018-10-12,0.005808956477285077
2018-10-15,0.0018562688707028927
2018-10-16,0.015254702244689314
2018-10-17,-0.00528030534832291
2018-10-18,-0.009937305491840687
2018-10-19,0.00516201007734914
2018-10-22,-0.0055838133076286925
2018-10-23,-0.009037018323726645
2018-10-24,-0.008302441286501632
2018-10-25,0.011988371658234149
2018-10-26,-0.010599343437163584
2018-10-29,-0.0018057995532360458
2018-10-30,0.0075725973664308634
2018-10-31,-0.004704526326222091
2018-11-01,0.004724208375893824
2018-11-02,-0.008260261786757983
2018-11-05,0.01486417221937475
2018-11-06,0.00505050505050475
2018-11-07,0.011934673366834181
2018-11-08,0.0007448789571695702
2018-11-09,-0.00012405408758231484
2018-11-12,0.001985111662531125
2018-11-13,-0.000990589400693409
2018-11-14,-0.0024789291026277027
2018-11-15,-0.006833996023856814
2018-11-16,0.01075941448767681
2018-11-19,0.001361554647852481
2018-11-20,-0.010259579728059576
2018-11-21,0.0008742350443362579
2018-11-23,-0.001996506114299912
2018-11-26,0.0018754688672166786
2018-11-27,0.004243104954448906
2018-11-28,0.008947433826270723
2018-11-29,0.00024633575563504095
2018-11-30,0.008814924270410012
2018-12-03,0.006932459560867596
2018-12-04,-0.014195772560328555
2018-12-06,0.00859303980825865
2018-12-07,-0.011136373500205538
2018-12-10,-0.0013244654968416572
2018-12-11,-0.0006032491779338622
2018-12-12,-0.004376205126338406
2018-12-13,0.0020105467881020482
2018-12-14,-0.00659386799853782
2018-12-17,-0.018119349526049912
2018-12-18,0.0038903161934099595
2018-12-19,-0.007484463765107289
2018-12-20,-0.010850644023797724
2018-12-21,-0.011177832831860579
2018-12-24,-0.01984236968023841
2018-12-26,0.026414601265815962
2018-12-27,0.0033556487574807337
2018-12-28,0.0024571086598618543
2018-12-31,0.004401649795470716
2019-01-02,0.0021113243761996525
2019-01-03,0.00794866883738754
2019-01-04,-0.008076009501187587
2019-01-07,-0.002777777777777768
2019-01-08,-0.0024973585630584383
2019-01-09,0.0005777563793933904
2019-01-10,-0.0004811856414205229
2019-01-11,0.002984787213556661
2019-01-14,-0.000575981568589734
2019-01-15,-0.0009605225242532711
2019-01-16,-0.0005768676088837577
2019-01-17,-0.0018278018278018449
2019-01-18,-0.003180416345412329
2019-01-22,0.003480614908633717
2019-01-23,-0.0004817419789961974
2019-01-24,0.0031810294968190878
2019-01-25,-0.0023061400980107782
2019-01-28,0.0002889338341518499
2019-01-29,0.002888503755054783
2019-01-30,0.0023041474654379446
2019-01-31,0.004097701149425148
2019-02-01,-0.0058520265826377815
2019-02-04,0.0026356404778596354
2019-02-05,0.003740719197015463
2019-02-06,-0.0028901586256721568
2019-02-07,0.0057677778306117755
2019-02-08,0.0006700488178424946
2019-02-11,0.0006023493824831028
2019-02-12,-0.0038118487246401878
2019-02-13,0.0013187351698694116
2019-02-14,0.003957011080897299
2019-02-15,0.00289369713900417
2019-02-19,0.0007442161742907127
2019-02-20,-0.0032106657157778273
2019-02-21,-0.001008686758754207
2019-02-22,0.004440624597805365
2019-02-25,-0.004700438656392358
2019-02-26,-5.526670308414472e-05
2019-02-27,-0.0042604677849652495
2019-02-28,-0.0003135652949382374
2019-03-01,-4.4353704766001865e-05
2019-03-04,0.0013302313256096467
2019-03-05,0.0006506636636755732
2019-03-06,-0.002630417025753691
2019-03-07,-0.002383994116909556
2019-03-08,0.00016953818372430113
2019-03-11,0.00946823631393967
2019-03-12,0.0037084231131311683
2019-03-13,0.0037171651415430773
2019-03-14,-0.00018540152475854388
2019-03-15,0.0016508739294991785
2019-03-18,-0.0009067636164868941
2019-03-19,-0.0011553471632996801
2019-03-20,0.0023355757261859234
2019-03-21,0.00954479162860026
2019-03-22,-0.0063703423214658645
2019-03-25,0.001020939173267843
2019-03-26,0.004867505515426325
2019-03-27,-0.0017305782834546868
2019-03-28,0.004528813714285965
2019-03-29,0.0010148764944912516
2019-04-01,0.004300748487380102
2019-04-02,0.002379916986714914
2019-04-03,0.0012688927386546311
2019-04-04,-5.284229382451766e-06
2019-04-05,0.0037197356414589433
2019-04-08,-0.0014550099324290577
2019-04-09,-0.003731718702780107
2019-04-10,0.00469435347831737
2019-04-11,-0.0013358100498813419
2019-04-12,0.003474364259045737
2019-04-15,-0.00099602372541166
2019-04-16,-0.006152629057178366
2019-04-17,-0.002127569375508731
2019-04-18,0.002852622086748746
2019-04-22,-0.0033018942414442254
2019-04-23,0.006499487992244868
2019-04-24,0.0005083454632609785
2019-04-25,-0.0011714609134912957
2019-04-26,0.004820810123158326
2019-04-29,-0.0015597211598663563
2019-04-30,0.0029593308986901935
2019-05-01,-0.002450093842410772
2019-05-02,-0.004264504012507131
2019-05-03,0.006440050542806165
2019-05-06,-0.002229367526217674
2019-05-07,-0.013347234154980025
2019-05-08,0.0003838169389566605
2019-05-09,-0.0014815621896611562
2019-05-10,0.0051207696561573314
2019-05-13,-0.010761520942864134
2019-05-14,0.007265116630111135
2019-05-15,0.005742850982181525
2019-05-16,0.006328642069948343
2019-05-17,-0.004486034160170837
2019-05-20,-0.0049856491103132065
2019-05-21,0.00462021893456972
2019-05-22,-0.003767823167394413
2019-05-23,-0.007951870728408063
2019-05-24,0.00547087333198748
2019-05-28,-0.0036397734265037236
2019-05-29,-0.005858576465309873
2019-05-30,-0.0009233312570329885
2019-05-31,-0.009688992879224378
2019-06-03,0.003611976026576702
2019-06-04,-0.004069972423179857
2019-06-05,0.01043708914773378
2019-06-06,0.0008683401028807824
2019-06-07,0.0038365156145331314
2019-06-10,-0.004123583328432934
2019-06-11,0.0013524174461850835
2019-06-12,0.002997090050668505
2019-06-13,0.003367247678263685
2019-06-14,0.000645028481525145
2019-06-17,0.005259695998492353
2019-06-18,0.00046429871094733066
2019-06-19,0.004074827909123946
2019-06-20,0.003345404646681871
2019-06-21,-0.009093280372913626
2019-06-24,1.6693993891425674e-05
2019-06-25,-0.006622172968240914
2019-06-26,-0.012033623199711296
2019-06-27,0.007943851349933584
2019-06-28,0.001449493166229499
2019-07-01,0.003020805723460529
2019-07-02,0.006609032240053159
2019-07-03,0.007155885575231946
2019-07-05,-0.004672796575931393
2019-07-08,-0.0021676917713945587
2019-07-09,-7.831209371200742e-05
2019-07-10,0.0036499524363500235
2019-07-11,-0.0039735536241622404
2019-07-12,0.0013640723261411358
2019-07-15,0.0006427796043393108
2019-07-16,-0.0029675811787645
2019-07-17,-0.001715987746777281
2019-07-18,0.002294743835879187
2019-07-19,-0.0066455560420508875
2019-07-22,0.0007665372371141732
2019-07-23,0.005773595965606837
2019-07-24,0.0019277335754167013
2019-07-25,-0.005634227559471433
2019-07-26,0.003264277037565211
2019-07-29,0.0009870825411316952
2019-07-30,-0.0013891729355202387
2019-07-31,-0.004933765082389984
2019-08-01,-0.007477950067933459
2019-08-02,-0.0009641338800819629
2019-08-05,-0.015343692493598262
2019-08-06,0.004949974336830244
2019-08-07,-0.0001483825744521992
2019-08-08,0.011046483338570523
2019-08-09,-0.0009793043600463402
2019-08-12,-0.004766927682125988
2019-08-13,0.008513016037729026
2019-08-14,-0.01670339555534821
2019-08-15,0.0035291404392670425
2019-08-16,0.007299756588473373
2019-08-19,0.006029677931665223
2019-08-20,-0.0025996276007336674
2019-08-21,0.0037454989596825694
2019-08-22,-0.0011754956458684298
2019-08-23,-0.0119196333797295
2019-08-26,0.005345094601491973
2019-08-27,0.0011280209677352773
2019-08-28,0.0047147273406863205
2019-08-29,0.006658088406768292
2019-08-30,-0.001953258389076229
2019-09-03,0.0011073461925746042
2019-09-04,0.008852411837321661
2019-09-05,0.0007192084146250832
2019-09-06,0.0017267803520881198
2019-09-09,-0.001885152647912558
2019-09-10,-0.004033411779296614
2019-09-11,0.003191816108521567
2019-09-12,0.0030935383199785504
2019-09-13,-0.00371375286282441
2019-09-16,0.0002593495534952417
2019-09-17,0.004832345575462582
2019-09-18,-0.0009217690319380523
2019-09-19,0.001821469687974725
2019-09-20,-0.0003154202196104794
2019-09-23,5.149612513760671e-05
2019-09-24,-0.002223913856211457
2019-09-25,-0.00040604473555533316
2019-09-26,0.003039413187126555
2019-09-27,-0.0032227868463007847
2019-09-30,0.0027128532332245103
2019-10-01,-0.007094798693522364
2019-10-02,-0.009716627838262049
2019-10-03,0.007432577323256029
2019-10-04,0.007337960600946936
2019-10-07,-0.002760204542858302
2019-10-08,-0.0070066457214443545
2019-10-09,0.004032828390284904
2019-10-10,0.0022880990040490545
2019-10-11,0.00524004410591386
2019-10-14,-0.0005081262287506827
2019-10-15,0.004504856163003584
2019-10-16,0.0004964090441126057
2019-10-17,0.0028889357623268774
2019-10-18,0.0009348704785208661
2019-10-21,0.004041452164110504
2019-10-22,-0.0015691816251285906
2019-10-23,0.0027236462921189086
2019-10-24,0.00018230566809215865
2019-10-25,-0.0013843762127013215
2019-10-28,7.332746468644014e-05
2019-10-29,0.0015995317234101525
2019-10-30,0.003923294720254822
2019-10-31,-0.00011992462795393233
2019-11-01,0.004016178128360304
2019-11-04,-0.0007301236371827502
2019-11-05,-0.006342349939386843
2019-11-06,0.0012113731051515975
2019-11-07,-0.002844352095302455
2019-11-08,-0.00047168163120017703
2019-11-11,1.4558635669487119e-05
2019-11-12,-0.0011394926889588264
2019-11-13,0.0021722592806006635
2019-11-14,0.0028721923013293738
2019-11-15,0.004546941874452953
2019-11-18,0.002118772399377522
2019-11-19,0.0005000351998485364
2019-11-20,-0.0017188287086823406
2019-11-21,-0.004872698328796776
2019-11-22,0.00028688290599979127
2019-11-25,0.004827260335323713
2019-11-26,0.004211314020711954
2019-11-27,0.0023059144914148177
2019-11-29,-0.004026138302472587
2019-12-02,-0.00809176663356212
2019-12-03,0.0012407015717665337
2019-12-04,0.0039061286344166113
2019-12-05,-0.0004746920722333292
2019-12-06,0.004309458279836115
2019-12-09,-0.0014089672736637138
2019-12-10,-0.0019124750019777481
2019-12-11,0.0005226442361241368
2019-12-12,-0.0015322122143107963
2019-12-13,0.0034101939827133054
2019-12-16,0.005017742171644302
2019-12-17,-0.003721637333000072
2019-12-18,0.0020596041884783922
2019-12-19,0.003436367305948429
2019-12-20,0.0026494262780911715
2019-12-23,-0.0007031105811388105
2019-12-24,0.0008448784717839664
2019-12-26,0.0038714321038331168
2019-12-27,0.001521682920475137
2019-12-30,-0.0031586899027274684
2019-12-31,0.002451684597856224
2020-01-02,0.0034495832769170453
2020-01-03,0.0012856076516497114
2020-01-06,0.0015656880055263222
2020-01-07,-0.004231796863002457
2020-01-08,-0.001978657392604566
2020-01-09,0.0003652742378299936
2020-01-10,0.0005148584100286291
2020-01-13,0.0025866844874883996
2020-01-14,0.0006769738499493804
2020-01-15,0.001757481477773104
2020-01-16,0.0034272887025988525
2020-01-17,0.0020067712511108397
2020-01-21,-0.0005490637285992857
2020-01-22,-0.003787207094021916
2020-01-23,-0.00025326643271343934
2020-01-24,-0.005987811111449571
2020-01-27,-0.011714868416447444
2020-01-28,0.00586344745309777
2020-01-29,-0.0011192175353214708
2020-01-30,-0.0012071172872518466
2020-01-31,-0.01123522407651456
2020-02-03,0.0030627037278420643
2020-02-04,0.009110017705028839
2020-02-05,0.004361034916202294
2020-02-06,0.00254261231020253
2020-02-07,-0.00255707254612203
2020-02-10,0.005658490013688067
2020-02-11,0.003427317341268721
2020-02-12,0.0033218931670783713
2020-02-13,-0.00029422679910962035
2020-02-14,0.003174887645413099
2020-02-18,-0.0021128886378599387
2020-02-19,-0.0013810258318635582
2020-02-20,0.0011956800439174575
2020-02-21,-0.0020001953309928544
2020-02-24,-0.019757086367260368
2020-02-25,-0.01777217111622928
2020-02-26,-0.003434079781454158
2020-02-27,-0.030718479502420154
2020-02-28,-0.006548975235310116
2020-03-02,-0.000680585701586911
2020-03-03,0.011619958988380086
2020-03-04,-0.002195945945946076
2020-03-05,0.008887760284408408
2020-03-06,0.010151858377380751
2020-03-09,0.008970099667774178
2020-03-10,-0.0183569311820877
2020-03-11,-0.009979035639413047
2020-03-12,0.0005082161612739444
2020-03-13,-0.0065187944463257486
2020-03-16,0.02641670217298686
2020-03-17,-0.025072644250726528
2020-03-18,-0.013880609724942539
2020-03-19,0.003281519861830784
2020-03-20,0.02547770700636942
2020-03-23,0.01183481618264226
2020-03-24,-0.006802156781418378
2020-03-25,0.0005846487931178146
2020-03-26,0.00242070116861437
2020-03-27,0.00741110833541514
2020-03-30,0.002314432137543454
2020-03-31,0.001814283358073654
2020-04-01,0.004071504594103104
2020-04-02,0.00016416317819900605
2020-04-03,0.0007386130488304943
2020-04-06,-0.004510414958176168
2020-04-07,-0.004448471867534387
2020-04-08,-0.0012412081092262328
2020-04-09,0.0021541010770504965
2020-04-13,-0.002149470899470929
2020-04-14,0.001325600662800186
2020-04-15,0.008935958960781143
2020-04-16,0.0010660980810235365
2020-04-17,-0.0026214467109035855
2020-04-20,0.0026283367556467763
2020-04-21,0.0027852871303351012
2020-04-22,-0.0031043215423576243
2020-04-23,0.0006555764975826328
2020-04-24,0.00024568012447789833
2020-04-27,-0.005321761912559286
2020-04-28,0.00436249897110863
2020-04-29,-0.0004917226684150178
2020-04-30,-0.002377828796326753
2020-05-01,0.0013820734590390682
2020-05-04,0.00016432503491925488
2020-05-05,-0.0007393411648730641
2020-05-06,-0.0036994409733639433
2020-05-07,0.006106114365871829
2020-05-08,-0.003280570819322648
2020-05-11,-0.0027976631284455378
2020-05-12,0.003300602359930682
2020-05-13,0.002056090138991662
2020-05-14,0.001559422193040172
2020-05-15,-0.0006555764975826328
2020-05-18,-0.006150061500614923
2020-05-19,0.002805280528052956
2020-05-20,0.00024683231857802745
2020-05-21,0.0006580570864525015
2020-05-22,0.001890669954788038
2020-05-26,-0.002625533311453765
2020-05-27,0.0008226390259953309
2020-05-28,-0.000904159132007254
2020-05-29,0.0027085561497328108
2020-06-01,0.001824786466450401
2020-06-02,0.0033188549406804047
2020-06-03,0.0036928589250391775
2020-06-04,-0.0032992778399039135
2020-06-05,0.010322432840468465
2020-06-08,0.006586422017327731
2020-06-09,-0.0019351806166855168
2020-06-10,0.0009497285625476581
2020-06-11,-0.027050963000198935
2020-06-12,0.004878174912501809
2020-06-15,0.004255932601741286
2020-06-16,0.00859325191820226
2020-06-17,-0.0012920782326855118
2020-06-18,0.0013061032331074252
2020-06-19,-0.002692480786849305
2020-06-22,0.0027550946113779617
2020-06-23,0.0021371439724096053
2020-06-24,-0.01180700653788641
2020-06-25,0.005442478506142101
2020-06-26,-0.010519250039065398
2020-06-29,0.007840699447798971
2020-06-30,0.005503807546602069
2020-07-01,0.0027223814038093708
2020-07-02,0.003370374351345795
2020-07-06,0.006979267023941749
2020-07-07,-0.0035525052422835657
2020-07-08,0.0030451999521140527
2020-07-09,-0.0011625633097948063
2020-07-10,0.004041021348192897
2020-07-13,-0.0037962137064596058
2020-07-14,0.006438504752434182
2020-07-15,0.004429707506091729
2020-07-16,-0.0012777866603448373
2020-07-17,0.0013266560504660574
2020-07-20,0.004368569051973914
2020-07-21,0.0015960711198913513
2020-07-22,0.0030096788403288777
2020-07-23,-0.005475179807364394
2020-07-24,-0.003465311068693022
2020-07-27,0.002869698446975655
2020-07-28,-0.001984149568645621
2020-07-29,0.006802772536061097
2020-07-30,-0.0011110366276605443
2020-07-31,0.003760320513411316
2020-08-03,0.008654176257746003
2020-08-04,0.004273342508090157
2020-08-05,0.002060217180157993
2020-08-06,0.0029742755062432584
2020-08-07,-0.0018230256997345815
2020-08-10,0.0017427588369865281
2020-08-11,-0.0026944090710817976
2020-08-12,0.011051421045157142
2020-08-13,-0.0027638229050903997
2020-08-14,-0.001870308219014164
2020-08-17,0.004128450065098728
2020-08-18,0.0010914116767067883
2020-08-19,-0.003307118586310387
2020-08-20,0.0009190801597273406
2020-08-21,-0.00027054810595753914
2020-08-24,0.007311910494239514
2020-08-25,0.0005643910790892696
2020-08-26,0.005158026174510851
2020-08-27,-0.0038495683545434574
2020-08-28,0.005061525184578178
2020-08-31,-0.0033958236793678225
2020-09-01,0.0045912432161036385
2020-09-02,0.009744603616409867
2020-09-03,-0.01856862869794899
2020-09-04,-0.004111581499203543
2020-09-08,-0.012475567352604022
2020-09-09,0.012642312369042192
2020-09-10,-0.009279179605290308
2020-09-11,0.004014630092621818
2020-09-14,0.0058903185725561
2020-09-15,0.0036689168385654796
2020-09-16,-0.0015143759663947727
2020-09-17,-0.0023784081552965888
2020-09-18,-0.006815313345759355
2020-09-21,-0.011551938934614552
2020-09-22,0.0032897869092237686
2020-09-23,-0.010514252022430318
2020-09-24,0.0007347317333231314
2020-09-25,0.006775652218131256
2020-09-28,0.010501929813493405
2020-09-29,-0.0019339663415114021
2020-09-30,1.1178696663375568e-05
2020-10-01,0.0042673241610341845
2020-10-02,-0.004183741928606044
2020-10-05,0.008876222168996936
2020-10-06,-0.007512878147060808
2020-10-07,0.0076966056086486346
2020-10-08,0.005878669847433941
2020-10-09,0.005420078443657772
2020-10-12,0.007649188207047593
2020-10-13,-0.005166410047585779
2020-10-14,-0.0025459784840026938
2020-10-15,-0.004704761676377456
2020-10-16,0.0011580634845052007
2020-10-19,-0.006853351021118687
2020-10-20,0.0022730327856060883
2020-10-21,-0.0026666780331089006
2020-10-22,0.0009262400525017478
2020-10-23,0.003771636791318015
2020-10-26,-0.011275749880892305
2020-10-27,-0.0030153909145986812
2020-10-28,-0.02137156856178879
2020-10-29,0.0035562639805339167
2020-10-30,-0.006282759186559257
2020-11-02,0.008652086921266658
2020-11-03,0.013873174852476819
2020-11-04,0.013913275004488135
2020-11-05,0.014453665732053977
2020-11-06,-0.0005001340048786198
2020-11-09,0.011443155806026617
2020-11-10,0.001547659711211106
2020-11-11,0.005819309005073103
2020-11-12,-0.006192190019760752
2020-11-13,0.00929384266951357
2020-11-16,0.00737051605911095
2020-11-17,-0.0012637613856851064
2020-11-18,-0.005883937373644305
2020-11-19,0.0041090794888853175
2020-11-20,-0.0007026635163040289
2020-11-23,0.000907802924346853
2020-11-24,0.009826090911683958
2020-11-25,-0.0008235737989577736
2020-11-27,0.004220773348651155
2020-11-30,-0.009448481447168164
2020-12-01,0.01011215753196043
2020-12-02,0.0003206196486831292
2020-12-03,0.0026670339136845023
2020-12-04,0.008950297166883836
2020-12-07,-0.006212445837335795
2020-12-08,0.0009396966761526793
2020-12-09,-0.0028036902235429317
2020-12-10,0.003672431225709566
2020-12-11,-0.001710445566641905
2020-12-14,-0.0014291485293486395
2020-12-15,0.012941413334732588
2020-12-16,0.0029047166885094455
2020-12-17,0.00868756319045133
2020-12-18,-0.005882133292400588
2020-12-21,-0.008972753636509512
2020-12-22,-0.0017834150341469457
2020-12-23,0.004639500419509612
2020-12-24,0.004294651049149334
2020-12-28,0.004239558013509448
2020-12-29,-0.0003801243770156504
2020-12-30,0.0037192652416248584
2020-12-31,0.00402363617843482
2021-01-04,-0.012050570323477144
2021-01-05,0.013460297185998615
2021-01-06,0.005182331770345716
2021-01-07,0.0038899575750662163
2021-01-08,0.009728365734907263
2021-01-11,-0.010397289150281597
2021-01-12,0.006660023668583259
2021-01-13,0.002040042362984301
2021-01-14,0.005491632147170106
2021-01-15,-0.006480418100242746
2021-01-19,0.0038423762966805775
2021-01-20,0.010510377184303588
2021-01-21,-0.001342767879182749
2021-01-22,-0.00515756526341532
2021-01-25,0.0059092620089060965
2021-01-26,0.0027067796179398584
2021-01-27,-0.017024064330651234
2021-01-28,0.0037436123371733243
2021-01-29,-0.012476694977386904
2021-02-01,0.017100230458895194
2021-02-02,0.008889466873638785
2021-02-03,0.0026377314958326292
2021-02-04,0.0063316392630663465
2021-02-05,0.005466189522662868
2021-02-08,0.00897551601782226
2021-02-09,0.002616707465518786
2021-02-10,-0.0007077315818922736
2021-02-11,0.002444283568161787
2021-02-12,0.006688933580556611
2021-02-16,0.0023539049485479524
2021-02-17,6.114763365466791e-05
2021-02-18,-0.004788658131898493
2021-02-19,0.0008368965732789835
2021-02-22,0.005054585012173679
2021-02-23,0.003663074185328352
2021-02-24,0.008917561068697843
2021-02-25,-0.016772142790903277
2021-02-26,-0.013621100723796714
2021-03-01,0.009407088369076028
2021-03-02,-0.004801034973224844
2021-03-03,-0.004848844425606513
2021-03-04,-0.003901841857653743
2021-03-05,0.014673814665825402
2021-03-08,-0.004024802825481649
2021-03-09,0.007552233138347408
2021-03-10,0.006323280802445874
2021-03-11,0.010907243373100284
2021-03-12,0.0037952674118315044
2021-03-15,0.005057914335893948
2021-03-16,-0.002275584659185037
2021-03-17,0.0027110821179037736
2021-03-18,-0.020956681204871264
2021-03-19,0.0029524706917289922
2021-03-22,0.002937032243742782
2021-03-23,-0.01392134349472579
2021-03-24,0.0030132065691869103
2021-03-25,0.0008394761871605427
2021-03-26,0.01919155368164821
2021-03-29,-0.002029085696923366
2021-03-30,-0.004723742907134093
2021-03-31,-0.0010461298124375684
2021-04-01,0.01354912242797729
2021-04-05,0.0037734383591596365
2021-04-06,-0.0007296605292342051
2021-04-07,0.0018884814804207561
2021-04-08,0.0036421510912717503
2021-04-09,0.0012346487500844439
2021-04-12,-0.000886524570263697
2021-04-13,0.00629268760284013
2021-04-14,0.0036650911448855295
2021-04-15,0.011213676246307147
2021-04-16,0.0026798522311934914
2021-04-19,-0.0006610913102383098
2021-04-20,-0.004607115480596363
2021-04-21,0.005044171549682647
2021-04-22,-0.0022252368928804833
2021-04-23,0.008611457535621647
2021-04-26,0.003657958557488017
2021-04-27,0.0009485580293186191
2021-04-28,0.00102805037889947
2021-04-29,0.005995094946765589
2021-04-30,-0.0049372237540984965
2021-05-03,0.0043023645790460086
2021-05-04,-0.0032434186399510068
2021-05-05,-0.0003387519686055829
2021-05-06,0.006588386300547477
2021-05-07,0.008910616190288267
2021-05-10,-0.0046920281949124065
2021-05-11,-0.006729102423483763
2021-05-12,-0.01563130743349314
2021-05-13,0.0015588570727967932
2021-05-14,0.01247306991274677
2021-05-17,0.002579176159599378
2021-05-18,-0.003017021882540716
2021-05-19,-0.008998532501512946
2021-05-20,0.005652399028980654
2021-05-21,0.0025670220481897044
2021-05-24,0.011342610257966845
2021-05-25,-0.0020369207212260487
2021-05-26,0.001943699387642217
2021-05-27,0.003951155969889236
2021-05-28,0.0019019392582453054
2021-06-01,0.00922482438449776
2021-06-02,0.005265052606977905
2021-06-03,-0.004822702546301433
2021-06-04,0.0070909620305874
2021-06-07,0.002744277889422664
2021-06-08,0.004538411317948798
2021-06-09,-0.0014940586330361716
2021-06-10,0.004270092165147565
2021-06-11,0.0007903367020313246
2021-06-14,0.001028604973235897
2021-06-15,-0.0026713773479812852
2021-06-16,-0.006289755584623941
2021-06-17,-0.008451454659250013
2021-06-18,-0.010365784192652439
2021-06-21,0.015548534177319662
2021-06-22,-0.0005647878189251054
2021-06-23,-0.0010694765527322347
2021-06-24,0.003975102577253559
2021-06-25,0.0034231376161616422
2021-06-28,-0.002290962467062091
2021-06-29,0.0006186392614650482
2021-06-30,-0.0005163280938738635
2021-07-01,0.00493150065420922
2021-07-02,0.00429377720320695
2021-07-06,-0.005646629781241669
2021-07-07,-0.000338230482935048
2021-07-08,-0.004520112028886719
2021-07-09,0.014516263115856576
2021-07-12,0.0044179906845227546
2021-07-13,-0.0034735040976433262
2021-07-14,-0.00025337324314486653
2021-07-15,-0.004557049313048039
2021-07-16,-0.003334215038693522
2021-07-19,-0.02253106891262005
2021-07-20,0.014902618762524189
2021-07-21,0.01097016495337702
2021-07-22,0.0014789000485159187
2021-07-23,0.007172873335883678
2021-07-26,0.0031038683722058313
2021-07-27,-0.0022765366756949956
2021-07-28,0.0007266557746963831
2021-07-29,0.0065388736193481845
2021-07-30,-0.0032841174024031638
2021-08-02,-0.0012997511382299989
2021-08-03,0.002232664653130878
2021-08-04,-0.006122821844732118
2021-08-05,0.00589064629013989
2021-08-06,-0.003705245332880059
2021-08-09,-0.004807381839639535
2021-08-10,0.0020361733269472107
2021-08-11,0.004406003135574821
2021-08-12,0.0009072573094262236
2021-08-13,0.002557440505060749
2021-08-16,-0.0008677241797720559
2021-08-17,-0.005529078599671333
2021-08-18,-0.0074525020929064
2021-08-19,-0.002858469581194534
2021-08-20,-0.0006335565679362215
2021-08-23,0.010416752267269614
2021-08-24,0.0034639911371516785
2021-08-25,0.0008480926616690977
2021-08-26,-0.002781278109401564
2021-08-27,0.009147765256044505
2021-08-30,0.0034724144046845763
2021-08-31,-0.001323645606200441
2021-09-01,0.00432797946027812
2021-09-02,0.005368458213583294
2021-09-03,0.0005403973475334834
2021-09-07,-0.006348816337395235
2021-09-08,0.0017458683451127
2021-09-09,-0.006824508982177191
2021-09-10,-0.0029242252453709483
2021-09-13,0.004928936277304841
2021-09-14,-0.0011412108925365374
2021-09-15,0.0067603108452374055
2021-09-16,-0.002067994735349777
2021-09-17,-0.008646289900152704
2021-09-20,-0.009701043226669004
2021-09-21,0.0011389931859926874
2021-09-22,0.008081210700244368
2021-09-23,0.005590692983406753
2021-09-24,-0.0031990647084936936
2021-09-27,-0.00031467554592661245
2021-09-28,-0.012043737709303113
2021-09-29,0.0008717277165168235
2021-09-30,-0.005063760484686197
2021-10-01,0.009637754560533063
2021-10-04,-0.001539873544135234
2021-10-05,0.005769804017241753
2021-10-06,-0.002943561207871148
2021-10-07,0.008407524023961666
2021-10-08,-0.002132602961882446
2021-10-11,-0.0008369881378430255
2021-10-12,0.0025034906230729237
2021-10-13,0.0057633792914215665
2021-10-14,0.012569667146703656
2021-10-15,0.005480719298824044
2021-10-18,-0.0012218642105053246
2021-10-19,0.004534739365979257
2021-10-20,0.008726496517829752
2021-10-21,-0.003912805615999548
2021-10-22,0.004378354697980896
2021-10-25,0.0031765961778471297
2021-10-26,0.0019616043398913985
2021-10-27,-0.008497993866092207
2021-10-28,0.009882248959039552
2021-10-29,-0.00473163548542388
2021-11-01,0.005911516254014704
2021-11-02,0.0015351379659567232
2021-11-03,-0.0011638552779165423
2021-11-04,-0.0037698643124933207
2021-11-05,0.0058186282657057276
2021-11-08,0.0015381408905947858
2021-11-09,0.0007470068795286666
2021-11-10,-0.009560524622270805
2021-11-11,0.0023837171867630014
2021-11-12,0.002356896214103177
2021-11-15,0.0019469616542498736
2021-11-16,-0.0012170105377047324
2021-11-17,-0.0033932574998216947
2021-11-18,0.00200120380633112
2021-11-19,-0.007907179782090712
2021-11-22,-0.0018049745234851033
2021-11-23,0.007577171685145545
2021-11-24,0.0010491640627703358
2021-11-26,-0.03552773701407674
2021-11-29,0.005576907141256998
2021-11-30,-0.01978218572720225
2021-12-01,-0.009718072649089304
2021-12-02,0.01491837333836779
2021-12-03,-0.0023188611175184726
2021-12-06,0.012051416292345213
2021-12-07,0.010730152917458269
2021-12-08,0.004531497969070181
2021-12-09,-0.009157721101226646
2021-12-10,0.006341758461585079
2021-12-13,-0.00017926462201489635
2021-12-14,-0.007316429520272644
2021-12-15,0.008422595056327004
2021-12-16,0.00010221791209252817
2021-12-17,-0.005122656852819513
2021-12-20,-0.007714918019709832
2021-12-21,0.012739712429163774
2021-12-22,0.009508822101845893
2021-12-23,0.002544502500539586
2021-12-27,0.011536911129465865
2021-12-28,9.504989035696854e-05
2021-12-29,0.001737856776793112
2021-12-30,6.718751760426134e-05
2021-12-31,-0.0023059775653482216
2022-01-03,-0.0001570821938712049
2022-01-04,0.0029328006027957267
2022-01-05,-0.011934860706607188
2022-01-06,0.0008991000037422035
2022-01-07,-0.0016152072219008495
2022-01-10,-0.0043282678967532465
2022-01-11,0.009684626920765105
2022-01-12,0.004986826725406024
2022-01-13,-0.0063911603258794535
2022-01-14,0.0005882644819861669
2022-01-18,-0.0077971197085193525
2022-01-19,-0.0034975826127510387
2022-01-20,-0.005970853754778438
2022-01-21,-0.0058666088031028565
2022-01-24,-0.0020157884256415625
2022-01-25,-0.0025560943909121348
2022-01-26,-0.00421096941590191
2022-01-27,-0.0033283574163229363
2022-01-28,0.013631035074948008
2022-01-31,0.00962922411202385
2022-02-01,0.003500758480081541
2022-02-02,0.008527351170391679
2022-02-03,-0.0099991746671767
2022-02-04,0.0029068656366826318
2022-02-07,-0.0022237080781724408
2022-02-08,-0.0025506369714703987
2022-02-09,0.0161933841891877
2022-02-10,-0.016065642625277838
2022-02-11,-0.0022609123042232433
2022-02-14,-0.0019496108362766868
2022-02-15,0.002390395761121508
2022-02-16,0.0007388119487942897
2022-02-17,-0.008277970062438873
2022-02-18,-0.0029918279446276004
2022-02-22,0.0007581097396641336
2022-02-23,-0.009604650165171164
2022-02-24,0.015549599513355362
2022-02-25,0.009720618108203091
2022-02-28,0.003073597973799542
2022-03-01,0.06054781355117744
2022-03-02,0.050747621205256
2022-03-03,0.0017248814144026348
2022-03-04,0.04433921653034867
2022-03-07,0.026793075020610013
2022-03-08,0.037735849056603765
2022-03-09,-0.10715667311412003
2022-03-10,-0.02166377816291165
2022-03-11,0.01860053144375562
2022-03-14,-0.03913043478260858
2022-03-15,-0.028959276018099556
2022-03-16,-0.007921714818266645
2022-03-17,0.056834194457491716
2022-03-18,0.008888888888888946
2022-03-21,0.04933920704845818
2022-03-22,-0.007136859781696092
2022-03-23,0.035517970401691246
2022-03-24,-0.012249897917517294
2022-03-25,0.00785448532451416
2022-03-28,-0.05783429040196886
2022-03-29,0.003482803656943867
2022-03-30,0.016052060737527185
2022-03-31,-0.0335445488186736
2022-04-01,0.006846148123452078
2022-04-04,0.009039942374250579
2022-04-05,-0.011177582305652245
2022-04-06,-0.004495813003850676
2022-04-07,-0.002524659998450714
2022-04-08,0.0035320890700146026
2022-04-11,-0.014585396014208421
2022-04-12,0.0110021899077416
2022-04-13,0.015560218951729432
2022-04-14,-0.0013763852495124827
2022-04-18,0.0041914277511234665
2022-04-19,0.0016017147411283572
2022-04-20,0.006423365351463262
2022-04-21,-0.0067335193124299355
2022-04-22,-0.020746305163304002
2022-04-25,-0.0027722039602700774
2022-04-26,-0.010079177385174793
2022-04-27,0.0011579561751211183
2022-04-28,0.018654646123537805
2022-04-29,-0.031214256883022963
2022-05-02,0.016047297297297147
2022-05-03,-0.020781379883624274
2022-05-04,0.036926994906621546
2022-05-05,-0.004093327875562935
2022-05-06,0.0016440608302508153
2022-05-09,-0.0574476815757079
2022-05-10,-0.005224205485415689
2022-05-11,0.03194748358862132
2022-05-12,0.006361323155216425
2022-05-13,0.01854193004635496
2022-05-16,0.023996690111708574
2022-05-17,-0.011717171717171682
2022-05-18,-0.021668029435813585
2022-05-19,0.0154617634768075
2022-05-20,0.004938271604938205
2022-05-23,0.006552006552006384
2022-05-24,-0.003661513425549212
2022-05-25,0.005716619028174774
2022-05-26,0.014616321559074219
2022-05-27,0.010404161664665956
2022-05-31,-0.008316831683168324
2022-06-01,0.005990415335463295
2022-06-02,0.019452163556966884
2022-06-03,0.009345794392523477
2022-06-06,0.0007716049382715529
2022-06-07,0.007324595219737828
2022-06-08,0.008036739380022917
2022-06-09,-0.002277904328018221
2022-06-10,-0.010654490106544956
2022-06-13,-0.008846153846153837
2022-06-14,-0.018238261544431422
2022-06-15,-0.0019762845849802257
2022-06-16,0.006336633663366342
2022-06-17,-0.03581267217630857
2022-06-21,-0.0008163265306122547
2022-06-22,-0.01919934640522869
2022-06-23,-0.022490628904623167
2022-06-24,0.015338730293992242
2022-06-27,0.004616030214016131
2022-06-28,0.012113617376775299
2022-06-29,-0.018159306644655482
2022-06-30,-0.029003783102143688
2022-07-01,0.012121212121211977
2022-07-05,-0.06544054747647554
2022-07-06,-0.014187643020595053
2022-07-07,0.03992571959145774
2022-07-08,0.01651785714285725
2022-07-11,-0.0004391743522177416
2022-07-12,-0.05184534270650276
2022-07-13,0.006950880444856367
2022-07-14,-0.005062126092958974
2022-07-15,0.012488436632747346
2022-07-18,0.026952946550936385
2022-07-19,0.005338078291815096
2022-07-20,0.0
2022-07-21,-0.019026548672566368
2022-07-22,-0.011276499774469984
2022-07-25,0.0177919708029195
2022-07-26,0.0008964589870013029
2022-07-27,0.023734885803851302
2022-07-28,-0.0030621172353455517
2022-07-29,0.006143045195261099
2022-08-01,-0.02965547317924111
2022-08-02,-0.008988764044943753
2022-08-03,-0.009070294784580435
2022-08-04,-0.013272311212814802
2022-08-05,-0.004174397031539878
2022-08-08,0.010246856078248934
2022-08-09,0.009220839096357736
2022-08-10,0.015075376884422065
2022-08-11,0.01980198019801982
2022-08-12,-0.003971756398940873
2022-08-15,-0.01993797075764281
2022-08-16,-0.01175406871609408
2022-08-17,0.007319304666056681
2022-08-18,0.015440508628519423
2022-08-19,0.0008944543828264262
2022-08-22,0.010277033065236862
2022-08-23,0.018575851393188847
2022-08-24,0.011289622231871466
2022-08-25,-0.011592958351223648
2022-08-26,0.002172024326672517
2022-08-29,0.01820546163849146
2022-08-30,-0.031077054065559717
2022-08-31,-0.0224077328646749
2022-09-01,-0.02337078651685387
2022-09-02,0.007363092498849477
2022-09-06,-0.007766103243490252
2022-09-07,-0.026703499079189563
2022-09-08,0.0056764427625355385
2022-09-09,0.028692380056444033
2022-09-12,0.015546410608139105
2022-09-13,-0.006753714542998779
2022-09-14,0.004533091568449832
2022-09-15,-0.03339350180505407
2022-09-16,-0.0018674136321196189
2022-09-19,0.006080449017773715
2022-09-20,-0.002324500232450011
2022-09-21,-0.0037278657968313755
2022-09-22,-0.002338634237605275
2022-09-23,-0.03750586029067027
2022-09-26,-0.023867510959571403
2022-09-27,0.0139720558882237
2022-09-28,0.032480314960629864
2022-09-29,-0.004766444232602529
2022-09-30,-0.014867816091954034
2022-10-03,0.0
2022-10-04,0.0
2022-10-05,0.0
2022-10-06,0.0
2022-10-07,0.0
2022-10-10,0.0
2022-10-11,0.0
2022-10-12,0.0
2022-10-13,0.0
2022-10-14,0.0
2022-10-17,0.0
2022-10-18,0.0
2022-10-19,0.0
2022-10-20,0.0
2022-10-21,0.0
2022-10-24,0.0
2022-10-25,0.0
2022-10-26,0.0
2022-10-27,0.0
2022-10-28,0.0
2022-10-31,0.0
2022-11-01,0.0
2022-11-02,0.0
2022-11-03,0.0
2022-11-04,0.0
2022-11-07,0.0
2022-11-08,0.0
2022-11-09,0.0
2022-11-10,0.0
2022-11-11,0.0
2022-11-14,0.0
2022-11-15,0.0
2022-11-16,0.0
2022-11-17,0.0
2022-11-18,0.0
2022-11-21,0.0
2022-11-22,0.0
2022-11-23,0.0
2022-11-25,0.0
2022-11-28,0.0
2022-11-29,0.0
2022-11-30,-0.0005
2022-12-01,0.004474138261704064
2022-12-02,-0.0009457517797665238
2022-12-05,-0.015565793402724681
2022-12-06,-0.00945188854487855
2022-12-07,-0.0008506208262448189
2022-12-08,0.006472218602617152
2022-12-09,-0.0034360222520586903
2022-12-12,0.008703149467624627
2022-12-13,0.010876285205728031
2022-12-14,-0.0036392991247712336
2022-12-15,-0.025002144069492693
2022-12-16,-0.010296500341690606
2022-12-19,-0.005462698553167833
2022-12-20,0.002676206389640612
2022-12-21,0.01266547319524669
2022-12-22,-0.011211605282233639
2022-12-23,0.004627576286353463
2022-12-27,-0.0012129022154350744
2022-12-28,-0.011517782524612108
2022-12-29,0.016888044116419976
2022-12-30,-0.006943683452723226
2023-01-03,0.008836075563680712
2023-01-04,0.013289036544850363
2023-01-05,-0.009985096870342547
2023-01-06,0.02559084750865548
2023-01-09,0.004256568325260668
2023-01-10,0.0029231218941829784
2023-01-11,0.007577965607694415
2023-01-12,0.014752675730401954
2023-01-13,0.005273660205245223
2023-01-17,0.0031192400396995446
2023-01-18,-0.0035335689045936647
2023-01-19,-0.0015602836879432536
2023-01-20,0.008808069328029688
2023-01-23,0.004083931840585864
2023-01-24,-0.0012622720897617068
2023-01-25,0.00660019660160116
2023-01-26,0.0008370535714283811
2023-01-27,-0.0019514914970727437
2023-01-30,-0.006424581005586516
2023-01-31,0.005013283666010644
2023-02-01,0.008229077537270535
2023-02-02,0.008868257987506956
2023-02-03,-0.01236045626116758
2023-02-06,-0.0080601476824404
2023-02-07,0.004229953383472207
2023-02-08,-0.004534110013037357
2023-02-09,-0.005563102598883207
2023-02-10,-0.000849968883572777
2023-02-13,0.00826267364405564
2023-02-14,-0.002774806074704761
2023-02-15,-5.667722944505127e-05
2023-02-16,-0.007934288125049621
2023-02-17,-0.0002646711491510745
2023-02-21,-0.015502179709323854
2023-02-22,-0.0035471948525606367
2023-02-23,0.0054632716086297495
2023-02-24,-0.012733115058864208
2023-02-27,0.004960530350716641
2023-02-28,-0.003206341424184827
2023-03-01,0.0007496953035758258
2023-03-02,0.004892651621839161
2023-03-03,0.015319218412189528
2023-03-06,-0.0009233799371448081
2023-03-07,-0.016009471105236428
2023-03-08,0.0035490557940424106
2023-03-09,-0.012872975919101692
2023-03-10,-0.012546911249765202
2023-03-13,-0.004135762345140681
2023-03-14,0.014938510255644077
2023-03-15,-0.018614199789210528
2023-03-16,0.01653959612767808
2023-03-17,-0.011802875388770118
2023-03-20,0.012622641426039083
2023-03-21,0.014113245515235961
2023-03-22,-0.010255827580633758
2023-03-23,0.0014241042937636061
2023-03-24,0.001759945683585895
2023-03-27,0.005657398070130215
2023-03-28,-0.0009064280678034997
2023-03-29,0.013310607328091084
2023-03-30,0.00875645067530284
2023-03-31,0.009243489988544592
2023-04-03,0.005496943307263727
2023-04-04,0.00034329163028123965
2023-04-05,-0.0017847739418283362
2023-04-06,0.0029827142061940033
2023-04-10,-0.0031737708639220466
2023-04-11,0.0010683104639990966
2023-04-12,0.0017391526951312148
2023-04-13,0.007595255209688992
2023-04-14,-0.003817448198295695
2023-04-17,-0.00151867576681027
2023-04-18,0.002584269774871398
2023-04-19,-0.0018105787927307584
2023-04-20,0.00011500848637990835
2023-04-21,0.0011328421371564017
2023-04-24,0.002831096209962839
2023-04-25,-0.006644216867480401
2023-04-26,-0.00294045216348678
2023-04-27,0.008631609640359323
2023-04-28,0.005201122052758763
2023-05-01,-0.004759308595910672
2023-05-02,-0.002762381071635585
2023-05-03,0.0007576948317228698
2023-05-04,-0.0031128028092151094
2023-05-05,0.009273583751957562
2023-05-08,-0.0018605589640978322
2023-05-09,-0.003218669918206555
2023-05-10,0.0033706846458861905
2023-05-11,-0.0001611627024955542
2023-05-12,-0.0030267762346389464
2023-05-15,0.0029649540619689496
2023-05-16,-0.00646826433044075
2023-05-17,0.0045206211956569185
2023-05-18,0.0006491221611623819
2023-05-19,0.00021378389125729447
2023-05-22,-0.0003886938600140184
2023-05-23,-0.0080796404663811
2023-05-24,-0.008135521936442883
2023-05-25,0.000332226005875643
2023-05-26,0.008203192888199595
2023-05-30,-0.0006325228700958898
2023-05-31,-0.004040148590845079
2023-06-01,0.009045032250008706
2023-06-02,0.006492389494359558
2023-06-05,-0.0026685499656115734
2023-06-06,0.003700328883515717
2023-06-07,-0.006515279654349799
2023-06-08,0.007784764583012988
2023-06-09,-0.0011594019503584259
2023-06-12,0.005018944849868312
2023-06-13,0.0029845401156313916
2023-06-14,0.002087630014960669
2023-06-15,0.010248756512328372
2023-06-16,-0.003299244769905877
2023-06-20,-0.005137180714829677
2023-06-21,-0.0008928410356766614
2023-06-22,-0.0027500543147769654
2023-06-23,-0.006320583465477739
2023-06-26,-0.00011525979927036933
2023-06-27,0.005398874472230382
2023-06-28,0.0017408836722627719
2023-06-29,-0.002573625777404054
2023-06-30,0.008505469737575868
2023-07-03,0.001380321165744075
2023-07-05,-0.0038035976724223597
2023-07-06,-0.010250252931926968
2023-07-07,0.0003689634398285069
2023-07-10,0.003707932148418136
2023-07-11,0.007935970083248589
2023-07-12,0.010574183095990897
2023-07-13,0.009667321166863363
2023-07-14,-0.003298732089981299
2023-07-17,-0.0006476457780104361
2023-07-18,0.0023955903342796625
2023-07-19,0.004093738849423739
2023-07-20,-0.005734028486813703
2023-07-21,0.0018812515178025513
2023-07-24,0.001971956358964133
2023-07-25,-0.0012980700797333156
2023-07-26,0.0027044767692434024
2023-07-27,-0.010378840442298032
2023-07-28,0.004847008253362456
2023-07-31,0.002230108374696921
2023-08-01,-0.004827088125409246
2023-08-02,-0.01409916833552069
2023-08-03,-0.001291537988511171
2023-08-04,-0.0017657481013254595
2023-08-07,0.007892876299510021
2023-08-08,-0.0042045901851515965
2023-08-09,0.0017180059245608392
2023-08-10,-0.0022046005824618575
2023-08-11,-0.001789390496462595
2023-08-14,-0.002770633502079456
2023-08-15,-0.01290049177469152
2023-08-16,-0.008979183046968459
2023-08-17,-0.004138656650243905
2023-08-18,0.0036313231826392567
2023-08-21,-0.0005649454729259873
2023-08-22,-0.0011265336074571808
2023-08-23,0.00908622243343482
2023-08-24,-0.0074927451019234925
2023-08-25,0.007769379479303451
2023-08-28,0.005869280693562351
2023-08-29,0.010675808860153346
2023-08-30,0.0017975230952840537
2023-08-31,-0.0013371328682618975
2023-09-01,0.005197241433762323
2023-09-05,-0.0023626799109088452
2023-09-06,-0.0018924392518140376
2023-09-07,-0.0027078291339188336
2023-09-08,0.0012319882153959034
2023-09-11,0.00789631633480048
2023-09-12,-0.0014020112730083927
2023-09-13,0.0005374382581191753
2023-09-14,0.011541741545611087
2023-09-15,-0.005926470976449679
2023-09-18,-0.00111812272115915
2023-09-19,0.00017470388813241766
2023-09-20,-0.007654963548962779
2023-09-21,-0.011785915795169596
2023-09-22,0.0002766081113571017
2023-09-25,-0.0012575568181223404
2023-09-26,-0.008763603888720179
2023-09-27,0.003940730641158518
2023-09-28,0.003341096093053294
2023-09-29,-0.0054782707973296905
2023-10-02,-0.005974050729125047
2023-10-03,-0.007142471363184244
2023-10-04,-0.01300319633734115
2023-10-05,-0.006237711270486279
2023-10-06,0.008527069334846926
2023-10-09,0.015384791445996138
2023-10-10,0.0007725935054652688
2023-10-11,-0.0025432253640140234
2023-10-12,-0.0021214374295012717
2023-10-13,0.012310679792244872
2023-10-16,0.002116064336051715
2023-10-17,0.00042914589019393823
2023-10-18,-0.002371662173573319
2023-10-19,0.001876389157179914
2023-10-20,-0.010566854778597812
2023-10-23,-0.007336918021704775
2023-10-24,-0.003915671796299147
2023-10-25,-0.0025847052325990716
2023-10-26,-0.010081938392518697
2023-10-27,0.004843699790628597
2023-10-30,-0.002841648342048919
2023-10-31,0.0005682908502974708
2023-11-01,-0.001849283402681423
2023-11-02,0.012968967114404872
2023-11-03,-0.009144947416552363
2023-11-06,-0.00046146746654363024
2023-11-07,-0.02816251154201288
2023-11-08,-0.013301662707838502
2023-11-09,-0.004814636494944513
2023-11-10,0.009675858732462572
2023-11-13,0.01677048394825098
2023-11-14,-0.0018850141376060003
2023-11-15,-0.007082152974504208
2023-11-16,-0.02900618164526858
2023-11-17,0.0186092066601371
2023-11-20,0.013461538461538414
2023-11-21,0.004743833017077925
2023-11-22,-0.009915014164305958
2023-11-24,-0.010014306151645114
2023-11-27,-0.010115606936416222
2023-11-28,0.015085158150851541
2023-11-29,0.010067114093959884
2023-11-30,-0.019259729473184634
2023-12-01,0.007953938402551375
2023-12-04,-0.0033906624208043246
2023-12-05,-0.004448776775269531
2023-12-06,-0.007930727181295866
2023-12-07,0.0049783398174484406
2023-12-08,0.004074900729098441
2023-12-11,0.001773123789309966
2023-12-12,-0.0037199137775152935
2023-12-13,0.019360009563528013
2023-12-14,0.014938938412047076
2023-12-15,-0.005489105069681782
2023-12-18,0.003554388304642997
2023-12-19,0.00799606052498747
2023-12-20,-0.01158799674859548
2023-12-21,0.009868583061327818
2023-12-22,0.0007297909371389577
2023-12-26,0.007611914642468576
2023-12-27,0.001303335753186613
2023-12-28,-0.0024563392422141117
2023-12-29,-0.005158193933470501
2024-01-02,-0.0029694935048370785
2024-01-03,-0.009296940863096709
2024-01-04,-0.0021967119458460027
2024-01-05,-0.0010368757555372365
2024-01-08,0.01065024136929632
2024-01-09,-0.004397337954167357
2024-01-10,0.0029234332018541476
2024-01-11,-0.0011259569242892953
2024-01-12,0.0033891595366343785
2024-01-16,-0.008977887174745042
2024-01-17,-0.00914274674412402
2024-01-18,0.0025387371584915386
2024-01-19,0.006711128620148499
2024-01-22,0.0035629512748793224
2024-01-23,-0.002325761058798531
2024-01-24,-0.0021189326036089584
2024-01-25,0.006356935316961465
2024-01-26,-0.00036462914166077165
2024-01-29,0.006594396350593723
2024-01-30,-0.0025235200642559907
2024-01-31,-0.005839492377209676
2024-02-01,0.006587686600989672
2024-02-02,-0.007179872124672483
2024-02-05,-0.006954150693924778
2024-02-06,0.006750052956087193
2024-02-07,0.0021803230990437685
2024-02-08,0.003709271509436896
2024-02-09,0.0021786815790275638
2024-02-12,0.000875083924392417
2024-02-13,-0.012436944987770572
2024-02-14,0.004191494865223921
2024-02-15,0.010389510943038173
2024-02-16,-0.0026635378152682467
2024-02-20,-0.001342407271752344
2024-02-21,0.0016725728558177667
2024-02-22,0.007452264840328616
2024-02-23,-0.0016144542698306452
2024-02-26,-0.0016859524571922527
2024-02-27,0.002321310204888527
2024-02-28,0.00019345423788765794
2024-02-29,0.003529354031390364
2024-03-01,0.009295587516269955
2024-03-04,-5.0319945375298936e-05
2024-03-05,-0.005057823606189782
2024-03-06,0.006380296779106676
2024-03-07,0.005301238051284107
2024-03-08,-0.0008071315638907618
2024-03-11,-0.0013845106205742977
2024-03-12,0.002213555986959625
2024-03-13,0.001359690366559008
2024-03-14,-0.005318409434504568
2024-03-15,-0.0012547125146904262
2024-03-18,0.003656249066291117
2024-03-19,0.001973324391399567
2024-03-20,0.0042213155979684775
2024-03-21,0.0015719094994530057
2024-03-22,-0.0030744888977373157
2024-03-25,-0.0010869564183342063
2024-03-26,-0.002201714380032338
2024-03-27,0.008994274486394095
2024-03-28,0.0028499670187744244
2024-04-01,-0.004912187813551849
2024-04-02,-0.0037343316189228488
2024-04-03,0.0033001467899060445
2024-04-04,-0.0032496708940189974
2024-04-05,0.0030466814007898304
2024-04-08,0.0024427851706543715
2024-04-09,0.002613641589364013
2024-04-10,-0.014707338428205506
2024-04-11,0.0014771189500577316
2024-04-12,-0.007363012501787636
2024-04-15,-0.0073410291577478805
2024-04-16,-0.006289069162142624
2024-04-17,-0.004771854152359079
2024-04-18,-0.0017223562126939653
2024-04-19,0.001176878849347296
2024-04-22,0.0062412172727320135
2024-04-23,0.0078038693775697165
2024-04-24,-0.001600628197103182
2024-04-25,-0.0019945486962162917
2024-04-26,0.0037936722956915417
2024-04-29,0.003626885539032921
2024-04-30,-0.013251153589145236
2024-05-01,-0.008401580099771025
2024-05-02,0.008072227850471606
2024-05-03,0.007306643382554378
2024-05-06,0.008621614863894825
2024-05-07,0.0010975169704198207
2024-05-08,-0.0004956335645778612
2024-05-09,0.006140868959936929
2024-05-10,-0.0010558853598268505
2024-05-13,0.002015392120215953
2024-05-14,0.0016077038224803957
2024-05-15,0.009642654348065141
2024-05-16,-0.0011207297264894298
2024-05-17,0.005383475216640621
2024-05-20,0.0019665187164850844
2024-05-21,-0.0008970108659471046
2024-05-22,-0.007671445321367987
2024-05-23,-0.005627663862938928
2024-05-24,0.0067521044513941435
2024-05-28,0.006860244977199836
2024-05-29,-0.011717401141076146
2024-05-30,-0.004025626350657396
2024-05-31,0.0038654575263190535
2024-06-03,-0.002060576846190987
2024-06-04,0.0005726195528996895
2024-06-05,0.005672751659811093
2024-06-06,0.0038642894500639405
2024-06-07,-0.008790360846541967
2024-06-10,0.004337847044860044
2024-06-11,-0.0014552535220182295
2024-06-12,0.007811959093893739
2024-06-13,-0.0004995298427129311
2024-06-14,-0.001670664619292772
2024-06-17,0.0022179208446360572
2024-06-18,0.004314432735909124
2024-06-20,-0.0011364062578058443
2024-06-21,-0.0030039220823997017
2024-06-24,0.0044642598953574366
2024-06-25,-0.003361420637141621
2024-06-26,-0.0029610509695359834
2024-06-27,0.004670152949998974
2024-06-28,-0.0013691372125025137
2024-07-01,-7.767545205536984e-05
2024-07-02,0.003882343340622097
2024-07-03,0.004855998609311185
2024-07-05,0.0045037020454364194
2024-07-08,-0.002893367974365613
2024-07-09,-0.0021009368024359045
2024-07-10,0.00665390227760323
2024-07-11,0.006851187905378176
2024-07-12,0.004526235610729513
2024-07-15,-0.002032148053684013
2024-07-16,0.0044908525506685455
2024-07-17,-0.001228719868042427
2024-07-18,-0.007390299224441032
2024-07-19,-0.006476691714277295
2024-07-22,0.00689318919933013
2024-07-23,-0.002922908243222189
2024-07-24,-0.010729140323527498
2024-07-25,-0.0018669891632487443
2024-07-26,0.007006570746340434
2024-07-29,-0.0011890900319604823
2024-07-30,0.0008473265763300877
2024-07-31,0.011795095233792964
2024-08-01,-0.008613324823974722
2024-08-02,-0.007567675183676959
2024-08-05,-0.016666304292148482
2024-08-06,0.0035828165307637554
2024-08-07,0.00024473279456067604
2024-08-08,0.010483927925459003
2024-08-09,0.004636282567484562
2024-08-12,0.0027066602980524435
2024-08-13,0.0073179615007924245
2024-08-14,0.0014099164036731615
2024-08-15,0.005493817462998507
2024-08-16,0.0002372303626460015
2024-08-19,0.004959861566093071
2024-08-20,-0.001328965557913575
2024-08-21,0.0022906299851289226
2024-08-22,-0.0025003571213589207
2024-08-23,0.014674249849068798
2024-08-26,0.0011367875424906913
2024-08-27,0.00019789939486884994
2024-08-28,-0.005088856581167556
2024-08-29,0.0020850592961749737
2024-08-30,0.0007225643633161474
2024-09-03,-0.007574368521550384
2024-09-04,0.0005589700990099589
2024-09-05,-0.0007725480008021202
2024-09-06,-0.008790990096533502
2024-09-09,0.008452103857102766
2024-09-10,0.004533635601076863
2024-09-11,0.00339640236770683
2024-09-12,0.004800685527881127
2024-09-13,0.004983136441295888
2024-09-16,0.0038867425897937125
2024-09-17,-0.0034938924912379377
2024-09-18,-0.0029283202671048503
2024-09-19,0.009054542680035388
2024-09-20,-0.003968915661274552
2024-09-23,0.00389425534162699
2024-09-24,0.002832895787462597
2024-09-25,-0.00458970622860122
2024-09-26,0.0040556607545363665
2024-09-27,-0.0005597887267784207
2024-09-30,0.001417491826000733
2024-10-01,-0.004800226397166013
2024-10-02,-0.001997561333596354
2024-10-03,-0.006338468365094996
2024-10-04,0.00011822336040384629
2024-10-07,-0.006768196329930004
2024-10-08,0.002680427037115296
2024-10-09,0.0011217146790697963
2024-10-10,-0.002989351917917965
2024-10-11,0.005685257472749838
2024-10-14,0.0038337509609678577
2024-10-15,-0.0017965493787196751
2024-10-16,0.004869417687100253
2024-10-17,-0.003218580809942917
2024-10-18,0.0047976805028684955
2024-10-21,-0.010195248851739641
2024-10-22,-0.0014233044767817116
2024-10-23,-0.0035499640723517245
2024-10-24,0.0030498622161400646
2024-10-25,-0.0038343955209959313
2024-10-28,0.002979588525135801
2024-10-29,-0.002186300520605977
2024-10-30,-0.0016449972174595318
2024-10-31,-0.010798657467788797
2024-11-01,-0.002683037975117264
2024-11-04,0.003723641549349871
2024-11-05,0.008961705972177936
2024-11-06,-0.005292789833321931
2024-11-07,0.010737328027111193
2024-11-08,0.0018890992195867429
2024-11-11,-0.001640203847058569
2024-11-12,-0.010447199207360564
2024-11-13,-0.00013728301129797837
2024-11-14,-0.003362827607192892
2024-11-15,-0.0038658957261446525
2024-11-18,0.004760612892033
2024-11-19,0.0023432865059784813
2024-11-20,-0.0012825560286698345
2024-11-21,0.0031188571950496735
2024-11-22,0.003790370680158639
2024-11-25,0.00831586772500581
2024-11-26,0.00033302087089928656
2024-11-27,0.0032110355480497454
2024-11-29,0.004578700821262077
2024-12-02,-0.004286621818805347
2024-12-03,-0.002482395423429947
2024-12-04,0.002437549200815662
2024-12-05,-0.0013824250011319483
2024-12-06,0.0011974588387522929
2024-12-09,-0.001929834267603662
2024-12-10,-0.006465658453099691
2024-12-11,0.0008159267988221047
2024-12-12,-0.0035179013011753524
2024-12-13,-0.00258054392596944
2024-12-16,0.0003579980532878817
2024-12-17,-0.0029772821638414104
2024-12-18,-0.02626571226968429
2024-12-19,-0.0067679680816498475
2024-12-20,0.010847299722831789
2024-12-23,0.001822080045967289
2024-12-24,0.0060999940418182685
2024-12-26,0.0011698645425951189
2024-12-27,-0.007721728310189097
2024-12-30,-0.003501617903866161
2024-12-31,0.0007485776813282998
2025-01-02,-0.0004065951164335573
2025-01-03,0.007940977684027684
2025-01-06,-0.0020615203070348067
2025-01-07,-0.0054218157831906755
2025-01-08,0.00015532106017157599
2025-01-10,-0.0023098100077565027
2025-01-13,0.007396765664128724
2025-01-14,0.0026261090568823566
2025-01-15,0.014829783290955115
2025-01-16,0.0036875177606398757
2025-01-17,0.001970785244281514
2025-01-21,0.00712851220192016
2025-01-22,-0.00509380661975763
2025-01-23,0.0029562514284963886
2025-01-24,0.0010498858618473625
2025-01-27,-0.004949156030678729
2025-01-28,0.00032233852429778675
2025-01-29,-0.006046788412427486
2025-01-30,0.006177399769176824
2025-01-31,-0.0034970496726041034
2025-02-03,-0.0036979313351589715
2025-02-04,0.004996607421735133
2025-02-05,0.0055209916924609526
2025-02-06,0.001796270536085831
2025-02-07,-0.0050230639231976515
2025-02-10,0.006951120096760355
2025-02-11,0.0034527749751584458
2025-02-12,-0.004910952304696431
2025-02-13,0.009600211389640678
2025-02-14,-0.0018827728281787248
2025-02-18,0.007067011055275851
2025-02-19,-0.0007097885406198434
2025-02-20,0.0011009994256710176
2025-02-21,-0.012510693231018194
2025-02-24,-0.00041894102955861157
2025-02-25,0.0010125286230529829
2025-02-26,-0.0018134149442498027
2025-02-27,-0.005480403048525401
2025-02-28,0.0047771737503883365
2025-03-03,-0.0016165202014313486
2025-03-04,-0.00480945546055831
2025-03-05,0.007044833942228569
2025-03-06,-0.011579893780767004
2025-03-07,0.00616137694036183
2025-03-10,-0.012291204614086327
2025-03-11,-0.004297896172381477
2025-03-12,0.0021057428913840103
2025-03-13,-0.008315766711780692
2025-03-14,0.012206908098464473
2025-03-17,0.008913780926012738
2025-03-18,-0.0038987142672311406
2025-03-19,0.005158397958605266
2025-03-20,-0.0012808068064752653
2025-03-21,-0.004443705260415332
2025-03-24,0.006735385305922037
2025-03-25,-0.00014671324912287628
2025-03-26,-0.004842270270920435
2025-03-27,-0.00024299279146342565
2025-03-28,-0.005440081315764456
2025-03-31,0.005005687298541739
2025-04-01,0.001659371425867473
2025-04-02,0.002655179514573021
2025-04-03,-0.017377220802800502
2025-04-04,-0.03532254767759002
2025-04-07,-0.018352346642939756
2025-04-08,-0.009924638699844427
2025-04-09,0.04035278112864249
2025-04-10,-0.01480195308485351
2025-04-11,0.012415782254659705
2025-04-14,0.006261371223370485
2025-04-15,0.0030499645607790313
2025-04-16,0.004910927928321632
2025-04-17,0.00625600412414018
2025-04-21,-0.0063830530524328815
2025-04-22,0.00948453295900912
2025-04-23,-0.0007839234304324314
2025-04-24,0.009041572709914902
2025-04-25,0.0030067482849163163
2025-04-28,0.0021605557246140434
2025-04-29,-0.003293966570231362
2025-04-30,-0.006972306357988844
2025-05-01,-0.003768331307292816
2025-05-02,0.0062316595390659035
2025-05-05,-2.649113834629624e-05
2025-05-06,0.0006317571141436495
2025-05-07,-0.0003643234451823907
2025-05-08,-0.005641150616974455
2025-05-09,0.002825939471244321
2025-05-12,-0.0006206180179316734
2025-05-13,0.00026316707171236686
2025-05-14,-0.004295245951928928
2025-05-15,0.008726742729612269
2025-05-16,0.0013085734480079436
2025-05-19,0.0044909498514676405
2025-05-20,0.0017456253340372707
2025-05-21,-0.0064030038689879
2025-05-22,0.001594502493194816
2025-05-23,0.0021262888479074427
2025-05-27,0.009348979350859654
2025-05-28,-0.007146414655276934
2025-05-29,0.004285307965291585
2025-05-30,0.0018844201468104136
2025-06-02,0.00431214844438658
2025-06-03,-0.0009437319141620822
2025-06-04,0.003858029203944513
2025-06-05,-0.002821677535382798
2025-06-06,0.0019636169820974976
2025-06-09,0.0008692820679776871
2025-06-10,0.002904992600338903
2025-06-11,-0.00012182170559867545
2025-06-12,0.005339229494312425
2025-06-13,-0.009237209031051075
2025-06-16,0.003467228830670262
2025-06-17,-0.005306580059065368
2025-06-18,0.0007364553294379276
2025-06-20,-0.003555974409013007
2025-06-23,0.006965039716216721
2025-06-24,0.008903397811185432
2025-06-25,-0.0014906096458184117
2025-06-26,0.0075279434085825745
2025-06-27,0.0037966235939046094
2025-06-30,0.0028581644340777983
2025-07-01,0.0003977636795813311
2025-07-02,0.005511174558250814
2025-07-03,0.00038186878863075147
2025-07-07,-0.004918115623438246
2025-07-08,0.001883203173886433
2025-07-09,0.0046757507049730584
2025-07-10,-0.001367525897600086
2025-07-11,-0.0011955643720784337
2025-07-14,-0.002164242087432683
2025-07-15,-0.005108707130308809
2025-07-16,0.0033313730653027895
2025-07-17,0.003991435206572969
2025-07-18,0.0004642653170774669
2025-07-21,0.0022374364075485875
2025-07-22,0.0014657068232856174
2025-07-23,0.007335171071063323
2025-07-24,-0.0018122174346116293
2025-07-25,-0.000984622583192235
2025-07-28,-0.0014052513618308948
2025-07-29,0.0036687387686460127
2025-07-30,-0.0024339390948409645
2025-07-31,-0.006122901986983426
2025-08-01,-0.005056807177209605
2025-08-04,0.006018072391045071
2025-08-05,-0.0031540083058677892
2025-08-06,0.002921800748812403
2025-08-07,0.002305025659627674
2025-08-08,0.002342609564807141
2025-08-11,-0.0006779676804757606
2025-08-12,0.004204313835587281
2025-08-13,0.0028042733240289663
2025-08-14,3.354432967855869e-05
2025-08-15,0.00016414556096722155
2025-08-18,2.9998072050563263e-06
2025-08-19,-0.0020510608484378967
2025-08-20,0.0033183139509563864
2025-08-21,-0.0015108254527656795
2025-08-22,0.010210939620948156
2025-08-25,-0.0033437898266308053
2025-08-26,-0.000662684766383731
2025-08-27,0.0012178181186573434
2025-08-28,0.00382404402976555
2025-08-29,-0.0028156705042060803
2025-09-02,-0.004289472836643183
2025-09-03,0.00011789142787994606
2025-09-04,0.004385557090858283
2025-09-05,0.0017887225580629496
2025-09-08,0.003366977815929717
2025-09-09,-0.0012251535931090854
2025-09-10,0.0021543999205845044
2025-09-11,0.006077831330822825
2025-09-12,-0.0015636639102154296
2025-09-15,0.004777568642123465
2025-09-16,5.873711071591203e-05
2025-09-17,-0.003928359636602674
2025-09-18,0.0006130505017593712
2025-09-19,-0.0026501892588854273
2025-09-22,0.0016561238548834288
2025-09-23,0.002373862107831592
2025-09-24,-0.0029103639502909614
2025-09-25,-0.002431253362855635
2025-09-26,0.004905472049444248
2025-09-29,-0.0004151108956415681
2025-09-30,0.001779446513074534
2025-10-01,0.0028766351270569594
2025-10-02,-0.0022991401906917956
2025-10-03,0.002554741128354255
2025-10-06,0.0006517585216923025
2025-10-07,-0.002016231625265008
2025-10-08,0.0016527998146048885
2025-10-09,-0.005363544749800941
2025-10-10,-0.014582320676154528
2025-10-13,0.008719972890102267
2025-10-14,0.001204881040295547
2025-10-15,0.00514864764110694
2025-10-16,-0.0005377029714277227
2025-10-17,0.002115415682526778
2025-10-20,0.0077047870295948945
2025-10-21,-0.0024609895504684952
2025-10-22,0.0022978966716508346
2025-10-23,0.005086456942269524
2025-10-24,0.0019502020762709239
2025-10-27,0.0037088685221335236
2025-10-28,-0.005883266530290499
2025-10-29,-0.00607579845740951
2025-10-30,-0.0023358919089927267
2025-10-31,0.002200607445268998
2025-11-03,0.0017961223098314828
2025-11-04,-0.0058877788790010046
2025-11-05,0.0001670525044641161
2025-11-06,-0.002536048225342369
2025-11-07,0.004391436591667697
2025-11-10,0.007873737196436692
2025-11-11,0.006495606043636526
2025-11-12,-0.003536724252767765
2025-11-13,-0.009171753168027498
2025-11-14,0.00035972027207460395
2025-11-17,-0.006062582533581629
2025-11-18,-0.001152716341169735
2025-11-19,-0.003931949914023992
2025-11-20,-0.00841881126480666
2025-11-21,0.007679611733867353
2025-11-24,0.004927164267763473
2025-11-25,0.0048015706100957845
2025-11-26,0.007357381432836042
2025-11-28,0.004601171400754245
2025-12-01,-0.005100841917274534
2025-12-02,-0.0006135919423507553
2025-12-03,0.003985761282743106
2025-12-04,0.0006992882037137438
2025-12-05,0.0014503345397270718
2025-12-08,-0.006392001244687951
2025-12-09,-0.0028738491243540444
2025-12-10,0.006299667717706604
2025-12-11,0.0017691005147577599
2025-12-12,-0.005971961491787026
2025-12-15,0.00031808100812036333
2025-12-16,-0.005017513027711718
2025-12-17,-0.0002766030558706057
2025-12-18,0.0008211636319016555
2025-12-19,0.0037158594935155164
2025-12-22,0.005371868408543201
2025-12-23,0.003915810333787829
2025-12-24,0.0023606597294956624
2025-12-26,-0.00013385023061782684
2025-12-29,-0.0010485194632428032
2025-12-30,0.0014074957981599968
2025-12-31,-0.006691893125456793
2026-01-02,0.00245826642874234
2026-01-05,0.008316373333086349
2026-01-06,0.0017082488060070843
2026-01-07,-0.004169243667181833
2026-01-08,0.004285045603910187
2026-01-09,0.0036463533496943865
2026-01-12,0.0034991999236097865
2026-01-13,0.0021719954539646926
2026-01-14,0.0015963940255919518
2026-01-15,-0.00031237498973377673
2026-01-16,0.002056109298793585
2026-01-20,-0.00942801422027464
2026-01-21,0.008426386383963891
2026-01-22,-0.0012265516134237545
2026-01-23,0.005949365620904158
2026-01-26,0.0027696476680624253
2026-01-27,0.0067847315690899405
2026-01-28,-0.0021407811686442457
2026-01-29,0.0075590433598915485
2026-01-30,-0.00616508138033749
2026-02-02,-0.008165408659314744
2026-02-03,0.003056962836048838
2026-02-04,0.002517456648873151
2026-02-05,-0.007333457044990556
2026-02-06,0.013312422885118025
2026-02-09,0.005985934744358579
2026-02-10,0.002548434461160243
2026-02-11,0.001631096315683478
2026-02-12,-0.007885560092125554
2026-02-13,0.004215629669303268
2026-02-17,0.00030586008401116676
2026-02-18,0.004197125038648486
2026-02-19,0.0009014590684634839
2026-02-20,0.005451855837832298
2026-02-23,-0.0018072910850731596
2026-02-24,0.002204188900597859
2026-02-25,0.0030439219334377652
2026-02-26,0.0005452442117884537
2026-02-27,0.002488957804393932
2026-03-02,0.0030157431033515317
2026-03-03,-0.006446495216158478
2026-03-04,0.006536589336849419
2026-03-05,-0.0036459280853236922
2026-03-06,0.0038982426933729785
2026-03-09,-0.0009652645533456466
2026-03-10,0.0017529129391332223
2026-03-11,-0.000325700742188051
2026-03-12,-0.00016591135023773587
2026-03-13,-0.0032024625680657785
2026-03-16,0.004938192886470195
2026-03-17,0.006235921660184074
2026-03-18,-0.005846076768964737
2026-03-19,-0.005123785356250444
2026-03-20,-0.014252817335955095
2026-03-23,-0.0016863231614657522
2026-03-24,0.00034480456630541206
2026-03-25,0.0034914697552225647
2026-03-26,-0.005982086099432404
2026-03-27,0.00012664224525173965
2026-03-30,0.0053894616391584995
2026-03-31,0.013387982746967442
2026-04-01,0.0012746354277077074
2026-04-02,0.014796520977685579
2026-04-06,0.0014894264154819978
2026-04-07,-0.0015212239917031427
2026-04-08,-0.008552578822685784
2026-04-09,0.002327822699582205
2026-04-10,-0.004477784204660088
2026-04-13,0.008926901473535734
2026-04-14,0.0002845584124630358
2026-04-15,-0.002433157124451616
2026-04-16,0.0026138628279403307
2026-04-17,-0.006419100178281067
2026-04-20,0.004857156462596471
2026-04-21,-4.8222146071658784e-05
2026-04-22,0.005349003495970006
2026-04-23,0.00331687670132963
2026-04-24,0.000982865695623373
2026-04-27,0.0010245713495229771
2026-04-28,0.0029678162495937466
2026-04-29,0.007222070597672842
2026-04-30,0.006565498138312301
2026-05-01,-0.003191505812901774
2026-05-04,-0.0015682105302379235
2026-05-05,0.003222819907487718
2026-05-06,0.0039719491746115655
2026-05-07,-0.006024974270227701
2026-05-08,0.004249797025326175
2026-05-11,0.004867427170768601
2026-05-12,0.002138291217488719
2026-05-13,-0.0008252513961469756
2026-05-14,-0.0014461279976721198
2026-05-15,-0.008964753188344
2026-05-18,0.005193057954197023
2026-05-19,-0.0008245886923760721
2026-05-20,0.003469264674813655
2026-05-21,-1.6307666750625758e-05
2026-05-22,-0.0002567004611275347
2026-05-26,0.0013519494819549836
2026-05-27,-0.005363499811696926
2026-05-28,0.0018440647428133337
2026-05-29,-0.00295048118585417
2026-06-01,0.0008834500388565369
2026-06-02,0.004102254367865321
2026-06-03,-0.002272259538898841
2026-06-04,0.0036870447705435183
2026-06-05,-0.017239890571882605
