,returns
2010-06-07,0.0
2010-06-08,0.0
2010-06-09,0.0
2010-06-10,0.0
2010-06-11,0.0
2010-06-14,0.0
2010-06-15,0.0
2010-06-16,0.0
2010-06-17,0.0
2010-06-21,0.0
2010-06-22,0.0
2010-06-23,0.0
2010-06-24,0.0
2010-06-25,0.0
2010-06-28,-0.009670850767085078
2010-06-29,0.012190146849834202
2010-06-30,-0.002758220502901354
2010-07-01,0.013816321559074298
2010-07-02,-0.0043239766081871345
2010-07-05,0.0006330456226880395
2010-07-06,0.008012121212121212
2010-07-07,0.025434755057275164
2010-07-08,-0.000730295913574448
2010-07-09,-0.0015310668229777257
2010-07-12,-0.015638468720821662
2010-07-13,-0.012096432681242808
2010-07-14,0.00020882555734313946
2010-07-15,-0.009360137457044674
2010-07-16,0.0
2010-07-19,-0.0017653133067355082
2010-07-20,0.011305388084500356
2010-07-21,-0.003952073732718894
2010-07-22,-0.004741571991653142
2010-07-23,-0.004099379167624741
2010-07-26,0.006949125596184419
2010-07-27,-0.008939780613387061
2010-07-28,-0.004507581227436823
2010-07-29,0.005281081081081081
2010-07-30,0.0021912563276576162
2010-08-02,0.008548317631224763
2010-08-03,-0.010167716008037508
2010-08-04,0.00390961838875251
2010-08-05,-9.890355784291814e-06
2010-08-06,0.01038894133513149
2010-08-09,6.74082313681869e-05
2010-08-10,-0.002175835014570724
2010-08-11,0.004421339387060159
2010-08-12,-0.0023668611435239207
2010-08-13,-0.01662812717567881
2010-08-16,-0.0004
2010-08-17,-4.925201380897573e-05
2010-08-18,0.002670566643725625
2010-08-19,0.003862126092959043
2010-08-20,-0.011276430740481196
2010-08-23,0.00870448941614329
2010-08-24,-0.011415421115065242
2010-08-25,-0.0016
2010-08-26,0.004867060212514758
2010-08-27,0.015465796344647518
2010-08-30,0.009103324687573685
2010-08-31,-0.006670723526593196
2010-09-01,0.011846820536975979
2010-09-02,-0.004742177027963947
2010-09-03,0.005737758581495794
2010-09-06,-0.0039124773960217
2010-09-07,-0.0027384335154826958
2010-09-08,-0.006890734385724091
2010-09-09,-0.0033504388926401084
2010-09-10,0.0008087271082975356
2010-09-13,-0.002069642857142857
2010-09-14,0.0014331397945511388
2010-09-15,0.008301118568232662
2010-09-16,-0.008549977708426216
2010-09-20,0.0
2010-09-21,-0.012024687019547552
2010-09-22,0.0051344508160564625
2010-09-23,0.0029929495760821065
2010-09-24,0.0
2010-09-27,-0.00465944055944056
2010-09-28,0.008354507567449002
2010-09-29,-0.005387889425186486
2010-09-30,0.0048549421776129175
2010-10-01,-0.007076855895196507
2010-10-04,0.0031313432835820896
2010-10-05,0.008346993221080254
2010-10-06,-0.005494418000865427
2010-10-07,-0.007586770092652446
2010-10-08,0.0009463667820069203
2010-10-11,-0.007220210707374758
2010-10-12,0.004796071659831643
2010-10-13,0.0021863481228668945
2010-10-14,-0.005473796335747763
2010-10-15,-0.004346148949713558
2010-10-18,0.001797612449371136
2010-10-19,0.002883572499464553
2010-10-20,-0.000585361665593475
2010-10-21,0.002591986432054272
2010-10-22,-0.022374326331423722
2010-10-25,0.0036345060037918688
2010-10-26,-0.0032999575010624737
2010-10-27,0.003032233340430062
2010-10-28,-0.00471920725279359
2010-10-29,-0.016142923827710588
2010-11-01,0.005943940990516333
2010-11-02,-0.006822819920151293
2010-11-03,-0.0030484378276368213
2010-11-04,0.0047819085075553715
2010-11-05,-0.012043003693065244
2010-11-08,-0.00017435897435897425
2010-11-09,0.009001185366850604
2010-11-10,0.00044508670520231205
2010-11-11,-0.008427534729421522
2010-11-12,0.0025321005609806775
2010-11-15,-0.0017918401332223147
2010-11-16,-0.0028835016835016833
2010-11-17,-0.010009345794392523
2010-11-18,-0.0008103491796381994
2010-11-19,0.005872026800670017
2010-11-22,0.00676006711409396
2010-11-23,-0.016750538998097652
2010-11-24,-0.0020426374552348853
2010-11-25,0.0033641154328732745
2010-11-26,-0.0011464812473662032
2010-11-29,0.00015482093663911865
2010-11-30,-0.0030768674185997023
2010-12-01,0.00047969924812030066
2010-12-02,0.0
2010-12-03,-0.004038553226469379
2010-12-06,-0.005270624360286592
2010-12-07,-0.008475334143377885
2010-12-08,0.0002288630332720964
2010-12-09,-0.00605273390036452
2010-12-10,0.0016289180990899897
2010-12-13,-0.002804577394097571
2010-12-14,3.621730382293801e-06
2010-12-15,0.00242949364535001
2010-12-16,0.0006210185933710592
2010-12-20,0.0
2010-12-21,-0.00019879638916750248
2010-12-22,-0.0015997602876548142
2010-12-23,-0.006390780283376571
2010-12-27,0.0024060120240480963
2010-12-28,0.0009949810794662418
2010-12-29,-0.0025960199004975123
2010-12-30,-0.0027949780789159025
2010-12-31,-0.0015996003996003995
2011-01-03,-0.0002041955274094597
2011-01-04,0.0013751132112620594
2011-01-05,0.0
2011-01-06,-0.007102435192458758
2011-01-07,-0.0027723270440251574
2011-01-10,-0.0031825311942959003
2011-01-11,-0.0021838646202282565
2011-01-12,0.0007598748533437622
2011-01-13,-0.004718908382066277
2011-01-14,0.0036992175273865414
2011-01-17,-0.0006053338524430601
2011-01-18,-0.0060651523975927
2011-01-19,0.0
2011-01-20,0.0025354105428179504
2011-01-21,0.0005564202334630351
2011-01-24,-0.0031546520719311962
2011-01-25,-0.01488679392286716
2011-01-26,-0.005292659306604688
2011-01-27,-0.0008200657258843997
2011-01-28,0.017904431599229286
2011-01-31,-0.0023709361535448493
2011-02-01,0.005205424254165052
2011-02-02,-0.014761538461538461
2011-02-03,-0.0012074701578744704
2011-02-04,-0.0033417672992141077
2011-02-07,-0.0015538344143456696
2011-02-08,0.0035965072133637053
2011-02-09,-0.0031383039271485487
2011-02-10,0.004746778497903164
2011-02-11,0.006421503330161751
2011-02-14,-0.003839517345399698
2011-02-15,-0.007125740147086555
2011-02-16,-0.006134561172711896
2011-02-17,0.00278282277767337
2011-02-18,-0.004599552071668533
2011-02-21,0.0
2011-02-22,0.009000226159065209
2011-02-23,-0.010195431182181611
2011-02-24,-0.01582345726331928
2011-02-25,0.00013536818008393764
2011-02-28,-0.0015554296506137865
2011-03-01,0.0
2011-03-02,-0.005845433614735227
2011-03-03,0.0001473285335354301
2011-03-04,0.0025966904851447915
2011-03-07,0.009028091372474987
2011-03-08,0.007423403849818945
2011-03-09,-0.013576564277588169
2011-03-10,-0.017179318268862504
2011-03-11,-0.00878031770631538
2011-03-14,0.004012355212355213
2011-03-15,0.008718001586042823
2011-03-16,0.003502740798747063
2011-03-17,-0.018692120736965894
2011-03-21,0.0
2011-03-22,-0.007407115235885537
2011-03-23,0.005231128404669261
2011-03-24,0.006532063858434314
2011-03-25,-0.006613761467889908
2011-03-28,0.003203049942813572
2011-03-29,0.0045743963204292835
2011-03-30,-0.005562724692526017
2011-03-31,-0.006739436353319464
2011-04-01,-0.00157593984962406
2011-04-04,-0.007462168765269686
2011-04-05,-0.001965717518385819
2011-04-06,-0.0051973772948669915
2011-04-07,-0.006560105282947922
2011-04-08,0.0
2011-04-11,0.00010858004902885156
2011-04-12,-0.008292916984006093
2011-04-13,-0.0030989745537409797
2011-04-14,0.0009190174630589138
2011-04-15,-0.0029226494099733537
2011-04-18,-0.001992122958693564
2011-04-19,-0.003934624976021484
2011-04-20,-0.006908438738908816
2011-04-21,-0.012025539096193512
2011-04-25,-0.008630630630630631
2011-04-26,0.0020068862275449103
2011-04-27,0.002556917363045497
2011-04-28,-0.001414814814814815
2011-04-29,-0.003105379513633014
2011-05-02,0.001762694490206846
2011-05-03,-0.0019381435689241556
2011-05-04,-0.009625328156775744
2011-05-05,-0.0021871257485029942
2011-05-06,0.004950167348456675
2011-05-09,-0.008757516828721017
2011-05-10,-0.0018143679227770558
2011-05-11,0.005118254115036064
2011-05-12,0.002556054650945162
2011-05-13,-0.001385632077222944
2011-05-16,0.0016052592036063112
2011-05-17,-0.01112072617246596
2011-05-18,0.007709604519774011
2011-05-19,0.00010305286671630698
2011-05-20,-0.0002925663055659321
2011-05-23,-0.009444106463878327
2011-05-24,-0.004073588480485032
2011-05-25,0.002637738731856379
2011-05-26,-0.0004593155893536122
2011-05-27,-0.005374788334901223
2011-05-30,0.0001631687629059508
2011-05-31,-0.000868901303538175
2011-06-01,0.019758962880059693
2011-06-02,-0.01043689615823507
2011-06-03,0.00035030864197530855
2011-06-06,0.0026587690526721974
2011-06-07,-0.0008578397212543553
2011-06-08,-0.01255854942483915
2011-06-09,0.005649093390524469
2011-06-10,-0.0013845674201091193
2011-06-13,-0.00041107184923439347
2011-06-14,-0.0011896356906292618
2011-06-15,0.005654922685457036
2011-06-16,0.0011734835012843312
2011-06-20,0.0
2011-06-21,0.008594215360562828
2011-06-22,-0.002188802488335925
2011-06-23,-0.016406787687450672
2011-06-24,0.008009935458634853
2011-06-27,0.006127862368993475
2011-06-28,0.008395428794686462
2011-06-29,-0.002748747591522158
2011-06-30,0.0020778882938026016
2011-07-01,0.014813302926643861
2011-07-04,-0.0028885553470919326
2011-07-05,-0.009689422355588898
2011-07-06,0.0018310843826348433
2011-07-07,-0.006311952487008166
2011-07-08,-0.0029120899718837866
2011-07-11,0.0024234315948601665
2011-07-12,-0.01691951219512195
2011-07-13,0.00204846183061147
2011-07-14,0.012697949886104785
2011-07-15,-0.009259756097560976
2011-07-18,-6.0287081339712974e-05
2011-07-19,0.002047993886129156
2011-07-20,-0.008622892702244013
2011-07-21,0.004831452219714071
2011-07-22,0.001437970906378217
2011-07-25,0.0016586109542631282
2011-07-26,-0.0010123827392120074
2011-07-27,0.0020166508987701044
2011-07-28,0.007855034588777864
2011-07-29,-0.004708680420397042
2011-08-01,-0.00924860924611548
2011-08-02,0.017071313567641862
2011-08-03,0.0049910525264629515
2011-08-04,0.03308626185192657
2011-08-05,-0.01871693132604661
2011-08-08,0.040851890034364256
2011-08-09,0.029603258476442094
2011-08-10,-0.0043607843137254895
2011-08-11,0.02644117125110914
2011-08-12,-0.02279681866383881
2011-08-15,0.0017498525073746313
2011-08-16,-0.011690393104898045
2011-08-17,0.007529266764152914
2011-08-18,-0.007883915480810695
2011-08-19,0.003315658362989324
2011-08-22,0.001817801047120419
2011-08-23,0.02799715808170515
2011-08-24,-0.004129355814958928
2011-08-25,0.019478374947101144
2011-08-26,0.014186967854039965
2011-08-29,0.0055241017020382435
2011-08-30,0.008155509355509356
2011-08-31,-0.010803445447087777
2011-09-01,-0.02004845995893224
2011-09-02,-0.003745068928950159
2011-09-05,-0.006856832971800434
2011-09-06,0.014138488576449912
2011-09-07,0.007673577321768563
2011-09-08,0.0057226890756302525
2011-09-09,-0.001626803243704652
2011-09-12,0.004945741878841089
2011-09-13,-0.008483065035415325
2011-09-14,0.015725610014852533
2011-09-15,0.003146877601998335
2011-09-19,0.0
2011-09-20,0.005437006237006237
2011-09-21,0.027177777777777776
2011-09-22,-0.009345494895694629
2011-09-23,-0.01585593182327876
2011-09-26,0.011535759701819776
2011-09-27,0.0032739139648230555
2011-09-28,0.015651535836177476
2011-09-29,0.007158007728638901
2011-09-30,-0.022817124039517012
2011-10-03,0.013151899865891818
2011-10-04,0.015769373549883992
2011-10-05,0.015517857142857142
2011-10-06,0.02158285337436799
2011-10-07,-0.004416813210379584
2011-10-10,0.008380187873612296
2011-10-11,-0.024528248468201987
2011-10-12,-0.011177347491151365
2011-10-13,-0.009934533277521975
2011-10-14,-0.0005699217140502678
2011-10-17,0.012156607657472212
2011-10-18,0.023030280217482227
2011-10-19,-0.008325097475887543
2011-10-20,-0.012154912099276112
2011-10-21,-0.004239983680130559
2011-10-24,0.0018294498381877023
2011-10-25,-0.011247778001206514
2011-10-26,0.008893053311793214
2011-10-27,0.01060833988985051
2011-10-28,-0.01731372549019608
2011-10-31,-0.005563521515988946
2011-11-01,-0.011278575838649928
2011-11-02,-0.01719590346785642
2011-11-03,0.00561455201443175
2011-11-04,0.0026104271104872663
2011-11-07,0.011213936724068884
2011-11-08,0.004336894164193867
2011-11-09,0.006241817450743868
2011-11-10,-0.01146036217303823
2011-11-11,-0.0014
2011-11-14,-0.007173134328358208
2011-11-15,-0.005412036108324975
2011-11-16,0.007450170991752162
2011-11-17,0.008130628803245436
2011-11-18,-0.01777830633586221
2011-11-21,-0.005789632107023411
2011-11-22,-0.009144444444444445
2011-11-23,-0.026447669716961057
2011-11-24,-0.004025112878950764
2011-11-25,0.003966529907147485
2011-11-28,-0.010145859604875998
2011-11-29,-0.008276150627615064
2011-11-30,0.003075183075671277
2011-12-01,-0.006429169181251257
2011-12-02,0.00835970535536532
2011-12-05,-0.0035798059790140566
2011-12-06,-0.00936482292081178
2011-12-07,0.000996007984031936
2011-12-08,0.010569918212647116
2011-12-09,0.0028312285656647168
2011-12-12,0.005027009646302251
2011-12-13,0.011874849094567404
2011-12-14,-0.0020150061500615007
2011-12-15,0.0016416496529195591
2011-12-19,0.0
2011-12-20,0.0
2011-12-21,-0.009689878542510121
2011-12-22,-0.0007987117552334944
2011-12-23,0.004389024146876871
2011-12-27,-0.006376143141153081
2011-12-28,0.0
2011-12-29,0.0018041666666666666
2011-12-30,-0.0002076433121019107
2012-01-03,-0.0055298782881821745
2012-01-04,0.0005775981068822718
2012-01-05,0.0057142631370999605
2012-01-06,-0.009636399217221136
2012-01-09,-0.0015880047040376323
2012-01-10,-0.007822334238076774
2012-01-11,0.000364256480218281
2012-01-12,0.0038329074719318625
2012-01-13,-0.007856329237370781
2012-01-16,0.0011363371528452125
2012-01-17,-0.0031569610489780176
2012-01-18,0.011436927851047322
2012-01-19,-0.005805696807493787
2012-01-20,-0.0008267150773934646
2012-01-23,-0.00042780850658020216
2012-01-24,0.005170157268891446
2012-01-25,0.010085626911314986
2012-01-26,0.008454559155990958
2012-01-27,-0.01159036881330021
2012-01-30,-5.46223332692677e-05
2012-01-31,0.0016600798023940718
2012-02-01,0.00300257868790292
2012-02-02,-0.004690359168241966
2012-02-03,0.004479019277559424
2012-02-06,-0.005919078824190226
2012-02-07,0.005595475789867265
2012-02-08,-0.0010419642857142858
2012-02-09,-0.005891050583657588
2012-02-10,-0.005752729992520569
2012-02-13,-0.0025121408711770155
2012-02-14,-0.0014709773318468968
2012-02-15,-0.0023547337278106506
2012-02-16,0.0027414725069897484
2012-02-17,0.0006860554841080288
2012-02-20,-0.0013496518871381458
2012-02-21,-0.0027009174311926607
2012-02-22,-0.012606407659731172
2012-02-23,0.006258756228086363
2012-02-24,-0.009145474532795895
2012-02-27,0.008099520472150498
2012-02-28,-0.005239824465167306
2012-02-29,-0.0022
2012-03-01,-0.014093769413484378
2012-03-02,-0.008214215418261344
2012-03-05,-0.005426354319180088
2012-03-06,-0.00022921764923989615
2012-03-07,-0.004772320267508824
2012-03-08,0.0010378974453225508
2012-03-09,-0.005220467836257309
2012-03-12,-0.004788982123312659
2012-03-13,0.010646145474333395
2012-03-14,-0.0022744985673352437
2012-03-15,0.0020427778772149634
2012-03-19,0.0
2012-03-20,-0.0027911517105498837
2012-03-21,-0.008961799357372367
2012-03-22,-0.004103677000720981
2012-03-23,0.004802485143165856
2012-03-26,0.0020102728731942214
2012-03-27,-0.009862714563794018
2012-03-28,-0.005888162104514753
2012-03-29,-0.005093965517241379
2012-03-30,-0.006204270462633452
2012-04-02,0.0036803638309256285
2012-04-03,-0.0008688385269121812
2012-04-04,-0.00502118826055834
2012-04-05,-0.00172007200720072
2012-04-09,-0.004126776949645519
2012-04-10,0.016533357584576212
2012-04-11,-0.006088872647542482
2012-04-12,0.0
2012-04-13,-0.00424927536231884
2012-04-16,0.0006021842009464871
2012-04-17,0.007608736803785948
2012-04-18,-0.009122920818988947
2012-04-19,-0.00902081447963801
2012-04-20,0.0004325049882096864
2012-04-23,0.0019411764705882352
2012-04-24,-0.008582768102658112
2012-04-25,-0.004676923076923077
2012-04-26,0.004258717253839204
2012-04-27,-0.0007784758165268605
2012-04-30,-0.009720143240823634
2012-05-01,-0.0032925148088314483
2012-05-02,0.0018694404591104736
2012-05-03,0.0038274629000536386
2012-05-04,0.009403188983511505
2012-05-07,-0.011774999999999999
2012-05-08,0.0037574875667710445
2012-05-09,0.00012885008359650744
2012-05-10,-0.008811570247933885
2012-05-11,-0.0014
2012-05-14,-0.0008130841121495328
2012-05-15,-0.005146019853905226
2012-05-16,0.006708845577211395
2012-05-17,0.001990325018896447
2012-05-18,0.0014581039755351681
2012-05-21,0.009437962962962964
2012-05-22,-0.0073345226798253935
2012-05-23,0.009876664116296863
2012-05-24,-0.004997122302158274
2012-05-25,-0.009022057987492893
2012-05-28,-0.000978429517502365
2012-05-29,-0.0010229260935143288
2012-05-30,-0.012837878787878789
2012-05-31,0.001869208770257388
2012-06-01,0.004833727925480303
2012-06-04,0.0029087849735863827
2012-06-05,-0.005333542935743761
2012-06-06,0.012746859903381641
2012-06-07,-0.0014592662276575728
2012-06-08,0.011239466158245948
2012-06-11,0.009893842410630732
2012-06-12,0.007773061535530578
2012-06-13,0.0010735884804850325
2012-06-14,-0.003107455890722823
2012-06-18,0.0
2012-06-19,-0.0002708046831443969
2012-06-20,-0.008734369219385868
2012-06-21,0.0
2012-06-22,-0.006749377593360996
2012-06-25,-0.0027015021867275147
2012-06-26,0.001097635392829901
2012-06-27,-0.005034901365705615
2012-06-28,-0.0008305239179954442
2012-06-29,0.008342246982358402
2012-07-02,0.0030463490895714547
2012-07-03,0.0030791758646063283
2012-07-04,-3.376670939388393e-05
2012-07-05,0.0017835716905023839
2012-07-06,-0.003238924930491195
2012-07-09,-0.002712966054535337
2012-07-10,0.013832496307237813
2012-07-11,-0.008536526946107785
2012-07-12,0.004883788363773301
2012-07-13,0.0
2012-07-16,-0.007406489894307436
2012-07-17,0.012160029553010713
2012-07-18,0.0008922281705741185
2012-07-19,-0.015056986501276907
2012-07-20,-0.011000880088008801
2012-07-23,0.007457825924542399
2012-07-24,0.0018154589371980677
2012-07-25,0.0010712574850299402
2012-07-26,-0.010192348918868971
2012-07-27,0.012822743947175348
2012-07-30,-0.003862642740619902
2012-07-31,-0.012894217872031903
2012-08-01,-0.004315423606082549
2012-08-02,0.001071129091577786
2012-08-03,0.0006310257339615802
2012-08-06,-0.0010406109613656784
2012-08-07,-0.002432921368439907
2012-08-08,-0.002097666068222621
2012-08-09,-0.006201360544217687
2012-08-10,0.0029440659734671923
2012-08-13,0.0015004465083050546
2012-08-14,-0.0019554291807357387
2012-08-15,-0.007599107302267452
2012-08-16,0.006382458637253158
2012-08-17,-0.008248720211827008
2012-08-20,-0.0008231027772863966
2012-08-21,0.004333051444679352
2012-08-22,-0.004729355354288759
2012-08-23,-0.0064381324338718265
2012-08-24,0.006181740064446831
2012-08-27,0.0006619469026548674
2012-08-28,-0.006803415762319872
2012-08-29,-0.003174622892635315
2012-08-30,-0.005474273489035479
2012-08-31,-0.005132669747600426
2012-09-03,-6.67614646285104e-05
2012-09-04,0.00035903829029385547
2012-09-05,-0.0045825885704112515
2012-09-06,0.0
2012-09-07,-0.009903941402162539
2012-09-10,0.0022314176245210723
2012-09-11,-0.004322840153899965
2012-09-12,-0.006052809184205948
2012-09-13,0.013785180031309793
2012-09-14,-0.0027675213675213677
2012-09-17,-0.0071018629294137756
2012-09-18,-0.008599314364072679
2012-09-19,-0.008271228190215533
2012-09-20,0.0057898211829436035
2012-09-24,0.0
2012-09-25,0.009804126547455296
2012-09-26,-0.011109284096847239
2012-09-27,0.00011838158353679818
2012-09-28,-0.01474594218042494
2012-10-01,-0.0060891281695033
2012-10-02,0.0014518621167503897
2012-10-03,-0.0003606790230382816
2012-10-04,-0.006708859014133057
2012-10-05,-0.001541646737273659
2012-10-08,-0.012191587657300466
2012-10-09,0.002593757544404208
2012-10-10,0.0009850304612706701
2012-10-11,0.0029054975643702154
2012-10-12,0.00429853044086774
2012-10-15,0.005509148264984227
2012-10-16,0.0053488122073868565
2012-10-17,0.001468252326783868
2012-10-18,-0.0028325245224574084
2012-10-19,0.0
2012-10-22,0.0007288093985621605
2012-10-23,-0.0064255620463798905
2012-10-24,-0.008661712668082095
2012-10-25,0.0005677214071062402
2012-10-26,-0.001
2012-10-31,-0.003654867256637168
2012-11-01,0.003100709219858156
2012-11-02,0.0
2012-11-05,-0.001910732054015636
2012-11-06,-0.004341062290453503
2012-11-07,-0.01228640312001418
2012-11-08,0.014905196907031109
2012-11-09,-0.005815331264829348
2012-11-12,-0.0037934758970641536
2012-11-13,0.0006087655222790356
2012-11-14,0.01579127748500818
2012-11-15,-0.009989617587289858
2012-11-16,-0.0016151229432427435
2012-11-19,-0.0015644314868804663
2012-11-20,0.0008083182640144665
2012-11-21,-0.008531650135256988
2012-11-23,0.006611256497580212
2012-11-26,-0.004521843186283265
2012-11-27,-0.002982848992690319
2012-11-28,0.012385400934915497
2012-11-29,-0.027577636234961077
2012-11-30,-0.017583353949461037
2012-12-03,0.0
2012-12-04,-0.010060035523978685
2012-12-05,0.001377145903678692
2012-12-06,-0.005688162104514753
2012-12-07,-0.006172365174480085
2012-12-10,-0.008960424028268552
2012-12-11,0.00010237050043898166
2012-12-12,-0.004442002442002442
2012-12-13,0.004478809106830123
2012-12-14,-0.01179046778464254
2012-12-17,0.0015740433785928407
2012-12-18,0.006729842931937173
2012-12-19,-0.004298843431727947
2012-12-20,0.0003920306246737429
2012-12-24,0.0
2012-12-26,-0.0017755926251097455
2012-12-27,0.011056658424584953
2012-12-28,-0.0012655264564404062
2012-12-31,0.01229886954961421
2013-01-02,0.004723908165026756
2013-01-03,0.0006298661174047374
2013-01-04,-0.0008283556470992104
2013-01-07,3.0927835051546395e-05
2013-01-08,-0.0038639834881320947
2013-01-09,-0.0028027491408934707
2013-01-10,0.003270584215920738
2013-01-11,-0.0065793420828362025
2013-01-14,-0.013295922197577206
2013-01-15,0.0021124550282679458
2013-01-16,0.0009368852459016394
2013-01-17,-0.001139328130302002
2013-01-18,0.0003241320914479256
2013-01-22,-0.00018614396755660683
2013-01-23,-0.003448739495798319
2013-01-24,-9.579831932773105e-05
2013-01-25,-0.006012706905199799
2013-01-28,-0.006536224149432956
2013-01-29,0.0013753681392235611
2013-01-30,-0.0031645316918981867
2013-01-31,-0.012694198294599566
2013-02-01,-0.0023308933621693563
2013-02-04,0.00166844563042028
2013-02-05,0.0006001666944490749
2013-02-06,-0.004964029975020816
2013-02-07,0.0021156498673740058
2013-02-08,-0.003989389920424403
2013-02-11,-0.007625041295011563
2013-02-12,-0.004207597027250207
2013-02-13,-0.00010633536284350821
2013-02-14,0.0
2013-02-15,-0.001964446637066272
2013-02-19,-4.8305363606449426e-05
2013-02-20,0.011020294599018004
2013-02-21,-0.002528462304882099
2013-02-22,0.0031459369817578775
2013-02-25,0.023084972901954343
2013-02-26,-0.005213561024610749
2013-02-27,0.0
2013-02-28,-0.00497029702970297
2013-03-01,0.008759681433549028
2013-03-04,0.0009476953576738809
2013-03-05,-0.0038105400554739764
2013-03-06,-0.0030572538860103625
2013-03-07,-0.008795786744449845
2013-03-08,-0.0013225806451612903
2013-03-11,0.0025512510088781274
2013-03-12,-0.00493399807011901
2013-03-13,-0.0015219575016097873
2013-03-14,-0.0015188452285485165
2013-03-18,0.0
2013-03-19,-0.002329761136216914
2013-03-20,-0.00510088638195004
2013-03-21,-0.0011619433198380568
2013-03-22,-0.00653294479520803
2013-03-25,0.005866066838046273
2013-03-26,-0.006621649484536082
2013-03-27,0.0027903777849531807
2013-03-28,0.0008061676839061998
2013-04-01,-0.0013601024655779698
2013-04-02,-0.001960307298335467
2013-04-03,0.009704153354632587
2013-04-04,-0.01335965166908563
2013-04-05,0.004085197850512945
2013-04-08,0.0037671241724527692
2013-04-09,8.122998078155031e-05
2013-04-10,0.005341626794258373
2013-04-11,0.0003054958938723942
2013-04-12,-0.012403317011530563
2013-04-15,0.005698112010153895
2013-04-16,-0.0010791786974655116
2013-04-17,-0.00865601539942252
2013-04-18,-0.0016
2013-04-19,0.005768831168831169
2013-04-22,0.0071647835184291
2013-04-23,-0.022970091068860842
2013-04-24,-0.007606099110546378
2013-04-25,0.0009418844022169437
2013-04-26,-0.0007583531274742676
2013-04-29,0.004066076789382209
2013-04-30,0.0036931989924433245
2013-05-01,-0.0046029897718332016
2013-05-02,0.0034667509481668773
2013-05-03,-0.003356178026766262
2013-05-06,-0.0022869565217391303
2013-05-07,-0.00011741416640890807
2013-05-08,0.004185427601111454
2013-05-09,-0.0033356265356265357
2013-05-10,-0.005322627288109521
2013-05-13,-3.183284682746967e-05
2013-05-14,0.0
2013-05-15,0.0023513677811550157
2013-05-16,-0.012625650332728373
2013-05-17,-0.004506481341592385
2013-05-20,-0.0002992933393474665
2013-05-21,-0.0034512381809995493
2013-05-22,0.0070904405154330235
2013-05-23,-0.0008944699052856706
2013-05-24,0.0017922537358950903
2013-05-28,0.0047538877214049835
2013-05-29,-0.010738386901152213
2013-05-30,-0.0016
2013-05-31,0.003467040800849386
2013-06-03,-0.006440361353544633
2013-06-04,-0.004145995423340961
2013-06-05,0.005245254576219043
2013-06-06,-0.009715175097276265
2013-06-07,0.003839681567666871
2013-06-10,-0.0015588404917286386
2013-06-11,-0.00227559926244622
2013-06-12,0.0
2013-06-13,0.010730125717833307
2013-06-14,0.005870071876433705
2013-06-17,-0.006991632310276379
2013-06-18,0.0032596523330283623
2013-06-19,-0.008101423810966374
2013-06-20,0.011201178111920633
2013-06-24,0.0
2013-06-25,-0.0040044275774826065
2013-06-26,-0.002626959247648903
2013-06-27,-0.0063552652045419196
2013-06-28,-0.0055019822069611365
2013-07-01,0.003530763251981968
2013-07-02,-0.0024893246187363835
2013-07-03,0.0006062499999999999
2013-07-05,-0.00022827596851365958
2013-07-08,-0.005918971848225214
2013-07-09,0.0019273362710834217
2013-07-10,-0.017291353897583954
2013-07-11,-0.0014
2013-07-12,-0.007991136397664321
2013-07-15,-3.074168034621636e-06
2013-07-16,0.002578850163836759
2013-07-17,-0.004584500745156483
2013-07-18,-0.002289203276247208
2013-07-19,-0.000507541276215975
2013-07-22,-0.004019591595146493
2013-07-23,-0.0020952465308532627
2013-07-24,0.0019616236162361624
2013-07-25,0.0024272090597526447
2013-07-26,0.00013682955899880817
2013-07-29,-0.004172209838014564
2013-07-30,-0.003927067892084198
2013-07-31,-0.007050378282153983
2013-08-01,-0.00444388086110292
2013-08-02,0.0011557126030624263
2013-08-05,-0.0023878894767783657
2013-08-06,0.00047167034584253125
2013-08-07,-0.002778041191287598
2013-08-08,0.0015696504940274296
2013-08-09,-0.005156830277942046
2013-08-12,-0.007906771841047775
2013-08-13,0.005519786887672044
2013-08-14,0.002853475303164744
2013-08-15,-5.1048532055122877e-05
2013-08-16,-0.004619779556092406
2013-08-19,0.003942013626040878
2013-08-20,0.002942956997416806
2013-08-21,-0.015712046179553393
2013-08-22,-0.0015604562737642587
2013-08-23,-0.0005481927710843373
2013-08-26,0.006969529252519176
2013-08-27,0.002968253968253968
2013-08-28,-0.0001853718500307315
2013-08-29,-0.0025342129487572872
2013-08-30,-0.00819533323166082
2013-09-03,0.005417977528089888
2013-09-04,0.006361880054936671
2013-09-05,-0.012573256693389804
2013-09-06,0.0029640801566973027
2013-09-09,-0.00039409104612601756
2013-09-10,-0.004329009223445403
2013-09-11,0.004159779860181467
2013-09-12,-0.004717772511848342
2013-09-13,-0.0056558505116417026
2013-09-16,-0.0008673992673992675
2013-09-17,4.143613890523833e-05
2013-09-18,-0.00419202582848145
2013-09-19,0.00012275224053194566
2013-09-23,0.0
2013-09-24,0.001950287653046172
2013-09-25,-0.008838883143743537
2013-09-26,-0.00065198342214328
2013-09-27,-0.008093689680772086
2013-09-30,-0.0012982035928143713
2013-10-01,-0.005531524008350731
2013-10-02,0.004017217753946977
2013-10-03,-0.007147593582887701
2013-10-04,-0.0022968609865470853
2013-10-07,-0.003398322348711804
2013-10-08,0.00638993409227082
2013-10-09,-0.012485887157767358
2013-10-10,0.0047472263868065965
2013-10-11,0.0028077185690960375
2013-10-14,0.004431298162418495
2013-10-15,-0.007358823529411765
2013-10-16,0.002031017770597739
2013-10-17,0.0
2013-10-18,0.0008748197288722238
2013-10-21,-0.00478732212160414
2013-10-22,-0.003780275229357798
2013-10-23,-0.013925541373870642
2013-10-24,-0.0015733123118818978
2013-10-25,-0.005371061276960434
2013-10-28,-0.005335689851767389
2013-10-29,-0.0014580755038319615
2013-10-30,0.0038390843577787194
2013-10-31,-0.0018846164792941512
2013-11-01,-0.005560239248077471
2013-11-04,-0.001
2013-11-05,0.0012234875444839858
2013-11-06,-0.004982441234777684
2013-11-07,0.011629378531073447
2013-11-08,0.006657335436684354
2013-11-11,-0.011960226468506724
2013-11-12,-0.011494119314156157
2013-11-13,0.0
2013-11-14,-0.003587305153770538
2013-11-15,-3.7419715163361598e-06
2013-11-18,-0.003034260289210234
2013-11-19,-0.003976625192227037
2013-11-20,-0.003558971492453885
2013-11-21,0.0022816640986132513
2013-11-22,0.004257445326647165
2013-11-25,-0.0032920415224913496
2013-11-26,-0.0007064225273963102
2013-11-27,0.0006474012474012475
2013-11-29,-0.00015570302778929895
2013-12-02,0.00030772639158127937
2013-12-03,-0.0025935340022296546
2013-12-04,-0.0008599635905335388
2013-12-05,-0.00850859538784067
2013-12-06,-0.0033267175572519085
2013-12-09,-0.005424671916010499
2013-12-10,-0.006202105846494874
2013-12-11,0.0
2013-12-12,-0.004608199943836001
2013-12-13,-0.0037671209779401435
2013-12-16,-0.0039026072329688814
2013-12-17,-0.004097315436241611
2013-12-18,0.00911451002383289
2013-12-19,0.0025069767441860463
2013-12-23,0.0
2013-12-24,0.0020677817384151353
2013-12-26,-0.002
2013-12-27,-0.0034951746635857005
2013-12-30,-0.0058670841274162805
2013-12-31,3.220892274211095e-05
2014-01-02,0.0012410940263981496
2014-01-03,-0.005344224196855776
2014-01-06,-0.006368600682593857
2014-01-07,-0.0037252633018738882
2014-01-08,-0.0144580204778157
2014-01-09,-0.0011279281730376819
2014-01-10,-0.003170152505446623
2014-01-13,0.008699045541314426
2014-01-14,0.0068832211075992855
2014-01-15,-0.00214429174037284
2014-01-16,-0.008853398586188145
2014-01-17,0.0008410940263981496
2014-01-21,0.0019199131850244167
2014-01-22,-0.007095315682281059
2014-01-23,0.001049460308785353
2014-01-24,0.010239050641644818
2014-01-27,0.0013188916876574308
2014-01-28,-0.00023733295822197218
2014-01-29,-0.006740014114326041
2014-01-30,0.00038080425949278413
2014-01-31,-0.004539572419651706
2014-02-03,0.02078887167206649
2014-02-04,-0.007818054162487462
2014-02-05,-0.004385771658060815
2014-02-06,0.0
2014-02-07,0.003440044994375703
2014-02-10,-0.002916227152225478
2014-02-11,0.007114611745059838
2014-02-12,-0.0016878525244187646
2014-02-13,0.0
2014-02-14,0.0023537090360619775
2014-02-18,-0.0023609145345672294
2014-02-19,0.0034933278755628324
2014-02-20,0.0037039671682626537
2014-02-21,-0.002007608695652174
2014-02-24,-0.0014162154808869541
2014-02-25,-0.008774149844194553
2014-02-26,-0.0007937711577522004
2014-02-27,-0.0005209289691701751
2014-02-28,-0.002149345567399811
2014-03-03,-0.003628885570788652
2014-03-04,-0.0012
2014-03-05,-0.011278221391374016
2014-03-06,-0.0033314864144912094
2014-03-07,-0.00166542800265428
2014-03-10,-0.0001995732195252066
2014-03-11,0.0023932960893854748
2014-03-12,0.004912336876093099
2014-03-13,0.01354432879637043
2014-03-14,-0.00669028757460662
2014-03-17,-0.010099581250844251
2014-03-18,-0.0009943064321203169
2014-03-19,-0.003067824228663016
2014-03-20,0.007607241889890968
2014-03-24,0.0
2014-03-25,-0.0024103281334050563
2014-03-26,0.005767707356291036
2014-03-27,-0.004649002849002849
2014-03-28,-0.00011657638136511371
2014-03-31,-0.0054952316991269306
2014-04-01,-0.0013344021376085506
2014-04-02,-0.004725531914893617
2014-04-03,-0.001330082162735224
2014-04-04,0.0096393919365499
2014-04-07,-0.0005954692556634305
2014-04-08,0.0021940119760479044
2014-04-09,0.0004963663379710928
2014-04-10,0.01782771374966497
2014-04-11,-0.0011742361684558217
2014-04-14,-0.0015370801919122688
2014-04-15,0.011848700410396717
2014-04-16,0.0011630390698932
2014-04-17,-0.0021442870632672334
2014-04-21,-0.0003965572888649812
2014-04-22,0.001542761483862328
2014-04-23,-0.009674195701508476
2014-04-24,-0.003662744576068149
2014-04-25,-0.003340760578468131
2014-04-28,0.0036889693070633967
2014-04-29,-0.006280395827761433
2014-04-30,0.002944034242910647
2014-05-01,-0.003664553083788464
2014-05-02,0.0015304926764314248
2014-05-05,0.002749859305909152
2014-05-06,-0.0029337068160597574
2014-05-07,-0.008956521739130436
2014-05-08,0.0057456245824983295
2014-05-09,0.000536806947227789
2014-05-12,0.0043164718384697135
2014-05-13,-0.002055826844397519
2014-05-14,-0.00848771466314399
2014-05-15,-0.002194896331738437
2014-05-16,-0.003003691320048148
2014-05-19,0.0
2014-05-20,0.002922414251528849
2014-05-21,0.0008
2014-05-22,0.0011234522073445578
2014-05-23,0.0021112344699973566
2014-05-26,0.0005885398869759495
2014-05-27,-0.009387531172069825
2014-05-28,-0.0019784732224695564
2014-05-29,0.0023376650542554583
2014-05-30,-0.00046950280568967763
2014-06-02,0.0023994281258123214
2014-06-03,-0.0006606882168925965
2014-06-04,0.001163721657544957
2014-06-05,0.0028307053941908716
2014-06-06,-0.003844987775061125
2014-06-09,-0.0010716302952503208
2014-06-10,-0.005865982028241335
2014-06-11,-0.006560679361811631
2014-06-16,-0.005538644593895499
2014-06-17,-0.0014463288521199586
2014-06-18,0.0010175032175032172
2014-06-19,-0.0029317845289762575
2014-06-23,0.0
2014-06-24,0.005296679912831688
2014-06-25,0.002696374661334021
2014-06-26,-0.0008718934153215475
2014-06-27,-0.00042869263401465474
2014-06-30,-0.004177254098360656
2014-07-01,0.0
2014-07-02,-0.011249141549027088
2014-07-03,-0.001326726650614624
2014-07-04,-0.0018326711375427052
2014-07-07,-0.004913605269825184
2014-07-08,-0.0030880386424304053
2014-07-09,-0.005493285768887756
2014-07-10,0.002809242618741977
2014-07-11,-0.003660280970625798
2014-07-14,-0.008945472990109053
2014-07-15,-0.008991456458359741
2014-07-16,0.00021188970402226143
2014-07-17,0.007709017018034036
2014-07-18,0.0030129452317119877
2014-07-21,-0.0012728382502543234
2014-07-22,-0.0026658227848101266
2014-07-23,-0.002767676767676768
2014-07-24,-0.006633782932055968
2014-07-25,-0.006449095280273313
2014-07-28,0.0036022813688212927
2014-07-29,0.0029529277855065133
2014-07-30,-0.006092454026632848
2014-07-31,0.00507883136852896
2014-08-01,-0.010011482879833356
2014-08-04,0.0025696607305342517
2014-08-05,-0.0018491820306413918
2014-08-06,-0.005729572290737339
2014-08-07,0.005058089668615985
2014-08-08,0.00541697223677318
2014-08-11,-0.0015755946225439505
2014-08-12,-0.005237503237503238
2014-08-13,0.0016647825525874305
2014-08-14,0.0007414258188824663
2014-08-15,-0.0033142419601837675
2014-08-18,0.0010562619441967132
2014-08-19,0.0022615969581749047
2014-08-20,0.0009918765025939517
2014-08-21,-0.001355667506297229
2014-08-22,-0.009843139227770092
2014-08-25,0.0007273957158962796
2014-08-26,-0.006003378801151295
2014-08-27,-0.0045263289555972485
2014-08-28,0.0010331658291457286
2014-08-29,-0.000624765478424015
2014-09-01,-0.0009250468925847194
2014-09-02,-0.00347125748502994
2014-09-03,0.0
2014-09-04,0.004294382022471911
2014-09-05,0.0022569209570336966
2014-09-08,-0.0050443224357374595
2014-09-09,-0.008155035656199175
2014-09-10,-0.005394518481267287
2014-09-11,5.833647917453141e-05
2014-09-12,-0.0022025062656641603
2014-09-15,-0.005451473180559053
2014-09-16,0.0031136472667592477
2014-09-17,-0.006970300986636693
2014-09-18,-0.00212079701120797
2014-09-22,0.0
2014-09-26,0.0009480952987641737
2014-09-29,-0.005049156872764435
2014-09-30,-0.0013464181564599976
2014-10-01,0.0023855249745158
2014-10-02,-0.0004254066615027109
2014-10-03,-0.0012561803509670809
2014-10-06,0.0012670053340106682
2014-10-07,-0.0034419309282321224
2014-10-08,0.009618926626912107
2014-10-09,0.01658161389172625
2014-10-10,-0.01215800156128025
2014-10-13,-0.0032632964718272775
2014-10-14,-0.007788075592227842
2014-10-15,-0.00714062034403359
2014-10-16,0.0022030963145636385
2014-10-17,-0.0025317183548515905
2014-10-20,-0.0034663111585121983
2014-10-21,0.0
2014-10-22,0.007583851412356507
2014-10-23,-0.007126307652666838
2014-10-24,-0.0028127921911122525
2014-10-27,-0.0053303445625720505
2014-10-28,0.0002929936305732482
2014-10-29,0.0016204571284253063
2014-10-30,0.0035147208121827415
2014-10-31,-0.0018968944099378882
2014-11-03,-0.0036346368715083795
2014-11-04,-0.005238664673642252
2014-11-05,-0.0062846639435573705
2014-11-06,0.001553232598464206
2014-11-07,-0.0050075006168270415
2014-11-10,-0.00038370516455072106
2014-11-11,-0.0006314949023461492
2014-11-12,-0.0031258382642998027
2014-11-13,-0.004268990915786889
2014-11-14,-0.009308657742846617
2014-11-17,-0.005396852330013526
2014-11-18,0.00205188181929631
2014-11-19,-0.0018
2014-11-20,0.0
2014-11-21,0.0
2014-11-24,-0.0062712799419308
2014-11-25,0.000811375437749064
2014-11-26,-0.0039762785636561476
2014-11-27,-0.0020030635628995297
2014-11-28,0.0020163344206838222
2014-12-01,-0.005607772649987855
2014-12-02,0.002401461632155907
2014-12-03,-0.0006371991776514694
2014-12-04,-0.0015623626041792486
2014-12-05,-0.007224508503196237
2014-12-08,-0.0005544872569150863
2014-12-09,0.004642787046123651
2014-12-10,0.0032697345994643296
2014-12-11,0.005455969506947007
2014-12-12,-0.004456205915109516
2014-12-15,0.005428904891979141
2014-12-16,0.0046621369032583985
2014-12-17,0.008733282770825433
2014-12-18,0.008709162175404213
2014-12-22,0.0
2014-12-23,-0.007162684595989914
2014-12-24,-0.00015875495733685854
2014-12-26,-0.0020400096003840153
2014-12-29,-0.005562151777137368
2014-12-30,-0.002280827022478663
2015-01-02,0.004815281989084293
2015-01-05,0.0094896847786091
2015-01-06,-0.0014565055762081787
2015-01-07,-0.003914164904862579
2015-01-08,0.0
2015-01-09,-0.002534627517592817
2015-01-12,-0.012416666666666666
2015-01-13,0.01074723926380368
2015-01-14,-0.00850174425900364
2015-01-15,0.004321083364393092
2015-01-16,0.01043942525838165
2015-01-19,0.0011546907919196927
2015-01-20,0.007892079207920793
2015-01-21,-0.0020216585851050603
2015-01-22,0.012445794966236955
2015-01-23,-0.0016782714546561169
2015-01-26,0.005428288266242506
2015-01-27,-0.01318494198963219
2015-01-28,0.006621867713829918
2015-01-29,0.0014015007503751875
2015-01-30,0.000824015994002249
2015-02-02,0.006366503820618815
2015-02-03,0.0007453894580915935
2015-02-04,-0.017731236175964612
2015-02-05,-6.623456035220743e-05
2015-02-06,-0.001927802037845706
2015-02-09,-0.0019343042467262267
2015-02-10,0.0019211295034079843
2015-02-11,-0.006887568223165554
2015-02-12,-0.002364436407474382
2015-02-13,-0.0025992329817833173
2015-02-16,-0.0035113609184405643
2015-02-17,0.002511164293406725
2015-02-18,-0.0077782717820007174
2015-02-19,-0.00447354313748953
2015-02-20,0.004463787534394066
2015-02-23,-0.002987930624851509
2015-02-24,-0.00028783382789317506
2015-02-25,-0.005314786314667929
2015-02-26,-0.008168060656320341
2015-02-27,-0.002941928596844977
2015-03-02,-0.0008866484365711569
2015-03-03,-0.0029036264517658212
2015-03-04,-0.001
2015-03-05,-0.00755459305092813
2015-03-06,0.00897510472770796
2015-03-09,-0.0015619691119691118
2015-03-10,0.004092761004001455
2015-03-11,-0.017644943820224718
2015-03-12,0.002531118710307767
2015-03-13,0.004855206691720209
2015-03-16,0.0078038806694154745
2015-03-17,-0.00031725802558532466
2015-03-18,0.008559187620889749
2015-03-19,-0.013064979708761042
2015-03-23,0.0
2015-03-24,0.0013872045834328003
2015-03-25,0.010542151929067817
2015-03-26,-0.0023447432762836186
2015-03-27,-0.02199100903982409
2015-03-30,0.002384503631961259
2015-03-31,-0.0072316527626647325
2015-04-01,-0.016757619914996965
2015-04-02,-0.007675076173065204
2015-04-06,0.0
2015-04-07,0.0004081002892960463
2015-04-08,-0.017244047331562425
2015-04-09,0.0028183813773971778
2015-04-10,0.0035139091889301545
2015-04-13,0.003417910447761194
2015-04-14,0.005480235209408376
2015-04-15,-0.004382937596945472
2015-04-16,-0.00733004056311143
2015-04-17,0.001559309021113244
2015-04-20,-0.0017994485073732165
2015-04-21,0.0
2015-04-22,0.0033799522673031027
2015-04-23,-0.0013962318149296445
2015-04-24,-0.002702237480762401
2015-04-27,0.0035662969081897574
2015-04-28,0.0012970273483947682
2015-04-29,-0.006369644984512748
2015-04-30,0.002940769047050394
2015-05-01,-0.006469906631553746
2015-05-04,-0.0015186521120075936
2015-05-05,0.007238479809976247
2015-05-06,-0.006422009569377991
2015-05-07,0.0018936580660718592
2015-05-08,-0.0036961369309402112
2015-05-11,0.0010881516587677726
2015-05-12,-0.009292848600813202
2015-05-13,0.0032117927337701013
2015-05-14,0.002959563360227812
2015-05-15,-0.0041598820058997045
2015-05-18,0.0012075578649031649
2015-05-19,-0.007924212505876821
2015-05-20,-0.0062805268109125114
2015-05-21,0.00163898185246288
2015-05-22,-0.0031297717109908217
2015-05-25,-0.00017520914339578186
2015-05-26,0.0
2015-05-27,0.007157303904117718
2015-05-28,-0.005459544327706292
2015-05-29,-0.0016
2015-06-01,-0.0092069552874379
2015-06-02,0.0027698265621287715
2015-06-03,-0.003373888363292337
2015-06-04,-0.0015563791874554525
2015-06-05,-0.0059412396990326044
2015-06-08,0.0029885167464114835
2015-06-09,-0.0011594129676410442
2015-06-10,0.0
2015-06-11,-0.009001896858328393
2015-06-12,-0.0021904761904761906
2015-06-15,0.00012124053371799504
2015-06-16,-0.0030403264522323573
2015-06-17,-0.008742006903940008
2015-06-18,0.001854390128144281
2015-06-22,0.0
2015-06-23,-0.002725398512221041
2015-06-24,0.000774937877174299
2015-06-25,-0.0002505577972940896
2015-06-26,-0.007958055290753097
2015-06-29,0.012050602409638555
2015-06-30,-0.010792065795839382
2015-07-01,-0.004458115120067576
2015-07-02,0.0018509217978069648
2015-07-03,-0.0013256016446970614
2015-07-06,0.004395735347873767
2015-07-07,0.0115153380179307
2015-07-08,0.00802383092432892
2015-07-09,0.009812882915607217
2015-07-10,0.0006506769825918762
2015-07-13,-0.0043983691090058764
2015-07-14,0.0
2015-07-15,-0.004935164704483292
2015-07-16,-0.0031462976105985333
2015-07-17,-0.004462448353205053
2015-07-20,-0.0035565453045834803
2015-07-21,0.0009341043190936985
2015-07-22,-0.004052388875683385
2015-07-23,0.005051528798293434
2015-07-24,0.00539933237958989
2015-07-27,-0.012407656893627331
2015-07-28,0.007243610474236757
2015-07-29,-0.0017197031362221691
2015-07-30,0.0014286396181384248
2015-07-31,-0.0008
2015-08-03,-0.010106255212677231
2015-08-04,-0.0065438239866076765
2015-08-05,0.00460417014178482
2015-08-06,0.0
2015-08-07,-0.005775424647632815
2015-08-10,0.002475973636908328
2015-08-11,-0.004960134405376215
2015-08-12,0.009742061281337047
2015-08-13,-0.009929553099471407
2015-08-14,-0.0039674166766935385
2015-08-17,0.009373564047104061
2015-08-18,-0.0010770423375074537
2015-08-19,-0.0032792611251049536
2015-08-20,0.0068521316652496046
2015-08-21,0.019017406440382943
2015-08-24,-0.010950337798709504
2015-08-25,0.023555412867599844
2015-08-26,0.01146506401881369
2015-08-27,-0.009331940906775344
2015-08-28,-0.025533249051833122
2015-08-31,-0.010360780339498353
2015-09-01,0.00022007280291211633
2015-09-02,0.0014368794326241137
2015-09-03,0.0041150895140664966
2015-09-04,-0.006546628482166103
2015-09-07,-0.005753073637893102
2015-09-08,0.0008340251088905968
2015-09-09,0.0
2015-09-10,-0.0015870967741935483
2015-09-11,-0.0018
2015-09-14,-0.0066419979612640165
2015-09-15,0.008204389434732678
2015-09-16,0.002480757097791798
2015-09-17,-0.003155926251097454
2015-09-21,0.0
2015-09-22,-0.005566567396089603
2015-09-23,-0.00806579593948015
2015-09-24,0.001397360512217431
2015-09-25,-0.007557962604771115
2015-09-28,0.013339858675739336
2015-09-29,-0.013201440192025602
2015-09-30,-0.016644936708860757
2015-10-01,-0.002576163094615787
2015-10-02,0.021225162058473343
2015-10-05,0.004693101686254471
2015-10-06,-0.005343406732472792
2015-10-07,0.0017541761291950543
2015-10-08,0.0024353089533417404
2015-10-09,-0.008775585450921775
2015-10-12,-0.0059632286995515696
2015-10-13,0.004926281570392599
2015-10-14,0.004964411027568922
2015-10-15,0.004993380970289583
2015-10-16,-0.004273104983306542
2015-10-19,-0.0025909575126966435
2015-10-20,-0.009524693953258317
2015-10-21,0.0009865254341667694
2015-10-22,0.0029362164833806994
2015-10-23,-0.0010419842710223835
2015-10-26,-0.008685254626829564
2015-10-27,-0.004962247628314279
2015-10-28,0.006184589290041192
2015-10-29,-0.00905902744342802
2015-10-30,-0.002560105553556435
2015-11-02,0.0
2015-11-03,0.0026242655839503227
2015-11-04,-0.002223825344091125
2015-11-05,-0.005218500417213017
2015-11-06,-0.007344367376225784
2015-11-09,-0.0015587727708533078
2015-11-10,-0.006064417845484222
2015-11-11,-0.0038013690404707576
2015-11-12,-0.004343870732596282
2015-11-13,0.003910988336402701
2015-11-16,0.00909265873015873
2015-11-17,-0.007845816587504568
2015-11-18,0.004852398344290236
2015-11-19,-0.007731505531505532
2015-11-20,-0.00040126930906478266
2015-11-23,-0.001959367513176809
2015-11-24,0.005634274680183442
2015-11-25,-0.007509003831417624
2015-11-26,-0.002473985680190931
2015-11-27,-0.0013592814371257485
2015-11-30,0.00019404377466810188
2015-12-01,-0.0020407615854388696
2015-12-02,0.0021676589664205766
2015-12-03,0.008607926975738651
2015-12-04,0.0
2015-12-07,0.002117505995203837
2015-12-08,-0.019195868772782503
2015-12-09,0.012255147237770748
2015-12-10,-0.007895847581827063
2015-12-11,-0.0045147087857847976
2015-12-14,-0.0065677098857426725
2015-12-15,-0.006179411764705883
2015-12-16,0.005606855475872129
2015-12-17,0.0
2015-12-21,0.0
2015-12-22,-0.0026359411692003457
2015-12-23,0.0024263338228095936
2015-12-24,-0.007382227632379793
2015-12-28,-0.0030224938875305623
2015-12-29,-0.0022917030567685586
2015-12-30,-0.004772136896843633
2015-12-31,0.0026745481191988276
2016-01-04,-0.003025
2016-01-05,-0.006279840716774515
2016-01-06,-4.165824064711831e-05
2016-01-07,0.00984921734667693
2016-01-08,0.0028230897649929366
2016-01-11,-0.005496609949344071
2016-01-12,0.00463267365153279
2016-01-13,0.025644352759154204
2016-01-14,0.01514074074074074
2016-01-15,-0.010194064724049953
2016-01-18,-0.0016698047606311848
2016-01-19,-0.009651742344244985
2016-01-20,0.02047003659032389
2016-01-21,-0.028193265993265992
2016-01-22,0.0003175320385784119
2016-01-25,0.0007801980198019803
2016-01-26,-0.005857351962741184
2016-01-27,0.005545139531807962
2016-01-28,-0.014805280528052805
2016-01-29,0.011604328318817629
2016-02-01,-0.010006330597889801
2016-02-02,-0.003029108962633917
2016-02-03,-0.023034896515588155
2016-02-04,-0.02534520115698133
2016-02-05,0.005765126050420168
2016-02-08,-0.009626411018093438
2016-02-09,-0.02060719660692297
2016-02-10,-0.010333970133189829
2016-02-11,-0.0160321914981428
2016-02-12,0.009835259018171954
2016-02-15,-0.004260037224142515
2016-02-16,0.001257935980873954
2016-02-17,0.007338719832109129
2016-02-18,-0.010717964693665628
2016-02-19,-0.0015869884575026234
2016-02-22,-0.012266407967921354
2016-02-23,0.005791702210158976
2016-02-24,0.008867122747006972
2016-02-25,-0.0010822676676158426
2016-02-26,-0.0010724327082536037
2016-02-29,-0.0014
2016-03-01,0.01664887459807074
2016-03-02,-0.00864931506849315
2016-03-03,-0.00165230225810521
2016-03-04,-0.0004985583552714054
2016-03-07,0.00234504969178513
2016-03-08,-0.010579187114634453
2016-03-09,-0.01819748427672956
2016-03-10,0.0045932020569421795
2016-03-11,0.0031865454092438023
2016-03-14,-0.0020682709005209626
2016-03-15,-0.0021735524841240196
2016-03-16,-0.003536318407960199
2016-03-17,0.004504712558598569
2016-03-21,0.0
2016-03-22,-0.0028301636117603643
2016-03-23,-0.010856616744414436
2016-03-24,-0.0011795756297307359
2016-03-28,-0.006184615384615385
2016-03-29,0.010816411270390508
2016-03-30,-0.004722409814162516
2016-03-31,-0.002930104648332928
2016-04-01,0.009776557135850909
2016-04-04,-0.000352234467724355
2016-04-05,-0.01017845249755142
2016-04-06,0.006436600024530847
2016-04-07,0.0015983390327308257
2016-04-08,0.00387037579306979
2016-04-11,0.0019396069815696326
2016-04-12,0.004552741994847258
2016-04-13,-0.007240856831659204
2016-04-14,-0.016000674211413435
2016-04-15,-0.008339499036608864
2016-04-18,0.0
2016-04-19,-0.007019493549928333
2016-04-20,-0.004463278453829635
2016-04-21,0.0005498330948974725
2016-04-22,-0.0032417967811674275
2016-04-25,0.0012055809477988933
2016-04-26,-0.003917996645099449
2016-04-27,-0.004804469542232368
2016-04-28,0.007212450426631415
2016-04-29,0.0002543691673736518
2016-05-02,-0.004863438256658596
2016-05-03,-0.0034265954865323953
2016-05-04,-0.007823471882640588
2016-05-05,-0.009070583932707547
2016-05-06,-0.0038107590272660283
2016-05-09,-0.0040822726164350155
2016-05-10,0.002958031276518366
2016-05-11,0.002292611787393034
2016-05-12,0.005161600773787934
2016-05-13,0.004955274671852212
2016-05-16,0.0
2016-05-17,0.0008208302986161689
2016-05-18,0.002664852274120387
2016-05-19,0.0021169533169533173
2016-05-20,-0.0015787129924149743
2016-05-23,-0.010196877287143205
2016-05-24,0.0
2016-05-25,-0.005562959404275763
2016-05-26,-0.01189587172430298
2016-05-27,-0.005787103720540735
2016-05-30,-0.002232639467110741
2016-05-31,-0.0038190476190476186
2016-06-01,0.005673187102960566
2016-06-02,-0.002794885888397658
2016-06-03,0.0007882689556509299
2016-06-06,-0.002113860797144557
2016-06-07,0.0012219694276573052
2016-06-08,-0.004648254644420778
2016-06-09,0.0004221379473808959
2016-06-10,-0.0024719390185802765
2016-06-13,-0.0009211301328863881
2016-06-14,-0.006699927693420101
2016-06-15,-0.006887521038711229
2016-06-16,0.011078195488721803
2016-06-20,0.0
2016-06-21,-0.01578427317542383
2016-06-22,0.001601200480192077
2016-06-23,-0.00187744091668656
2016-06-24,0.011244745262121585
2016-06-27,-0.004313639189357205
2016-06-28,-0.008895285483269063
2016-06-29,0.006050152905198777
2016-06-30,0.009155966630395359
2016-07-01,-0.0041521837980136415
2016-07-04,-0.0012
2016-07-05,-0.004037573432442153
2016-07-06,0.003378300180831827
2016-07-07,0.0014293661215232186
2016-07-08,0.007752522255192879
2016-07-11,-0.003280141010575793
2016-07-12,1.727962638645652e-05
2016-07-13,-0.007263210507962338
2016-07-14,-0.006397639162134012
2016-07-15,-0.00045337954939341424
2016-07-18,0.00039146567717996284
2016-07-19,-0.005119916483006612
2016-07-20,0.0025732840305061244
2016-07-21,-0.0019463003578437032
2016-07-22,0.0008516375419511631
2016-07-25,9.252077562326875e-05
2016-07-26,-0.006678940673065802
2016-07-27,-0.00215300357431108
2016-07-28,0.0008524950793099455
2016-07-29,0.0004098102730217492
2016-08-01,-0.0009153136531365314
2016-08-02,0.0010499248468030984
2016-08-03,-0.0028324770428920145
2016-08-04,-0.0027896931094383323
2016-08-05,0.0
2016-08-08,-0.0003120055039559684
2016-08-09,0.0007185899644046389
2016-08-10,-0.0023473152822395594
2016-08-11,-0.0006852289682084242
2016-08-12,-0.003206425702811245
2016-08-15,0.00011543654880421096
2016-08-16,-0.005377400870960348
2016-08-17,0.002557669769045157
2016-08-18,-0.0009115318416523236
2016-08-19,0.0003769363166953529
2016-08-22,-0.006850505050505051
2016-08-23,-0.0003143640726774083
2016-08-24,0.0017475672581568403
2016-08-25,-0.004311674541892359
2016-08-26,0.0016439820669042417
2016-08-29,0.0
2016-08-30,-0.004236547291092746
2016-08-31,0.0014174053182917003
2016-09-01,0.0017366078634843767
2016-09-02,-0.00426540447504303
2016-09-05,0.001091681009753299
2016-09-06,-0.0008854130858255987
2016-09-07,-0.0016580852038479157
2016-09-08,-0.008447282733318046
2016-09-09,0.0
2016-09-12,0.013410198300283286
2016-09-13,-0.007550991831971996
2016-09-14,-0.010099576868829337
2016-09-15,0.007724337689862239
2016-09-19,0.0
2016-09-20,-0.0005330920975837516
2016-09-21,0.0020714102114733034
2016-09-22,-0.00964313725490196
2016-09-23,-0.0063584844634399906
2016-09-26,0.0021605214152700183
2016-09-27,0.0035770733419113344
2016-09-28,0.0047151009046624915
2016-09-29,0.002964256795835744
2016-09-30,0.0005610356437942646
2016-10-03,-0.009813296206056386
2016-10-04,-0.007282477096138234
2016-10-05,-0.006631341548477099
2016-10-06,-0.0027953488372093023
2016-10-07,-0.0008635531347780739
2016-10-10,0.00032678405931417986
2016-10-11,0.0
2016-10-12,-0.003979737335834897
2016-10-13,-0.0007639003659544329
2016-10-14,0.0046970760233918125
2016-10-17,-0.006466384579219558
2016-10-18,-0.0006831229546517064
2016-10-19,-0.0017020007020007019
2016-10-20,-0.010080571495491275
2016-10-21,0.0028937301493941886
2016-10-24,-0.0029806594430851685
2016-10-25,0.0017003500583430574
2016-10-26,-0.0017525264394829612
2016-10-27,-0.011554523170304658
2016-10-28,-0.0038329298389940068
2016-10-31,-0.01355172332666745
2016-11-01,0.0
2016-11-02,0.00094107291542762
2016-11-03,-0.0012033412887828162
2016-11-04,-0.0005202111071128704
2016-11-07,0.006436643754444181
2016-11-08,0.004064782096584217
2016-11-09,0.011235398230088496
2016-11-10,0.0002989046466044046
2016-11-11,-0.005625643403663344
2016-11-14,-0.005494296929115678
2016-11-15,-0.00036097898868621566
2016-11-16,-0.0042488540826903145
2016-11-17,0.0014388690955062637
2016-11-18,-0.0013143902997025851
2016-11-21,0.00148675966155957
2016-11-22,-0.0004045454545454544
2016-11-23,-0.0006303941672362724
2016-11-24,-0.0005463309515708291
2016-11-25,0.002293482942309872
2016-11-28,-0.00809915014164306
2016-11-29,-0.0008591296443585955
2016-11-30,0.005165969474279254
2016-12-01,-0.003076098557965255
2016-12-02,-0.0034536223616657155
2016-12-05,0.00033584734211721944
2016-12-06,0.0030861189801699718
2016-12-07,0.013177732518669383
2016-12-08,-0.0009767607991963388
2016-12-09,0.00042303758060929515
2016-12-12,-0.001553464688952845
2016-12-13,-0.0002896247240618102
2016-12-14,0.0014653295128939827
2016-12-15,-0.000889196675900277
2016-12-19,0.0
2016-12-20,-0.005490166648272817
2016-12-21,-0.00011729008054728015
2016-12-22,-0.00390316581802081
2016-12-23,-0.004351074673166408
2016-12-27,-0.0018420377942314067
2016-12-28,0.0
2016-12-29,-0.0047377490815985746
2016-12-30,-0.0008
2017-01-03,0.002419360568383659
2017-01-04,-0.000689196675900277
2017-01-05,-0.003658008179507019
2017-01-06,0.0019389115796445526
2017-01-09,-0.005305785123966942
2017-01-10,-0.00380799293442261
2017-01-11,-0.0037196730365624655
2017-01-12,0.0028911901081916536
2017-01-13,-0.003895511194441381
2017-01-16,-0.003433454625647811
2017-01-17,-0.0028574585635359117
2017-01-18,-0.005138911579644552
2017-01-19,0.0037686914342409876
2017-01-20,-0.002413324509155085
2017-01-23,-0.0018209944751381216
2017-01-24,0.0036179368235034243
2017-01-25,0.0004213863984255412
2017-01-26,-0.00616109899694723
2017-01-27,-0.0016719346049046322
2017-01-30,-0.001690398947829899
2017-01-31,-0.005575206611570248
2017-02-01,-0.0005808699463131369
2017-02-02,-0.0026110536166464825
2017-02-03,0.0007117621337997378
2017-02-06,-0.0006906745380999235
2017-02-07,-0.0017453157378121932
2017-02-08,0.0025550180584436905
2017-02-09,0.0
2017-02-10,-0.0024665511265164644
2017-02-13,0.0010014661492022425
2017-02-14,9.101667563206025e-05
2017-02-15,0.0030581073839888546
2017-02-16,-0.005007155025553663
2017-02-17,-0.00022365522404020968
2017-02-20,-0.0003875504567665179
2017-02-21,-0.004868678283042924
2017-02-22,-0.0046264631043257
2017-02-23,0.000573336150433129
2017-02-24,-0.0025188436603252205
2017-02-27,-0.003386462189317821
2017-02-28,-0.004114611968703743
2017-03-01,0.003599034222128911
2017-03-02,-0.002191035419496395
2017-03-03,-0.002440777719390436
2017-03-06,0.0011079258010118043
2017-03-07,-0.010887871757013287
2017-03-08,-0.006619409282700422
2017-03-09,-0.007865150713907986
2017-03-10,0.0015039343572480542
2017-03-13,-0.0022321778527025606
2017-03-14,-0.0013166895386889053
2017-03-15,0.00363743676222597
2017-03-16,-0.0038568077084206115
2017-03-20,0.0
2017-03-21,0.015469365863918392
2017-03-22,-0.0049116120072641815
2017-03-23,0.0002008537886872999
2017-03-24,-0.0076079914757591904
2017-03-27,0.004231624299870745
2017-03-28,0.0019840239854374132
2017-03-29,-0.003951020408163265
2017-03-30,-0.002861120543293718
2017-03-31,-0.0005645414107180681
2017-04-03,0.001743181095687189
2017-04-04,-0.004458725938530256
2017-04-05,0.00485366060093102
2017-04-06,-0.006160774303339715
2017-04-07,-0.007551748326070783
2017-04-10,-0.005810491664011893
2017-04-11,0.004521413367390379
2017-04-12,-0.008604175543246698
2017-04-13,0.006434563937934725
2017-04-17,0.003168679609567736
2017-04-18,-0.008177254734139296
2017-04-19,0.0002123667377398721
2017-04-20,0.0035784707390004275
2017-04-21,-0.0017874375597831864
2017-04-24,-0.003381277672359266
2017-04-25,-0.0018306495690561277
2017-04-26,-0.009604465876926302
2017-04-27,-7.622040645296449e-05
2017-04-28,0.0
2017-05-01,-0.000695222129086337
2017-05-02,-0.0017329842931937173
2017-05-03,-0.0054442998110434595
2017-05-04,-0.009598931601550224
2017-05-05,-0.0010677824267782427
2017-05-08,-0.0024522174684336847
2017-05-09,-0.0002701490981128141
2017-05-10,-0.00047737012647642945
2017-05-11,0.004827391531625719
2017-05-12,-0.008091396273812015
2017-05-15,-0.006093207941483803
2017-05-16,-0.007975707154742096
2017-05-17,0.008018877443767081
2017-05-18,-0.01110765636614633
2017-05-19,0.0023423267587807193
2017-05-22,-0.00017133277451802183
2017-05-23,-0.00616411433340288
2017-05-24,-0.004562500000000001
2017-05-25,-0.0007924019099024289
2017-05-26,-0.0051912106135986735
2017-05-29,0.000731098696461825
2017-05-30,-0.002341197219628592
2017-05-31,-0.008991219714226548
2017-06-01,0.002104625892579944
2017-06-02,0.000948791276617632
2017-06-05,-0.005776495945807246
2017-06-06,-0.0019087690407575135
2017-06-07,-0.001
2017-06-08,-0.00406035138189664
2017-06-09,0.004642761875448856
2017-06-12,-0.003545435812899238
2017-06-13,-0.0008973411354070424
2017-06-14,-0.007603580562659846
2017-06-15,-0.0018064835845550279
2017-06-19,0.0
2017-06-20,0.00012856412876852325
2017-06-21,-0.0033430534194606788
2017-06-22,-0.0016109307581672486
2017-06-23,-0.00018894255472202233
2017-06-26,-0.0033260108506500156
2017-06-27,0.002898756806739957
2017-06-28,0.0024830313014827018
2017-06-29,-0.0003802438774464596
2017-06-30,-0.004589074417645846
2017-07-03,-0.0016971933792536238
2017-07-04,0.001241218859378217
2017-07-05,0.0020647724933086265
2017-07-06,-0.00017380976969947335
2017-07-07,-0.0016
2017-07-10,-0.0009097893432465922
2017-07-11,-0.004057010213556174
2017-07-12,-0.006609445585215605
2017-07-13,-0.00039045766356097063
2017-07-14,0.0015510170704282939
2017-07-17,-0.0032286644951140067
2017-07-18,0.0008274061990212073
2017-07-19,0.0008250253910217347
2017-07-20,-0.003821018593371059
2017-07-21,-0.003118057386190814
2017-07-24,-9.121101660591337e-05
2017-07-25,-0.0034159806295399517
2017-07-26,-0.0058298396045596695
2017-07-27,0.001220967741935484
2017-07-28,0.0005203729981755525
2017-07-31,-0.006136782538399353
2017-08-01,-0.00413194584764599
2017-08-02,0.0020285685422769977
2017-08-03,-0.007555681358673676
2017-08-04,-0.008147954338822103
2017-08-07,-0.002006244316459533
2017-08-08,0.0034457916540365768
2017-08-09,-0.007062228536634869
2017-08-10,0.009551142712036565
2017-08-11,-0.005285392106611993
2017-08-14,-0.000501864113272894
2017-08-15,-0.004332158411830244
2017-08-16,-0.00211358574610245
2017-08-17,0.00723003454582402
2017-08-18,-0.007151452709664125
2017-08-21,-0.001206249355470764
2017-08-22,0.0
2017-08-23,-0.004770702724851465
2017-08-24,-0.0016978549540347292
2017-08-25,-0.0007824220746039858
2017-08-28,-0.0002936587358317165
2017-08-29,0.0
2017-08-30,0.004401697515083342
2017-08-31,0.00031618467782851343
2017-09-01,-0.0049306806705716015
2017-09-04,-0.0014027780594139713
2017-09-05,0.0011240506329113923
2017-09-06,-0.003321452479967542
2017-09-07,-0.01048422118695564
2017-09-08,-0.005238281011886619
2017-09-11,0.0
2017-09-12,-0.0032026487408447876
2017-09-13,-0.003404353495837095
2017-09-14,0.0005031992779059273
2017-09-18,0.0
2017-09-19,-0.003596007984031936
2017-09-20,-0.00010215482841181172
2017-09-21,-0.0026980529206190717
2017-09-22,-0.005004949403867347
2017-09-25,-0.005105278974256236
2017-09-26,-0.003800960576345808
2017-09-27,0.003993848611943279
2017-09-28,-0.0003004497751124437
2017-09-29,0.002092191084073003
2017-10-02,-0.0017971011615208975
2017-10-03,-0.0015956087429532192
2017-10-04,-0.0021881422924901186
2017-10-05,0.0031454008272601927
2017-10-06,-0.0013017392158789427
2017-10-09,0.0010596312279325224
2017-10-10,-0.004361553550411926
2017-10-11,0.0010679748822605968
2017-10-12,-0.0025768167107972934
2017-10-13,-0.0035661707126076743
2017-10-16,-0.004152852529601722
2017-10-17,-0.004174283197964576
2017-10-18,-0.001975990630489947
2017-10-19,0.004113302617390452
2017-10-20,-0.00012417282989490071
2017-10-23,0.0015285146017269815
2017-10-24,-0.0052129296076331415
2017-10-25,0.0026129692832764506
2017-10-26,-0.008660193227286034
2017-10-27,0.00027149814923046946
2017-10-30,-0.002166294100495675
2017-10-31,-0.0009085114652157013
2017-11-01,0.00027158628704241727
2017-11-02,0.0002450184501845017
2017-11-03,-0.0014
2017-11-06,-0.0009935733643050716
2017-11-07,-0.0002207935128873444
2017-11-08,-0.0010967305088024763
2017-11-09,-0.0005328676755917735
2017-11-10,-0.004346216530849825
2017-11-13,0.0
2017-11-14,-0.004222887118709928
2017-11-15,-1.0326351680467634e-05
2017-11-16,0.000754001554001554
2017-11-17,-0.012259071975201007
2017-11-20,-0.007354263565891472
2017-11-21,-0.002937284045941511
2017-11-22,-0.0029546233041470218
2017-11-23,-0.0022590160777895447
2017-11-24,-0.002649759661603538
2017-11-27,-0.0050904967810127795
2017-11-28,0.00378085004317375
2017-11-29,-0.0014659056316590562
2017-11-30,-0.005869044682667679
2017-12-01,-0.0004549097438805406
2017-12-04,0.005872305234470444
2017-12-05,-0.002935610864010599
2017-12-06,-0.007436599066933258
2017-12-07,0.0002659689848729902
2017-12-08,-0.004266931141966563
2017-12-11,-0.0004344957587181904
2017-12-12,-0.0008
2017-12-13,-0.007191884546902821
2017-12-14,0.002092493674444757
2017-12-18,0.0
2017-12-19,0.0
2017-12-20,-0.004348413434774541
2017-12-21,0.0006225899414334852
2017-12-22,-0.0026089649400167394
2017-12-26,-0.010771737106684044
2017-12-27,-0.0007070026969217894
2017-12-28,-0.0012789919092346322
2017-12-29,0.0
2018-01-02,0.0029355414960922964
2018-01-03,0.0
2018-01-04,-0.003730679415279948
2018-01-05,-0.0003020038429865496
2018-01-08,9.489051094890518e-05
2018-01-09,-0.005943802253725918
2018-01-10,0.0005844023323615162
2018-01-11,0.0031215212852863756
2018-01-12,0.0
2018-01-15,-0.0009105145413870246
2018-01-16,0.0077013478532535935
2018-01-17,0.004689108023307934
2018-01-18,-0.010717027919008117
2018-01-19,-0.003312758374910905
2018-01-22,0.006051752980957465
2018-01-23,-0.004427861047434315
2018-01-24,-0.008417977528089888
2018-01-25,-0.005724978058627347
2018-01-26,0.006154978506886569
2018-01-29,-0.0021488879197557784
2018-01-30,-0.005513392778317295
2018-01-31,-0.00356444640494045
2018-02-01,-0.007124813631522897
2018-02-02,0.006283962936564505
2018-02-05,0.03910064798758784
2018-02-06,-0.005267031805515519
2018-02-07,-0.008312233696157783
2018-02-08,0.023967785234899328
2018-02-09,0.012987353899214408
2018-02-12,0.006514188293237355
2018-02-13,-0.004261421944523336
2018-02-14,0.01507751630280692
2018-02-15,0.002556933836385387
2018-02-16,-0.019028046989721
2018-02-19,-0.0008172347619482775
2018-02-20,-0.004740365707984931
2018-02-21,-0.003979056725199963
2018-02-22,-0.01126678959985248
2018-02-23,0.002630663110457096
2018-02-26,0.0026426526544663887
2018-02-27,0.007198562056259548
2018-02-28,0.0024428325324145437
2018-03-01,-0.0025370554634236227
2018-03-02,0.0027525691699604744
2018-03-05,0.010317339312406576
2018-03-06,-0.0005423759838916347
2018-03-07,-0.0024625346901017576
2018-03-08,-0.004560819462227913
2018-03-09,0.01096152450090744
2018-03-12,-0.0026064516129032256
2018-03-13,0.00912311818344359
2018-03-14,0.000781089599279604
2018-03-15,-0.004993740361063231
2018-03-19,0.0
2018-03-20,-0.013843594927403051
2018-03-21,-0.0066870692031982355
2018-03-22,0.007405876883020272
2018-03-23,0.00959245283018868
2018-03-26,0.01172898564502329
2018-03-27,0.010127466766523123
2018-03-28,-0.05089348886126781
2018-03-29,0.010010697230181472
2018-04-02,0.020221732522796354
2018-04-03,-0.010435466461063993
2018-04-04,0.01747016520894072
2018-04-05,-0.012359597857746875
2018-04-06,0.011218223148323547
2018-04-09,0.010569451073985681
2018-04-10,-0.012680596733075254
2018-04-11,-0.023184845614699755
2018-04-12,-0.012079563417388032
2018-04-13,-0.007266262249183387
2018-04-16,-0.011264573404354734
2018-04-17,0.003228147873621792
2018-04-18,-0.006932995298239144
2018-04-19,-0.006058076460242525
2018-04-20,0.0
2018-04-23,-0.003161150541651102
2018-04-24,0.009364117866467736
2018-04-25,0.004053813277614208
2018-04-26,0.0010519049415314977
2018-04-27,-0.014717930969974745
2018-04-30,0.005528971962616823
2018-05-01,0.004489824893516328
2018-05-02,-0.010511276776446164
2018-05-03,0.005670478368591576
2018-05-04,0.014805256618560641
2018-05-07,-0.004097846845160082
2018-05-08,-0.01564575714955462
2018-05-09,-0.0019066293183940242
2018-05-10,0.001711390532544379
2018-05-11,-0.003653044356690238
2018-05-14,-0.000942794440380395
2018-05-15,-0.016379839823253244
2018-05-16,-0.005396458871265216
2018-05-17,0.0004870012870012869
2018-05-18,-0.016696558071047304
2018-05-21,-0.007455258336386955
2018-05-22,-0.0015610806863818913
2018-05-23,-0.0010930910432616918
2018-05-24,-0.002333339444495371
2018-05-25,-0.008925735294117648
2018-05-28,-0.0011515212795293684
2018-05-29,0.002995242062390077
2018-05-30,0.003531582354573199
2018-05-31,-0.004249526610901737
2018-06-01,-0.0019348888480617307
2018-06-04,-0.0006530039201385722
2018-06-05,-0.0019639672429481348
2018-06-06,0.006134168254832562
2018-06-07,-0.007262674470959027
2018-06-08,-0.0008575535665852997
2018-06-11,-0.0006403847882765441
2018-06-12,-0.006118980983135989
2018-06-13,-7.5609756097561e-05
2018-06-14,-0.005969520732364028
2018-06-15,0.0
2018-06-18,0.0
2018-06-19,0.002326776949645519
2018-06-20,-0.0055542898341744765
2018-06-21,-0.003585559566787004
2018-06-22,-0.006246092691300027
2018-06-25,0.0017327382036800873
2018-06-26,-0.007044945881489635
2018-06-27,0.006927994875080076
2018-06-28,-0.002647848218417399
2018-06-29,-0.0016504488001465472
2018-07-02,0.0007746947835738068
2018-07-03,0.0021622944830105954
2018-07-04,-0.0022266740148801324
2018-07-05,-0.003964337393534206
2018-07-06,0.005258999634903249
2018-07-09,0.002394303226969533
2018-07-10,-0.006540180890122683
2018-07-11,-0.0035594385459780456
2018-07-12,0.004370711597060406
2018-07-13,-0.0011106744082179543
2018-07-16,-0.003451373528362469
2018-07-17,0.005421243059287121
2018-07-18,0.0023562905663732548
2018-07-19,-0.007584423676012461
2018-07-20,-0.0009324534023009007
2018-07-23,-0.000375
2018-07-24,-0.0021084034357566634
2018-07-25,0.003722880454061724
2018-07-26,-0.005589213958406768
2018-07-27,0.0
2018-07-30,0.0019051688979519461
2018-07-31,-0.00037788837539992897
2018-08-01,-0.000335981557013655
2018-08-02,0.0
2018-08-03,-0.001
2018-08-06,0.004027212681638045
2018-08-07,-0.003025061253062653
2018-08-08,-0.005612670633531677
2018-08-09,-0.005062001399580126
2018-08-10,-0.007270426506873458
2018-08-13,0.0005386676066267183
2018-08-14,0.0008778523489932885
2018-08-15,-0.004989169100079639
2018-08-16,-0.0011354497354497354
2018-08-17,0.0011130480718436345
2018-08-20,-0.004787993349085499
2018-08-21,-0.0006142482975379779
2018-08-22,-0.0017497114880223816
2018-08-23,0.0006238832065740013
2018-08-24,-0.0008763941007068679
2018-08-27,0.002829253938030119
2018-08-28,-0.0054972014122104534
2018-08-29,0.00029232359782889634
2018-08-30,-0.00606888965280165
2018-08-31,0.0011530629853321829
2018-09-03,-0.0035771340153012985
2018-09-04,-0.001
2018-09-05,-0.00039509160041479436
2018-09-06,-0.001
2018-09-07,-0.005620749782040105
2018-09-10,-0.0010801143748375359
2018-09-11,0.0063302568567697
2018-09-12,-0.007913296398891967
2018-09-13,-0.0018310716441072507
2018-09-14,-0.006213966288269694
2018-09-17,0.0026125667068342224
2018-09-18,-2.205895064396235e-05
2018-09-19,-0.013349208534067446
2018-09-20,-0.00028674080410607357
2018-09-24,0.0
2018-09-25,-0.0009707067258449984
2018-09-26,0.0036763795020959876
2018-09-27,0.0037988003427592114
2018-09-28,-0.0076068669527897
2018-10-01,0.00019301235619940352
2018-10-02,-0.005071448087431694
2018-10-03,-0.005756114985541759
2018-10-04,0.0007956391620350578
2018-10-05,-0.0011982118294360383
2018-10-08,0.002497180043383948
2018-10-09,-0.014296413099982672
2018-10-10,0.0
2018-10-11,0.005951919446192574
2018-10-12,-0.005621882035119315
2018-10-15,-0.00493324889170361
2018-10-16,0.00904398377647589
2018-10-17,-0.003800213352297982
2018-10-18,0.006518161535029004
2018-10-19,0.006218806802843516
2018-10-22,-0.015583579402232626
2018-10-23,0.0068095746639661205
2018-10-24,0.022366192040890836
2018-10-25,0.011650331249416813
2018-10-26,0.002647958704833412
2018-10-29,0.01684323521218312
2018-10-30,-0.018658778987221958
2018-10-31,-0.007408057527426938
2018-11-01,0.002048741040249954
2018-11-02,0.010068059972739664
2018-11-05,-0.00022524058289799293
2018-11-06,-0.013979208915684662
2018-11-07,0.010484231357380589
2018-11-08,-0.007526831877339989
2018-11-09,-0.006770569280343717
2018-11-12,0.006268468955573578
2018-11-13,-0.008351431446080674
2018-11-14,0.009859620991253645
2018-11-15,0.012215991074748977
2018-11-16,-0.009187863184994484
2018-11-19,0.012506178489702518
2018-11-20,-0.001282565696524442
2018-11-21,-0.0022583278472679395
2018-11-22,0.000692147587511826
2018-11-23,-0.0056759407069555306
2018-11-26,-0.0063041113933577945
2018-11-27,-0.0003792280965348859
2018-11-28,0.016067062424635934
2018-11-29,-0.008743809958885336
2018-11-30,0.0033155567735452638
2018-12-03,-0.010099866131191432
2018-12-04,0.024489927217180338
2018-12-06,0.015079288604497976
2018-12-07,0.022926219002507662
2018-12-10,0.004691855934619405
2018-12-11,-0.003028710371270925
2018-12-12,0.005563466217480816
2018-12-13,-0.008457679661813058
2018-12-14,0.002418702980668508
2018-12-17,0.004412858384013901
2018-12-18,-0.010672100496640375
2018-12-19,0.005281900274833137
2018-12-20,-0.009920846284969418
2018-12-24,0.0
2018-12-26,0.04414766177557268
2018-12-27,-0.003324689201684989
2018-12-28,-0.014978616352201258
2018-12-31,-0.017678609946075494
2019-01-02,0.003044084278768233
2019-01-03,-0.005516402328849628
2019-01-04,0.01812460732984293
2019-01-07,0.004430578023278753
2019-01-08,-0.0006295031055900622
2019-01-09,-0.01857622919086334
2019-01-10,0.010393287284755326
2019-01-11,0.0013286889211417516
2019-01-14,-0.0006058629392351
2019-01-15,-0.00031639423541928623
2019-01-16,-0.009405966153551965
2019-01-17,0.007946925069557709
2019-01-18,0.005259337349397591
2019-01-21,0.001302206365599474
2019-01-22,0.005428068192521428
2019-01-23,-0.0024281530467642892
2019-01-24,-0.008761137440758293
2019-01-25,-0.003103053076561766
2019-01-28,-0.00951680879287474
2019-01-29,-0.01179515793455646
2019-01-30,0.009003615478768478
2019-01-31,0.005065696155281822
2019-02-01,-0.007422550831792976
2019-02-04,0.00020158979572973477
2019-02-05,-0.0056656891495601176
2019-02-06,-0.011163386727688787
2019-02-07,-0.001092191389324237
2019-02-08,0.005491449814126395
2019-02-11,-0.005944409651869589
2019-02-12,0.0018004217475016046
2019-02-13,-0.002217290228841264
2019-02-14,-0.0062328162073371045
2019-02-15,-0.013060759493670887
2019-02-18,-0.0013800666246511209
2019-02-19,-0.0008903750564844104
2019-02-20,-0.008765929123943155
2019-02-21,-0.007830060300603006
2019-02-22,-0.0008898714837781972
2019-02-25,0.0007369423915946931
2019-02-26,-0.007367436861902204
2019-02-27,0.0022515167833423084
2019-02-28,-0.0049163036658599986
2019-03-01,0.004058314757021846
2019-03-04,0.0014853844787781922
2019-03-05,-0.007767206369084892
2019-03-06,0.0023356387744131878
2019-03-07,-0.0013037505648441031
2019-03-08,-0.012808415070125586
2019-03-11,0.0
2019-03-12,-0.003910535281986909
2019-03-13,-0.003943800178412132
2019-03-14,-0.008448176481053194
2019-03-18,0.0
2019-03-19,-0.010821791385209228
2019-03-20,-0.011030636347611493
2019-03-21,0.0
2019-03-22,0.01178798102266737
2019-03-25,-0.01315374319621665
2019-03-26,-0.009173855282968737
2019-03-27,-0.005521129503407984
2019-03-28,-0.005707796128573965
2019-03-29,-0.00519744335713656
2019-04-01,-0.003211192724728926
2019-04-02,-0.008693845216331505
2019-04-03,-0.001806638356876679
2019-04-04,-0.0015473729917498914
2019-04-05,-0.0025785467128027683
2019-04-08,0.0010750475531730937
2019-04-09,-0.006242791583686899
2019-04-10,-0.0007671370444117391
2019-04-11,-0.007603450655624569
2019-04-12,-0.008240549828178694
2019-04-15,0.00117350845566143
2019-04-16,0.00037074591076475123
2019-04-17,0.0
2019-04-18,-0.00039852208283210175
2019-04-22,0.0
2019-04-23,0.0067462310264985855
2019-04-24,-0.004358446866485013
2019-04-25,-0.00509731113956466
2019-04-26,0.005776775956284153
2019-04-29,-0.0014
2019-04-30,0.001774672785993541
2019-05-01,-0.0008766418415707513
2019-05-02,-0.008245368231973312
2019-05-03,0.0007338730293992331
2019-05-06,0.00598481449525453
2019-05-07,0.007972746042670337
2019-05-08,-0.006027467662123448
2019-05-09,0.009052954048140044
2019-05-10,0.014695865746001223
2019-05-13,-0.005160749977889803
2019-05-14,0.0004170578336728367
2019-05-15,0.0
2019-05-16,0.0004490427484920011
2019-05-17,-0.004291692954784437
2019-05-20,-0.0032954257565095003
2019-05-21,-0.002773839293521028
2019-05-22,-0.012455436876203818
2019-05-23,-0.0062552259887005655
2019-05-24,-0.003697797356828194
2019-05-27,-0.0034371862849063278
2019-05-28,0.012205793517619006
2019-05-29,-0.016199820692128386
2019-05-30,-0.0024961376467425396
2019-05-31,-0.004445209201231661
2019-06-03,0.0030894220283533263
2019-06-04,0.009672149498961813
2019-06-05,0.002678688524590164
2019-06-06,0.002444316877152698
2019-06-07,-0.0002
2019-06-10,-0.0018
2019-06-11,0.005647953216374269
2019-06-12,-0.006735009537020982
2019-06-13,-0.009632727901747103
2019-06-14,-0.008051713395638628
2019-06-17,-0.007031647211413748
2019-06-18,-0.0018873442735630208
2019-06-19,-0.007219426615318785
2019-06-20,6.062246278755088e-05
2019-06-24,0.0
2019-06-25,0.003859437478820739
2019-06-26,-0.003476332622601279
2019-06-27,-0.006898846646732166
2019-06-28,7.61613067891782e-05
2019-07-01,0.0025887219937903837
2019-07-02,0.00026347708894878695
2019-07-03,0.005666085644850415
2019-07-04,-0.0031656952539550376
2019-07-05,0.004256401239219627
2019-07-08,-0.005908670132483649
2019-07-09,0.0
2019-07-10,-0.002568809484054099
2019-07-11,-0.001865889795238888
2019-07-12,-0.0010676636756397474
2019-07-15,-0.007288796955154725
2019-07-16,0.0006231540565177758
2019-07-17,0.005219270097264943
2019-07-18,0.0017355028096955464
2019-07-19,0.005581556866328819
2019-07-22,-0.0061370078740157485
2019-07-23,-0.0002999999999999999
2019-07-24,0.0018005000833472248
2019-07-25,-0.001945773947630096
2019-07-26,0.0007755866987312381
2019-07-29,-0.006413483146067416
2019-07-30,0.00023173916659735517
2019-07-31,0.0020757563199336926
2019-08-01,0.01112075471698113
2019-08-02,-0.011123424494649228
2019-08-05,0.005005892547660312
2019-08-06,0.0006339009693476553
2019-08-07,0.005624321713934498
2019-08-08,0.01334148697602208
2019-08-09,0.001760819462227913
2019-08-12,-0.0007385251550654721
2019-08-13,-0.003751645108082299
2019-08-14,0.0065455333911535124
2019-08-15,-0.02126859047451978
2019-08-16,-0.004427776323824479
2019-08-19,-0.0012275696938600991
2019-08-20,0.0026261241970021412
2019-08-21,-0.006787318407109896
2019-08-22,0.00041977834612105715
2019-08-23,0.006589585839491321
2019-08-26,-0.0007648389904264578
2019-08-27,0.004639944737069337
2019-08-28,0.010636319147076814
2019-08-29,-0.0008857191839533688
2019-08-30,0.0024896821349651536
2019-09-02,-0.012596743787489288
2019-09-03,-0.008831404958677687
2019-09-04,0.001959726962457338
2019-09-05,-0.010607417397167902
2019-09-06,-0.003548993288590604
2019-09-09,-0.00013099180464960704
2019-09-10,-0.003966933108960876
2019-09-11,0.0062553990610328646
2019-09-12,-0.006716497757102509
2019-09-13,-0.0028292561572269676
2019-09-16,-0.01330016694490818
2019-09-17,-0.007038771593090212
2019-09-18,-0.0005173608797067642
2019-09-19,0.0027208800332088005
2019-09-23,0.0
2019-09-24,0.009916139767054908
2019-09-25,0.007849852681202122
2019-09-26,-0.00764115184999163
2019-09-27,-0.001069288044842299
2019-09-30,-0.0006421690804984843
2019-10-01,0.012355453251862391
2019-10-02,-0.0016552125203112974
2019-10-03,-0.008391751148080755
2019-10-04,0.006224156244646222
2019-10-07,0.002684616692163862
2019-10-08,-0.005571967423917702
2019-10-09,-0.004861003861003861
2019-10-10,-0.013968123393316195
2019-10-11,0.0005157894736842106
2019-10-14,-0.010682630691399662
2019-10-15,0.0
2019-10-16,-0.004192406756982773
2019-10-17,-0.003332334082771255
2019-10-18,-0.008449419236232974
2019-10-21,-0.0007332222037006168
2019-10-22,-0.004245433410826968
2019-10-23,-0.0013164438502673798
2019-10-24,-0.003390875155537121
2019-10-25,0.0
2019-10-28,-0.005096793867963406
2019-10-29,-0.0009295978905735003
2019-10-30,-0.004492692560895326
2019-10-31,0.00020683311432325878
2019-11-01,0.0019491275497665276
2019-11-04,-0.004265974363134837
2019-11-05,-0.004523026956804157
2019-11-06,-0.005935231432522574
2019-11-07,-0.0065288860103626944
2019-11-08,0.0014727272727272727
2019-11-11,0.0007378413524057217
2019-11-12,-0.00309481265679372
2019-11-13,0.0007419574744359682
2019-11-14,-0.005633090497005019
2019-11-15,0.003898690026520935
2019-11-18,-0.0019220795892169447
2019-11-19,-0.0028786570743405274
2019-11-20,-0.006252983216895528
2019-11-21,-0.007510149589834324
2019-11-22,-0.0026037293039704226
2019-11-25,0.0
2019-11-26,-0.003993298763462306
2019-11-27,-0.002794912559618442
2019-11-28,-0.0015588057805304113
2019-11-29,-0.0026708498808578236
2019-12-02,0.0007129660545353367
2019-12-03,-0.011314822919199287
2019-12-04,-0.0018881410514451332
2019-12-05,-0.00812779424725583
2019-12-06,-0.0015168458781362006
2019-12-09,0.0025439847231063014
2019-12-10,-0.001518877551020408
2019-12-11,0.0011138235997131703
2019-12-12,-0.002273277096928219
2019-12-13,-0.004095435160322224
2019-12-16,-0.0061197240514267795
2019-12-17,-0.007598529296722209
2019-12-18,-0.009856843422493352
2019-12-19,0.00013072407045009804
2019-12-23,0.0
2019-12-24,-0.004290916131030744
2019-12-26,0.0006580165673143921
2019-12-27,-0.0038458698661744347
2019-12-30,-0.002111121394416165
2019-12-31,0.0025532913655086655
2020-01-02,0.0018802402587401819
2020-01-03,-0.006790594443582182
2020-01-06,0.0
2020-01-07,-0.006767309770026238
2020-01-08,0.002147082432849645
2020-01-09,-0.0011235707734637724
2020-01-10,0.00022815356489945147
2020-01-13,0.005070394133822181
2020-01-14,-0.0037226494099733536
2020-01-15,-0.0012855053697920634
2020-01-16,-0.0010705392935481432
2020-01-17,-0.007035756710021802
2020-01-20,-0.0017269497139415838
2020-01-21,-0.008908879843208201
2020-01-22,0.0006514036931391683
2020-01-23,0.0013916100799758562
2020-01-24,0.005953714542998649
2020-01-27,-0.01140512860122036
2020-01-28,0.006017377955173473
2020-01-29,-0.0019397310234784593
2020-01-30,-0.001076638965835642
2020-01-31,0.0
2020-02-03,-0.0003053947673072471
2020-02-04,0.00110171915411532
2020-02-05,-0.0027521634615384613
2020-02-06,-0.005638995215311005
2020-02-07,-0.0015750375037503748
2020-02-10,0.0
2020-02-11,0.002393464537690308
2020-02-12,-0.00625470719051149
2020-02-13,-0.002315324559446799
2020-02-14,-0.0034361160449970394
2020-02-17,-0.0014214839424141748
2020-02-18,-0.004374944337242096
2020-02-19,-0.0016436885306514825
2020-02-20,0.0014627218934911243
2020-02-21,-0.004978628341648671
2020-02-24,-0.003706673884463692
2020-02-25,0.026973491745101066
2020-02-26,0.012209292704272416
2020-02-27,-0.007156748792665957
2020-02-28,-0.0021326518236160445
2020-03-02,0.01973739305485657
2020-03-03,-0.009766348795862292
2020-03-04,0.00028851655087862695
2020-03-05,0.0006409583196586807
2020-03-06,-0.025197558268590454
2020-03-09,0.01156249094858798
2020-03-10,0.02894308599595106
2020-03-11,0.001944062806673209
2020-03-12,-0.0335060476004682
2020-03-13,0.004854337464251669
2020-03-16,-0.006080127312512432
2020-03-17,0.04850485933503836
2020-03-18,-0.033967251956843664
2020-03-19,-0.007044456077897603
2020-03-23,0.0
2020-03-24,-0.011481197400660488
2020-03-25,0.0214949263502455
2020-03-26,0.022866265543521863
2020-03-27,-0.0345378164556962
2020-03-30,0.02232059543629419
2020-03-31,0.01650682036503362
2020-04-01,0.0032415673601292666
2020-04-02,-0.000791461546318047
2020-04-03,0.0014959456760535253
2020-04-06,0.024057800213571498
2020-04-07,0.023289789214344377
2020-04-08,0.01179058911399496
2020-04-09,-0.02782143694221581
2020-04-13,-0.03433182844243793
2020-04-14,0.0034290293855743542
2020-04-15,-0.02703422594896763
2020-04-16,-0.009061317794710892
2020-04-17,-0.006459310586790633
2020-04-20,0.0073023470020370206
2020-04-21,-0.016237388079949355
2020-04-22,-0.001489903802930864
2020-04-23,-0.003630549607423269
2020-04-24,-0.0004631016042780749
2020-04-27,0.0020325026325026326
2020-04-28,0.01106178442496132
2020-04-29,0.0018028147258216769
2020-04-30,-0.007317780255596535
2020-05-01,0.0030347337952811157
2020-05-04,0.005418828563787109
2020-05-05,0.001568654501004104
2020-05-06,-0.008273501303214597
2020-05-07,-0.008096816837710906
2020-05-08,-0.003979092159559835
2020-05-11,-0.0014309973278165676
2020-05-12,0.009584327086882453
2020-05-13,0.009662122670399861
2020-05-14,0.019767877972184836
2020-05-15,0.006313667789399043
2020-05-18,-0.003335292107960369
2020-05-19,-0.011184454460413301
2020-05-20,-0.010153968522592656
2020-05-21,-0.0008096314413426667
2020-05-22,-0.00477441998810232
2020-05-25,0.00015357950263752832
2020-05-26,-0.0040576875259013675
2020-05-27,0.013221706710853355
2020-05-28,0.0014285526531953344
2020-05-29,-0.017046255688870502
2020-06-01,-0.0009526996949962903
2020-06-02,0.002428851334802841
2020-06-03,0.002507785397337636
2020-06-04,0.0040244228139329095
2020-06-05,-0.0004478624388704844
2020-06-08,0.0004314087038049849
2020-06-09,-0.005227825951097571
2020-06-10,-0.006447637580758154
2020-06-11,0.023985940387241906
2020-06-12,-0.004928462412729339
2020-06-15,0.02776674225245654
2020-06-16,-0.016715745220909017
2020-06-17,-0.0023983111606787223
2020-06-18,-0.012570312373880054
2020-06-22,0.0
2020-06-23,-0.00519055595437505
2020-06-24,0.008320258272800645
2020-06-25,0.00342636783124588
2020-06-26,0.0
2020-06-29,0.013904372355430183
2020-06-30,0.0
2020-07-01,-0.016491678784941025
2020-07-02,0.0037740292807129216
2020-07-03,0.001083366733466934
2020-07-06,-0.0037853959222380277
2020-07-07,0.005339613066920393
2020-07-08,0.001105246422893482
2020-07-09,0.006972215644486542
2020-07-10,-0.0002837816329778768
2020-07-13,0.018503296359943758
2020-07-14,0.0071827572443522
2020-07-15,-0.014843499844865033
2020-07-16,-0.011201141606067715
2020-07-17,-0.0011438582860694585
2020-07-20,0.009635005834305719
2020-07-21,-0.010430103408655689
2020-07-22,-0.006159285219132712
2020-07-23,0.002123014474994256
2020-07-24,-0.006474353381115612
2020-07-27,0.0022649253731343282
2020-07-28,-0.0019550988755331522
2020-07-29,0.004245800341561869
2020-07-30,0.005647603511225044
2020-07-31,0.004815469613259668
2020-08-03,-0.004950593968930856
2020-08-04,-0.00037974374618669933
2020-08-05,-0.009208252244097458
2020-08-06,-0.0007701244813278009
2020-08-07,-0.014304441776710685
2020-08-10,-0.001301492537313433
2020-08-11,0.001236903436502635
2020-08-12,0.0014363026462914648
2020-08-13,-1.1381026669638047e-05
2020-08-14,-0.008786769733908132
2020-08-17,-0.00464173140954495
2020-08-18,0.00036075678072574095
2020-08-19,0.0008235988200589969
2020-08-20,0.0
2020-08-21,-0.0040719254106852155
2020-08-24,-0.00767767870194416
2020-08-25,-0.0030373535191789798
2020-08-26,0.004149778777108871
2020-08-27,-0.0062939876596355285
2020-08-28,-0.00018354203935599294
2020-08-31,-0.014933323817000929
2020-09-01,0.006040011423675567
2020-09-02,-0.00010807190694395478
2020-09-03,0.01861450252951096
2020-09-04,0.013644563254100137
2020-09-07,0.0015933031144904227
2020-09-08,-0.029511342197132882
2020-09-09,-0.00011111111111111109
2020-09-10,0.009500577950106079
2020-09-11,-0.015953768245457255
2020-09-14,5.981917889432342e-05
2020-09-15,-0.0031729345355912325
2020-09-16,-0.013051153254741158
2020-09-17,0.004198920215956809
2020-09-21,0.0
2020-09-22,0.0006541692026780278
2020-09-23,0.0187130920903528
2020-09-24,-0.012384481282590084
2020-09-25,0.006007626133457336
2020-09-28,-0.002325112511251125
2020-09-29,-0.011030352465763676
2020-09-30,0.0036522097996548363
2020-10-01,-0.021365933821896513
2020-10-02,-0.011824873746890781
2020-10-05,0.005374676387442345
2020-10-06,-0.007998470250790616
2020-10-07,-0.006405914972273568
2020-10-08,-0.012006445967624325
2020-10-09,0.0010083182640144663
2020-10-12,0.006478001000929434
2020-10-13,-0.012094735348375196
2020-10-14,0.007025427594070695
2020-10-15,0.002182251963922025
2020-10-16,-0.001955300859598854
2020-10-19,0.016677224173775897
2020-10-20,-0.0062579330422125184
2020-10-21,-0.002820167455405897
2020-10-22,-0.008193586005830904
2020-10-23,0.0033017341040462427
2020-10-26,0.004187404106086067
2020-10-27,-0.024582323938479655
2020-10-28,0.005499789220114424
2020-10-29,0.007965965583173997
2020-10-30,-0.0018665854030169128
2020-11-02,-0.011512537855844943
2020-11-03,0.003644231345519928
2020-11-04,0.014413728366089763
2020-11-05,-0.007986011883456224
2020-11-06,-0.008687275844823891
2020-11-09,0.003150391429748661
2020-11-10,-0.013538915211088324
2020-11-11,-0.0022909180166912125
2020-11-12,-0.0011782963171211697
2020-11-13,-0.0029145912480652877
2020-11-16,-0.009507892550540017
2020-11-17,-0.000583420120808165
2020-11-18,0.004440889258258882
2020-11-19,-0.002270288887326914
2020-11-20,-0.0054960145434205
2020-11-23,-0.005978337531486146
2020-11-24,0.008682720333102013
2020-11-25,-0.00959536036346114
2020-11-26,0.0011358688163152818
2020-11-27,-0.004960425970456888
2020-11-30,0.001424858757062147
2020-12-01,-0.005829059829059829
2020-12-02,0.00022219938335046256
2020-12-03,-0.006276956640305427
2020-12-04,0.0
2020-12-07,-0.0044515919252133855
2020-12-08,-0.0007240685341310851
2020-12-09,0.008165284799460734
2020-12-10,-0.005700369508690297
2020-12-11,-0.0055001507468822805
2020-12-14,0.012685723974228551
2020-12-15,0.003623273222184417
2020-12-16,-0.004030935640886966
2020-12-17,-0.005293453421158758
2020-12-21,0.0
2020-12-22,-0.01458905836892414
2020-12-23,-0.0015221717616755916
2020-12-24,-0.003024211597151577
2020-12-28,0.00027301054328117663
2020-12-29,0.004207371302664085
2020-12-30,-0.007092632566870014
2020-12-31,0.0033673403612435367
2021-01-04,0.0
2021-01-05,0.002449002849002849
2021-01-06,-0.010243976229065371
2021-01-07,0.0
2021-01-08,-0.013560448789449512
2021-01-11,-0.0034505055845614964
2021-01-12,-0.0004068020036910098
2021-01-13,0.00012317837124958787
2021-01-14,0.0011557246899809722
2021-01-15,-0.0019302929868752485
2021-01-18,0.00013099415204678364
2021-01-19,-0.0014619547284366132
2021-01-20,0.005231476870659154
2021-01-21,-0.006936026498668572
2021-01-22,-0.000796014374387455
2021-01-25,9.226763863577191e-05
2021-01-26,-0.005110218363247586
2021-01-27,0.0042460325801366265
2021-01-28,-0.0003345543831707478
2021-01-29,-0.006920212765957447
2021-02-01,0.006217309363095636
2021-02-02,-0.0002
2021-02-03,-0.00584183160232543
2021-02-04,0.006388818579163677
2021-02-05,-0.00794036803500193
2021-02-08,0.000581724845995893
2021-02-09,-0.0016487467145329827
2021-02-10,-0.004857714358517009
2021-02-11,-0.008511746680286005
2021-02-12,-0.0013592618696738642
2021-02-15,-0.00230661769362295
2021-02-16,-0.0053310169921379665
2021-02-17,-0.002759692898272553
2021-02-18,-0.0093558191728118
2021-02-19,-0.0008177126473399171
2021-02-22,-0.0072672561802104175
2021-02-23,-3.609794115736831e-05
2021-02-24,0.006701293326435592
2021-02-25,0.02219426706763069
2021-02-26,-0.0075245027947484725
2021-03-01,0.005819630709426628
2021-03-02,-0.0008950073703774916
2021-03-03,-0.0076404145077720205
2021-03-04,0.006871980074719801
2021-03-05,0.013586260344148168
2021-03-08,-0.008570834686586554
2021-03-09,0.006846739623130221
2021-03-10,-0.016664991023339317
2021-03-11,-0.0006991845056065239
2021-03-12,-0.002474616021923395
2021-03-15,0.00443933595235078
2021-03-16,-0.00045601006922592823
2021-03-17,-0.011399746675110829
2021-03-18,0.0033941470830430105
2021-03-22,0.0
2021-03-23,-0.00044403798355745335
2021-03-24,0.002232151753209427
2021-03-25,0.000787991718426501
2021-03-26,0.0029827520122652357
2021-03-29,0.0045828129947438415
2021-03-30,-0.014715534165030714
2021-03-31,0.000726762699014405
2021-04-01,0.0032747241725175525
2021-04-05,0.005171720423450752
2021-04-06,-0.0013077680659854733
2021-04-07,-0.0014461084107549374
2021-04-08,0.0006858979854264896
2021-04-09,0.003264558742584552
2021-04-12,-0.011537535712114765
2021-04-13,-0.00039316706110807697
2021-04-14,-0.005587984754068607
2021-04-15,0.000991911631556709
2021-04-16,-0.006650727153031301
2021-04-19,-0.001939977200455991
2021-04-20,0.0016739033367525495
2021-04-21,0.01060293742792984
2021-04-22,0.0019622650573470246
2021-04-23,0.0
2021-04-26,-0.008082534553940047
2021-04-27,-0.007339851781018408
2021-04-28,-0.006763940698230511
2021-04-29,0.0029493255689583458
2021-04-30,-0.007242583732057417
2021-05-03,-0.0008258679211576253
2021-05-04,0.0008210216699681852
2021-05-05,9.761235114595168e-05
2021-05-06,-0.0028811460147756623
2021-05-07,0.0016602902688555793
2021-05-10,0.0029663001064207167
2021-05-11,0.001321170708109089
2021-05-12,0.014924825365972179
2021-05-13,-0.01619202209266646
2021-05-14,0.0029671100362756954
2021-05-17,-0.00777374150478138
2021-05-18,0.0019448209565008409
2021-05-19,-0.01163958985694112
2021-05-20,0.00566685676151186
2021-05-21,0.0059728395061728395
2021-05-24,0.0
2021-05-25,0.0021878157503714708
2021-05-26,-0.00378933556006203
2021-05-27,-0.0024324414317992626
2021-05-28,-0.006879525222551929
2021-05-31,-0.002255034835943548
2021-06-01,0.0
2021-06-02,0.0010640912872934742
2021-06-03,-0.0022144463047117915
2021-06-04,0.001181366902202957
2021-06-07,0.0023787631547830196
2021-06-08,0.0007447331128956071
2021-06-09,-0.0031217381036722164
2021-06-10,-0.002131600708800945
2021-06-11,-0.0014699334471994817
2021-06-14,0.0011436006122689272
2021-06-15,-0.005617242189335212
2021-06-16,0.002930211213743602
2021-06-17,-0.002266603460535672
2021-06-21,0.0
2021-06-22,0.0040497181845149804
2021-06-23,-0.00766131696955393
2021-06-24,-0.007125885878827055
2021-06-25,-0.003138031306794864
2021-06-28,-0.003135180314454381
2021-06-29,-0.0025087121433156325
2021-06-30,-0.005805376972530684
2021-07-01,0.0005390777829529576
2021-07-02,0.004716420845624385
2021-07-05,-0.0008
2021-07-06,0.005213284217796708
2021-07-07,0.0035150210144510334
2021-07-08,-0.014980081537565521
2021-07-09,0.0
2021-07-12,0.0036424040832712047
2021-07-13,0.0026620492272467085
2021-07-14,-0.0012862133927042303
2021-07-15,-0.006564555217366336
2021-07-16,0.0097077945134872
2021-07-19,-0.003626519013300521
2021-07-20,0.0
2021-07-21,0.0002975046210720887
2021-07-22,-0.004557352941176471
2021-07-23,0.002967338318397169
2021-07-26,-0.0009136880400181901
2021-07-27,-0.0035599636652662654
2021-07-28,-0.007793808577108776
2021-07-29,-0.003333132701152689
2021-07-30,-0.008703375912408759
2021-08-02,0.0030267695099818514
2021-08-03,0.0032155634043522846
2021-08-04,-0.003451933889930141
2021-08-05,-0.0009758511121198367
2021-08-06,-0.008110734463276837
2021-08-09,-0.003380670655978322
2021-08-10,-0.0026772391218466054
2021-08-11,-0.004169944278718973
2021-08-12,0.0021591643673630275
2021-08-13,-0.010374189931606683
2021-08-16,0.004906546047086588
2021-08-17,-0.009210616881291121
2021-08-18,0.0013941800135348523
2021-08-19,-0.005609322567714597
2021-08-20,0.0
2021-08-23,0.0
2021-08-24,-0.001813462718197535
2021-08-25,-0.0013344481605351171
2021-08-26,-0.005050161487916248
2021-08-27,0.005298960777740529
2021-08-30,0.0008617736664266327
2021-08-31,-0.006101657458563536
2021-09-01,-0.007857048239320014
2021-09-02,-0.00445920211593564
2021-09-03,-0.0012763499696015034
2021-09-06,0.0004253549026081215
2021-09-07,-0.001848391546653424
2021-09-08,-0.0016770083102493074
2021-09-09,0.005164647192505959
2021-09-10,0.005790607000443065
2021-09-13,-0.0004886414253897549
2021-09-14,0.0031678447987512543
2021-09-15,-0.004384705287407991
2021-09-16,-9.195710455764091e-05
2021-09-20,0.0
2021-09-21,-0.005946582785244495
2021-09-22,0.0012611473720371006
2021-09-23,-0.0002
2021-09-24,-0.008286115038742152
2021-09-27,-0.004306665162963798
2021-09-28,0.0017009596275055362
2021-09-29,-0.005730335016062414
2021-09-30,0.002580027485112231
2021-10-01,0.0017754345307068368
2021-10-04,0.010123548070823
2021-10-05,0.004739524085896692
2021-10-06,-0.008748894577612288
2021-10-07,0.0038436848401982564
2021-10-08,-0.008762516338012161
2021-10-11,0.012854113345521024
2021-10-12,-0.016213816430659864
2021-10-13,0.004915973339462192
2021-10-14,0.007421864512826347
2021-10-15,-0.0026423180592991913
2021-10-18,0.005650914205344585
2021-10-19,3.453877823522862e-05
2021-10-20,-0.0035680894646514974
2021-10-21,-0.003029279080053074
2021-10-22,-0.014582010582010582
2021-10-25,0.004747501511736574
2021-10-26,-0.0014
2021-10-27,-0.0002490698183409937
2021-10-28,0.0002965513460167771
2021-10-29,0.0027058887975897014
2021-11-01,-0.0041020833333333334
2021-11-02,-0.00024028652051226397
2021-11-03,-0.0036992637505413595
2021-11-04,-0.007395963933018463
2021-11-05,0.0012351125538821776
2021-11-08,-0.004564927952358164
2021-11-09,-0.009411046666311925
2021-11-10,0.004174165862031971
2021-11-11,-0.004117936328984807
2021-11-12,0.00407139175257732
2021-11-15,-0.002824938718959821
2021-11-16,0.0014711574445335472
2021-11-17,-0.009749869535119016
2021-11-18,0.0018740220341689285
2021-11-19,-0.006999202254959315
2021-11-22,0.007888063660477453
2021-11-23,-0.0011861762976425937
2021-11-24,0.005441371918542336
2021-11-25,-0.0031531743080274134
2021-11-26,0.006584140873980447
2021-11-29,-0.007343595263724434
2021-11-30,0.010570069204152249
2021-12-01,0.026989589871226058
2021-12-02,-0.0006674242004323486
2021-12-03,0.009991730141458108
2021-12-06,0.006043496357960458
2021-12-07,0.002465999677263192
2021-12-08,-0.0076500186557219765
2021-12-09,-0.012018154650728427
2021-12-10,-0.0049280238500851795
2021-12-13,-0.0035406683312968175
2021-12-14,-0.0008539403419817682
2021-12-15,0.01250685640362225
2021-12-16,0.0011260731655741171
2021-12-20,0.0
2021-12-21,0.0060732901681266665
2021-12-22,0.007001078167115903
2021-12-23,-0.0002
2021-12-27,0.0
2021-12-28,-0.011268859992688913
2021-12-29,-0.0028551644788452485
2021-12-30,-0.0028787094079565628
2021-12-31,-0.009038394964594807
2022-01-03,-0.003433228577414624
2022-01-04,-0.004107628221817235
2022-01-05,0.011022331468019455
2022-01-06,-0.005400213344711718
2022-01-07,-0.008400597397055686
2022-01-10,0.004557054221742649
2022-01-11,0.006911132571489887
2022-01-12,-0.004058352741901334
2022-01-13,0.009183380907072628
2022-01-14,-0.011097970230040595
2022-01-17,-0.0026351645991085334
2022-01-18,-0.014346133796698522
2022-01-19,0.007536965998256321
2022-01-20,0.017707015130674002
2022-01-21,0.012622029245335873
2022-01-24,0.0056856399884426465
2022-01-25,-0.025719054482559817
2022-01-26,-0.022560797643326535
2022-01-27,0.005121367521367522
2022-01-28,0.0069679593721144965
2022-01-31,0.012617885442608105
2022-02-01,-0.003705613121294398
2022-02-02,-0.009840342124019958
2022-02-03,0.003353513872736335
2022-02-04,-0.0034061328409154498
2022-02-07,-0.014401333481497943
2022-02-08,0.005430328785506598
2022-02-09,-0.00598559280188731
2022-02-10,0.0038699501936912007
2022-02-11,0.00023384273409280342
2022-02-14,-0.004298296615943675
2022-02-15,-0.00519639761341889
2022-02-16,0.001100573871947789
2022-02-17,0.0013504959422903514
2022-02-18,-0.006854557916381083
2022-02-21,0.0008144344205412908
2022-02-22,0.0071241135982416555
2022-02-23,0.02145415391721032
2022-02-24,0.016915501519756838
2022-02-25,0.01036603663855772
2022-02-28,-0.015188527813114376
2022-03-01,0.006521116407281916
2022-03-02,-0.006719567854873187
2022-03-03,0.00033442994895065234
2022-03-04,-0.02805787037037037
2022-03-07,0.0
2022-03-08,-0.023975046133698438
2022-03-09,-0.0034090722134085434
2022-03-10,-0.007558512210986932
2022-03-11,0.01133606394772157
2022-03-14,0.011411490978157645
2022-03-15,0.005703940007142007
2022-03-16,0.0028230577023650415
2022-03-17,0.0038714615029967732
2022-03-21,0.0
2022-03-22,0.0027339190777323857
2022-03-23,0.004560134003350084
2022-03-24,0.005890599820948971
2022-03-25,-0.008381494386372436
2022-03-28,0.0034985980792581963
2022-03-29,0.0025418655097613884
2022-03-30,-0.004563328998699609
2022-03-31,0.0022677343792558693
2022-04-01,-0.010548761967646087
2022-04-04,0.007672281860721167
2022-04-05,0.007964830949641075
2022-04-06,-0.017879504215286696
2022-04-07,0.005917420510523959
2022-04-08,-0.006065267026786211
2022-04-11,0.005772295247724974
2022-04-12,0.006900816303552329
2022-04-13,0.0029578857435780606
2022-04-14,0.011101170117011701
2022-04-18,-0.004627592116538132
2022-04-19,0.009174286202769704
2022-04-20,-0.008867671691792294
2022-04-21,0.02131567471353877
2022-04-22,0.016505591410131932
2022-04-25,0.004419415645617342
2022-04-26,0.006046697532673035
2022-04-27,-0.006484644373990549
2022-04-28,0.013894497310715764
2022-04-29,0.011362286387743076
2022-05-02,0.007601889992730797
2022-05-03,-0.013429258902791145
2022-05-04,0.018432251885550102
2022-05-05,0.0
2022-05-06,-0.009988218146483662
2022-05-09,-0.005715127604487733
2022-05-10,0.0037679012345679017
2022-05-11,-0.009089084065244668
2022-05-12,-0.011536002052861176
2022-05-13,0.0074366933199017824
2022-05-16,-0.013802910135514894
2022-05-17,0.0003815456444280624
2022-05-18,0.0
2022-05-19,-0.02950428856169228
2022-05-20,0.021805234404777028
2022-05-23,0.0016802849147799542
2022-05-24,-0.0002362525458248473
2022-05-25,-0.01002547770700637
2022-05-26,0.0
2022-05-27,0.0
2022-05-30,-0.00010055765425436231
2022-05-31,-0.005949927501208313
2022-06-01,0.006481699464403923
2022-06-02,0.004143244232881728
2022-06-03,-0.005338916494970307
2022-06-06,0.004742502560395204
2022-06-07,0.014541824862216779
2022-06-08,-0.006490123158657329
2022-06-09,0.004821614360727805
2022-06-10,-0.008076718571971135
2022-06-13,-0.0016025016458196182
2022-06-14,-0.009361783439490446
2022-06-15,-0.008752669935073539
2022-06-16,-0.00990183585313175
2022-06-20,0.0
2022-06-21,-0.00019926396788223487
2022-06-22,-0.008854457572502684
2022-06-23,-0.006157185332011894
2022-06-24,0.0
2022-06-27,-0.006245243398027362
2022-06-28,0.028433377973343537
2022-06-29,-0.024087728459530028
2022-06-30,-0.012649338274219164
2022-07-01,-0.01635297540333245
2022-07-04,-0.0030949263502454993
2022-07-05,0.006216902901046496
2022-07-06,-0.023064546816967485
2022-07-07,0.003802223946211533
2022-07-08,-0.0008141479099678455
2022-07-11,-0.010197250371135351
2022-07-12,-0.006635419371591794
2022-07-13,-0.0011311379630859115
2022-07-14,0.01366856914255234
2022-07-15,0.005594270833333334
2022-07-18,0.009816110826064648
2022-07-19,0.01443419796102723
2022-07-20,-0.006252888155389108
2022-07-21,0.007028320374233516
2022-07-22,-0.0035730718790982323
2022-07-25,-0.006710292728989613
2022-07-26,0.00046494212889760286
2022-07-27,-0.0022002526847757424
2022-07-28,0.012387586035840515
2022-07-29,-0.00048290535583272196
2022-08-01,-0.005314981729598051
2022-08-02,-0.004280475175144685
2022-08-03,-0.000757030917815708
2022-08-04,-0.012104902845455092
2022-08-05,-0.004338558909444986
2022-08-08,0.0014013928078285406
2022-08-09,-0.008127180355630821
2022-08-10,-0.0038242914979757085
2022-08-11,0.006876877726683174
2022-08-12,0.005890522335145356
2022-08-15,0.0043664416133388124
2022-08-16,-0.011553985190367908
2022-08-17,-0.0044450313286877085
2022-08-18,-0.00489760374050263
2022-08-19,-0.0006239023244893168
2022-08-22,0.0002170505533951539
2022-08-23,-0.007661735557167029
2022-08-24,-0.006075499576117234
2022-08-25,0.011422843402464683
2022-08-26,-0.00046438136047134444
2022-08-29,-0.008503078450844092
2022-08-30,-0.001727414368739953
2022-08-31,0.006667132867132868
2022-09-01,-0.004271617497456765
2022-09-02,0.015637441497659905
2022-09-05,-0.002817358682520506
2022-09-06,-0.001390645653279105
2022-09-07,0.009438689447750687
2022-09-08,0.008670690853928322
2022-09-09,0.0044739343550288515
2022-09-12,-0.00851321677466683
2022-09-13,0.01651857933694097
2022-09-14,-0.004968367023636018
2022-09-15,-0.0031816238228556887
2022-09-19,0.0
2022-09-20,0.0017754941729444338
2022-09-21,-0.03167997950501091
2022-09-22,-0.02869385496937364
2022-09-23,-0.003075105428743557
2022-09-26,8.342361863488616e-05
2022-09-27,0.00048307941216125107
2022-09-28,0.010570901164770793
2022-09-29,-0.008844000812072816
2022-09-30,0.007712952799121845
2022-10-03,0.016646592862545554
2022-10-04,-0.0030669600586784025
2022-10-05,-0.000336366054801809
2022-10-06,-0.01959510646739849
2022-10-07,0.003912218108381016
2022-10-10,-0.019872017472017472
2022-10-11,0.009378764130660935
2022-10-12,-0.011470921198668146
2022-10-13,0.03774132213762186
2022-10-14,0.01787376938637896
2022-10-17,-0.007665915762168066
2022-10-18,-0.007296382668610044
2022-10-19,-0.0018040948275862068
2022-10-20,0.012850415512465373
2022-10-21,0.014116437423396432
2022-10-24,-0.0074177536711205186
2022-10-25,0.011414899901542501
2022-10-26,0.0028438986253176103
2022-10-27,-0.0009403103291566576
2022-10-28,0.013872620138797958
2022-10-31,-0.020814584540130014
2022-11-01,0.0101095046854083
2022-11-02,0.019133445639497215
2022-11-03,-0.005354233654876741
2022-11-04,0.0016411356883459889
2022-11-07,-0.004963722646981281
2022-11-08,0.002205161037433854
2022-11-09,-0.0001576607880416968
2022-11-10,0.0052271297425691724
2022-11-11,0.0012033364809568774
2022-11-14,-0.002581302191247567
2022-11-15,-0.012271484447755634
2022-11-16,-0.005001104694953552
2022-11-17,0.0019103395455705898
2022-11-18,0.0019059516351334423
2022-11-21,-0.003420967538208917
2022-11-22,0.009793714644877435
2022-11-23,-0.005205591961555264
2022-11-24,-0.001880145922216039
2022-11-25,-0.004930883813306852
2022-11-28,0.006024171978502687
2022-11-29,-0.015271655328798187
2022-11-30,0.02611688852438332
2022-12-01,-0.011163347780965753
2022-12-02,0.0063022464937321585
2022-12-05,0.005797256380152011
2022-12-06,0.0134875
2022-12-07,-0.012876835081029553
2022-12-08,-0.009047534766118838
2022-12-09,0.0019525207160478208
2022-12-12,0.007619596907085816
2022-12-13,0.007296919517837574
2022-12-14,-0.014303888024883358
2022-12-15,0.0009550358116245169
2022-12-19,0.0
2022-12-20,-0.015036384961230208
2022-12-21,0.0015149932288643837
2022-12-22,0.005997546804389929
2022-12-23,0.008854194893173527
2022-12-27,-0.0028274694747722723
2022-12-28,0.013876284379865074
2022-12-29,0.0
2022-12-30,-0.012100208116545266
2023-01-03,0.004610976552434939
2023-01-04,-0.0134432153011114
2023-01-05,-0.007634650574265135
2023-01-06,0.016692910326966653
2023-01-09,0.01041314887676101
2023-01-10,-0.0024
2023-01-11,0.002895641187618446
2023-01-12,0.003150234389649353
2023-01-13,0.010436010836010836
2023-01-16,0.0003699483155862756
2023-01-17,-0.0006667579170036708
2023-01-18,0.01480169070114371
2023-01-19,-0.011741371399439204
2023-01-20,0.015767936891659777
2023-01-23,0.005443137745527337
2023-01-24,-0.009053061224489796
2023-01-25,0.006699686520376176
2023-01-26,-0.00044567627494456765
2023-01-27,-0.0018151953245155337
2023-01-30,0.00023319768158835854
2023-01-31,0.003782894655353936
2023-02-01,-0.004439249586168843
2023-02-02,-0.005732973944294699
2023-02-03,0.005800193213380027
2023-02-06,-0.013755050045495905
2023-02-07,-0.0005229384577961566
2023-02-08,-0.002784291303039422
2023-02-09,0.011083327331652862
2023-02-10,-0.013130121368150055
2023-02-13,0.009052495738982225
2023-02-14,-0.005138303279680503
2023-02-15,-0.009617370208636584
2023-02-16,0.0044563508985683824
2023-02-17,-0.003013308800981294
2023-02-20,-0.002151301684532925
2023-02-21,0.00907013163586923
2023-02-22,-0.005829782988276378
2023-02-23,0.0047990318977286835
2023-02-24,-6.514091167013412e-05
2023-02-27,0.0021299918957670967
2023-02-28,0.002040700520996799
2023-03-01,-0.016717250078839483
2023-03-02,0.007758068614993648
2023-03-03,0.008139076154806493
2023-03-06,0.004883334360174974
2023-03-07,0.011218451095340944
2023-03-08,-0.013038919867176244
2023-03-09,0.017263835103060586
2023-03-10,-0.00013072697074230236
2023-03-13,-0.02149623814196925
2023-03-14,-0.0074283978253917495
2023-03-15,-0.003943131031802578
2023-03-16,0.013802313109775796
2023-03-20,0.0
2023-03-21,0.000674129353233831
2023-03-22,-4.603853063247197e-05
2023-03-23,0.011848392343300387
2023-03-24,-0.0027880126182965297
2023-03-27,-0.0033524093392945853
2023-03-28,-0.008546205259541508
2023-03-29,-0.0036834961058227226
2023-03-30,-0.009670746634026929
2023-03-31,0.0
2023-04-03,0.0016198427102238357
2023-04-04,0.0030656450934439037
2023-04-05,-0.006108252427184466
2023-04-06,0.0036862637697036094
2023-04-10,0.004784570419533581
2023-04-11,-0.004878037298569618
2023-04-12,-0.003223279023627728
2023-04-13,0.008521469644694631
2023-04-14,0.0018202220222022201
2023-04-17,0.00030204277817832254
2023-04-18,-0.009838535829259568
2023-04-19,0.002966598533124925
2023-04-20,-0.0029676816400361775
2023-04-21,-0.012926006136076522
2023-04-24,0.00126779824244613
2023-04-25,0.007615537030324996
2023-04-26,0.0014497102775236353
2023-04-27,0.00785906457710836
2023-04-28,0.004968560743153577
2023-05-01,-0.005821341937025751
2023-05-02,-0.002395547043332535
2023-05-03,0.0002713026681154171
2023-05-04,-0.021164483242781272
2023-05-05,0.0033064041803378295
2023-05-08,-0.010100306877670138
2023-05-09,-0.007375722403578769
2023-05-10,-0.00432293555942586
2023-05-11,-0.009066304479053483
2023-05-12,0.0004437827107020393
2023-05-15,0.003963649529326575
2023-05-16,-0.01473259241362648
2023-05-17,0.005614177978883862
2023-05-18,0.0017994960705501229
2023-05-19,-0.0030588660465667395
2023-05-22,-0.007313568795338328
2023-05-23,0.0029758342785505348
2023-05-24,-0.005789371980676328
2023-05-25,-0.002442047707744998
2023-05-26,0.0
2023-05-29,0.00011064787397844372
2023-05-30,-0.004116749350342547
2023-05-31,0.0015455390666905063
2023-06-01,0.004547271100507008
2023-06-02,0.0013152829190904284
2023-06-05,0.0024871388630009323
2023-06-06,0.0014558531165945504
2023-06-07,0.0028942635839496827
2023-06-08,0.005334347571679344
2023-06-09,-0.002929098194065385
2023-06-12,-0.0013308378722911114
2023-06-13,-0.0032621916236374067
2023-06-14,-0.008515592135345222
2023-06-15,0.012515504897187696
2023-06-16,0.0
2023-06-19,0.0
2023-06-20,0.002413077790304397
2023-06-21,-0.006918588873812755
2023-06-22,-0.0003747157798999546
2023-06-23,-0.004136981304149566
2023-06-26,0.0024800821355236142
2023-06-27,0.005308003196711953
2023-06-28,-0.015171631205673759
2023-06-29,-0.0015398278205709106
2023-06-30,-0.0033820623286521566
2023-07-03,-0.001636540070269366
2023-07-04,-0.001911327581408294
2023-07-05,-0.003980598266703942
2023-07-06,0.0020379746835443037
2023-07-07,0.0058211285867298046
2023-07-10,-0.004647404063205417
2023-07-11,0.0007018189984280261
2023-07-12,-0.005745706371191136
2023-07-13,-0.004996111356606275
2023-07-14,-0.0020041964187630453
2023-07-17,0.0016593266104590293
2023-07-18,0.0
2023-07-19,-0.00647874435558457
2023-07-20,0.0010540546436167313
2023-07-21,-0.006728422545970426
2023-07-24,-0.0030753292169826787
2023-07-25,7.336244541484714e-05
2023-07-26,-0.01215980589935118
2023-07-27,0.011961062807150185
2023-07-28,-0.01318952520802741
2023-07-31,-0.0039479778813834975
2023-08-01,-0.00767231220784868
2023-08-02,0.004071107219090361
2023-08-03,-0.00865934747687365
2023-08-04,0.00368216371047703
2023-08-07,-0.0023873180988214465
2023-08-08,0.004221814554120712
2023-08-09,0.0020975164555561703
2023-08-10,0.00966915058771346
2023-08-11,-0.004679162467808756
2023-08-14,0.0056927892677473444
2023-08-15,0.001162816870020614
2023-08-16,0.0006728825942786489
2023-08-17,0.003480803067899842
2023-08-18,-0.003495026989778339
2023-08-21,-0.004218430034129693
2023-08-22,0.0003898894154818325
2023-08-23,0.007395510713071081
2023-08-24,0.013434434860535456
2023-08-25,-0.011488738713158045
2023-08-28,-0.006005430679961692
2023-08-29,0.0
2023-08-30,-0.006546210567167489
2023-08-31,-0.0017791397493236156
2023-09-01,4.0261955863738895e-05
2023-09-04,0.00047029713906992143
2023-09-05,-0.007244714997232983
2023-09-06,-0.007207789895392834
2023-09-07,-0.0019266336187471833
2023-09-08,-0.00567183659727288
2023-09-11,-0.0025368239291483317
2023-09-12,-0.0022470022908867406
2023-09-13,-0.003966694654352085
2023-09-14,0.0012361896283107055
2023-09-18,0.0
2023-09-19,0.005724039639238392
2023-09-20,0.005450463554099817
2023-09-21,-0.0010904602842099305
2023-09-22,-0.0033691596782474756
2023-09-25,-0.004447202897717472
2023-09-26,0.007335231521426518
2023-09-27,-0.00266695179748006
2023-09-28,-0.0008
2023-09-29,-0.0011427884890439955
2023-10-02,-0.015144941803231223
2023-10-03,0.0015506626365961408
2023-10-04,-0.005630401686380139
2023-10-05,0.0024124220707335544
2023-10-06,0.013374104683195593
2023-10-09,0.007992734424712211
2023-10-10,-0.0022570383912248627
2023-10-11,0.00010357751277683129
2023-10-12,-0.0033558765222316623
2023-10-13,0.005058930602957906
2023-10-16,-0.001370743679013755
2023-10-17,-0.008752257252388854
2023-10-18,-0.0012288745650561861
2023-10-19,-0.0007374849059858549
2023-10-20,-0.006680391015943209
2023-10-23,0.0052720827178729685
2023-10-24,-0.012511010735026692
2023-10-25,0.0047722111202539086
2023-10-26,-0.003068156091748585
2023-10-27,-0.009110203103468936
2023-10-30,-0.0002998019564304146
2023-10-31,0.00019289037337468689
2023-11-01,-0.0008223380315053892
2023-11-02,0.003915882626921285
2023-11-03,-0.006817066177313912
2023-11-06,-0.005338163148887621
2023-11-07,0.0015099452554744527
2023-11-08,-0.0005753194389232777
2023-11-09,-0.0016
2023-11-10,0.009836270316509837
2023-11-13,0.0008720869663684747
2023-11-14,-0.000577109105093057
2023-11-15,-0.006234263608731694
2023-11-16,-0.007705738976290716
2023-11-17,-0.0069120128254740445
2023-11-20,0.0
2023-11-21,-0.006136263736263736
2023-11-22,-0.009279075878681703
2023-11-23,-0.0005452983972430392
2023-11-24,-0.004918477963317821
2023-11-27,-0.005381858043299534
2023-11-28,-0.004363613413094781
2023-11-29,0.004634174799629246
2023-11-30,-0.011486175745962224
2023-12-01,0.006075786593707251
2023-12-04,0.0006235654840122646
2023-12-05,-0.012513283647523016
2023-12-06,0.006506302680950568
2023-12-07,-0.0030943297279580465
2023-12-08,0.0017649421523684788
2023-12-11,1.2352653593351078e-05
2023-12-12,0.006021597056914088
2023-12-13,0.0030720086044635653
2023-12-14,-0.008505871152015234
2023-12-18,0.0
2023-12-19,0.0012154247003647734
2023-12-20,0.014819228770398088
2023-12-21,-0.002922875816993464
2023-12-22,0.00014434330299089725
2023-12-26,0.00044772550038991424
2023-12-27,-0.014672051428275183
2023-12-28,-0.010615562913907285
2023-12-29,-0.003967484726105416
2024-01-02,-0.0057810389881885645
2024-01-03,-0.0034365954767277117
2024-01-04,0.00404183985652495
2024-01-05,-0.0012642566460546482
2024-01-08,0.007165395368465475
2024-01-09,0.0002475591870940709
2024-01-10,-0.0009222459725770295
2024-01-11,0.00804209654029418
2024-01-12,0.000701346034375647
2024-01-15,-0.002491135820430219
2024-01-16,-0.0005835068721366098
2024-01-17,-0.00926177087704574
2024-01-18,-0.0016
2024-01-19,0.0047548734964744915
2024-01-22,-0.003242091797574579
2024-01-23,-2.778488461341658e-05
2024-01-24,0.003922250431603534
2024-01-25,-0.006116690384224436
2024-01-26,-0.0010950134702383978
2024-01-29,0.003069160398454971
2024-01-30,-0.004883143795804902
2024-01-31,-0.00037896873731222075
2024-02-01,0.008210392668816874
2024-02-02,0.008466126089600649
2024-02-05,-0.004113573295797306
2024-02-06,-0.006776257545271629
2024-02-07,0.0024015007503751878
2024-02-08,-0.007039824465167307
2024-02-09,0.0
2024-02-12,0.00083081499107674
2024-02-13,-0.002355778894472362
2024-02-14,-0.00149983490920006
2024-02-15,-0.0019486750348675036
2024-02-16,-0.0024855046599246483
2024-02-19,-0.0009989752773217927
2024-02-20,-0.007947778277602839
2024-02-21,-0.013594857372438731
2024-02-22,0.007800395081238581
2024-02-23,0.0008975020775284744
2024-02-26,0.0022900318393338235
2024-02-27,-0.00382194043055146
2024-02-28,-0.00974957858938341
2024-02-29,-0.0018451941938014908
2024-03-01,0.0030192234245703374
2024-03-04,-0.001253964854208246
2024-03-05,-0.0016795074758135446
2024-03-06,-0.0048626458953948334
2024-03-07,0.00222492708535874
2024-03-08,0.00899651500484027
2024-03-11,-0.0022310113897443416
2024-03-12,0.0011871202916160389
2024-03-13,-0.005599498021044503
2024-03-14,-0.0027660435685649422
2024-03-18,0.0
2024-03-19,0.0052990251164577624
2024-03-20,-0.008514901736309866
2024-03-21,-0.005598494825964252
2024-03-22,-0.009332327281301579
2024-03-25,-0.0008314682332875349
2024-03-26,-0.00033497164461247634
2024-03-27,0.0004450028339316077
2024-03-28,-0.005248893492795932
2024-04-01,-0.004059255424295195
2024-04-02,-0.0027800980345500407
2024-04-03,-0.0036678100138154445
2024-04-04,0.018720484425804627
2024-04-05,0.0006872385338706582
2024-04-08,-0.009190301416753827
2024-04-09,0.003579371176554275
2024-04-10,-0.02821656810423578
2024-04-11,0.008126946107784432
2024-04-12,0.0024587116299178554
2024-04-15,0.01781357639721756
2024-04-16,-0.02494744468376738
2024-04-17,-0.00040918417195896437
2024-04-18,-0.004211480660261148
2024-04-19,0.0013775323195799691
2024-04-22,0.004469330550171463
2024-04-23,0.0073451227931748695
2024-04-24,-0.009617462256315044
2024-04-25,0.004506498660581407
2024-04-26,-0.0011869692819409115
2024-04-29,-0.0033713924911360433
2024-04-30,0.010801286298967063
2024-05-01,-0.005817319098457889
2024-05-02,-0.0032819849505729606
2024-05-03,-0.002892009896667152
2024-05-06,0.0007172733417012648
2024-05-07,-0.005569662113587347
2024-05-08,-0.0022592710289373588
2024-05-09,0.005220964260014393
2024-05-10,-0.002636799543335553
2024-05-13,-0.001750209045990118
2024-05-14,-0.006107180635631582
2024-05-15,0.006400793425899688
2024-05-16,-0.005481916639317361
2024-05-17,-0.004832448433021661
2024-05-20,-0.0016346096096096095
2024-05-21,-0.001459141703446333
2024-05-22,-0.0030088422630198575
2024-05-23,0.005192907139524032
2024-05-24,-0.0036737110000942593
2024-05-27,0.0019025233776608244
2024-05-28,-0.004417453317068594
2024-05-29,-0.012214161302536917
2024-05-30,-0.0012204753546183407
2024-05-31,0.014453378346250774
2024-06-03,0.0038237752364817168
2024-06-04,-0.007097762641313088
2024-06-05,0.008528296574378225
2024-06-06,-0.005333370582483587
2024-06-07,-0.0016
2024-06-10,0.0047428304268549255
2024-06-11,0.007128914200354775
2024-06-12,-0.005775322283609576
2024-06-13,0.002444000551040088
2024-06-14,-0.0057520575751983756
2024-06-17,0.006382651134950964
2024-06-18,-0.00802578820093991
2024-06-19,-0.0009364380571220666
2024-06-20,-0.003045264497364116
2024-06-24,0.0
2024-06-25,-0.005139979193993397
2024-06-26,-0.0047011406844106466
2024-06-27,-0.004972782667569398
2024-06-28,0.008264274458601593
2024-07-01,0.0007093733068448618
2024-07-02,0.005220014503263234
2024-07-03,0.002430570157703194
2024-07-04,-0.001336169071980698
2024-07-05,0.0010775984621574498
2024-07-08,-0.0018217800675075502
2024-07-09,-0.0053493967352732435
2024-07-10,0.006133708412705444
2024-07-11,0.005159254374395498
2024-07-12,0.002388097768331562
2024-07-15,-0.0017953958351638695
2024-07-16,-0.00859639362962313
2024-07-17,0.0014335086866186287
2024-07-18,0.0013232361657893573
2024-07-19,0.0030243232359389682
2024-07-22,-0.004418020917135961
2024-07-23,-0.003049576460098083
2024-07-24,0.0
2024-07-25,0.0070697491661717
2024-07-26,-0.020835703203431595
2024-07-29,-0.009056517205422315
2024-07-30,0.0026177656922728304
2024-07-31,-0.0054785910792405175
2024-08-01,0.018399856579419147
2024-08-02,-0.015380756776760108
2024-08-05,-0.00934650644442291
2024-08-06,0.0031455422377154865
2024-08-07,0.01812272535310403
2024-08-08,0.009683794915494958
2024-08-09,-0.0011063231850117095
2024-08-12,-0.014683516075078982
2024-08-13,0.003935560285000463
2024-08-14,-0.010043951520695175
2024-08-15,0.0034928151830094897
2024-08-16,0.0014470132444364358
2024-08-19,-0.0007969367190648931
2024-08-20,-0.0014888019907571986
2024-08-21,-0.010990677025527192
2024-08-22,0.011198277004638834
2024-08-23,-0.0094431567721294
2024-08-26,0.002314679385267621
2024-08-27,-0.0024447072422531455
2024-08-28,-0.006434751773049646
2024-08-29,-0.0022436195719740698
2024-08-30,-0.0004013318534961156
2024-09-02,-0.00046742089446703193
2024-09-03,0.0
2024-09-04,-0.007420551355755737
2024-09-05,-0.011663564419119974
2024-09-06,0.015800362614450187
2024-09-09,-0.0023323324789454414
2024-09-10,-3.592961396808067e-05
2024-09-11,0.018480119989091902
2024-09-12,0.00019319581142420578
2024-09-13,-0.004454424680130177
2024-09-16,0.0005547954333436987
2024-09-17,-0.0010675087223424456
2024-09-18,-0.015643391631613903
2024-09-19,-0.004347953830010493
2024-09-23,0.0
2024-09-24,0.0035602109175779054
2024-09-25,0.0015587082289957692
2024-09-26,-0.004818587679759605
2024-09-27,0.002282216295276607
2024-09-30,-0.0010267202975649842
2024-10-01,-0.004197624171472842
2024-10-02,-0.004574051045697639
2024-10-03,-0.01427260858212203
2024-10-04,-0.004428134978855614
2024-10-07,-1.6335884464046407e-05
2024-10-08,0.0021615417929839757
2024-10-09,0.0
2024-10-10,-0.012012908763196292
2024-10-11,0.0013754388977121519
2024-10-14,0.0014718625031906747
2024-10-15,0.004032989341904923
2024-10-16,0.002385456561607029
2024-10-17,-0.0022974168495694747
2024-10-18,0.00012015589256968574
2024-10-21,-0.000867559549037891
2024-10-22,0.0017556928057247518
2024-10-23,0.0022366594267705805
2024-10-24,-0.013628308007512378
2024-10-25,0.007125383304940375
2024-10-28,-0.008247144861601259
2024-10-29,0.000980656185919344
2024-10-30,0.004782782868101428
2024-10-31,0.004765956347668862
2024-11-01,-0.00491516729592501
2024-11-04,-0.0013394815683209589
2024-11-05,0.0
2024-11-06,0.00011540663411348717
2024-11-07,0.003155295298644805
2024-11-08,-0.001949406719680253
2024-11-11,-0.006213571665011585
2024-11-12,3.639830859796032e-05
2024-11-13,-0.007451595744680852
2024-11-14,9.6197165537592e-05
2024-11-15,0.004232164062828989
2024-11-18,-0.005679479683064277
2024-11-19,0.007715572551519014
2024-11-20,-0.004641591243948643
2024-11-21,-0.0017540530350634662
2024-11-22,-0.011052000167553304
2024-11-25,0.004155581366408098
2024-11-26,-0.0008
2024-11-27,-0.0005856124647770595
2024-11-28,-0.0008829875518672199
2024-11-29,0.0
2024-12-02,-0.0032927459642459024
2024-12-03,-0.0034156309317487825
2024-12-04,-0.0030036184210526316
2024-12-05,-0.006699200655872105
2024-12-06,-0.0012871441463614736
2024-12-09,0.0027780183727034126
2024-12-10,-0.004223411701733438
2024-12-11,0.0016985927084190602
2024-12-12,-0.0017944839491964323
2024-12-13,-0.0021702332469455757
2024-12-16,-0.0023939069575957183
2024-12-17,-0.0052629796373549215
2024-12-18,0.02290311970579728
2024-12-19,0.005417563858982478
2024-12-23,0.0
2024-12-24,0.0
2024-12-26,-0.002063593370892791
2024-12-27,0.0009130937629078892
2024-12-30,-0.0024890894588808195
2024-12-31,-0.013711092507325242
2025-01-02,-0.009121611997821626
2025-01-03,0.0005036164844407065
2025-01-06,0.0049530230823422155
2025-01-07,0.012468255544521682
2025-01-08,-0.0192374202216997
2025-01-10,-0.009504817801798758
2025-01-13,-0.00992041254834551
2025-01-14,-0.0007105840498072933
2025-01-15,-0.00656850664319544
2025-01-16,-0.010589394759861707
2025-01-17,-0.002334823910067615
2025-01-20,-0.0001877478665952096
2025-01-21,-0.005999175427746856
2025-01-22,0.001893357858164725
2025-01-23,0.004311638177803222
2025-01-24,-0.001606371911573472
2025-01-27,-0.009002334111370457
2025-01-28,0.009086009079653321
2025-01-29,-0.01017282023902419
2025-01-30,-0.002549519664997126
2025-01-31,0.007211596570028584
2025-02-03,0.0008558081125204068
2025-02-04,0.0006376027226695443
2025-02-05,0.004688382085605685
2025-02-06,-0.0048840876510342
2025-02-07,0.006346109156370183
2025-02-10,-0.001112206553467911
2025-02-11,-0.0024122011541632318
2025-02-12,-0.0008414542138208349
2025-02-13,0.004383414153036903
2025-02-14,-0.010446523759067568
2025-02-17,0.00021383519837232963
2025-02-18,-0.006425336751719367
2025-02-19,0.0034384969637690018
2025-02-20,0.0021374481580873385
2025-02-21,0.0
2025-02-24,0.0017752066115702479
2025-02-25,0.0006748437630197484
2025-02-26,0.007825813186354337
2025-02-27,0.010375798515553333
2025-02-28,0.010947786895701347
2025-03-03,-0.0044380049291950375
2025-03-04,0.004226636879188864
2025-03-05,-0.00030421561852107815
2025-03-06,-0.00033401169084217356
2025-03-07,0.001426588081204977
2025-03-10,0.007990072479683726
2025-03-11,-0.015282224995542878
2025-03-12,-0.003972974891313992
2025-03-13,0.004803715612718828
2025-03-14,0.005257071069633883
2025-03-17,-0.012290443035167856
2025-03-18,-0.010354394803128728
2025-03-19,-0.0028200461238247296
2025-03-20,0.0035668956348327055
2025-03-24,0.0
2025-03-25,-0.0013003776175763817
2025-03-26,0.008829052197802199
2025-03-27,-0.008094641069174176
2025-03-28,0.014232654844063948
2025-03-31,0.01741481082052665
2025-04-01,-0.00579024606517402
2025-04-02,-0.009217103153393906
2025-04-03,0.013740566037735848
2025-04-04,0.0039020408163265305
2025-04-07,-0.04206442049881115
2025-04-08,0.047447116843702584
2025-04-09,0.07491258843008378
2025-04-10,-0.02763949400055809
2025-04-11,0.004207100591715977
2025-04-14,-0.011830246211259273
2025-04-15,-0.01315191081341469
2025-04-16,0.01397916065023988
2025-04-17,-0.010172467239678738
2025-04-21,0.0005608540586808693
2025-04-22,-0.0027157563625965116
2025-04-23,0.00451743119266055
2025-04-24,0.018047332193837484
2025-04-25,-0.003559132565102985
2025-04-28,-0.0030195789094835342
2025-04-29,-0.0003796058578918822
2025-04-30,0.01684056197598006
2025-05-01,-0.010591674047829939
2025-05-02,-0.004609355491075354
2025-05-05,-0.004445416427594121
2025-05-06,-0.0005542775750022256
2025-05-07,-0.029026425467766247
2025-05-08,-0.003617051197539002
2025-05-09,-0.006893188297732358
2025-05-12,-0.012898705183539165
2025-05-13,-0.0002
2025-05-14,-0.01698260685748108
2025-05-15,0.0017291900152827308
2025-05-16,-0.0020523340903356043
2025-05-19,0.0
2025-05-20,-0.00955109023817511
2025-05-21,0.010685822977428355
2025-05-22,-0.009044658867731193
2025-05-23,-0.0029721300138312585
2025-05-26,0.001852060848134614
2025-05-27,0.009695943937141642
2025-05-28,0.0024931189764740543
2025-05-29,-0.012507640638119228
2025-05-30,0.00029190423822011676
2025-06-02,0.008714031369224249
2025-06-03,0.0017340792462353831
2025-06-04,-0.009953408189673165
2025-06-05,-0.0032433694745621347
2025-06-06,-0.016968414476698182
2025-06-09,-0.0021820963785289596
2025-06-10,-0.0036283814668605857
2025-06-11,-0.003981669556601437
2025-06-12,0.005370335882939808
2025-06-13,0.001751834556370914
2025-06-16,-0.004101916282163195
2025-06-17,-0.003988239208184314
2025-06-18,-0.0022675567423230975
2025-06-19,-0.00845347233899445
2025-06-23,0.0
2025-06-24,0.0032365122170466614
2025-06-25,-0.0033059301380991063
2025-06-26,0.0021194712513178168
2025-06-27,0.0013729782004271267
2025-06-30,-0.010442083783459368
2025-07-01,-0.005128326851369231
2025-07-02,0.00468390712570056
2025-07-03,0.0
2025-07-04,-0.0007204391757498609
2025-07-07,0.002733925737860996
2025-07-08,-0.011837159687947778
2025-07-09,0.0032932607918668834
2025-07-10,0.003208505410011494
2025-07-11,-0.0006410301247913521
2025-07-14,-0.005454128768320292
2025-07-15,0.0
2025-07-16,-0.009860554100182583
2025-07-17,0.0028481878023633913
2025-07-18,-0.0007638539042821159
2025-07-21,0.0025972578992987157
2025-07-22,-0.003408506616257089
2025-07-23,0.0006399356635675335
2025-07-24,-0.004113389823890039
2025-07-25,0.001307728337236534
2025-07-28,-0.003199906672888474
2025-07-29,0.003095552879947178
2025-07-30,-0.0036613849033063006
2025-07-31,0.0071824174971885065
2025-08-01,-0.008373886864205355
2025-08-04,0.0
2025-08-05,-0.0015928501276762915
2025-08-06,-0.005817205998421468
2025-08-07,0.0033798665574154277
2025-08-08,0.0028858217139276204
2025-08-11,-0.00030383791155269807
2025-08-12,0.005865810468962833
2025-08-13,-0.0006221434625163724
2025-08-14,-0.0005680711248550445
2025-08-15,-0.0022622695963366297
2025-08-18,-0.012894732771289349
2025-08-19,0.0006944519621109608
2025-08-20,0.0002834474175482265
2025-08-21,-0.018641147726828507
2025-08-22,-0.004960609385103595
2025-08-25,-0.0025409582689335393
2025-08-26,-0.0052291283959229546
2025-08-27,-0.0018950880444856349
2025-08-28,0.0016615384615384617
2025-08-29,-0.0032849053700569316
2025-09-01,0.0011129440840284212
2025-09-02,0.007175563630680264
2025-09-03,-0.0040423337856173676
2025-09-04,0.002679874724509918
2025-09-05,0.0024437896992423663
2025-09-08,-0.003429225920516565
2025-09-09,-0.0015615813131507165
2025-09-10,-0.002619639110365086
2025-09-11,0.0035647745034501164
2025-09-12,-0.005366144390910125
2025-09-15,-0.003339985626205697
2025-09-16,-0.003108978421608571
2025-09-17,-0.012462431941923775
2025-09-18,-0.010022423351057812
2025-09-22,0.0
2025-09-23,0.0034813155068330803
2025-09-24,0.0009837898101007097
2025-09-25,-0.0052030030030030035
2025-09-26,0.0014102345096276316
2025-09-29,-0.006151221689166573
2025-09-30,-0.007781347150259067
2025-10-01,0.003700346665672643
2025-10-02,-0.0008156070216846143
2025-10-03,-0.0005939161252215004
2025-10-06,0.0014572144067172422
2025-10-07,0.005169818676670713
2025-10-08,0.003860089321965083
2025-10-09,0.001163279700242451
2025-10-10,0.011408568274971378
2025-10-13,-0.0028119560736104346
2025-10-14,0.007276092854989449
2025-10-15,-0.0006344622697563875
2025-10-16,0.004547990789571418
2025-10-17,-0.002788939815162672
2025-10-20,0.0
2025-10-21,-0.0053368786212495845
2025-10-22,-8.231302551998834e-05
2025-10-23,-0.001088711651890047
2025-10-24,-0.008104292049994502
2025-10-27,-0.0013273572570100247
2025-10-28,-0.003388275638017543
2025-10-29,-0.016336905790838376
2025-10-30,-0.002653880748585521
2025-10-31,-0.0025764126340191247
2025-11-03,-0.004695089204936127
2025-11-04,-0.00020884695862853782
2025-11-05,-0.0016825476207987058
2025-11-06,0.0062663216998788945
2025-11-07,0.004735197441808582
2025-11-10,0.002688053405714705
2025-11-11,-0.000998100109609061
2025-11-12,-0.006662180301106475
2025-11-13,0.008180086896199205
2025-11-14,0.0070583980872683805
2025-11-17,0.0016070163715335782
2025-11-18,-0.007784496939197056
2025-11-19,-0.005855099736544976
2025-11-20,0.02852047302291205
2025-11-21,-0.010412580718681152
2025-11-24,0.006471690886560775
2025-11-25,-0.003954410779423807
2025-11-26,-0.0003387215282880235
2025-11-27,-0.0034080389501043307
2025-11-28,-0.0011268390825620953
2025-12-01,-0.0024640639906068837
2025-12-02,-0.013246725353398839
2025-12-03,0.002950902368488487
2025-12-04,-0.004526776949645519
2025-12-05,-0.0029635940511254137
2025-12-08,-0.0002
2025-12-09,-0.0014729873731844391
2025-12-10,-0.003734302622926865
2025-12-11,-0.0004539895165987187
2025-12-12,0.006541562443356897
2025-12-15,-0.008076495415514482
2025-12-16,-0.000297909702068256
2025-12-17,0.005367400881057268
2025-12-18,-0.019817201370216215
2025-12-22,0.0
2025-12-23,0.0024543556021245075
2025-12-24,0.0017914068113234663
2025-12-26,-0.0032529533901338873
2025-12-29,-0.0029306959180003594
2025-12-30,-0.006401554012734271
2025-12-31,0.0033395198157013784
2026-01-02,-0.0006391324744686225
2026-01-05,-0.0037073872444748895
2026-01-06,0.001283175585705546
2026-01-07,-0.0004911146086707685
2026-01-08,-0.010976775121337408
2026-01-09,-0.0013434668770847529
2026-01-12,0.0
2026-01-13,-0.0009862791194699722
2026-01-14,-0.0018868514468069848
2026-01-15,-0.005467484662576687
2026-01-16,-0.0026575716429643394
2026-01-19,0.0028087725657942432
2026-01-20,0.0004918033979699494
2026-01-21,-0.00027166466017292324
2026-01-22,1.098332374928129e-05
2026-01-23,-0.0069421773612112474
2026-01-26,-0.0002
2026-01-27,-0.00044256353433177255
2026-01-28,-0.0047054928624826456
2026-01-29,0.003070705630791162
2026-01-30,-0.009787547102099408
2026-02-02,0.0
2026-02-03,0.0059128611170554245
2026-02-04,-0.005845062416807569
2026-02-05,0.0010440067118990296
2026-02-06,-0.0011270738377392889
2026-02-09,0.0021953428015283683
2026-02-10,-0.0014569333667155478
2026-02-11,-0.016050258789933963
2026-02-12,0.018241595645634892
2026-02-13,-0.005978603225571043
2026-02-16,-0.007193439276862517
2026-02-17,-0.00416269202633504
2026-02-18,-0.005346135661029278
2026-02-19,-0.01533514536258778
2026-02-20,-0.0015296340885046149
2026-02-23,0.007255124493341055
2026-02-24,0.0034525739320920047
2026-02-25,-0.001091782699660919
2026-02-26,-0.0022210889240051714
2026-02-27,-0.009474353644750756
2026-03-02,0.0
2026-03-03,0.006081185633605256
2026-03-04,0.003913653811003472
2026-03-05,-0.006274909569220651
2026-03-06,-0.009560309526454145
2026-03-09,0.009626356357105442
2026-03-10,0.001517880794701987
2026-03-11,-0.006616635995583365
2026-03-12,-0.014967146095811498
2026-03-13,0.012138775814508312
2026-03-16,-0.006540751801112396
2026-03-17,0.0011894830593387018
2026-03-18,-0.0007171427504574137
2026-03-19,-0.018285306075920507
2026-03-23,0.0
2026-03-24,0.0010487915923663542
2026-03-25,-0.013256974518707547
2026-03-26,0.006945881996056423
2026-03-27,-0.0005757727395203818
2026-03-30,-0.0010453867264504657
2026-03-31,0.001768306941809594
2026-04-01,-0.005108609271523179
2026-04-02,0.010114940063574739
2026-04-06,-0.01010904972250538
2026-04-07,-0.005774387208688439
2026-04-08,-0.003928472069697635
2026-04-09,0.00410073024843125
2026-04-10,-0.0004363636363636364
2026-04-13,0.007793423314678663
2026-04-14,0.0
2026-04-15,0.0015444131589264713
2026-04-16,-0.0005394046524782579
2026-04-17,-0.0038467965595927684
2026-04-20,-0.007506144860630224
2026-04-21,0.0042261780104712035
2026-04-22,-0.00695091080731443
2026-04-23,-0.009816036911461427
2026-04-24,0.0004150087260034903
2026-04-27,-0.002539293790224387
2026-04-28,0.0004897378694924706
2026-04-29,-0.01031297944368827
2026-04-30,0.007906944444444444
2026-05-01,-0.00034613531557574513
2026-05-04,-0.001
2026-05-05,-0.0012815961472308222
2026-05-06,0.0
2026-05-07,0.0020326789877352434
2026-05-08,-0.0006253456376973261
2026-05-11,-0.004140080971659919
2026-05-12,0.0029789587267332078
2026-05-13,0.005894599051048222
2026-05-14,-0.0003311322015773291
2026-05-15,-0.010479120584489576
2026-05-18,-0.005671640787793238
2026-05-19,-0.012756381358513555
2026-05-20,-0.001002839756592292
2026-05-21,-0.009669843407981141
2026-05-22,0.00020034681695401345
2026-05-25,-0.0031183700469669907
2026-05-26,0.0006591452083886382
2026-05-27,-0.004184407319013524
2026-05-28,0.00643547991108457
2026-05-29,-0.004966525046932122
2026-06-01,-0.0016329684821310827
