date,returns
2005-01-04,0.0
2005-01-05,0.0
2005-01-06,0.0
2005-01-07,0.0
2005-01-10,0.0
2005-01-11,0.0
2005-01-12,0.0
2005-01-13,0.0
2005-01-14,0.0
2005-01-18,0.0
2005-01-19,0.0
2005-01-20,0.0
2005-01-21,0.0
2005-01-24,0.0
2005-01-25,0.0
2005-01-26,0.0
2005-01-27,0.0
2005-01-28,0.0
2005-01-31,0.0
2005-02-01,0.0
2005-02-02,0.0
2005-02-03,0.0
2005-02-04,0.0
2005-02-07,0.0
2005-02-08,0.0
2005-02-09,0.0
2005-02-10,0.0
2005-02-11,0.0
2005-02-14,0.0
2005-02-15,0.0
2005-02-16,0.0
2005-02-17,0.0
2005-02-18,0.0
2005-02-22,0.0
2005-02-23,0.0
2005-02-24,0.0
2005-02-25,0.0
2005-02-28,0.0
2005-03-01,0.0
2005-03-02,0.0
2005-03-03,0.0
2005-03-04,0.0
2005-03-07,0.0
2005-03-08,0.0
2005-03-09,0.0
2005-03-10,0.0
2005-03-11,0.0
2005-03-14,0.0
2005-03-15,0.0
2005-03-16,0.0
2005-03-17,0.0
2005-03-18,0.0
2005-03-21,0.0
2005-03-22,0.0
2005-03-23,0.0
2005-03-24,0.0
2005-03-28,0.0
2005-03-29,0.0
2005-03-30,0.0
2005-03-31,0.0
2005-04-01,0.0
2005-04-04,0.0
2005-04-05,0.0
2005-04-06,0.0
2005-04-07,0.0
2005-04-08,0.0
2005-04-11,0.0
2005-04-12,0.0
2005-04-13,0.0
2005-04-14,0.0
2005-04-15,0.0
2005-04-18,0.0
2005-04-19,0.0
2005-04-20,0.0
2005-04-21,0.0
2005-04-22,0.0
2005-04-25,0.0
2005-04-26,0.0
2005-04-27,0.0
2005-04-28,0.0
2005-04-29,0.0
2005-05-02,0.0
2005-05-03,0.0
2005-05-04,0.0
2005-05-05,0.0
2005-05-06,0.0
2005-05-09,0.0
2005-05-10,0.0
2005-05-11,0.0
2005-05-12,0.0
2005-05-13,0.0
2005-05-16,0.0031490764624000356
2005-05-17,0.003937392848856414
2005-05-18,0.009095432719515628
2005-05-19,0.005624393722288401
2005-05-20,0.0026530597846978754
2005-05-23,0.0033969428365734355
2005-05-24,0.0021381743250370455
2005-05-25,-0.002844816386691873
2005-05-26,0.006775714582268444
2005-05-27,0.00035421648714417664
2005-05-31,-0.0023015919046385225
2005-06-01,0.005855980604712707
2005-06-02,0.004410521017429447
2005-06-03,-0.009836184381097679
2005-06-06,0.00017739100024849463
2005-06-07,-0.0056755052244017445
2005-06-08,-0.0014269751107968132
2005-06-09,0.004287042835816157
2005-06-10,-0.00716970884737389
2005-06-13,0.0032802130121305506
2005-06-14,-0.0026784448883876433
2005-06-15,0.002148510577885121
2005-06-16,0.003573173961089804
2005-06-17,-0.0005340677770889757
2005-06-20,0.0
2005-06-21,-0.00035623543859475415
2005-06-22,-0.0007127247750122745
2005-06-23,-0.00748894769619135
2005-06-24,-0.007545455215645314
2005-06-27,-0.0016992721181461334
2005-06-28,0.0
2005-06-29,0.0
2005-06-30,0.0
2005-07-01,0.0
2005-07-05,0.0
2005-07-06,0.0
2005-07-07,0.0
2005-07-08,0.0
2005-07-11,0.0
2005-07-12,0.0
2005-07-13,-0.00034589086676639624
2005-07-14,0.007878602542757296
2005-07-15,0.0024685311743573024
2005-07-18,-0.0032217087313461956
2005-07-19,0.009202282762058589
2005-07-20,0.00571173247544321
2005-07-21,0.00020283192386472138
2005-07-22,-0.0010139539570926948
2005-07-25,-0.003044949309680467
2005-07-26,0.0030542493441123586
2005-07-27,0.006089898619360712
2005-07-28,0.0038335896201271424
2005-07-29,-0.006733410670653139
2005-08-01,0.0015176992935101996
2005-08-02,0.008688289738261412
2005-08-03,-0.00040062574688837227
2005-08-04,-0.0077552151411495185
2005-08-05,-0.003897816316887903
2005-08-08,-0.0058797405938905145
2005-08-09,0.005302669890346667
2005-08-10,-0.006897684482021993
2005-08-11,-0.0011895482701946847
2005-08-12,0.0
2005-08-15,0.0
2005-08-16,0.0
2005-08-17,0.0
2005-08-18,0.0
2005-08-19,0.0
2005-08-22,0.0
2005-08-23,0.0
2005-08-24,0.0
2005-08-25,0.0
2005-08-26,0.0
2005-08-29,0.0
2005-08-30,0.0
2005-08-31,0.0
2005-09-01,0.0
2005-09-02,0.0
2005-09-06,0.0
2005-09-07,0.0
2005-09-08,0.0
2005-09-09,0.0
2005-09-12,0.0
2005-09-13,-0.00304343515673966
2005-09-14,-0.010699825875898239
2005-09-15,-0.00048069112807713754
2005-09-16,0.005771067637938332
2005-09-19,-0.0074115232967578715
2005-09-20,-0.0038538653596090766
2005-09-21,-0.010397333075722215
2005-09-22,-0.003343806662993387
2005-09-23,0.0
2005-09-26,0.0
2005-09-27,0.0
2005-09-28,0.0
2005-09-29,0.0
2005-09-30,0.0
2005-10-03,0.0
2005-10-04,0.0
2005-10-05,0.0
2005-10-06,0.0
2005-10-07,0.0
2005-10-10,-0.0006735262326897917
2005-10-11,0.00038896020334955317
2005-10-12,-0.010497842247577438
2005-10-13,0.003339938409667509
2005-10-14,-0.004307885164913761
2005-10-17,0.00904636696395067
2005-10-18,-0.005067323072110774
2005-10-19,-0.012928718716155307
2005-10-20,-0.007144396280538201
2005-10-21,0.0009553349890363272
2005-10-24,0.0
2005-10-25,0.0
2005-10-26,0.0
2005-10-27,0.0
2005-10-28,0.0
2005-10-31,0.0
2005-11-01,0.0
2005-11-02,0.0
2005-11-03,-0.0008947083892121288
2005-11-04,-0.0011518585102958667
2005-11-07,0.0008648901137600085
2005-11-08,0.0
2005-11-09,0.0011521903003466338
2005-11-10,0.006833256696222589
2005-11-11,0.0030005154575665216
2005-11-14,-0.0004985898829437119
2005-11-15,-0.003206819563857377
2005-11-16,0.0017872979664503852
2005-11-17,0.00820690246558442
2005-11-18,0.0034683893608344896
2005-11-21,0.004443944420097656
2005-11-22,0.0037922427014336346
2005-11-23,0.005107182642503982
2005-11-25,0.0006960591593601073
2005-11-28,-0.006260174982105848
2005-11-29,-0.000979939590525114
2005-11-30,-0.004764375382611652
2005-12-01,0.009011168604194264
2005-12-02,0.0011163365783974921
2005-12-05,-0.0018817173461418424
2005-12-06,0.0016757910060194448
2005-12-07,-0.005158377905260636
2005-12-08,-0.0005605540257455077
2005-12-09,0.0023135822440409903
2005-12-12,0.0008393607041752293
2005-12-13,0.006010373508581912
2005-12-14,0.003473526013928474
2005-12-15,-0.0025615117725301673
2005-12-16,-0.007496046384934174
2005-12-19,-0.0045455833016154745
2005-12-20,0.0008430166117625593
2005-12-21,0.0014038442222710223
2005-12-22,0.0046261914813121585
2005-12-23,0.0004883972530489444
2005-12-27,-0.00899607000744862
2005-12-28,0.00013098892110119387
2005-12-29,0.0
2005-12-30,0.0
2006-01-03,0.0
2006-01-04,0.0
2006-01-05,0.0
2006-01-06,0.0
2006-01-09,0.0020550326378114825
2006-01-10,0.0005904428879537349
2006-01-11,0.006469474265351272
2006-01-12,-0.004090474946460754
2006-01-13,-0.0003911691099641734
2006-01-17,-0.0054785105635999365
2006-01-18,-0.009640207464731043
2006-01-19,0.006158273800462188
2006-01-20,-0.0250746406797846
2006-01-23,0.0007552034755875514
2006-01-24,0.0
2006-01-25,0.0
2006-01-26,0.0
2006-01-27,0.0
2006-01-30,0.0
2006-01-31,0.0001828197320643543
2006-02-01,0.0
2006-02-02,0.003043255394520328
2006-02-03,-0.005201180726445709
2006-02-06,0.0023963382881393436
2006-02-07,-0.023036783214599232
2006-02-08,-0.00010409648117681858
2006-02-09,0.0
2006-02-10,0.0
2006-02-13,0.0
2006-02-14,0.0
2006-02-15,0.0
2006-02-16,0.0
2006-02-17,0.0
2006-02-21,0.0
2006-02-22,0.0
2006-02-23,0.0
2006-02-24,0.0
2006-02-27,0.0
2006-02-28,0.0
2006-03-01,0.0
2006-03-02,0.0
2006-03-03,0.0
2006-03-06,0.0
2006-03-07,0.0
2006-03-08,0.0
2006-03-09,0.0
2006-03-10,0.0
2006-03-13,0.0
2006-03-14,0.0
2006-03-15,0.0
2006-03-16,0.0
2006-03-17,0.0
2006-03-20,0.0
2006-03-21,0.0
2006-03-22,0.0
2006-03-23,0.0
2006-03-24,0.0
2006-03-27,0.0
2006-03-28,0.0
2006-03-29,0.0
2006-03-30,0.006010658228774668
2006-03-31,-0.005927368438382263
2006-04-03,0.0044124066040449605
2006-04-04,-0.0016622248437069276
2006-04-05,0.003924625026530126
2006-04-06,0.0073447126854147005
2006-04-07,-0.00811435682074424
2006-04-10,0.011974703815161192
2006-04-11,-0.006912350659028399
2006-04-12,0.00495490645222274
2006-04-13,0.0008217460671469112
2006-04-17,0.018650049349061115
2006-04-18,0.008751277244557043
2006-04-19,0.021688391980185573
2006-04-20,-0.03117162887571312
2006-04-21,0.02583190672484692
2006-04-24,-0.0174246450790998
2006-04-25,0.012928401149458368
2006-04-26,0.009826681498407153
2006-04-27,-0.007717735255252989
2006-04-28,0.02400961301609872
2006-05-01,0.0007705477615185252
2006-05-02,0.015289096000027369
2006-05-03,-0.0009750340780058098
2006-05-04,0.011061171236296685
2006-05-05,0.005470080125206778
2006-05-08,-0.0045869374256132245
2006-05-09,0.022718878311101198
2006-05-10,0.007334876262247603
2006-05-11,0.00676136276994832
2006-05-12,0.0009299012912533655
2006-05-15,-0.03829698525673031
2006-05-16,0.012880447344666868
2006-05-17,-0.004874716288975289
2006-05-18,-0.0073478933287624
2006-05-19,-0.020168543345787215
2006-05-22,-0.014110682856387613
2006-05-23,0.0
2006-05-24,0.0
2006-05-25,0.0
2006-05-26,0.0
2006-05-30,0.0
2006-05-31,0.0
2006-06-01,0.0
2006-06-02,0.0
2006-06-05,0.0
2006-06-06,0.0
2006-06-07,0.0
2006-06-08,0.0
2006-06-09,0.0
2006-06-12,0.0
2006-06-13,0.0
2006-06-14,0.0
2006-06-15,0.0
2006-06-16,0.0
2006-06-19,0.0
2006-06-20,0.0
2006-06-21,0.0
2006-06-22,0.0
2006-06-23,0.0
2006-06-26,0.0
2006-06-27,0.0
2006-06-28,0.0
2006-06-29,0.0
2006-06-30,0.0
2006-07-03,0.0
2006-07-05,0.0
2006-07-06,0.0
2006-07-07,-0.002176856013375472
2006-07-10,-0.00396387114323371
2006-07-11,0.01167797745092436
2006-07-12,0.008116629893247351
2006-07-13,0.008288990923868367
2006-07-14,0.003914689707718466
2006-07-17,-0.024696356243943507
2006-07-18,-0.013993576700663812
2006-07-19,0.015273484652060354
2006-07-20,-0.019836402577442347
2006-07-21,-0.011273432492517
2006-07-24,-0.016501462929327748
2006-07-25,0.0
2006-07-26,0.0
2006-07-27,0.0
2006-07-28,0.0
2006-07-31,0.0
2006-08-01,0.0
2006-08-02,0.0
2006-08-03,0.0
2006-08-04,0.0
2006-08-07,0.0
2006-08-08,0.0
2006-08-09,0.0
2006-08-10,0.0
2006-08-11,0.0
2006-08-14,0.0
2006-08-15,0.0
2006-08-16,0.0075278443026303155
2006-08-17,0.002180463827992307
2006-08-18,0.0008702878999111707
2006-08-21,-0.005362108804374932
2006-08-22,0.00014570313564399306
2006-08-23,-0.004224775370662015
2006-08-24,0.0016092999333874314
2006-08-25,0.0010224545216166447
2006-08-28,0.0042315564441064435
2006-08-29,0.0017436106863872869
2006-08-30,0.002610863699733512
2006-08-31,-0.0005786810758594552
2006-09-01,0.0030398347431015438
2006-09-05,0.005483982942780186
2006-09-06,-0.011338730502688854
2006-09-07,-0.0027597639520594575
2006-09-08,0.0034952817384958923
2006-09-11,0.0034816566069142407
2006-09-12,0.01040873019648414
2006-09-13,0.004006140683352921
2006-09-14,0.00042751666701801305
2006-09-15,0.0017093358984863194
2006-09-18,1.4220158792710436e-06
2006-09-19,-0.0036986580424599458
2006-09-20,0.008278298968556363
2006-09-21,-0.0035389359442559165
2006-09-22,-0.004403865569033272
2006-09-25,0.00998819926206318
2006-09-26,0.002825549070590627
2006-09-27,-0.0007043969594735522
2006-09-28,0.0015507656654611957
2006-09-29,-0.00253368738807358
2006-10-02,-0.007197015921346694
2006-10-03,0.0024163961486698415
2006-10-04,0.014038032594357874
2006-10-05,0.002796705931652932
2006-10-06,-0.0012550077815369765
2006-10-09,0.001954687474826633
2006-10-10,0.0009754370628041187
2006-10-11,-0.0011136988714773866
2006-10-12,0.009616362498554132
2006-10-13,0.002760802570551002
2006-10-16,0.0002753201524703375
2006-10-17,-0.006192998373328207
2006-10-18,-0.0027695958239114526
2006-10-19,0.0013886438942862789
2006-10-20,0.0013867182364741826
2006-10-23,0.005954631021409584
2006-10-24,-0.004129802287056394
2006-10-25,0.004146928280955198
2006-10-26,0.005368742973173246
2006-10-27,-0.008352422639990476
2006-10-30,0.0037281127285639926
2006-10-31,0.0013756538992488743
2006-11-01,-0.007967831636983558
2006-11-02,0.0005539191647820907
2006-11-03,-0.0015224343975612786
2006-11-06,0.008455463638803895
2006-11-07,0.003986106206294471
2006-11-08,0.0027381243086614937
2006-11-09,-0.0031402445749548757
2006-11-10,0.003150136774872525
2006-11-13,0.005870892031437203
2006-11-14,0.006379567769153605
2006-11-15,0.0024277507198575687
2006-11-16,0.0025564194107847715
2006-11-17,0.0
2006-11-20,0.001207847744951307
2006-11-21,0.0008042604058500213
2006-11-22,0.0037501990906569915
2006-11-24,-0.001067482183758739
2006-11-27,-0.01322420863112106
2006-11-28,0.0014890479959288605
2006-11-29,0.004055001896449584
2006-11-30,-0.00040386252633484165
2006-12-01,-0.005117658830864791
2006-12-04,0.008122079977794128
2006-12-05,0.002148438207132841
2006-12-06,-0.002143832315875782
2006-12-07,-0.007519533724964611
2006-12-08,0.0027058948263185556
2006-12-11,0.00215887417459526
2006-12-12,-0.0035006131503916293
2006-12-13,0.0010808955357086703
2006-12-14,0.006613336829959016
2006-12-15,0.0008044760752683455
2006-12-18,-0.005894749034065949
2006-12-19,-0.0018867237282592653
2006-12-20,-0.0021603316384024573
2006-12-21,-0.004194704502254343
2006-12-22,-0.006114736694233347
2006-12-26,-0.00117342946405119
2006-12-27,0.0
2006-12-28,0.0
2006-12-29,0.0
2007-01-03,0.0
2007-01-04,0.0
2007-01-05,0.0
2007-01-08,0.0
2007-01-09,0.0
2007-01-10,0.0
2007-01-11,0.0
2007-01-12,0.003567510114514727
2007-01-16,-0.0004794158246764768
2007-01-17,-0.005915631218230466
2007-01-18,-0.013349168517835741
2007-01-19,0.0014670845597473114
2007-01-22,-0.007812988670274579
2007-01-23,-0.0018937903132133505
2007-01-24,0.005637899355901865
2007-01-25,-0.002886517289888757
2007-01-26,0.0004288701321462085
2007-01-29,-0.003536661821583076
2007-01-30,0.00483983753442585
2007-01-31,0.006529069024447942
2007-02-01,0.004147245168939939
2007-02-02,-0.009954639921021746
2007-02-05,0.00032089567497162186
2007-02-06,0.005132683743533262
2007-02-07,-0.0017021579427760614
2007-02-08,0.009484397499226693
2007-02-09,0.0063339025922690695
2007-02-12,-0.00472052758231134
2007-02-13,0.0017917685126693783
2007-02-14,0.005576110733980233
2007-02-15,0.00041850491620532004
2007-02-16,-0.0005229123038866801
2007-02-20,-0.010986903568678041
2007-02-21,0.020842518580145297
2007-02-22,-0.0013473132261664356
2007-02-23,0.005915420223250534
2007-02-26,0.003920422535417245
2007-02-27,-0.027644088283514057
2007-02-28,0.011308591334139972
2007-03-01,-0.006897392986983664
2007-03-02,-0.022203905429067583
2007-03-05,-0.007368281989027281
2007-03-06,0.0
2007-03-07,0.0
2007-03-08,0.0
2007-03-09,0.0
2007-03-12,0.0
2007-03-13,0.0
2007-03-14,0.0
2007-03-15,0.0
2007-03-16,0.0
2007-03-19,0.0
2007-03-20,0.0
2007-03-21,0.0
2007-03-22,0.0
2007-03-23,0.0
2007-03-26,0.0
2007-03-27,0.0
2007-03-28,0.0
2007-03-29,0.0
2007-03-30,0.0
2007-04-02,0.0
2007-04-03,0.0
2007-04-04,0.0
2007-04-05,0.0006321096215167188
2007-04-09,-0.003479239956603486
2007-04-10,0.006665375813553753
2007-04-11,-0.0008407927291839146
2007-04-12,-0.0009466877885413449
2007-04-13,0.008949412524664524
2007-04-16,0.00584378510207717
2007-04-17,-0.0041498812018269104
2007-04-18,0.003958815756826217
2007-04-19,-0.008820327719492038
2007-04-20,0.012248961539478964
2007-04-23,-0.004550705656116594
2007-04-24,-0.005506590686432222
2007-04-25,0.0016715716606157116
2007-04-26,-0.01063848634414033
2007-04-27,0.007274007545089445
2007-04-30,-0.004918978078936709
2007-05-01,-0.004207058752278781
2007-05-02,-0.00031686246542939056
2007-05-03,0.008769306874408356
2007-05-04,0.007331508728523728
2007-05-07,0.0006238413356758343
2007-05-08,-0.0038446231351686455
2007-05-09,-0.004485319900122797
2007-05-10,-0.01519306168419099
2007-05-11,0.0003281053550820978
2007-05-14,0.0
2007-05-15,0.0
2007-05-16,0.0
2007-05-17,0.0
2007-05-18,0.0
2007-05-21,0.0
2007-05-22,-0.0011687362491370479
2007-05-23,-0.004249057073736573
2007-05-24,-0.01299552892320488
2007-05-25,0.005698991842772783
2007-05-29,0.007034520886293194
2007-05-30,0.0073734588519005495
2007-05-31,0.004237598837807166
2007-06-01,0.0005754160047806156
2007-06-04,0.0026856473778409384
2007-06-05,-1.911815842192688e-06
2007-06-06,-0.00975027943585216
2007-06-07,-0.014095630485302824
2007-06-08,0.011163963487124562
2007-06-11,-0.0017429634992284226
2007-06-12,-0.005432020922906955
2007-06-13,0.009948076268010642
2007-06-14,0.005987307694810706
2007-06-15,0.0071036099437162825
2007-06-18,0.0007625410376557173
2007-06-19,-0.00019049000296955665
2007-06-20,-0.008573683334584858
2007-06-21,0.008263479195803614
2007-06-22,-0.008576951604230998
2007-06-25,-0.00384495649656047
2007-06-26,-0.005210726286242862
2007-06-27,0.013968053801760139
2007-06-28,-0.0003826565275290017
2007-06-29,0.001531212038398344
2007-07-02,0.007835463940080167
2007-07-03,0.005688692750705382
2007-07-05,0.006599267006774712
2007-07-06,0.003746286970156998
2007-07-09,0.0005598457028617165
2007-07-10,-0.007646943497318537
2007-07-11,0.006202285487936887
2007-07-12,0.014009214235524148
2007-07-13,0.006263102640106544
2007-07-16,-0.0009153118140586836
2007-07-17,0.006962742867652416
2007-07-18,-0.0010917786785797912
2007-07-19,0.0027324299051609824
2007-07-20,-0.004904971338919317
2007-07-23,0.0003651221238429869
2007-07-24,-0.013504587758426001
2007-07-25,0.0012949487532563086
2007-07-26,-0.0077596441779846925
2007-07-27,-0.018433628244190592
2007-07-30,0.010622921837212917
2007-07-31,-0.01914551206811943
2007-08-01,-0.0040389720728681855
2007-08-02,0.0
2007-08-03,0.0
2007-08-06,0.0
2007-08-07,0.0
2007-08-08,0.0
2007-08-09,0.0
2007-08-10,0.0
2007-08-13,0.0
2007-08-14,0.0
2007-08-15,0.0
2007-08-16,0.0
2007-08-17,0.0
2007-08-20,0.0
2007-08-21,0.0
2007-08-22,0.0
2007-08-23,0.0
2007-08-24,0.0
2007-08-27,0.0
2007-08-28,0.0
2007-08-29,0.0
2007-08-30,0.0
2007-08-31,0.0
2007-09-04,0.0
2007-09-05,-0.004558876646865495
2007-09-06,-0.00041226578191289054
2007-09-07,-0.009382914793223618
2007-09-10,-0.00031225673969725865
2007-09-11,0.007600620677665537
2007-09-12,0.00010333269882756291
2007-09-13,0.0024797285348177045
2007-09-14,0.00041226578191300156
2007-09-17,-0.004223982861010889
2007-09-18,0.012725701729030314
2007-09-19,0.001328091963473943
2007-09-20,-0.0014283558957551845
2007-09-21,0.0033716548201778718
2007-09-24,0.002342044672098087
2007-09-25,0.004876324832046919
2007-09-26,0.0025274279569833524
2007-09-27,0.0026218984159056546
2007-09-28,-0.0017098351808633172
2007-10-01,0.005944297632213047
2007-10-02,0.00010015545350050559
2007-10-03,-0.003605235242049032
2007-10-04,0.0012060933308646327
2007-10-05,0.010540603693248052
2007-10-08,0.0032782068811760823
2007-10-09,0.0022783353978230725
2007-10-10,0.0012832812448200226
2007-10-11,-0.00838638231699429
2007-10-12,0.008656304034835305
2007-10-15,-0.004044398108931757
2007-10-16,-0.0024761107856642317
2007-10-17,0.0067517393917366775
2007-10-18,0.0022683611754665822
2007-10-19,-0.01318575939239175
2007-10-22,0.006282109320186802
2007-10-23,0.01099937902455661
2007-10-24,-0.004018631245525706
2007-10-25,-0.0070855828734562865
2007-10-26,0.008721956994438118
2007-10-29,0.002259891717897977
2007-10-30,0.000980346140354138
2007-10-31,0.007541272223609008
2007-11-01,-0.010012171322091756
2007-11-02,0.004123922383714618
2007-11-05,-0.0034224879119207907
2007-11-06,0.005985392436896664
2007-11-07,-0.01297247259681611
2007-11-08,-0.016008729653996023
2007-11-09,-0.01080664753564764
2007-11-12,0.0
2007-11-13,0.0
2007-11-14,0.0
2007-11-15,0.0
2007-11-16,0.0
2007-11-19,0.0
2007-11-20,0.0
2007-11-21,0.0
2007-11-23,0.0
2007-11-26,0.0
2007-11-27,0.0
2007-11-28,0.0
2007-11-29,0.0
2007-11-30,0.0
2007-12-03,0.0
2007-12-04,0.0
2007-12-05,0.0
2007-12-06,0.0
2007-12-07,0.0
2007-12-10,0.0
2007-12-11,-0.018167443051173127
2007-12-12,0.00605956296244603
2007-12-13,-0.0012788701389941926
2007-12-14,-0.007806966556724304
2007-12-17,-0.0032466150150587403
2007-12-18,0.0
2007-12-19,0.0
2007-12-20,0.0
2007-12-21,0.0
2007-12-24,0.0
2007-12-26,0.0
2007-12-27,-0.003076792860846278
2007-12-28,0.010035330219134053
2007-12-31,-0.003725858610667432
2008-01-02,0.016621300217501966
2008-01-03,0.00483674171161419
2008-01-04,-0.002982989449252349
2008-01-07,-0.0024479298802115856
2008-01-08,0.01370114794730215
2008-01-09,-0.001547275250722624
2008-01-10,0.011449800537775667
2008-01-11,0.0021973187443682374
2008-01-14,0.006377520683710447
2008-01-15,-0.010232190920324236
2008-01-16,-0.008604414870228339
2008-01-17,-0.0013449230765522069
2008-01-18,0.006197403255367329
2008-01-22,0.005020989330295045
2008-01-23,-0.0018647203548067814
2008-01-24,0.014617244844721267
2008-01-25,0.0014472443011963598
2008-01-28,0.009524870806527197
2008-01-29,-0.0039041394273209296
2008-01-30,0.005945139474765604
2008-01-31,-0.004286554695356437
2008-02-01,-0.013370243321478514
2008-02-04,-0.0016518716960043367
2008-02-05,-0.009401916547452704
2008-02-06,0.008487896738780476
2008-02-07,0.005965551997486163
2008-02-08,0.007576604280774779
2008-02-11,0.0021578071600392157
2008-02-12,-0.013049460931519374
2008-02-13,0.0007272100503750156
2008-02-14,0.001783673018701748
2008-02-15,-0.00369288306882376
2008-02-19,0.016083870598488925
2008-02-20,0.010813413920349735
2008-02-21,6.444418605444646e-05
2008-02-22,0.0009021604657644122
2008-02-25,-0.004184826777203443
2008-02-26,0.006271293467426053
2008-02-27,0.006874705272892356
2008-02-28,0.0077211190032233645
2008-02-29,0.0012031177012625793
2008-03-03,0.0067040645546219135
2008-03-04,-0.012941890487806362
2008-03-05,0.01616670433797851
2008-03-06,-0.00764157093955431
2008-03-07,-0.0025878441167076494
2008-03-10,-0.001392202084108285
2008-03-11,0.0007604416434088268
2008-03-12,0.006458842396250386
2008-03-13,0.00836777775113462
2008-03-14,0.002308560499804768
2008-03-17,0.002863491699172549
2008-03-18,-0.016573244471138504
2008-03-19,-0.021839510800536144
2008-03-20,-0.015534718473605658
2008-03-24,-0.013385395268572409
2008-03-25,0.0028850600440923913
2008-03-26,-0.0028767604175553574
2008-03-27,-0.0048324755738548
2008-03-28,0.006667860373798851
2008-03-31,0.0024478870991895274
2008-04-01,-0.014077608730030278
2008-04-02,-0.004742978338651893
2008-04-03,0.0019902664649817936
2008-04-04,0.0018709269224479463
2008-04-07,-0.0006445000157307978
2008-04-08,-0.0035145273196178772
2008-04-09,-0.007715180949740996
2008-04-10,0.00628139111070336
2008-04-11,-0.019726454850521935
2008-04-14,-0.0032978283083340276
2008-04-15,0.0015804964021874923
2008-04-16,0.023142369737811475
2008-04-17,-0.00022119823484167966
2008-04-18,0.017317773757269617
2008-04-21,0.0030704970806962884
2008-04-22,-0.007976160916414066
2008-04-23,0.003705845002359265
2008-04-24,0.005561490071036568
2008-04-25,0.003077700589582122
2008-04-28,0.0008661564645067177
2008-04-29,0.0013199228198415014
2008-04-30,-0.0059478819755455214
2008-05-01,0.021983774797977862
2008-05-02,0.0018138890339414182
2008-05-05,-0.0033075405004306946
2008-05-06,0.0063647947490066414
2008-05-07,-0.015356244025539034
2008-05-08,0.0019148475049393099
2008-05-09,-0.002435136230445445
2008-05-12,0.012436626637531756
2008-05-13,0.0011541277121212001
2008-05-14,-1.3245066616485168e-05
2008-05-15,0.012729154058229497
2008-05-16,0.0007328057732012283
2008-05-19,-0.0017714102704599055
2008-05-20,-0.0067443628788326215
2008-05-21,-0.01658375035874915
2008-05-22,0.0015060196737870513
2008-05-23,-0.007194588555330617
2008-05-27,0.014240681813193934
2008-05-28,0.0038228678942089367
2008-05-29,0.008378280308459995
2008-05-30,0.006042667606768637
2008-06-02,-0.011449648704069726
2008-06-03,-0.00512657477547851
2008-06-04,0.012023647939686466
2008-06-05,0.014898142789402824
2008-06-06,-0.028243997948770083
2008-06-09,-0.004971628850503063
2008-06-10,-0.0044199537372711095
2008-06-11,-0.022390907362653478
2008-06-12,0.005103168256799684
2008-06-13,0.0
2008-06-16,0.0
2008-06-17,0.0
2008-06-18,0.0
2008-06-19,0.0
2008-06-20,0.0
2008-06-23,0.0
2008-06-24,0.0
2008-06-25,0.0
2008-06-26,0.0
2008-06-27,0.0020946561208243786
2008-06-30,-0.0004139345159651642
2008-07-01,0.007453906716643255
2008-07-02,0.002994735005176663
2008-07-03,-0.006498491398652995
2008-07-07,-0.0048910165359905555
2008-07-08,-0.002191049130197631
2008-07-09,0.003798244961119579
2008-07-10,0.012001971807110712
2008-07-11,0.009522759364565925
2008-07-14,0.004340306054308574
2008-07-15,0.0014981370588138532
2008-07-16,-0.009953461856651136
2008-07-17,-0.0012784834918515564
2008-07-18,-0.0002909363873345727
2008-07-21,0.005529400063036816
2008-07-22,-0.011924134196732439
2008-07-23,-0.014587090929719881
2008-07-24,0.0022200109340753116
2008-07-25,0.0
2008-07-28,0.0
2008-07-29,0.0
2008-07-30,0.0
2008-07-31,0.0
2008-08-01,0.0
2008-08-04,0.0
2008-08-05,0.0
2008-08-06,0.0
2008-08-07,-0.0013710956204591174
2008-08-08,0.009639883669337879
2008-08-11,0.007415794096470085
2008-08-12,0.0009103726076977736
2008-08-13,-0.001819089166447574
2008-08-14,0.010023223552840133
2008-08-15,-0.0016238872689796624
2008-08-18,-0.010120622200974427
2008-08-19,-0.010771815869142665
2008-08-20,0.0014764896775347758
2008-08-21,-0.004054360391952838
2008-08-22,0.01147243813975063
2008-08-25,-0.01829405506837145
2008-08-26,-0.0011180978477000059
2008-08-27,0.005596746949217746
2008-08-28,0.007049757095823672
2008-08-29,-0.018237899671236235
2008-09-02,-0.010695675559388995
2008-09-03,-0.00328407339218717
2008-09-04,0.0
2008-09-05,0.0
2008-09-08,0.0
2008-09-09,0.0
2008-09-10,0.0
2008-09-11,0.0
2008-09-12,0.0
2008-09-15,0.0
2008-09-16,-0.026267386567506712
2008-09-17,0.004619956232142508
2008-09-18,-0.01872359493443032
2008-09-19,0.014117264533284324
2008-09-22,0.014008293574486519
2008-09-23,-0.006228362633447171
2008-09-24,-0.012958225537966994
2008-09-25,-0.002120105500816205
2008-09-26,0.0015525995408081084
2008-09-29,0.023905603405696585
2008-09-30,-0.035857886149565865
2008-10-01,0.007438298905202423
2008-10-02,-0.029861666680684462
2008-10-03,-0.010331911417412631
2008-10-06,0.0
2008-10-07,0.0
2008-10-08,0.0
2008-10-09,0.0
2008-10-10,0.0
2008-10-13,0.0
2008-10-14,0.0
2008-10-15,0.0
2008-10-16,0.0
2008-10-17,0.0
2008-10-20,0.0
2008-10-21,0.0
2008-10-22,0.0
2008-10-23,0.0
2008-10-24,0.0
2008-10-27,0.0
2008-10-28,0.0
2008-10-29,0.0
2008-10-30,0.0
2008-10-31,0.0
2008-11-03,0.0
2008-11-04,0.0
2008-11-05,0.0
2008-11-06,0.0
2008-11-07,0.0
2008-11-10,0.0
2008-11-11,0.0
2008-11-12,0.0
2008-11-13,0.0
2008-11-14,0.0
2008-11-17,0.0
2008-11-18,0.0
2008-11-19,0.0
2008-11-20,0.014912431796874293
2008-11-21,-0.009029276755713411
2008-11-24,-0.008617406285481688
2008-11-25,0.01800751111954013
2008-11-26,-0.0007335511913221238
2008-11-28,0.007493935689537823
2008-12-01,0.007018297136463847
2008-12-02,0.006587009909430952
2008-12-03,-0.0006022744720316497
2008-12-04,0.010584196758600228
2008-12-05,-0.013605442656283384
2008-12-08,0.0038694978089302
2008-12-09,0.01319508353608212
2008-12-10,0.009039970059024904
2008-12-11,0.004025418258983393
2008-12-12,0.0004895445530588294
2008-12-15,0.012775782810697578
2008-12-16,0.021443686758878977
2008-12-17,0.020292484051147586
2008-12-18,0.00904552134850789
2008-12-19,-0.002864264178607301
2008-12-22,-0.002659086152335788
2008-12-23,-0.0032582271663756934
2008-12-24,0.0009994388177390068
2008-12-26,0.008352138210903082
2008-12-29,-0.0007918854755339932
2008-12-30,0.004868708939547384
2008-12-31,-0.011823458074468607
2009-01-02,-0.01702500822011077
2009-01-05,-0.0067777739188101815
2009-01-06,0.0064617810908551565
2009-01-07,-0.024920788884884915
2009-01-08,0.013873878922633587
2009-01-09,-0.009265013457102622
2009-01-12,-0.029487949652182266
2009-01-13,0.0009011401098435456
2009-01-14,-0.007678153911939933
2009-01-15,-0.0010621866528373047
2009-01-16,0.0
2009-01-20,0.0
2009-01-21,0.0
2009-01-22,0.0
2009-01-23,0.0
2009-01-26,-0.001731688129284148
2009-01-27,-0.0024482214485488374
2009-01-28,-0.00415496824351147
2009-01-29,0.009014770892710633
2009-01-30,0.007755855077122842
2009-02-02,-0.01570620393219302
2009-02-03,-0.0032633044641194875
2009-02-04,0.006282518444878704
2009-02-05,0.008265770619937385
2009-02-06,-0.00462228097567885
2009-02-09,-0.011127466046524037
2009-02-10,0.016746114121758193
2009-02-11,0.018126045092087928
2009-02-12,0.007532182701819101
2009-02-13,-0.0052670923832347505
2009-02-17,0.02476684913952476
2009-02-18,0.012167477420156114
2009-02-19,-0.009386423952595258
2009-02-20,0.016872796824053626
2009-02-23,-0.0005721665305207235
2009-02-24,-0.024535461106260592
2009-02-25,-0.013247031543164645
2009-02-26,-0.0007901981170492789
2009-02-27,-0.003630983131302168
2009-03-02,-0.014508585166203236
2009-03-03,-0.007707495918552909
2009-03-04,-0.00916374267157749
2009-03-05,0.026397842835705454
2009-03-06,0.002600211015652887
2009-03-09,-0.014721993462646465
2009-03-10,-0.02110987485486082
2009-03-11,0.009584494072579774
2009-03-12,0.016525728564060316
2009-03-13,0.0017294753893761783
2009-03-16,-0.004316223670826624
2009-03-17,-0.00658910000908508
2009-03-18,0.026618490617439594
2009-03-19,0.010711370685793531
2009-03-20,-0.006392355869584865
2009-03-23,-0.012782310873456049
2009-03-24,-0.009689423613558512
2009-03-25,0.008918366326593707
2009-03-26,-0.00042910350198099856
2009-03-27,-0.01064633522885583
2009-03-30,-0.006161482704318599
2009-03-31,0.0026195839171891944
2009-04-01,0.006531849066209849
2009-04-02,-0.01929533037119635
2009-04-03,-0.010675653832262322
2009-04-06,-0.02068990043874963
2009-04-07,0.007928442272339131
2009-04-08,0.0
2009-04-09,0.0
2009-04-13,0.003216026734121691
2009-04-14,-0.009270539705796832
2009-04-15,0.002348269985882334
2009-04-16,0.012908797235414049
2009-04-17,0.0032103662757245743
2009-04-20,-0.03732250036042806
2009-04-21,0.017028795743203817
2009-04-22,-0.002892198088106701
2009-04-23,0.009467020440694585
2009-04-24,0.01540158153562099
2009-04-27,-0.0056204158978463425
2009-04-28,-0.0044651969858025
2009-04-29,0.018055975442700545
2009-04-30,0.0035378202073794718
2009-05-01,0.004283857500351873
2009-05-04,0.028177248911980257
2009-05-05,-0.0024597259313172692
2009-05-06,0.011147447734550342
2009-05-07,-0.01657158990904728
2009-05-08,0.015199217966713308
2009-05-11,-0.011011741871395753
2009-05-12,-0.005877234805906073
2009-05-13,-0.02490315688391531
2009-05-14,0.009139425332271855
2009-05-15,-0.005455585414485986
2009-05-18,0.026724769904965084
2009-05-19,0.0007388080057173507
2009-05-20,-0.005438675015254524
2009-05-21,-0.015215331811624933
2009-05-22,-0.0024313214731715993
2009-05-26,0.0285689344859259
2009-05-27,-0.013701570628582904
2009-05-28,0.012715196249370786
2009-05-29,0.015368276310280704
2009-06-01,0.024881471994350424
2009-06-02,0.0009932426753727075
2009-06-03,-0.009091241964302998
2009-06-04,0.009736208073208186
2009-06-05,0.000496689317923682
2009-06-08,-0.003622871078496792
2009-06-09,0.005787416107973842
2009-06-10,-0.0027868363582637112
2009-06-11,0.002832329849068449
2009-06-12,0.000214696232701872
2009-06-15,-0.021421338856318473
2009-06-16,-0.011882652195259746
2009-06-17,0.0039916934454444775
2009-06-18,-0.0014977149319014282
2009-06-19,0.007391114374339036
2009-06-22,-0.02330540451406793
2009-06-23,-0.001767519005715923
2009-06-24,0.013058533873963496
2009-06-25,0.015293465544801377
2009-06-26,0.0017214969789582923
2009-06-29,0.0017185385200881864
2009-06-30,-0.0015011414356955743
2009-07-01,0.0004295423568860812
2009-07-02,-0.01717431717876794
2009-07-06,-0.004150176782365844
2009-07-07,-0.019301978034153344
2009-07-08,0.0033083975254439846
2009-07-09,-0.000992317187177738
2009-07-10,0.00610952801179776
2009-07-13,-0.003726262845460404
2009-07-14,-0.011012810560671937
2009-07-15,-0.01694828444518448
2009-07-16,0.01465550206479227
2009-07-17,0.0026508430675531436
2009-07-20,0.004758902418111388
2009-07-21,0.003420706272395657
2009-07-22,0.004195747607405931
2009-07-23,0.011098388544988458
2009-07-24,-0.0038740822400407104
2009-07-27,0.003889149123589286
2009-07-28,-0.0034866740160366394
2009-07-29,0.00336928554171978
2009-07-30,0.0029705133177939658
2009-07-31,-0.0015452428708436772
2009-08-03,0.007609202180403951
2009-08-04,0.0
2009-08-05,-0.0039678631102938455
2009-08-06,-0.004497691671972448
2009-08-07,0.006454303283228935
2009-08-10,-0.0035912309449295243
2009-08-11,-0.004376497446187844
2009-08-12,0.00788646640057511
2009-08-13,0.0028220434070738154
2009-08-14,-0.005884031223269748
2009-08-17,-0.014797144920904115
2009-08-18,0.002376189584013977
2009-08-19,0.0
2009-08-20,0.0014521374732778813
2009-08-21,-0.013171026722349155
2009-08-24,0.011517558696717556
2009-08-25,0.003616861233287638
2009-08-26,0.0029364513788563418
2009-08-27,-0.002528601076712267
2009-08-28,0.0029352760204042205
2009-08-31,0.0005986401936046715
2009-09-01,-0.0035896922275785448
2009-09-02,0.00934013769860842
2009-09-03,-0.003965874344077469
2009-09-04,-0.010949579101048212
2009-09-08,-0.004495415634967248
2009-09-09,-0.000741386152103285
2009-09-10,0.011736081920067809
2009-09-11,0.003533316283995447
2009-09-14,-0.006377435621050642
2009-09-15,-0.0032760421796705907
2009-09-16,0.0011403218046652785
2009-09-17,0.008040162013814633
2009-09-18,-0.005716157279278544
2009-09-21,0.0014706794272874024
2009-09-22,0.0013350179141526919
2009-09-23,0.0019331951253971358
2009-09-24,0.0018629318138201345
2009-09-25,0.008168376197110527
2009-09-28,0.005664948947578186
2009-09-29,-0.0005895039845372763
2009-09-30,-0.0005898517044672369
2009-10-01,0.006820086980440676
2009-10-02,-0.004494214466911561
2009-10-05,6.542758861405318e-05
2009-10-06,-0.006411484196221839
2009-10-07,0.007572229665170349
2009-10-08,-0.0067964650421176165
2009-10-09,-0.014804509044305636
2009-10-12,-9.348104814510538e-05
2009-10-13,0.0
2009-10-14,-0.00205737165491382
2009-10-15,-0.010211859826847136
2009-10-16,0.0025011437112520962
2009-10-19,0.008186402433581375
2009-10-20,-0.0062639455553390455
2009-10-21,0.002529153971028819
2009-10-22,0.0013584164937767707
2009-10-23,-0.0033332953812841293
2009-10-26,-0.012677773814885884
2009-10-27,-7.877646365372915e-05
2009-10-28,-0.008823659025868458
2009-10-29,0.006656554193725572
2009-10-30,0.0
2009-11-02,0.0
2009-11-03,0.0
2009-11-04,-0.0011733969261272792
2009-11-05,-0.0008257628965815389
2009-11-06,0.003099170041811705
2009-11-09,0.005217982433556534
2009-11-10,0.001366025375574953
2009-11-11,0.008253179469643879
2009-11-12,-0.009403317905587016
2009-11-13,0.010448666808748452
2009-11-16,0.012773708422878283
2009-11-17,0.002268933110950888
2009-11-18,0.0018643031710012803
2009-11-19,0.0003322917879020615
2009-11-20,0.004251922006380804
2009-11-23,0.008930924388265371
2009-11-24,0.0028850536050173403
2009-11-25,0.012356966111923606
2009-11-27,-0.010074905336494022
2009-11-30,0.003783920781602612
2009-12-01,0.01130897009783638
2009-12-02,0.011568111160763062
2009-12-03,-0.0030495520853561775
2009-12-04,-0.03152558509346648
2009-12-07,-0.0042310101389142485
2009-12-08,-0.014273426627169461
2009-12-09,-0.0007374128756996168
2009-12-10,-0.00013417400995163753
2009-12-11,-0.010064401127422573
2009-12-14,0.006235590172245509
2009-12-15,-0.000202074408939934
2009-12-16,0.009297301557956938
2009-12-17,-0.02836923658102719
2009-12-18,0.003421636692864105
2009-12-21,0.0
2009-12-22,0.0012920518626258204
2009-12-23,0.005170471796920317
2009-12-24,0.006546750679059965
2009-12-28,0.0037166682873999157
2009-12-29,-0.0029314671033727757
2009-12-30,0.00216637906090944
2009-12-31,-0.006485088023825525
2010-01-04,0.01041278730884998
2010-01-05,0.0
2010-01-06,-0.004306767156296298
2010-01-07,0.0004634352458705582
2010-01-08,0.00586746059298493
2010-01-11,-0.0029166171602399427
2010-01-12,-0.008929401292087413
2010-01-13,0.008854511584580615
2010-01-14,0.0006159156021710022
2010-01-15,-0.008309742529236108
2010-01-19,0.011482844428173156
2010-01-20,-0.010278601828956346
2010-01-21,-0.006665223788061891
2010-01-22,-0.020754022385380932
2010-01-25,0.0026044123353938797
2010-01-26,0.0
2010-01-27,0.0
2010-01-28,0.0
2010-01-29,0.0
2010-02-01,0.0
2010-02-02,0.0
2010-02-03,0.0
2010-02-04,0.0
2010-02-05,0.0
2010-02-08,0.0
2010-02-09,0.0
2010-02-10,0.0
2010-02-11,0.0
2010-02-12,0.0
2010-02-16,0.0
2010-02-17,0.0
2010-02-18,0.0
2010-02-19,0.0
2010-02-22,0.0
2010-02-23,0.0
2010-02-24,0.0
2010-02-25,0.0
2010-02-26,0.0
2010-03-01,0.0
2010-03-02,-0.002233426288283047
2010-03-03,0.0006610607523100942
2010-03-04,0.0022461217349307727
2010-03-05,0.01061221072177898
2010-03-08,0.0001304444011458461
2010-03-09,0.0012390601824230352
2010-03-10,0.0033217824959728137
2010-03-11,0.0031160327426003054
2010-03-12,6.471569258703624e-05
2010-03-15,0.00019413451421179673
2010-03-16,0.005952302888398542
2010-03-17,0.004437811965319671
2010-03-18,-0.00038419172201553664
2010-03-19,-0.006854052312771586
2010-03-22,0.003998915725161867
2010-03-23,0.005267822959659441
2010-03-24,-0.0036425908506815263
2010-03-25,-0.001218635942361157
2010-03-26,-0.0004495189365921748
2010-03-29,0.004754194430114156
2010-03-30,0.0005115350284348175
2010-03-31,-0.002556367470667009
2010-04-01,0.005125838468053701
2010-04-05,0.006119637886375928
2010-04-06,0.0017740379138966311
2010-04-07,-0.004300748100702911
2010-04-08,0.0026042985515908335
2010-04-09,0.004941649664645498
2010-04-12,0.0011978159877472638
2010-04-13,0.0005667077089577255
2010-04-14,0.008558732857692597
2010-04-15,0.0006239781303507552
2010-04-16,-0.01203526817163636
2010-04-19,0.0028403348009942153
2010-04-20,0.006734556575841211
2010-04-21,-0.0013754123912537164
2010-04-22,0.002253774691689747
2010-04-23,0.004934661735476631
2010-04-26,-0.0028592379674539092
2010-04-27,-0.017890311280290172
2010-04-28,0.005712398735174373
2010-04-29,0.009340366466917382
2010-04-30,-0.012817945460412039
2010-05-03,0.009754118494997854
2010-05-04,-0.017751624744120176
2010-05-05,-0.007246740089099091
2010-05-06,0.0
2010-05-07,0.002935899604333825
2010-05-10,-0.004518630146552183
2010-05-11,0.020011126640475663
2010-05-12,0.0047298094538059665
2010-05-13,-0.005314968658836072
2010-05-14,-0.001208619064326899
2010-05-17,-0.006432538989097458
2010-05-18,0.0008333108675988576
2010-05-19,-0.01831757485298502
2010-05-20,-0.00515416143504388
2010-05-21,-0.0040659948822797665
2010-05-24,0.010667424838822992
2010-05-25,0.0033879707532922243
2010-05-26,0.007207595370288811
2010-05-27,0.0014183098124946891
2010-05-28,0.0012296068283268458
2010-06-01,0.0066162908795150965
2010-06-02,-0.0008303833130491878
2010-06-03,-0.011635027915717466
2010-06-04,0.007955799096409644
2010-06-07,0.01475927566534918
2010-06-08,-0.003082824477130486
2010-06-09,-0.002806909272467184
2010-06-10,-0.010082427457674847
2010-06-11,0.006650850037128064
2010-06-14,-0.0026172294460334866
2010-06-15,0.00889632990729372
2010-06-16,-0.0041869085270800355
2010-06-17,0.010001643219090584
2010-06-18,0.005865871892956509
2010-06-21,-0.015300280000188349
2010-06-22,0.006750121702992606
2010-06-23,-0.0031626712553428638
2010-06-24,0.00222089383583568
2010-06-25,0.009243770567840981
2010-06-28,-0.010476511536684496
2010-06-29,0.001141160214441106
2010-06-30,0.002596346529975424
2010-07-01,-0.02930695265148453
2010-07-02,0.0064596365025650915
2010-07-06,0.0
2010-07-07,0.0
2010-07-08,0.0
2010-07-09,0.0
2010-07-12,0.0
2010-07-13,0.0
2010-07-14,0.0
2010-07-15,0.0
2010-07-16,0.0
2010-07-19,0.0
2010-07-20,0.0
2010-07-21,0.0
2010-07-22,0.0
2010-07-23,0.0
2010-07-26,0.006134237846831869
2010-07-27,-0.00024240431235478255
2010-07-28,-0.006932240062663131
2010-07-29,-0.005854549192241265
2010-07-30,0.0009037088553429662
2010-08-02,0.02008483282307072
2010-08-03,-0.004401666536499094
2010-08-04,0.008004953304081797
2010-08-05,-0.0015926752236871122
2010-08-06,-0.0027646533316061372
2010-08-09,0.00584959164254073
2010-08-10,-0.006710301859039647
2010-08-11,-0.02643651335731556
2010-08-12,-0.00674223620572767
2010-08-13,-0.006454798728267042
2010-08-16,0.006539334508074868
2010-08-17,0.00013124948356280086
2010-08-18,0.003083958095819961
2010-08-19,0.0011120447055983362
2010-08-20,-0.0027443527238555365
2010-08-23,-0.0012449093693054358
2010-08-24,0.0038049865170346475
2010-08-25,0.006535454265730545
2010-08-26,-0.002597207773668897
2010-08-27,0.0003254963533678712
2010-08-30,-0.0006507808799325332
2010-08-31,0.007619094656335035
2010-09-01,-0.0025204943338678065
2010-09-02,0.0038874819668361926
2010-09-03,-0.0027752400472620398
2010-09-07,0.005436486717748545
2010-09-08,6.437013260218727e-05
2010-09-09,-0.0074020887758268206
2010-09-10,0.0011023817465884989
2010-09-13,-0.0007125203665815372
2010-09-14,0.015582911880832162
2010-09-15,-0.0005361398057714961
2010-09-16,0.00440636797667926
2010-09-17,-0.0005563271655603108
2010-09-20,0.0020834121641672976
2010-09-21,0.007237104928019988
2010-09-22,0.0011975175941878469
2010-09-23,0.0006295185584439533
2010-09-24,0.0024535778051684165
2010-09-27,0.00018827480735494895
2010-09-28,0.007090349476194691
2010-09-29,0.0006230469349068901
2010-09-30,-0.0002490635956529097
2010-10-01,0.006228141094537509
2010-10-04,-0.0027853161505630997
2010-10-05,0.01570340530602876
2010-10-06,0.0050109522315706645
2010-10-07,-0.00875584586664191
2010-10-08,0.007913064158975525
2010-10-11,0.0038463515951216998
2010-10-12,-0.0020128098130755
2010-10-13,0.012818055445101617
2010-10-14,0.0040786568501958165
2010-10-15,-0.006391816488173996
2010-10-18,0.0036072530611863662
2010-10-19,-0.02498029851695116
2010-10-20,0.007434188144478382
2010-10-21,-0.011282444898658373
2010-10-22,-0.0011974981897602266
2010-10-25,0.0
2010-10-26,0.004518056642271562
2010-10-27,0.0021640363010944075
2010-10-28,0.0014845623102717198
2010-10-29,-0.0016171218022176248
2010-11-01,0.0005399137069661553
2010-11-02,0.007554713004422009
2010-11-03,0.003213457396370689
2010-11-04,0.00867523627964939
2010-11-05,0.0
2010-11-08,0.0008931417060171754
2010-11-09,-0.0038007274929475754
2010-11-10,0.003516645063946555
2010-11-11,-0.004363872191915141
2010-11-12,-0.011621588362418889
2010-11-15,-0.0026204072725741767
2010-11-16,-0.011654397168517017
2010-11-17,0.0020448249305249355
2010-11-18,0.011291608586162072
2010-11-19,0.0005380979167102229
2010-11-22,0.005915893753709156
2010-11-23,-0.01122755794444108
2010-11-24,0.014193809246316746
2010-11-26,-0.002025966677760338
2010-11-29,-0.0031786771921428203
2010-11-30,-0.00864195228305542
2010-12-01,0.014934266290738796
2010-12-02,0.007190804098199832
2010-12-03,0.001850972562886799
2010-12-06,-0.0003299201416709918
2010-12-07,0.00046204063485122404
2010-12-08,0.0026390128679685265
2010-12-09,0.0007238183726918646
2010-12-10,0.004734293489009778
2010-12-13,-0.0025523255151455038
2010-12-14,0.0012466224217986266
2010-12-15,-0.0030799107155362604
2010-12-16,0.005521527089279221
2010-12-17,-0.0007844581771073722
2010-12-20,0.0005233826899024852
2010-12-21,0.004315648455997856
2010-12-22,-6.51076313211707e-05
2010-12-23,-0.0018621994991812052
2010-12-27,0.00036530674940982166
2010-12-28,-0.0013041905325743564
2010-12-29,0.0015670724000771408
2010-12-30,-0.0016950055703033318
2010-12-31,-0.0026121284496619657
2011-01-03,0.01113062052159064
2011-01-04,-0.0005827814263568154
2011-01-05,0.006155168840732417
2011-01-06,0.002318216023349917
2011-01-07,-0.0006424595353857754
2011-01-10,0.0027000647309523007
2011-01-11,0.0010258262905944449
2011-01-12,0.005059826806446566
2011-01-13,0.0002549039922983276
2011-01-14,0.005415329447245654
2011-01-18,0.0020277314287751036
2011-01-19,-0.008220988971685439
2011-01-20,-0.005101005445937501
2011-01-21,-0.005511696045929271
2011-01-24,0.009924482019854741
2011-01-25,0.0010528879913311862
2011-01-26,0.003792784530847637
2011-01-27,0.0044452396120198134
2011-01-28,-0.018334491470616054
2011-01-31,0.003477771936504004
2011-02-01,0.013477795941468917
2011-02-02,-0.0012032031068492932
2011-02-03,0.001299756697107135
2011-02-04,0.0040208494966853525
2011-02-07,0.0034686785140527476
2011-02-08,0.00471366596367595
2011-02-09,-0.0011885263943856028
2011-02-10,0.001139837905215657
2011-02-11,0.005242289280466661
2011-02-14,0.001742465727505138
2011-02-15,-0.0009939627553958719
2011-02-16,0.004738457472818647
2011-02-17,-0.00025994309204946386
2011-02-18,-0.001609589923992516
2011-02-22,-0.02108241766849428
2011-02-23,-0.005954197288344232
2011-02-24,0.0037595943025023892
2011-02-25,0.010093839294853968
2011-02-28,0.0014945463548829974
2011-03-01,-0.01165864045782361
2011-03-02,0.0038097215210164403
2011-03-03,0.014232234852402437
2011-03-04,-0.003710822146462567
2011-03-07,-0.009734152697219445
2011-03-08,0.0029078619976081743
2011-03-09,-0.00491642622868893
2011-03-10,-0.011274969333247564
2011-03-11,0.004484539752266592
2011-03-14,-0.002551153395336847
2011-03-15,-0.01023071370134332
2011-03-16,-0.0030162157498230258
2011-03-17,-0.006868244004208268
2011-03-18,0.0024012996578832713
2011-03-21,-0.005270203908500526
2011-03-22,0.0029862165366727478
2011-03-23,-0.0011525131346081796
2011-03-24,-0.006730750563644139
2011-03-25,-0.002226518468491312
2011-03-28,0.0012612752130072291
2011-03-29,-0.006879825732757472
2011-03-30,-7.351076980144367e-05
2011-03-31,0.0
2011-04-01,0.0
2011-04-04,0.0
2011-04-05,0.0
2011-04-06,-0.001428470686275829
2011-04-07,0.0007958483432775054
2011-04-08,0.007034598409350501
2011-04-11,-0.006195797986329854
2011-04-12,-0.006295547041525573
2011-04-13,0.0017837624224184
2011-04-14,0.01172730963410018
2011-04-15,0.007525289928060452
2011-04-18,0.0053006394870982465
2011-04-19,0.0
2011-04-20,0.0034152656666370795
2011-04-21,0.001433112137798176
2011-04-25,0.0007751581860353518
2011-04-26,-0.002919487021562417
2011-04-27,0.016851142407487973
2011-04-28,0.0036434645565823764
2011-04-29,0.014930817224520165
2011-05-02,-0.011284330813692844
2011-05-03,-0.0031158518441370964
2011-05-04,-0.012584307213044932
2011-05-05,-0.0252522701050949
2011-05-06,0.011128834506828333
2011-05-09,0.012509945971324044
2011-05-10,0.003088845206187907
2011-05-11,-0.008053641778767662
2011-05-12,0.0002984937328760484
2011-05-13,-0.005729369490333092
2011-05-16,-0.0015606457531285312
2011-05-17,-0.0037874756172404656
2011-05-18,0.005189861283905861
2011-05-19,0.0003001782377431983
2011-05-20,0.011043244207357139
2011-05-23,0.0020183107743312334
2011-05-24,0.004502430896657028
2011-05-25,-5.8976972056923316e-05
2011-05-26,-0.0021232962196315874
2011-05-27,0.00874768059785147
2011-05-31,-0.00035156036215377995
2011-06-01,0.0015825780013880575
2011-06-02,-0.0023993768011650873
2011-06-03,0.004223673933639427
2011-06-06,0.0015188006683541921
2011-06-07,-0.00034996094101680253
2011-06-08,-0.0035591818082855164
2011-06-09,0.004391673973021204
2011-06-10,-0.007695549846548189
2011-06-13,-0.008636506815994816
2011-06-14,0.005333721960347537
2011-06-15,0.0026527121511190632
2011-06-16,-0.0008818979622656764
2011-06-17,0.0057079740066303675
2011-06-20,0.0005266000164609874
2011-06-21,0.004269063155899033
2011-06-22,0.0013393296129899923
2011-06-23,-0.01541658169836535
2011-06-24,-0.012279490089949663
2011-06-27,-0.0032818846414208735
2011-06-28,0.0
2011-06-29,0.0
2011-06-30,0.0
2011-07-01,0.0
2011-07-05,-0.0010406315749530437
2011-07-06,0.0009762067163023858
2011-07-07,0.008472524912154
2011-07-08,-0.005802367295423383
2011-07-11,-0.014772960358581555
2011-07-12,-0.0035172220888244343
2011-07-13,0.002724631764997598
2011-07-14,-0.0056197222039811034
2011-07-15,0.0047199190017752635
2011-07-18,-0.006675744345723822
2011-07-19,-0.008287841172796018
2011-07-20,0.008400167738700004
2011-07-21,-0.007288918632218033
2011-07-22,0.0079594485760206
2011-07-25,0.007468098567249282
2011-07-26,0.002612686872254688
2011-07-27,-0.0035149059209957922
2011-07-28,0.0007906026347950235
2011-07-29,0.005894451798194478
2011-08-01,-0.003443452759433141
2011-08-02,0.023035673984703298
2011-08-03,-0.0001777656329240429
2011-08-04,-0.005037588442945884
2011-08-05,0.0066118054035111395
2011-08-08,0.03177082327507774
2011-08-09,0.00855124728811485
2011-08-10,0.03394909351649256
2011-08-11,-0.021064612221392998
2011-08-12,-0.004382231023996042
2011-08-15,0.010326641902200784
2011-08-16,0.011840828286603822
2011-08-17,0.0027599678751168977
2011-08-18,0.018165651361583768
2011-08-19,0.012056561238090291
2011-08-22,0.024787446456613127
2011-08-23,-0.03607331933026181
2011-08-24,-0.03257774155832349
2011-08-25,0.003991334691404447
2011-08-26,0.02845187360597068
2011-08-29,-0.019381573100047733
2011-08-30,0.02876362846015046
2011-08-31,-0.007405756559306531
2011-09-01,0.0008109794554769234
2011-09-02,0.028998734069102916
2011-09-06,-0.0017744688992739066
2011-09-07,-0.0306087788046564
2011-09-08,0.02566167950081022
2011-09-09,-0.005871415091943777
2011-09-12,-0.021442839288168147
2011-09-13,0.010167932435112492
2011-09-14,-0.007158946359198337
2011-09-15,-0.01523435461119882
2011-09-16,0.008973718784338836
2011-09-19,-0.014841366884261742
2011-09-20,0.01368030509021434
2011-09-21,-0.011965805405719232
2011-09-22,-0.025106241302906507
2011-09-23,-0.05246990628062009
2011-09-26,-0.017454350777419858
2011-09-27,0.0
2011-09-28,0.0
2011-09-29,0.0
2011-09-30,0.0
2011-10-03,0.0
2011-10-04,0.0
2011-10-05,0.0
2011-10-06,0.0
2011-10-07,0.0
2011-10-10,0.0
2011-10-11,0.0
2011-10-12,0.0
2011-10-13,0.0
2011-10-14,0.0
2011-10-17,-0.01140123594965503
2011-10-18,0.01291860926043542
2011-10-19,-0.012651793296319158
2011-10-20,-0.00021299369420790804
2011-10-21,0.01278596999113546
2011-10-24,0.013377515199972212
2011-10-25,-0.0159282001638944
2011-10-26,0.003655419734911014
2011-10-27,0.025389468671868753
2011-10-28,0.0005184348932978367
2011-10-31,-0.016753476961402614
2011-11-01,-0.02196292760346852
2011-11-02,0.010078728549925753
2011-11-03,0.015797154852531303
2011-11-04,-0.004592044035545695
2011-11-07,0.00541116967643096
2011-11-08,0.009922161203129054
2011-11-09,-0.029432652087631905
2011-11-10,0.0036504263129188974
2011-11-11,0.015287239520691775
2011-11-14,-0.006414414182038586
2011-11-15,0.00650044028103669
2011-11-16,-0.013183644903110192
2011-11-17,-0.015927563001738143
2011-11-18,0.00023946718955603075
2011-11-21,0.0
2011-11-22,0.0
2011-11-23,0.0058698452482486285
2011-11-25,-0.008389078708185393
2011-11-28,-0.0002851702496532438
2011-11-29,-0.0047066513162111745
2011-11-30,-0.00893238298720922
2011-12-01,-0.004241359797015343
2011-12-02,-0.0026857211990879426
2011-12-05,0.0
2011-12-06,0.0
2011-12-07,0.0
2011-12-08,0.0
2011-12-09,0.0
2011-12-12,0.0
2011-12-13,0.0
2011-12-14,0.0
2011-12-15,0.0
2011-12-16,0.0
2011-12-19,0.0
2011-12-20,-0.010308404562490714
2011-12-21,-0.008477745219435229
2011-12-22,0.002544711877116246
2011-12-23,-0.006751752328786886
2011-12-27,-0.002590522613820312
2011-12-28,0.0
2011-12-29,0.0
2011-12-30,0.0
2012-01-03,0.0
2012-01-04,0.0014212223987373207
2012-01-05,0.0015608962042754637
2012-01-06,-0.0015126264395172173
2012-01-09,0.0014231047356989546
2012-01-10,0.005088391771462142
2012-01-11,0.0003192650256438334
2012-01-12,0.001413436709801319
2012-01-13,-0.0030505353438342597
2012-01-17,0.002283484764289634
2012-01-18,0.0065158874960455915
2012-01-19,0.003123676108859552
2012-01-20,0.0022113551866080883
2012-01-23,-0.0015310240832724364
2012-01-24,-0.0006764875201291654
2012-01-25,0.004964266745447032
2012-01-26,-0.0030536602585664596
2012-01-27,-0.00027026591132262023
2012-01-30,-0.0020275423104898493
2012-01-31,-0.00022574017670295987
2012-02-01,0.005193196377231812
2012-02-02,0.0009434234335545799
2012-02-03,0.008348160275737593
2012-02-06,-0.0004005989747016825
2012-02-07,0.00151398040342543
2012-02-08,0.0017784608609026087
2012-02-09,0.0007545040100322975
2012-02-10,-0.004434912723109807
2012-02-13,0.00445466879040568
2012-02-14,-0.0007539351629286539
2012-02-15,-0.0027961030960025335
2012-02-16,0.006631548227520323
2012-02-17,0.0015916978420218442
2012-02-21,0.00026486139436054934
2012-02-22,-0.0019418025834373465
2012-02-23,0.0026530643409692356
2012-02-24,0.0013230221077085158
2012-02-27,0.0010129767585966842
2012-02-28,0.0017599159566419331
2012-02-29,-0.0023717125267462835
2012-03-01,0.0031257762092391506
2012-03-02,-0.0018432890064016272
2012-03-05,-0.0024622573270640657
2012-03-06,-0.008815482153610499
2012-03-07,0.0004779464522346455
2012-03-08,0.0
2012-03-09,0.0
2012-03-12,0.0
2012-03-13,0.0
2012-03-14,0.0011160646029164667
2012-03-15,0.002631192792593051
2012-03-16,-0.0022099265561988934
2012-03-19,0.006506037123047648
2012-03-20,0.0016503784378201214
2012-03-21,0.00013730493138708333
2012-03-22,-0.0019220051386321657
2012-03-23,-0.000563956861442283
2012-03-26,0.016116247032700315
2012-03-27,0.001354452019705299
2012-03-28,-0.003679126293558932
2012-03-29,-0.0035026461766832773
2012-03-30,-0.0017711027827037595
2012-04-02,0.009553627748170923
2012-04-03,-0.00027037770486115775
2012-04-04,-0.012575963536204715
2012-04-05,0.005751801853828509
2012-04-09,-0.006944388078283681
2012-04-10,-0.014808599652187282
2012-04-11,0.004453686084479491
2012-04-12,0.010461324151768148
2012-04-13,-0.013918295554910642
2012-04-16,-0.010290555775659627
2012-04-17,0.002829930983361484
2012-04-18,0.0
2012-04-19,0.0
2012-04-20,0.0
2012-04-23,0.0
2012-04-24,-0.005272889778192069
2012-04-25,-0.004566581388671942
2012-04-26,0.005352119174596659
2012-04-27,0.0007605180701677483
2012-04-30,0.0002279820365918006
2012-05-01,-0.00676192548801402
2012-05-02,0.006272502848764905
2012-05-03,-0.00022805135874282012
2012-05-04,0.006995170259528116
2012-05-07,0.00015101256011607056
2012-05-08,0.004756177401129991
2012-05-09,0.0006011000963699331
2012-05-10,-0.002628233090454568
2012-05-11,0.007378444926384509
2012-05-14,0.012481379306773732
2012-05-15,0.0036170552751013663
2012-05-16,0.0025742995271025304
2012-05-17,0.01584631249820534
2012-05-18,0.00021737668035815005
2012-05-21,-0.0018779862732700714
2012-05-22,-0.009982688363298853
2012-05-23,0.006210757380651355
2012-05-24,-0.003412986263206519
2012-05-25,0.003351809213002932
2012-05-29,-0.0027596360979136314
2012-05-30,0.022720765849533198
2012-05-31,0.010395949319822684
2012-06-01,0.019450411035034865
2012-06-04,-0.00712017750710725
2012-06-05,-0.012044894884091106
2012-06-06,-0.01797048845628202
2012-06-07,0.0013634799723560853
2012-06-08,-0.0002149931725397014
2012-06-11,0.004085748686326163
2012-06-12,-0.008209634670098276
2012-06-13,0.008853423059525412
2012-06-14,-0.0011415580914998502
2012-06-15,0.005000024468701847
2012-06-18,0.0048330015009767635
2012-06-19,-0.01174146303801571
2012-06-20,0.0044374680804426525
2012-06-21,0.004774143301001121
2012-06-22,-0.011985023836487585
2012-06-25,0.01306351528911498
2012-06-26,-0.0035425990300872456
2012-06-27,0.0014220774622735188
2012-06-28,0.002201089946119117
2012-06-29,-0.011689748557449753
2012-07-02,0.0073118638674289915
2012-07-03,-0.006902965623127422
2012-07-05,0.0045861923474987965
2012-07-06,0.008345857178944094
2012-07-09,0.007923071790162162
2012-07-10,0.0018248262929922987
2012-07-11,0.0011209245338947849
2012-07-12,0.00636812010446719
2012-07-13,-0.0023642418454217218
2012-07-16,0.004182078937946754
2012-07-17,-0.007079925387663111
2012-07-18,0.0004893417354627783
2012-07-19,-0.0023057684441640802
2012-07-20,0.01099522048496926
2012-07-23,0.005056826437617401
2012-07-24,0.007099075496042051
2012-07-25,0.002326865550115187
2012-07-26,-0.008261680050831166
2012-07-27,-0.017005243722118202
2012-07-30,0.006723663023659121
2012-07-31,0.0018088301048155841
2012-08-01,-0.006388919285960193
2012-08-02,0.005102065246914034
2012-08-03,-0.01453313369685627
2012-08-06,0.0003528100600997952
2012-08-07,-0.011568088633225226
2012-08-08,0.0034279680851390104
2012-08-09,0.0006736378622345107
2012-08-10,0.0012902700611834295
2012-08-13,-0.0003921848637979952
2012-08-14,0.00011209678088852648
2012-08-15,0.0008966737328712782
2012-08-16,0.005823157791029043
2012-08-17,0.00105768705627729
2012-08-20,5.56089229659662e-05
2012-08-21,-0.002391050723783872
2012-08-22,0.000334434634889913
2012-08-23,-0.006463574631315194
2012-08-24,0.0047670522294234186
2012-08-27,0.00016745065619105937
2012-08-28,-0.0007813055654284362
2012-08-29,0.0006143629494568259
2012-08-30,-0.005693322310494908
2012-08-31,0.0037611447308085744
2012-09-04,-0.0007270398486580731
2012-09-05,-0.0006716019878610924
2012-09-06,0.016017271275253542
2012-09-07,0.003086806700728806
2012-09-10,-0.004506057625765503
2012-09-11,0.0022080263847461534
2012-09-12,0.002643794094578711
2012-09-13,0.012085438190035491
2012-09-14,0.003528059502013514
2012-09-17,-0.0027043508140396355
2012-09-18,-0.0006508041982327128
2012-09-19,0.0004341520134414356
2012-09-20,5.424545090848554e-05
2012-09-21,-0.004556370713926783
2012-09-24,-0.0011987973521280226
2012-09-25,-0.008456209535228854
2012-09-26,-0.004456738549557748
2012-09-27,0.007461149977324055
2012-09-28,-0.00367551751245232
2012-10-01,0.002092312202877311
2012-10-02,0.0008241882525239497
2012-10-03,0.0032391374675451168
2012-10-04,0.005691231363739391
2012-10-05,5.4413697555322216e-05
2012-10-08,-0.0027205368432985377
2012-10-09,-0.007856520060985805
2012-10-10,-0.0050591910079427205
2012-10-11,0.00044216665844709624
2012-10-12,-0.002596580996833686
2012-10-15,0.0006936330932467705
2012-10-16,0.0
2012-10-17,0.0
2012-10-18,0.0
2012-10-19,0.0
2012-10-22,0.0
2012-10-23,0.0
2012-10-24,0.0
2012-10-25,0.0
2012-10-26,0.0
2012-10-31,0.0
2012-11-01,0.0
2012-11-02,0.0
2012-11-05,0.0
2012-11-06,0.0
2012-11-07,0.0
2012-11-08,0.0
2012-11-09,0.0011052815285945705
2012-11-12,0.0014356908869812557
2012-11-13,0.0028672652673475962
2012-11-14,0.0008168764463512002
2012-11-15,-0.0016705091939183125
2012-11-16,-0.0007794219492204268
2012-11-19,-0.00484109479353434
2012-11-20,-0.008633031973821481
2012-11-21,-0.0004837894572879975
2012-11-23,-0.0008297547819663409
2012-11-26,0.004083015579703142
2012-11-27,0.0033771899217045487
2012-11-28,-0.0012364247382367077
2012-11-29,0.0001375505974321456
2012-11-30,-0.0023380385577465024
2012-12-03,-0.000896050920740854
2012-12-04,0.004967194420159471
2012-12-05,-0.0004118869458077379
2012-12-06,0.0018542549995632651
2012-12-07,-0.007951684436390383
2012-12-10,0.003800414906976801
2012-12-11,-0.006537435101742206
2012-12-12,-0.009979813062586329
2012-12-13,-0.0033830510543189085
2012-12-14,0.0
2012-12-17,0.0
2012-12-18,0.0
2012-12-19,-0.00990572711487947
2012-12-20,0.005694044375697427
2012-12-21,-0.015893984962838892
2012-12-24,-0.003049914515903862
2012-12-26,0.0005291890260481491
2012-12-27,0.0
2012-12-28,0.0
2012-12-31,0.0
2013-01-02,0.0
2013-01-03,-0.002807119999648222
2013-01-04,0.0037607433039044125
2013-01-07,-0.002341658189583873
2013-01-08,-0.002464512144108477
2013-01-09,0.002176481807083297
2013-01-10,0.006808745473717348
2013-01-11,-5.829913768029549e-05
2013-01-14,-0.0005830253666778695
2013-01-15,0.0005833654835527557
2013-01-16,-0.00011660507333544068
2013-01-17,0.005539386904055865
2013-01-18,0.0019136078680976887
2013-01-22,0.004630189011083585
2013-01-23,0.0013826547504931508
2013-01-24,0.00023012427599211627
2013-01-25,0.004831497950867014
2013-01-28,-0.0010303428899102185
2013-01-29,0.003380718327130161
2013-01-30,-0.003369327579631709
2013-01-31,-0.0021201114932850595
2013-02-01,0.00884299597431637
2013-02-04,-0.00967618236115031
2013-02-05,0.00867870340227106
2013-02-06,0.0006267837563369572
2013-02-07,-0.0011388929900769673
2013-02-08,0.004788804494192833
2013-02-11,-0.00017021361222435694
2013-02-12,0.00141868824858693
2013-02-13,0.0007366727802489148
2013-02-14,0.0007927559154865538
2013-02-15,-0.0010184502231864734
2013-02-19,0.006456760636160297
2013-02-20,-0.010748505451233181
2013-02-21,-0.005233543353100223
2013-02-22,0.008406286763014137
2013-02-25,-0.016388875815012804
2013-02-26,0.0028567158447889707
2013-02-27,0.0
2013-02-28,0.0
2013-03-01,0.0
2013-03-04,0.0
2013-03-05,0.0
2013-03-06,-0.006153544149061552
2013-03-07,0.0023056816250830448
2013-03-08,0.0010223900828980614
2013-03-11,0.0025533646725259818
2013-03-12,-0.003183577007593863
2013-03-13,-0.001149748034139697
2013-03-14,0.0029416271061173394
2013-03-15,-0.004463259828433541
2013-03-18,-0.0019214013542359076
2013-03-19,-0.0016684202118588676
2013-03-20,0.00615776051271788
2013-03-21,-0.009953106642307197
2013-03-22,0.008517445627348463
2013-03-25,-0.0031990573647117104
2013-03-26,0.004749799781745834
2013-03-27,0.0011626715433326051
2013-03-28,0.002156739572176436
2013-04-01,-0.005985124774276374
2013-04-02,0.00691793101671756
2013-04-03,-0.008015469057497504
2013-04-04,0.000256515426623638
2013-04-05,-0.0072959923528481685
2013-04-08,0.004637103368559048
2013-04-09,0.005914267269863993
2013-04-10,0.01706331517888815
2013-04-11,-0.00031417683900647475
2013-04-12,-0.0006285511542277744
2013-04-15,-0.0173589228276656
2013-04-16,0.011649040721491755
2013-04-17,-0.017145817321555845
2013-04-18,-0.012179261162796218
2013-04-19,0.0005222235246917784
2013-04-22,0.0
2013-04-23,0.0
2013-04-24,0.0
2013-04-25,0.0
2013-04-26,0.0
2013-04-29,0.0
2013-04-30,0.0038501230963965405
2013-05-01,-0.003900003731787116
2013-05-02,0.01055937347867042
2013-05-03,0.009862013565046901
2013-05-06,0.0032552346863810033
2013-05-07,-0.00046352464512311453
2013-05-08,0.004057721498744504
2013-05-09,-0.0011950769252963012
2013-05-10,0.00512706072345237
2013-05-13,0.001035133540537636
2013-05-14,0.004366044398828928
2013-05-15,0.0017159466790981348
2013-05-16,-0.000913603866664725
2013-05-17,0.00811564880477711
2013-05-20,-0.00124723194374321
2013-05-21,0.0009082105264481832
2013-05-22,-0.00738385706226119
2013-05-23,-0.0019311128918596543
2013-05-24,-0.00045795249805802296
2013-05-28,0.005497947775614076
2013-05-29,-0.003986999935624347
2013-05-30,0.00446044084850028
2013-05-31,-0.007742643312825814
2013-06-03,0.0014917613979819055
2013-06-04,-0.004354038131168747
2013-06-05,-0.01093269670625785
2013-06-06,-9.528065702535393e-05
2013-06-07,0.0
2013-06-10,0.0
2013-06-11,0.0
2013-06-12,0.0
2013-06-13,0.0
2013-06-14,0.0
2013-06-17,0.0
2013-06-18,0.0
2013-06-19,0.0
2013-06-20,0.0
2013-06-21,0.0
2013-06-24,0.0
2013-06-25,0.0
2013-06-26,0.0
2013-06-27,0.0
2013-06-28,0.0
2013-07-01,0.0
2013-07-02,0.0
2013-07-03,0.0
2013-07-05,0.0
2013-07-08,0.0
2013-07-09,0.0
2013-07-10,0.0
2013-07-11,0.0
2013-07-12,-0.00066682010644592
2013-07-15,0.0032557283077909727
2013-07-16,-0.0031944572680262517
2013-07-17,0.002187331185608432
2013-07-18,0.004669657286850537
2013-07-19,0.0015156368281101784
2013-07-22,0.0016646774644490936
2013-07-23,-0.0018129937295940923
2013-07-24,-0.0031280492234845303
2013-07-25,0.002075039505760934
2013-07-26,0.0009091065218009842
2013-07-29,-0.0026239223047674898
2013-07-30,0.0
2013-07-31,0.0006071135506566794
2013-08-01,0.009859609295760574
2013-08-02,0.0014519848661422863
2013-08-05,-0.0012498962610467679
2013-08-06,-0.004855666572355255
2013-08-07,-0.002766646919910132
2013-08-08,0.003127418080407285
2013-08-09,-0.002463963284737747
2013-08-12,-0.0010081834268409473
2013-08-13,0.0025230022161224497
2013-08-14,-0.004378975690681242
2013-08-15,-0.011930845607029394
2013-08-16,-0.00375185771016584
2013-08-19,-0.0026880701532140394
2013-08-20,0.0020805943052319975
2013-08-21,-0.0017931460904287988
2013-08-22,0.0034981888344673973
2013-08-23,0.009845578124800358
2013-08-26,0.0025656809990697305
2013-08-27,0.006048817570584841
2013-08-28,-0.00018499844188446524
2013-08-29,-0.0038856861254533692
2013-08-30,-0.005804826754801873
2013-09-03,0.008407756094439334
2013-09-04,-0.008152373898786758
2013-09-05,-0.011488453504290064
2013-09-06,0.00921253877185979
2013-09-09,-0.0011235006326291153
2013-09-10,-0.010169743933763908
2013-09-11,0.001393711383033791
2013-09-12,-0.0006078958365813847
2013-09-13,0.0006082655987063035
2013-09-16,-0.0025531625136421265
2013-09-17,0.006338299408898074
2013-09-18,0.01138553018606725
2013-09-19,0.0022754236647035686
2013-09-20,-0.006153593690044201
2013-09-23,-0.0018635198135852349
2013-09-24,0.0
2013-09-25,-0.0032521918120600457
2013-09-26,0.007371518054944737
2013-09-27,-0.001199602689890611
2013-09-30,-0.0022819825832370855
2013-10-01,0.009630323950419184
2013-10-02,-0.0003576924539347992
2013-10-03,-0.01109243375182456
2013-10-04,0.008201572117134237
2013-10-07,-0.007895593131332812
2013-10-08,-0.01832850465733693
2013-10-09,0.0007853822243448771
2013-10-10,0.0
2013-10-11,0.0
2013-10-14,0.0
2013-10-15,-0.004032707456529394
2013-10-16,0.009858735676633534
2013-10-17,0.004989717044393105
2013-10-18,0.0141392952828856
2013-10-21,0.0019157170430492698
2013-10-22,0.001274702725630128
2013-10-23,-0.0053044996965702085
2013-10-24,0.003839606975567289
2013-10-25,0.0062686201722172985
2013-10-28,0.00021117184298358183
2013-10-29,0.001477890811957927
2013-10-30,-0.0008432627850823993
2013-10-31,-0.0020044393837077568
2013-11-01,0.00021141739268593085
2013-11-04,0.0012682362289189175
2013-11-05,0.0009499723822974371
2013-11-06,-0.00021090462027939516
2013-11-07,-0.01645403061286632
2013-11-08,0.011796297716927917
2013-11-11,-0.0013778543320887016
2013-11-12,0.0013797554340908569
2013-11-13,0.010598879477605294
2013-11-14,0.0027268075594955032
2013-11-15,0.001673472184624547
2013-11-18,-0.008562216315357807
2013-11-19,-0.002527656876269768
2013-11-20,-0.002111718429834819
2013-11-21,0.008887986329843
2013-11-22,0.004719474622203901
2013-11-25,0.0020876914696252857
2013-11-26,0.004583352607035351
2013-11-27,0.0061178190556976375
2013-11-29,0.005256128227057566
2013-12-02,-0.0025630616638768755
2013-12-03,-0.0007195013923212423
2013-12-04,0.000822879368361118
2013-12-05,-0.0011305288426368687
2013-12-06,0.006379283622629295
2013-12-09,0.0035783809894043284
2013-12-10,-0.0006112494576018257
2013-12-11,-0.011315031272362663
2013-12-12,-0.002268284521028674
2013-12-13,-0.0011367206664066876
2013-12-16,0.004862424611373095
2013-12-17,-0.001750238922704317
2013-12-18,0.010210438550953826
2013-12-19,-0.002450239807544108
2013-12-20,0.0061406455730876885
2013-12-23,0.009256471740302086
2013-12-24,0.0004031461675870762
2013-12-26,0.0029216318703149113
2013-12-27,-0.002209953713176449
2013-12-30,-0.0013087740697194095
2013-12-31,0.005745991125266858
2014-01-02,-0.006915934568773263
2014-01-03,-0.0063585240906623985
2014-01-06,-0.0032503942322712476
2014-01-07,0.00815248436884941
2014-01-08,0.0019205577208032398
2014-01-09,-0.0029257584858086716
2014-01-10,0.0028331594023229822
2014-01-13,-0.013015894001090933
2014-01-14,0.016765556820357297
2014-01-15,0.00723912047451214
2014-01-16,9.98207256646122e-05
2014-01-17,-0.004990538124104882
2014-01-21,0.006720861803356959
2014-01-22,0.0022917589195998733
2014-01-23,-0.002982415786714432
2014-01-24,-0.0173497557483836
2014-01-27,-0.008523627000948775
2014-01-28,-0.0005117204644240481
2014-01-29,-0.009420477196367294
2014-01-30,0.009624373375119344
2014-01-31,0.0
2014-02-03,0.0
2014-02-04,0.0
2014-02-05,0.0
2014-02-06,0.0
2014-02-07,0.0
2014-02-10,0.0
2014-02-11,0.00546235875601675
2014-02-12,0.00047842874033454663
2014-02-13,0.007241313615371281
2014-02-14,0.011258643013842606
2014-02-18,0.0016767013848124623
2014-02-19,-0.0075660043294161206
2014-02-20,0.008973009972229828
2014-02-21,-0.00013373249774939477
2014-02-24,0.009429402108835694
2014-02-25,0.0014575107745757876
2014-02-26,-0.007276947643283682
2014-02-27,0.0005997509818533864
2014-02-28,-0.00386274519783103
2014-03-03,0.017850901203952496
2014-03-04,-0.010575248846312668
2014-03-05,0.0013941234870999963
2014-03-06,0.008485684495979529
2014-03-07,-0.007099551737376308
2014-03-10,0.0002648265101539149
2014-03-11,0.004831804220458258
2014-03-12,0.012515456557159244
2014-03-13,0.0029275474859478123
2014-03-14,0.00577313722771966
2014-03-17,-0.009416178829334876
2014-03-18,-0.006640958760714799
2014-03-19,-0.016582304423963135
2014-03-20,-0.0033430984167486244
2014-03-21,0.0
2014-03-24,0.0
2014-03-25,0.0
2014-03-26,0.0
2014-03-27,0.0
2014-03-28,0.0
2014-03-31,0.0
2014-04-01,0.0
2014-04-02,0.0
2014-04-03,0.0
2014-04-04,0.0
2014-04-07,0.0
2014-04-08,0.0
2014-04-09,0.0
2014-04-10,0.0
2014-04-11,0.0
2014-04-14,0.0
2014-04-15,0.0
2014-04-16,0.0
2014-04-17,0.0
2014-04-21,0.0
2014-04-22,0.0
2014-04-23,0.0
2014-04-24,0.0
2014-04-25,0.0
2014-04-28,0.0
2014-04-29,0.0
2014-04-30,0.0
2014-05-01,0.0
2014-05-02,0.0
2014-05-05,0.0
2014-05-06,0.0
2014-05-07,0.0
2014-05-08,0.0
2014-05-09,0.0
2014-05-12,0.0
2014-05-13,-0.0012481591007084125
2014-05-14,-0.003537140056237953
2014-05-15,-0.005363127391604605
2014-05-16,0.004461044936716396
2014-05-19,0.00471156828458974
2014-05-20,-0.0024600516773396475
2014-05-21,0.0064735609474839695
2014-05-22,0.0029862501958277665
2014-05-23,0.004962265094601959
2014-05-27,0.008515741358592566
2014-05-28,-0.002116608269461362
2014-05-29,0.004378066638840439
2014-05-30,7.515487451725811e-05
2014-06-02,-0.0006763430401797166
2014-06-03,-0.00030080035097035385
2014-06-04,0.002557572301894462
2014-06-05,0.005777372987513463
2014-06-06,0.003953790830697912
2014-06-09,-0.0005201422552804091
2014-06-10,0.0011895153006695747
2014-06-11,-0.00014851275438998446
2014-06-12,-0.006238462175580883
2014-06-13,0.0020178080039181534
2014-06-16,0.0005966650826187969
2014-06-17,0.0003726933035557156
2014-06-18,0.003874566332054963
2014-06-19,-0.0004453398472279435
2014-06-20,-0.0010395892807301133
2014-06-23,0.00014866730732920885
2014-06-24,-0.0006689034389079085
2014-06-25,0.00438796878247083
2014-06-26,0.0003702371720730735
2014-06-27,0.003034821207378302
2014-06-30,0.001180737145043853
2014-07-01,0.007592031178002001
2014-07-02,0.0011704584916487626
2014-07-03,0.004384087950713322
2014-07-07,-0.0021097266158089933
2014-07-08,-0.008383844890295422
2014-07-09,0.005146356185230294
2014-07-10,-0.0021942886313712773
2014-07-11,0.0044715320490618105
2014-07-14,0.004159716526964674
2014-07-15,-0.00239828076851456
2014-07-16,0.002768295793094122
2014-07-17,-0.009233659428456442
2014-07-18,0.01100620886046566
2014-07-21,-0.000870331056714635
2014-07-22,0.004428036729518414
2014-07-23,0.004459105184222212
2014-07-24,-0.0007698641042388488
2014-07-25,-0.002736203323513431
2014-07-28,0.00021660873740358966
2014-07-29,-0.001227183693242817
2014-07-30,0.0027464869347582077
2014-07-31,-0.014127290087944222
2014-08-01,-0.0025588804188241276
2014-08-04,0.000642808549025764
2014-08-05,0.0
2014-08-06,0.0
2014-08-07,0.0
2014-08-08,0.0
2014-08-11,0.0
2014-08-12,0.0
2014-08-13,0.0
2014-08-14,0.0
2014-08-15,0.0
2014-08-18,0.0
2014-08-19,0.0
2014-08-20,0.0
2014-08-21,0.0
2014-08-22,0.0
2014-08-25,0.0
2014-08-26,0.0
2014-08-27,0.0
2014-08-28,0.0
2014-08-29,0.0
2014-09-02,0.0
2014-09-03,0.0
2014-09-04,0.0
2014-09-05,0.0
2014-09-08,0.0
2014-09-09,0.0
2014-09-10,0.0
2014-09-11,0.0
2014-09-12,0.0
2014-09-15,0.0
2014-09-16,0.0
2014-09-17,0.0
2014-09-18,0.0
2014-09-19,0.0
2014-09-22,0.0
2014-09-23,0.0
2014-09-24,0.0
2014-09-25,0.0
2014-09-26,0.0
2014-09-29,0.0
2014-09-30,0.0
2014-10-01,0.0
2014-10-02,0.0
2014-10-03,0.0
2014-10-06,0.0
2014-10-07,0.0
2014-10-08,0.0
2014-10-09,0.0
2014-10-10,0.0
2014-10-13,0.0
2014-10-14,0.0
2014-10-15,0.0
2014-10-16,-0.01938491605883874
2014-10-17,-0.005258626089531315
2014-10-20,0.0041000185432069625
2014-10-21,0.0
2014-10-22,0.0
2014-10-23,0.0
2014-10-24,0.0
2014-10-27,0.0
2014-10-28,0.0
2014-10-29,-0.0028598990304065097
2014-10-30,0.00493612832989454
2014-10-31,0.008818183019467574
2014-11-03,0.00042171985161365555
2014-11-04,-0.002682540502412678
2014-11-05,0.004879985670732889
2014-11-06,0.003097316943441397
2014-11-07,0.0007242877860496044
2014-11-10,0.002437940456197829
2014-11-11,0.0007600035491626134
2014-11-12,-0.0008353690206581721
2014-11-13,0.0008740705112058045
2014-11-14,0.00018984938677268914
2014-11-17,0.0004935147121429839
2014-11-18,0.004477385423873104
2014-11-19,-0.0012465687919746005
2014-11-20,0.0013615905438881803
2014-11-21,0.00415475847092317
2014-11-24,0.0021816266981184995
2014-11-25,-0.000562985576872288
2014-11-26,0.0019903362355429
2014-11-28,-0.0016490724020825631
2014-12-01,-0.00540587891071842
2014-12-02,0.0050200677053997556
2014-12-03,0.003004506769826998
2014-12-04,-0.0008612081904866287
2014-12-05,0.0012741877094371024
2014-12-08,-0.0052025501396062435
2014-12-09,-0.0005267382378807417
2014-12-10,-0.012460160152696576
2014-12-11,0.0015791995324927477
2014-12-12,0.0
2014-12-15,0.0
2014-12-16,0.0
2014-12-17,0.0
2014-12-18,0.0
2014-12-19,0.0
2014-12-22,0.0
2014-12-23,0.0
2014-12-24,0.0
2014-12-26,0.0
2014-12-29,0.0
2014-12-30,0.0
2014-12-31,0.0
2015-01-02,0.0
2015-01-05,0.0
2015-01-06,0.0
2015-01-07,0.0039915546103548305
2015-01-08,-0.01236920586042023
2015-01-09,0.010220832967381632
2015-01-12,0.005343710103114407
2015-01-13,0.0
2015-01-14,0.007087075527056896
2015-01-15,0.014707752895942283
2015-01-16,-0.01192854592334791
2015-01-20,0.012423500272792154
2015-01-21,-0.010815163477739698
2015-01-22,-0.0033641261831660607
2015-01-23,0.013009669166295534
2015-01-26,-0.002846195910220728
2015-01-27,0.001461968710697814
2015-01-28,0.015293504059090024
2015-01-29,-0.006162191970800368
2015-01-30,0.016603293403107067
2015-02-02,-0.005421452719652664
2015-02-03,-0.019828031000328483
2015-02-04,0.0015988663334502995
2015-02-05,-0.010271933826939805
2015-02-06,-0.016549566205397825
2015-02-09,-0.0014974124170918923
2015-02-10,-0.007426877831348655
2015-02-11,-0.001004861073241825
2015-02-12,0.002879583068527536
2015-02-13,0.006013382157097125
2015-02-17,0.0006568612682247288
2015-02-18,0.0009846451270898449
2015-02-19,0.0034756571601650688
2015-02-20,0.0047052934759055365
2015-02-23,0.0007154976545948877
2015-02-24,0.0005199898790755331
2015-02-25,-0.0017540537516818056
2015-02-26,0.0035793508308832322
2015-02-27,-0.0031126558016409955
2015-03-02,0.006374848303573932
2015-03-03,-0.003296508356056438
2015-03-04,-0.002723750453470508
2015-03-05,0.0012355381217081796
2015-03-06,-0.007988613393618671
2015-03-09,0.002029604089913928
2015-03-10,-0.013067697682266233
2015-03-11,0.00032540050252483077
2015-03-12,0.0
2015-03-13,0.0
2015-03-16,0.0
2015-03-17,0.0
2015-03-18,0.0
2015-03-19,-0.003005530721913563
2015-03-20,0.004068729365791723
2015-03-23,-0.0009396502933833872
2015-03-24,0.007465489152803206
2015-03-25,-0.006534951853289339
2015-03-26,-0.012039976469437996
2015-03-27,0.009571021268813817
2015-03-30,-0.0038274443584099815
2015-03-31,0.0016550799886496659
2015-04-01,0.0084977754435418
2015-04-02,-0.008192111402558155
2015-04-06,-0.004306883414347817
2015-04-07,0.006458642540490445
2015-04-08,0.00023549343722395477
2015-04-09,-0.010006114707671987
2015-04-10,0.0011296337118262834
2015-04-13,0.0010689717594041248
2015-04-14,0.005457799203737679
2015-04-15,-0.0006490207234850498
2015-04-16,-0.00383761314741915
2015-04-17,0.00883087963773077
2015-04-20,-0.006814865973583495
2015-04-21,-0.003489965478379209
2015-04-22,-0.011753105469965441
2015-04-23,-0.00028691912495137917
2015-04-24,0.0018516620883499701
2015-04-27,-0.002354847892714007
2015-04-28,-0.0018546049425303135
2015-04-29,-0.00582752325500413
2015-04-30,-0.014611729903936554
2015-05-01,0.0026896043318638263
2015-05-04,0.0
2015-05-05,0.0
2015-05-06,0.0
2015-05-07,0.0
2015-05-08,0.0
2015-05-11,0.0
2015-05-12,0.0
2015-05-13,0.0
2015-05-14,0.0
2015-05-15,0.0045602249710188225
2015-05-18,-7.403359262370124e-05
2015-05-19,-0.012068369062361195
2015-05-20,0.0014239268811617745
2015-05-21,-0.0029186413505092323
2015-05-22,-0.0006755041737622758
2015-05-26,-0.012693041465356991
2015-05-27,-0.0018542752055995537
2015-05-28,-0.001206588613388515
2015-05-29,-0.005287987392829319
2015-06-01,0.002980237237769412
2015-06-02,-0.0028107665817915795
2015-06-03,0.002657621301688229
2015-06-04,-0.006746923454984066
2015-06-05,-0.002102518985006685
2015-06-08,-0.008995051009200394
2015-06-09,-0.0030084179984439796
2015-06-10,0.0
2015-06-11,0.0
2015-06-12,0.0
2015-06-15,0.0
2015-06-16,0.0
2015-06-17,0.0
2015-06-18,0.0
2015-06-19,0.0
2015-06-22,0.0
2015-06-23,0.0
2015-06-24,0.0
2015-06-25,0.0
2015-06-26,0.0
2015-06-29,0.0
2015-06-30,0.0
2015-07-01,0.0
2015-07-02,0.0
2015-07-06,0.0
2015-07-07,0.0
2015-07-08,0.0008670523750717862
2015-07-09,-0.013692124192793531
2015-07-10,-0.01095346662217811
2015-07-13,-0.004591951533328031
2015-07-14,0.0
2015-07-15,0.0
2015-07-16,0.0
2015-07-17,0.004771182755199499
2015-07-20,0.002906659860741456
2015-07-21,-0.0005201961468733751
2015-07-22,-0.009591461290727632
2015-07-23,-0.003153043646553444
2015-07-24,-0.008284091557511863
2015-07-27,-0.006986388823681522
2015-07-28,0.002000243937325008
2015-07-29,-0.003083792638078786
2015-07-30,0.006392885786152824
2015-07-31,0.006147364266378075
2015-08-03,0.006924445744891816
2015-08-04,-0.006607148014977193
2015-08-05,-0.006243883007975626
2015-08-06,0.007375829521634847
2015-08-07,0.010914942807274786
2015-08-10,-0.010327654320284485
2015-08-11,0.013213691059895893
2015-08-12,-0.004547758564710569
2015-08-13,-0.002687373623300404
2015-08-14,0.0019535959190362107
2015-08-17,0.0037651055901199992
2015-08-18,-0.006564219802038362
2015-08-19,0.00822577966092819
2015-08-20,0.008426165573336197
2015-08-21,0.002519990679283435
2015-08-24,-0.0002645953988278382
2015-08-25,-0.013431770475179072
2015-08-26,-0.016096125143406748
2015-08-27,-0.0015799788384633917
2015-08-28,0.0
2015-08-31,0.0
2015-09-01,0.0
2015-09-02,0.0
2015-09-03,0.0
2015-09-04,0.0
2015-09-08,0.0
2015-09-09,0.0
2015-09-10,0.0
2015-09-11,0.0
2015-09-14,0.0
2015-09-15,0.0
2015-09-16,0.0
2015-09-17,0.0
2015-09-18,0.0
2015-09-21,0.0
2015-09-22,0.0
2015-09-23,0.0
2015-09-24,0.0
2015-09-25,-0.001406793204834056
2015-09-28,-0.011525759402044145
2015-09-29,-0.003690983209537646
2015-09-30,-0.0094300360927978
2015-10-01,0.00011089509857087343
2015-10-02,0.0
2015-10-05,-0.006137220709968028
2015-10-06,0.0033610370484680185
2015-10-07,-0.0025913379452211505
2015-10-08,-0.0065268598448909865
2015-10-09,0.0020410841521003587
2015-10-12,0.005919817970398533
2015-10-13,0.00132886644264274
2015-10-14,0.0068251006292536776
2015-10-15,-0.0038287860976004007
2015-10-16,0.0002520329209700911
2015-10-19,-0.0021417400392487185
2015-10-20,-0.0047976943252943105
2015-10-21,0.007738689811429111
2015-10-22,0.0013218402460606349
2015-10-23,-0.006663338135403873
2015-10-26,0.005189235433215256
2015-10-27,0.0019516565220136783
2015-10-28,-0.003141701577647815
2015-10-29,-0.012417315716308663
2015-10-30,0.001645337668253255
2015-11-02,0.0
2015-11-03,0.003243318551784391
2015-11-04,-0.0025232562901564837
2015-11-05,-0.0008300378684803489
2015-11-06,-0.000435142925739207
2015-11-09,-0.00775683109789338
2015-11-10,0.0019144824223968904
2015-11-11,-0.0032643246461054876
2015-11-12,-0.011582371393211388
2015-11-13,-0.0028054691101583318
2015-11-16,0.0
2015-11-17,0.0
2015-11-18,0.0
2015-11-19,0.0
2015-11-20,0.0
2015-11-23,0.0
2015-11-24,0.0
2015-11-25,0.0
2015-11-27,0.0
2015-11-30,0.0
2015-12-01,0.0
2015-12-02,0.0
2015-12-03,0.0
2015-12-04,0.0
2015-12-07,0.0
2015-12-08,0.0
2015-12-09,0.0
2015-12-10,0.0
2015-12-11,0.0
2015-12-14,-0.00831009043361175
2015-12-15,-0.005784048456078161
2015-12-16,-0.0021008354990192935
2015-12-17,0.011093091813601186
2015-12-18,0.0054456510630278565
2015-12-21,-0.0002389480837180491
2015-12-22,-0.007090487408681234
2015-12-23,-0.007381833399001003
2015-12-24,0.0035566970051343905
2015-12-28,0.0028997114274327274
2015-12-29,-0.016303874019330533
2015-12-30,-0.002938350609939522
2015-12-31,0.0
2016-01-04,0.0
2016-01-05,0.0
2016-01-06,0.0
2016-01-07,0.0018746391682147312
2016-01-08,-0.00410673972005593
2016-01-11,-0.00824734915647829
2016-01-12,-0.004688771052123619
2016-01-13,0.004533090920926464
2016-01-14,-0.015042115791229826
2016-01-15,0.016126216993417763
2016-01-19,0.0007380376837122782
2016-01-20,0.009285608337004758
2016-01-21,-0.005994056065618647
2016-01-22,-0.0033656938220000265
2016-01-25,0.0047841682935021446
2016-01-26,0.0004201225594571145
2016-01-27,-0.00020997306530690096
2016-01-28,0.0012601029795269447
2016-01-29,0.007481185092451659
2016-02-01,-0.004372101414323759
2016-02-02,0.01638024836683072
2016-02-03,-0.007338041798561901
2016-02-04,0.004283381082796911
2016-02-05,0.001031881931325973
2016-02-08,0.01903577699082648
2016-02-09,0.0009441248813346625
2016-02-10,0.007815370331187177
2016-02-11,0.0062171814658114055
2016-02-12,-0.014749314655901902
2016-02-16,-0.009373179218129413
2016-02-17,-0.005445678845004243
2016-02-18,0.010882549574443123
2016-02-19,0.0007109222871279908
2016-02-22,-0.0004397820982794398
2016-02-23,0.003587493285910792
2016-02-24,-0.001753611297915847
2016-02-25,0.0031755583489225803
2016-02-26,-0.008553601588279114
2016-02-29,0.0038721387680002994
2016-03-01,-0.017255908793951558
2016-03-02,0.0036494976179586303
2016-03-03,0.0032245788513904916
2016-03-04,-0.00567616579126673
2016-03-07,-0.00027511173845373715
2016-03-08,0.009769154324140716
2016-03-09,-0.005382370842184181
2016-03-10,-0.0036304983420359926
2016-03-11,-0.008937443306401893
2016-03-14,0.0027563635804446207
2016-03-15,-0.001079125589998231
2016-03-16,0.0038301239129028275
2016-03-17,0.004206844399406773
2016-03-18,-0.0008118645345952524
2016-03-21,0.000942528065239534
2016-03-22,-0.00035717399891732615
2016-03-23,-0.004385065308935898
2016-03-24,-0.00029362525317400134
2016-03-28,0.0003916153257144117
2016-03-29,0.006132905029924363
2016-03-30,0.002918068934255613
2016-03-31,-0.0016164325463219331
2016-04-01,0.004533338966349998
2016-04-04,-0.002159735691357967
2016-04-05,-0.0066547538888904745
2016-04-06,0.007252194175267457
2016-04-07,-0.007974864114904112
2016-04-08,0.0017900549033971203
2016-04-11,-0.0015594382537810203
2016-04-12,0.006182417519597694
2016-04-13,0.006726533990392358
2016-04-14,3.21230290760699e-05
2016-04-15,-0.0007388059360652344
2016-04-18,0.004693279016551255
2016-04-19,0.0021117084445230194
2016-04-20,0.0006385631905736489
2016-04-21,-0.003605579636304257
2016-04-22,0.0
2016-04-25,-0.0011528368833049196
2016-04-26,0.0009938664153732457
2016-04-27,0.0013772201259141248
2016-04-28,-0.006077021857231246
2016-04-29,-0.0036041469429588524
2016-05-02,-0.002795635883825587
2016-05-03,-0.0017059199303117722
2016-05-04,-0.004577236784219507
2016-05-05,-0.0008583463877137598
2016-05-06,0.0068113071062951835
2016-05-09,-0.015419841873653972
2016-05-10,0.0020427831152702858
2016-05-11,0.007042500823706721
2016-05-12,-0.005889053346394557
2016-05-13,0.003393923811417565
2016-05-16,0.0005534908452002885
2016-05-17,0.0025815284252512782
2016-05-18,-0.012997019875018001
2016-05-19,-0.007571511121236885
2016-05-20,0.0
2016-05-23,0.0
2016-05-24,0.0
2016-05-25,0.0
2016-05-26,0.000715955764762688
2016-05-27,0.004052792949469142
2016-05-31,0.001487107306534563
2016-06-01,7.070948105858399e-05
2016-06-02,0.001626203076371402
2016-06-03,-0.003670663797471274
2016-06-06,0.0028339901616050156
2016-06-07,-0.0019781869507672356
2016-06-08,0.0013450018101932582
2016-06-09,-0.0012725007254565934
2016-06-10,-0.008848069768646716
2016-06-13,-0.005058519808151418
2016-06-14,0.0
2016-06-15,0.0
2016-06-16,-0.021732483728062246
2016-06-17,0.011964177148755972
2016-06-20,-0.005572495970462277
2016-06-21,-0.017947057812742306
2016-06-22,-0.0010085956011551822
2016-06-23,0.0
2016-06-24,0.0
2016-06-27,0.0006614566549276724
2016-06-28,-0.00791860441390757
2016-06-29,0.003051868224866583
2016-06-30,0.0036862059192577235
2016-07-01,0.01130948469368942
2016-07-05,0.006110304764325392
2016-07-06,0.004354366719540259
2016-07-07,-0.0027952491084339837
2016-07-08,0.004462052762431501
2016-07-11,-0.007005057037421936
2016-07-12,-0.012273637743901888
2016-07-13,0.00679373721547516
2016-07-14,-0.005709756290828483
2016-07-15,-0.0028422696594987418
2016-07-18,0.0011634168094001307
2016-07-19,0.0009877551170835996
2016-07-20,-0.010564355081220778
2016-07-21,0.01120514335774514
2016-07-22,-0.005511481898076043
2016-07-25,-0.005133666817320637
2016-07-26,0.0031078220378470967
2016-07-27,0.011866665302527668
2016-07-28,-0.0021375244477461752
2016-07-29,0.007642098066110048
2016-08-01,0.0013789344235646261
2016-08-02,0.006024530670368788
2016-08-03,-0.0035360389445731055
2016-08-04,0.0012591759918065826
2016-08-05,-0.01326188414020757
2016-08-08,-0.0006372473310589655
2016-08-09,0.003014362823305916
2016-08-10,0.0034676581700963105
2016-08-11,-0.005125918020805642
2016-08-12,-0.0015630659294080251
2016-08-15,0.002551206255204219
2016-08-16,0.0036435680082755884
2016-08-17,0.0001728733626358281
2016-08-18,0.0035144841462344534
2016-08-19,-0.0065450498648779165
2016-08-22,-0.001098028294084008
2016-08-23,-0.00011570897742418929
2016-08-24,-0.008216288095408975
2016-08-25,-0.0006417457897679446
2016-08-26,0.003054054596860478
2016-08-29,0.0
2016-08-30,0.0
2016-08-31,0.0
2016-09-01,0.0
2016-09-02,0.0
2016-09-06,0.0
2016-09-07,0.0
2016-09-08,0.0
2016-09-09,0.0
2016-09-12,0.0
2016-09-13,0.0
2016-09-14,0.0
2016-09-15,0.0
2016-09-16,0.0
2016-09-19,0.0
2016-09-20,0.0
2016-09-21,0.0
2016-09-22,0.0
2016-09-23,0.0
2016-09-26,0.0
2016-09-27,0.0
2016-09-28,0.0
2016-09-29,0.0
2016-09-30,0.0
2016-10-03,0.0
2016-10-04,0.0
2016-10-05,0.0
2016-10-06,0.0
2016-10-07,0.0
2016-10-10,0.0
2016-10-11,0.0
2016-10-12,0.0
2016-10-13,0.0
2016-10-14,0.0
2016-10-17,0.0
2016-10-18,0.0
2016-10-19,0.0
2016-10-20,0.0
2016-10-21,0.0
2016-10-24,0.0
2016-10-25,0.0
2016-10-26,0.0
2016-10-27,0.0
2016-10-28,0.0
2016-10-31,0.0
2016-11-01,0.0
2016-11-02,0.0
2016-11-03,0.0
2016-11-04,0.0
2016-11-07,0.0
2016-11-08,0.0
2016-11-09,0.0
2016-11-10,0.0
2016-11-11,0.0
2016-11-14,0.0
2016-11-15,0.0
2016-11-16,0.0
2016-11-17,0.0
2016-11-18,0.0
2016-11-21,0.0
2016-11-22,0.0
2016-11-23,0.0
2016-11-25,0.0
2016-11-28,0.0
2016-11-29,0.0
2016-11-30,0.0
2016-12-01,0.0
2016-12-02,0.0
2016-12-05,0.0
2016-12-06,0.0
2016-12-07,0.0
2016-12-08,0.0
2016-12-09,0.0
2016-12-12,0.0
2016-12-13,0.0
2016-12-14,-0.0035367776039609833
2016-12-15,0.0014330365093300212
2016-12-16,-0.006025203597289419
2016-12-19,0.0037128076251993214
2016-12-20,0.003472599777701868
2016-12-21,-0.0006770705007669298
2016-12-22,-0.002559554890897653
2016-12-23,0.0006037936526195331
2016-12-27,0.00467657712022107
2016-12-28,-0.007057290380835246
2016-12-29,-0.001285389842500928
2016-12-30,-0.009312143300740483
2017-01-03,0.008100532423442663
2017-01-04,0.0049273931104940605
2017-01-05,0.0051295360136418555
2017-01-06,0.007955234769781327
2017-01-09,0.002978282448732772
2017-01-10,0.002004371069716848
2017-01-11,0.0024448864034116724
2017-01-12,-0.0014042286890019184
2017-01-13,0.0031084494443132105
2017-01-17,-0.0027299101513448276
2017-01-18,0.0018495830816742664
2017-01-19,-0.00044308042554297433
2017-01-20,0.001994745747737836
2017-01-23,0.0007373239475751969
2017-01-24,0.006115279822615616
2017-01-25,0.009153780837741543
2017-01-26,0.0009433579155149197
2017-01-27,0.0017399424555395449
2017-01-30,-0.007092424616084614
2017-01-31,-0.001822215922967052
2017-02-01,0.00627986604691122
2017-02-02,-0.0007982259285126414
2017-02-03,0.002614462697956066
2017-02-06,0.0010865187946225152
2017-02-07,0.0033283746285863725
2017-02-08,0.0015144347676623315
2017-02-09,0.003312317012548638
2017-02-10,0.003014305112136073
2017-02-13,0.005151850941603087
2017-02-14,0.003061029898139056
2017-02-15,0.005393682155765855
2017-02-16,-0.00028235507467022636
2017-02-17,0.003954087502057169
2017-02-21,0.004501159167997093
2017-02-22,0.0003500773063229712
2017-02-23,-0.0034295569918909585
2017-02-24,0.0017557955764502253
2017-02-27,0.0011217396234592947
2017-02-28,-0.0028012068339487994
2017-03-01,0.00997221850715091
2017-03-02,-0.004589210192285531
2017-03-03,0.0016764975057264042
2017-03-06,-0.002022377308905532
2017-03-07,-0.0015373263226959866
2017-03-08,0.00160967939441381
2017-03-09,0.0006987358655419218
2017-03-10,0.0038403638605144508
2017-03-13,0.0015302687553808703
2017-03-14,-0.002222444524955014
2017-03-15,0.0056380930528285855
2017-03-16,-0.0006229425754405993
2017-03-17,-0.0022162875547775407
2017-03-20,0.0008329538984004348
2017-03-21,-0.013871011060601068
2017-03-22,0.006189093855996086
2017-03-23,-0.002306634220317516
2017-03-24,0.0018916094313055076
2017-03-27,0.0014684740006352115
2017-03-28,0.005585983797111949
2017-03-29,0.0042356523598456874
2017-03-30,0.0015211691826633178
2017-03-31,-0.000621351303362494
2017-04-03,-0.0005526556629720236
2017-04-04,0.001451523307877789
2017-04-05,-0.0037270785645648896
2017-04-06,0.0004849472504271368
2017-04-07,-0.0004847121905829921
2017-04-10,0.00034639089316246263
2017-04-11,-0.003947488807875321
2017-04-12,-0.0036850186191839107
2017-04-13,-0.003628862391470533
2017-04-17,0.007564317912613694
2017-04-18,-0.0013902830703144131
2017-04-19,0.0014618295807480308
2017-04-20,0.007646025379748567
2017-04-21,-0.00020694565318579716
2017-04-24,0.01103938605619792
2017-04-25,0.006619552006451812
2017-04-26,-0.001288086722565418
2017-04-27,0.005498399495796447
2017-04-28,0.0016202466428378859
2017-05-01,0.008155529521645999
2017-05-02,0.0015376839926202202
2017-05-03,-0.00293713994063749
2017-05-04,0.00033474910731823293
2017-05-05,0.0033463708785193003
2017-05-08,0.0020011260172831946
2017-05-09,0.003195407215138779
2017-05-10,0.0005308715185092794
2017-05-11,-0.0007295610347760606
2017-05-12,0.0020575367420938573
2017-05-15,0.0029143782903013893
2017-05-16,0.0038305168982901705
2017-05-17,-0.023355939831127936
2017-05-18,0.008016404866640459
2017-05-19,0.0038760830620305775
2017-05-22,0.007722234103252346
2017-05-23,0.0009248518485964752
2017-05-24,0.004223987602270274
2017-05-25,0.007820941388507752
2017-05-26,0.0016303043984067234
2017-05-30,0.0007812723994062853
2017-05-31,-0.0003252760372293162
2017-06-01,0.0035792006377206587
2017-06-02,0.010504774093333502
2017-06-05,-0.00019251057349523037
2017-06-06,-0.0036584051780859106
2017-06-07,0.0036074200352382846
2017-06-08,0.0009627999997157133
2017-06-09,-0.02302084885325928
2017-06-12,-0.004922694135226835
2017-06-13,0.007453550714128898
2017-06-14,-0.003993829958971018
2017-06-15,-0.004075579753770042
2017-06-16,-0.006468407929646425
2017-06-19,0.015346227206203267
2017-06-20,-0.007197276205139436
2017-06-21,0.00909476770344897
2017-06-22,-0.00026124053320819574
2017-06-23,0.0035276687683805097
2017-06-26,-0.004296438748565223
2017-06-27,-0.016671505083531213
2017-06-28,0.013230890671372508
2017-06-29,-0.015945342649082095
2017-06-30,0.0003334098037082178
2017-07-03,-0.009665661681180215
2017-07-05,0.0016387652908094186
2017-07-06,0.0
2017-07-07,0.0
2017-07-10,0.0
2017-07-11,0.0
2017-07-12,0.0
2017-07-13,0.0
2017-07-14,0.0
2017-07-17,0.0
2017-07-18,0.0
2017-07-19,0.00196193186240623
2017-07-20,0.0012140852505875266
2017-07-21,-0.00038293043210091415
2017-07-24,0.004213848363888495
2017-07-25,-0.002352396290013048
2017-07-26,0.002995225027339732
2017-07-27,-0.005781947245370067
2017-07-28,-0.0007668886917658879
2017-07-31,-0.0039013427454441807
2017-08-01,0.002118828746003887
2017-08-02,0.0024987758580685693
2017-08-03,-0.0035790426221838922
2017-08-04,0.0016676670116140269
2017-08-07,0.005827116850104508
2017-08-08,-0.0015915819435396994
2017-08-09,-0.0012115305272013543
2017-08-10,-0.019727212378181425
2017-08-11,0.00044804241129514644
2017-08-14,0.0
2017-08-15,0.0
2017-08-16,0.0
2017-08-17,0.0
2017-08-18,0.0
2017-08-21,0.0
2017-08-22,0.0
2017-08-23,0.0
2017-08-24,0.0
2017-08-25,0.0
2017-08-28,0.0
2017-08-29,0.0
2017-08-30,0.0
2017-08-31,0.0
2017-09-01,-0.003275428401454339
2017-09-05,-0.008501067583695177
2017-09-06,0.0028798017995159686
2017-09-07,0.0022189113655914916
2017-09-08,-0.008204818707004735
2017-09-11,0.010898946942192955
2017-09-12,0.002273195305796616
2017-09-13,0.0012960226336025116
2017-09-14,-0.005565684071962451
2017-09-15,0.0032539734205738746
2017-09-18,-0.0033082878083890987
2017-09-19,0.0016270926006083375
2017-09-20,-0.00292400904760981
2017-09-21,-0.005799999367008701
2017-09-22,-0.0009176820060443625
2017-09-25,-0.009972556272498156
2017-09-26,0.003754355782993768
2017-09-27,0.0
2017-09-28,0.0
2017-09-29,0.0
2017-10-02,0.0
2017-10-03,0.0
2017-10-04,0.0
2017-10-05,0.0
2017-10-06,0.0
2017-10-09,0.0
2017-10-10,0.0
2017-10-11,0.0
2017-10-12,0.0
2017-10-13,0.0
2017-10-16,0.0
2017-10-17,0.0
2017-10-18,0.0
2017-10-19,0.0
2017-10-20,0.0
2017-10-23,0.0
2017-10-24,0.0
2017-10-25,0.0
2017-10-26,0.0
2017-10-27,0.0
2017-10-30,0.0
2017-10-31,0.0
2017-11-01,0.0
2017-11-02,0.0
2017-11-03,0.0
2017-11-06,0.0
2017-11-07,0.0
2017-11-08,0.0
2017-11-09,0.0
2017-11-10,0.0
2017-11-13,0.0
2017-11-14,0.0
2017-11-15,0.0
2017-11-16,0.0
2017-11-17,0.0
2017-11-20,0.0
2017-11-21,0.0
2017-11-22,0.0
2017-11-24,0.0
2017-11-27,0.0
2017-11-28,0.0
2017-11-29,0.0
2017-11-30,0.0
2017-12-01,0.0
2017-12-04,0.0
2017-12-05,0.0
2017-12-06,0.0
2017-12-07,0.0
2017-12-08,0.0
2017-12-11,0.0
2017-12-12,0.0
2017-12-13,0.0
2017-12-14,0.0
2017-12-15,0.0
2017-12-18,0.0
2017-12-19,0.0
2017-12-20,0.0
2017-12-21,0.0
2017-12-22,0.0
2017-12-26,0.0
2017-12-27,0.0
2017-12-28,0.0
2017-12-29,0.0
2018-01-02,0.0
2018-01-03,0.0
2018-01-04,0.0
2018-01-05,0.0
2018-01-08,0.0
2018-01-09,0.0
2018-01-10,0.0
2018-01-11,0.0
2018-01-12,0.0
2018-01-16,0.0
2018-01-17,0.0
2018-01-18,0.0
2018-01-19,0.0
2018-01-22,0.0
2018-01-23,0.0
2018-01-24,0.0
2018-01-25,0.0
2018-01-26,0.0
2018-01-29,0.0
2018-01-30,0.0
2018-01-31,0.0
2018-02-01,0.0
2018-02-02,0.0
2018-02-05,0.0
2018-02-06,0.0
2018-02-07,0.0
2018-02-08,0.0
2018-02-09,0.0
2018-02-12,0.0
2018-02-13,0.0
2018-02-14,0.0
2018-02-15,0.0
2018-02-16,0.0
2018-02-20,0.0
2018-02-21,0.0
2018-02-22,0.0
2018-02-23,0.0
2018-02-26,0.0
2018-02-27,0.0
2018-02-28,0.0
2018-03-01,0.0
2018-03-02,0.0
2018-03-05,0.0
2018-03-06,0.0
2018-03-07,0.0
2018-03-08,0.0
2018-03-09,0.0
2018-03-12,0.0008965041358695025
2018-03-13,-0.008282314213046704
2018-03-14,-0.0001057149851424466
2018-03-15,-0.0005286308099096138
2018-03-16,-0.0017982953880402164
2018-03-19,-0.013847093165970326
2018-03-20,-0.0005984062911640331
2018-03-21,0.0
2018-03-22,0.0
2018-03-23,0.0
2018-03-26,0.0
2018-03-27,0.0
2018-03-28,0.0
2018-03-29,0.0
2018-04-02,0.0
2018-04-03,0.0
2018-04-04,0.0
2018-04-05,0.0
2018-04-06,0.0
2018-04-09,0.0
2018-04-10,0.0
2018-04-11,0.0
2018-04-12,0.0
2018-04-13,0.0
2018-04-16,0.0
2018-04-17,0.0
2018-04-18,0.0
2018-04-19,0.0
2018-04-20,0.0
2018-04-23,0.0
2018-04-24,0.0
2018-04-25,0.0
2018-04-26,0.0
2018-04-27,0.0
2018-04-30,0.0
2018-05-01,0.0
2018-05-02,0.0
2018-05-03,0.0
2018-05-04,0.0
2018-05-07,0.0
2018-05-08,0.0
2018-05-09,0.0
2018-05-10,0.0032940811424786443
2018-05-11,-0.000514251770922014
2018-05-14,0.0009325609058929984
2018-05-15,-0.0060399346450724645
2018-05-16,0.0035878017134165496
2018-05-17,-0.002093454069219569
2018-05-18,-0.0028078859344216056
2018-05-21,0.0030423503640089056
2018-05-22,-0.0007098797439982762
2018-05-23,0.004585206019772414
2018-05-24,-0.00016071400934591917
2018-05-25,0.0005465154644679338
2018-05-29,-0.00240978065496511
2018-05-30,0.003897170783440096
2018-05-31,-0.00035291289123118297
2018-06-01,0.008569182534868602
2018-06-04,0.004964174473957028
2018-06-05,0.0017098799447634594
2018-06-06,0.003224260131262646
2018-06-07,-0.004505758524883885
2018-06-08,3.16514145040081e-05
2018-06-11,0.00148756939801431
2018-06-12,0.002907512843450588
2018-06-13,-3.151177956850493e-05
2018-06-14,0.005609273521379521
2018-06-15,-0.0019428936786387574
2018-06-18,-0.0015071038938325731
2018-06-19,-0.0015722694628385048
2018-06-20,0.003936863467305374
2018-06-21,-0.0048311960325561065
2018-06-22,-0.0012294242993408089
2018-06-25,-0.012467188958372732
2018-06-26,0.001432020711587878
2018-06-27,0.0
2018-06-28,0.0
2018-06-29,0.0
2018-07-02,0.0
2018-07-03,0.0
2018-07-05,0.0
2018-07-06,0.0
2018-07-09,0.0
2018-07-10,0.0
2018-07-11,0.0
2018-07-12,0.0
2018-07-13,4.6004706875990564e-05
2018-07-16,-0.00187763091370452
2018-07-17,0.004768529575609248
2018-07-18,-0.0014803720458842484
2018-07-19,-0.003924441519685962
2018-07-20,-0.00017510681957022545
2018-07-23,0.002495709194575646
2018-07-24,0.0032319774399514056
2018-07-25,0.010970736272027715
2018-07-26,-0.011928241375362969
2018-07-27,-0.0105904505559683
2018-07-30,-0.011056197477113727
2018-07-31,0.005968500723168457
2018-08-01,0.0029665445383617595
2018-08-02,0.010639143488263114
2018-08-03,0.002402460179576238
2018-08-06,0.004619098781567299
2018-08-07,0.002862818993853322
2018-08-08,0.0009515488857274601
2018-08-09,-0.0004753221506009764
2018-08-10,-0.006009199845205981
2018-08-13,-0.0008698602352438245
2018-08-14,0.004918989162196574
2018-08-15,-0.009616551103570403
2018-08-16,0.0025805662149480657
2018-08-17,0.00017450332430835047
2018-08-20,-0.0006978915128442731
2018-08-21,0.002880812985414982
2018-08-22,0.003046630937836081
2018-08-23,-0.0011281686633577426
2018-08-24,0.007297938514927882
2018-08-27,0.008021321388369307
2018-08-28,0.0011551197758636889
2018-08-29,0.009102097552261323
2018-08-30,-0.001397464271688409
2018-08-31,0.0010177599352836353
2018-09-04,-0.003389083843858942
2018-09-05,-0.010201826376527223
2018-09-06,-0.007043100512541645
2018-09-07,-0.0030275245983302224
2018-09-10,0.002646283122936577
2018-09-11,0.006057407061516473
2018-09-12,-0.0023223609523811417
2018-09-13,0.008405824798438433
2018-09-14,-0.00230836317087435
2018-09-17,-0.011354288344782137
2018-09-18,0.006500767252707318
2018-09-19,-0.0006028194877342186
2018-09-20,0.00870307041775864
2018-09-21,-0.004313990247969746
2018-09-24,0.0007721610403808032
2018-09-25,0.0010716184274179863
2018-09-26,0.0005566450711416149
2018-09-27,0.006676024677467307
2018-09-28,-0.00017004489601313288
2018-10-01,0.0016157012538751125
2018-10-02,-0.0017828944452816797
2018-10-03,0.0008505137311030087
2018-10-04,-0.015168768853992876
2018-10-05,-0.009621109729779032
2018-10-08,-0.00417911924774661
2018-10-09,0.0
2018-10-10,0.0
2018-10-11,0.0
2018-10-12,0.0
2018-10-15,0.0
2018-10-16,0.0
2018-10-17,0.0
2018-10-18,0.0
2018-10-19,0.0
2018-10-22,0.0
2018-10-23,0.0
2018-10-24,0.0
2018-10-25,0.0
2018-10-26,0.0
2018-10-29,0.0
2018-10-30,0.0
2018-10-31,0.0
2018-11-01,0.0
2018-11-02,0.0
2018-11-05,0.0
2018-11-06,0.0
2018-11-07,0.0
2018-11-08,0.0
2018-11-09,0.0
2018-11-12,0.0
2018-11-13,0.0
2018-11-14,0.0
2018-11-15,0.0
2018-11-16,0.0
2018-11-19,0.0
2018-11-20,0.0
2018-11-21,0.0
2018-11-23,0.0
2018-11-26,0.0
2018-11-27,0.0
2018-11-28,0.0
2018-11-29,0.0
2018-11-30,0.0
2018-12-03,0.0
2018-12-04,0.0
2018-12-06,0.0
2018-12-07,0.0
2018-12-10,0.0
2018-12-11,0.0
2018-12-12,0.0
2018-12-13,0.0
2018-12-14,0.0
2018-12-17,0.0
2018-12-18,0.0
2018-12-19,0.0
2018-12-20,0.0
2018-12-21,0.0
2018-12-24,0.0
2018-12-26,0.0
2018-12-27,0.0
2018-12-28,0.0
2018-12-31,0.0
2019-01-02,0.0
2019-01-03,0.0
2019-01-04,0.0
2019-01-07,0.0
2019-01-08,0.0
2019-01-09,0.0
2019-01-10,0.0
2019-01-11,0.0
2019-01-14,0.0
2019-01-15,0.0
2019-01-16,0.0
2019-01-17,0.005479165424278953
2019-01-18,0.0069558366572937125
2019-01-22,-0.012939363652186842
2019-01-23,0.0016535540318283193
2019-01-24,0.0030439736998493228
2019-01-25,0.009556567755868883
2019-01-28,-0.009286127363719032
2019-01-29,-0.004737996172838321
2019-01-30,0.019174591233146687
2019-01-31,0.011026355000782084
2019-02-01,-0.0015646966721125644
2019-02-04,0.009023474421525846
2019-02-05,0.006005785059487234
2019-02-06,-0.001976938128430805
2019-02-07,-0.010781055882120083
2019-02-08,0.0014839080763053847
2019-02-11,-0.00011816414937670938
2019-02-12,0.01309861509974053
2019-02-13,0.002003717023296936
2019-02-14,-0.0006352918247456429
2019-02-15,0.007520111674678365
2019-02-19,0.0017590020945625895
2019-02-20,0.0009842765831444833
2019-02-21,-0.0034404571425864505
2019-02-22,0.006436733491412383
2019-02-25,0.002281134416006525
2019-02-26,7.030409507602364e-05
2019-02-27,-0.0004981893715666486
2019-02-28,-0.00196976394616466
2019-03-01,0.006260080611260488
2019-03-04,-0.001835675307211071
2019-03-05,-0.0003911709979521616
2019-03-06,-0.005621454491050115
2019-03-07,-0.009679483771631858
2019-03-08,-0.00501391949385499
2019-03-11,0.008992276216434503
2019-03-12,0.0024032725832032753
2019-03-13,0.0032965772282331773
2019-03-14,-0.0007467603441799753
2019-03-15,0.004085340651909686
2019-03-18,0.0002480925945496093
2019-03-19,0.0014881863592826061
2019-03-20,0.0017584036927613678
2019-03-21,0.006947100216789126
2019-03-22,-0.009845436173676947
2019-03-25,-0.0008430755837697257
2019-03-26,0.002059832872827849
2019-03-27,-0.0028481186572897332
2019-03-28,0.001018316503178518
2019-03-29,0.003349582429057918
2019-04-01,0.005885475877235757
2019-04-02,0.0016963098359736861
2019-04-03,0.002576969715666788
2019-04-04,-0.00017135640078891345
2019-04-05,0.0023259497199377144
2019-04-08,0.0011480626832611751
2019-04-09,-0.0015859255221740698
2019-04-10,0.002419323431318121
2019-04-11,-0.0010726597475028132
2019-04-12,0.0019523846944782264
2019-04-15,7.307176185356035e-05
2019-04-16,0.001558750352239846
2019-04-17,0.0015806420002189014
2019-04-18,0.0005827006205449958
2019-04-22,0.0012860478228391425
2019-04-23,0.005791899070216822
2019-04-24,-0.0014456601218691967
2019-04-25,0.0018579497869810613
2019-04-26,0.00040943599469733805
2019-04-29,0.0008907606907346821
2019-04-30,-0.0035598717691018855
2019-05-01,-0.0014724863078106054
2019-05-02,-0.001982326772644427
2019-05-03,0.007266820234172577
2019-05-06,-0.002813613865160991
2019-05-07,-0.008922858727832605
2019-05-08,-0.0017240290773572475
2019-05-09,0.0
2019-05-10,0.0
2019-05-13,0.0
2019-05-14,0.0
2019-05-15,0.0
2019-05-16,0.0
2019-05-17,0.0
2019-05-20,0.0
2019-05-21,0.0
2019-05-22,0.0
2019-05-23,0.0
2019-05-24,0.0
2019-05-28,0.0
2019-05-29,0.0
2019-05-30,0.0
2019-05-31,0.0
2019-06-03,0.0
2019-06-04,0.0
2019-06-05,0.0
2019-06-06,0.0
2019-06-07,0.0
2019-06-10,0.0
2019-06-11,0.0
2019-06-12,0.0
2019-06-13,0.0
2019-06-14,0.0
2019-06-17,0.0
2019-06-18,0.0
2019-06-19,0.0008958077614458215
2019-06-20,0.009082531478894929
2019-06-21,-0.0059790906320990045
2019-06-24,-0.0011642042307581368
2019-06-25,-0.00932448945613984
2019-06-26,-0.0009477616792994414
2019-06-27,0.003369381403952154
2019-06-28,0.004890388538062229
2019-07-01,0.008630084540975469
2019-07-02,0.0024768073106418154
2019-07-03,0.007604584812924475
2019-07-05,-0.0010827194635359971
2019-07-08,-0.0052281898399545446
2019-07-09,0.0011857298554067697
2019-07-10,0.004545249466541668
2019-07-11,0.002230477855925894
2019-07-12,0.0042602694589410905
2019-07-15,0.0003165818327244274
2019-07-16,-0.0030698719117487894
2019-07-17,-0.006476106280651983
2019-07-18,0.0034828276354097465
2019-07-19,-0.005285713591529961
2019-07-22,0.00233679192719749
2019-07-23,0.006802414863547712
2019-07-24,0.00447258265958661
2019-07-25,-0.004547405346470468
2019-07-26,0.0063764161114983064
2019-07-29,-0.0017337354595533538
2019-07-30,-0.0023367134977214654
2019-07-31,-0.010413234647989489
2019-08-01,-0.008283915160360644
2019-08-02,-0.003950911895544751
2019-08-05,0.0
2019-08-06,0.002903626056869779
2019-08-07,0.013016651333141782
2019-08-08,0.004323730150340266
2019-08-09,-0.0028498655148588847
2019-08-12,0.008330796448140276
2019-08-13,-0.005126038339844152
2019-08-14,0.005879854701395404
2019-08-15,0.005724958658755996
2019-08-16,-0.005512611020391134
2019-08-19,-0.010062055594266761
2019-08-20,0.0066950674303281055
2019-08-21,-0.0027206761114756395
2019-08-22,-0.0021824787068618345
2019-08-23,0.01682969160470238
2019-08-26,0.00011950282314709959
2019-08-27,0.008244709531082028
2019-08-28,-0.0024294847544285014
2019-08-29,-0.006177603869066517
2019-08-30,-0.002211462918375706
2019-09-03,0.011980347707545969
2019-09-04,0.005386525755447513
2019-09-05,-0.02072416070774752
2019-09-06,-0.007334813554713437
2019-09-09,-0.003209980001545598
2019-09-10,-0.007352044826050785
2019-09-11,0.005202911628063633
2019-09-12,0.0017659230842956841
2019-09-13,-0.007112026944084526
2019-09-16,0.00818379285628068
2019-09-17,0.0
2019-09-18,0.0
2019-09-19,0.0
2019-09-20,0.0
2019-09-23,0.0
2019-09-24,0.0
2019-09-25,0.0
2019-09-26,0.0
2019-09-27,0.0
2019-09-30,0.0
2019-10-01,0.0
2019-10-02,0.0
2019-10-03,0.0
2019-10-04,0.0
2019-10-07,0.0
2019-10-08,0.0
2019-10-09,0.0
2019-10-10,0.0
2019-10-11,0.0
2019-10-14,0.0
2019-10-15,0.0
2019-10-16,0.0
2019-10-17,0.0
2019-10-18,0.0
2019-10-21,0.0
2019-10-22,0.0
2019-10-23,0.0
2019-10-24,0.0
2019-10-25,0.0
2019-10-28,0.0032962218587990755
2019-10-29,-0.005964831983138574
2019-10-30,0.003725878082491363
2019-10-31,0.0003516676528045881
2019-11-01,0.00699182007549104
2019-11-04,0.00477107651537878
2019-11-05,0.0004246555753439907
2019-11-06,-0.0017364899435442505
2019-11-07,0.002589937983873858
2019-11-08,0.0030844746662284095
2019-11-11,-0.0010378091039625614
2019-11-12,0.0022316837665385947
2019-11-13,0.00019195814172934256
2019-11-14,-0.0006141481627940371
2019-11-15,0.005684361546044681
2019-11-18,0.0006110521313076323
2019-11-19,0.0011450230774097125
2019-11-20,-0.004651101562841653
2019-11-21,-0.00172358682596907
2019-11-22,0.0004987847819368785
2019-11-25,0.00916539481615386
2019-11-26,0.0014820250147338232
2019-11-27,0.005426050178594988
2019-11-29,-0.003547525193562162
2019-12-02,-0.007953537616007589
2019-12-03,-0.006070244109843137
2019-12-04,0.003917901481307995
2019-12-05,0.0015304358565446652
2019-12-06,0.00828992731973699
2019-12-09,-0.0035236154779579865
2019-12-10,-0.0006463793463046263
2019-12-11,0.004109065980140825
2019-12-12,0.005797355090621847
2019-12-13,0.002561750882976277
2019-12-16,0.007815921433705242
2019-12-17,0.0004474215327048281
2019-12-18,0.0005962952482725381
2019-12-19,0.004879257866950315
2019-12-20,0.0031505582907036533
2019-12-23,0.00036948981734608033
2019-12-24,0.0004062886795506149
2019-12-26,0.006904102493674458
2019-12-27,-0.0006600092439668082
2019-12-30,-0.005136795563409069
2019-12-31,0.001475233849955071
2020-01-02,0.013073414075373657
2020-01-03,-0.00719755406279865
2020-01-06,0.005052845200573808
2020-01-07,-0.00010929222419153728
2020-01-08,0.005902425195522865
2020-01-09,0.006664651504007413
2020-01-10,-0.002014943301963945
2020-01-13,0.009085551730441566
2020-01-14,-0.003108436711065643
2020-01-15,0.0003225650915583689
2020-01-16,0.007559920802212572
2020-01-17,0.003911619406619549
2020-01-21,-0.0003542162052555531
2020-01-22,0.0020906161411238244
2020-01-23,0.0025459377969561103
2020-01-24,-0.006666115202357159
2020-01-27,-0.0163332869432129
2020-01-28,0.012092402430858407
2020-01-29,0.0012839559403372558
2020-01-30,0.0028139569834000344
2020-01-31,-0.012538474426000978
2020-02-03,0.011906326935006817
2020-02-04,0.01809369564962715
2020-02-05,0.0026186835118406915
2020-02-06,0.006860443361187407
2020-02-07,-0.003424142835405708
2020-02-10,0.009613600821236856
2020-02-11,0.00013750266486356466
2020-02-12,0.007767832467130198
2020-02-13,-0.0010231803103667447
2020-02-14,0.002287443159954883
2020-02-18,0.0003065672290618604
2020-02-19,0.007661831859983481
2020-02-20,-0.007434606226905838
2020-02-21,-0.015355101901367574
2020-02-24,-0.030705027582208166
2020-02-25,-0.021475192091272022
2020-02-26,0.004107482017972286
2020-02-27,0.0
2020-02-28,0.004665601696947963
2020-03-02,-0.008639388177306473
2020-03-03,0.015202977816414665
2020-03-04,-0.010401260319987227
2020-03-05,0.024376956024425356
2020-03-06,0.05099327355115579
2020-03-09,0.02658259915287542
2020-03-10,-0.05029903174519934
2020-03-11,-0.03607276331738529
2020-03-12,0.006070237882833007
2020-03-13,-0.02214397960384895
2020-03-16,0.06341995348521023
2020-03-17,-0.06538018089490372
2020-03-18,-0.05523339841053854
2020-03-19,0.016817020526503468
2020-03-20,0.0
2020-03-23,0.0
2020-03-24,0.0
2020-03-25,0.0
2020-03-26,0.0
2020-03-27,0.0
2020-03-30,0.0
2020-03-31,0.0
2020-04-01,0.0
2020-04-02,0.0
2020-04-03,0.0
2020-04-06,0.0
2020-04-07,0.0
2020-04-08,0.0
2020-04-09,0.0
2020-04-13,0.004934850862154061
2020-04-14,0.010428379289670664
2020-04-15,-0.007351280591832987
2020-04-16,0.001804327376904613
2020-04-17,0.003152783862257813
2020-04-20,-0.004983992635467671
2020-04-21,-0.0174106554326956
2020-04-22,0.019662808965582146
2020-04-23,0.0047452469172331035
2020-04-24,0.004336290346766969
2020-04-27,0.00351137853564798
2020-04-28,-0.004266338362687305
2020-04-29,0.014890050531290777
2020-04-30,-0.012910308159634898
2020-05-01,-0.009713017745730523
2020-05-04,0.0029512827054098967
2020-05-05,0.006331193208500618
2020-05-06,-0.00926337945637623
2020-05-07,0.012911754195530145
2020-05-08,0.0049296019618862985
2020-05-11,-0.002817446403502788
2020-05-12,-0.007685572064108248
2020-05-13,-0.0037872239033407418
2020-05-14,0.009782284328334168
2020-05-15,0.0048320550664033846
2020-05-18,0.01054927443369924
2020-05-19,-0.000342295786454061
2020-05-20,0.009099714865197006
2020-05-21,-0.010127405949667323
2020-05-22,0.003673914221723251
2020-05-26,-0.000838322221579646
2020-05-27,0.007977621918649369
2020-05-28,0.0006511311840933232
2020-05-29,0.005546017385427149
2020-06-01,0.004076141555922952
2020-06-02,0.0009898834938930623
2020-06-03,-0.0020199170344279427
2020-06-04,0.0034621761127873185
2020-06-05,0.003321752340069928
2020-06-08,0.012242939036534839
2020-06-09,-0.007270105996659781
2020-06-10,-0.00543933279736597
2020-06-11,-0.056187932205230884
2020-06-12,0.023902062730557727
2020-06-15,0.0
2020-06-16,0.0
2020-06-17,0.0
2020-06-18,0.0
2020-06-19,0.0
2020-06-22,0.0
2020-06-23,0.0033460731299241875
2020-06-24,-0.002695927575157686
2020-06-25,-0.00046607159442846324
2020-06-26,0.003450537996516845
2020-06-29,0.0004182169531159463
2020-06-30,0.003437235215580481
2020-07-01,-0.0034717511149234825
2020-07-02,0.00167224615762529
2020-07-06,0.004637373385800281
2020-07-07,0.004892925466610798
2020-07-08,0.004823166398695733
2020-07-09,-0.002102863769933405
2020-07-10,-0.0020156735973509976
2020-07-13,0.0009639690821268143
2020-07-14,0.0036228675480767247
2020-07-15,0.000685403118590111
2020-07-16,-0.007351621315356827
2020-07-17,0.00639405864086795
2020-07-20,0.003748069219513539
2020-07-21,0.009380721616051746
2020-07-22,0.011865055398068147
2020-07-23,0.006910717214822393
2020-07-24,0.006730449166840291
2020-07-27,0.015526085078191532
2020-07-28,0.006583241103369275
2020-07-29,0.00593779998021815
2020-07-30,-0.005859977072385059
2020-07-31,0.007185289361488545
2020-08-03,0.0008970935043726147
2020-08-04,0.016858777729874985
2020-08-05,0.007387219696133984
2020-08-06,0.010582922776795733
2020-08-07,-0.012698448790190775
2020-08-10,-0.002756094291548883
2020-08-11,-0.04275377695076732
2020-08-12,-0.003674551763620637
2020-08-13,0.018572237457565643
2020-08-14,-0.0034053293140525742
2020-08-17,0.017128078753289477
2020-08-18,0.007144093064284762
2020-08-19,-0.02508029593760608
2020-08-20,0.005456924044590972
2020-08-21,-0.00633185891221133
2020-08-24,-0.004464879613334638
2020-08-25,0.0009579406966189197
2020-08-26,0.009309232719687976
2020-08-27,-0.009137170498170755
2020-08-28,0.013701650481288796
2020-08-31,0.001888012450369736
2020-09-01,0.0009422272883334859
2020-09-02,-0.010397531846536023
2020-09-03,-0.006399188911600406
2020-09-04,0.00217581157511626
2020-09-08,-0.0015197613881615668
2020-09-09,0.007653860736773321
2020-09-10,-0.002546293881856232
2020-09-11,-4.3267695690185626e-05
2020-09-14,0.006230817772503228
2020-09-15,-0.0018920718312496199
2020-09-16,0.0022403237449275526
2020-09-17,-0.00434167129374019
2020-09-18,0.0010361830339529199
2020-09-21,-0.015871693874033754
2020-09-22,-0.003812790903948926
2020-09-23,-0.01698126658110566
2020-09-24,-0.002548505718906635
2020-09-25,0.0
2020-09-28,0.0
2020-09-29,0.0
2020-09-30,0.0
2020-10-01,0.0
2020-10-02,0.0
2020-10-05,0.0
2020-10-06,0.0
2020-10-07,0.0
2020-10-08,0.0
2020-10-09,0.001744786706523449
2020-10-12,0.009589492581873804
2020-10-13,-0.003915114273390197
2020-10-14,-0.0037596112212321398
2020-10-15,-0.0007376062149343499
2020-10-16,-0.00036049219229583596
2020-10-19,-0.009067072300782186
2020-10-20,0.0023741571568811626
2020-10-21,-0.0011237569528350644
2020-10-22,0.0032539074801238854
2020-10-23,0.0020184702503756036
2020-10-26,-0.011001746208473717
2020-10-27,0.00017102779479927221
2020-10-28,0.0
2020-10-29,0.0
2020-10-30,0.0
2020-11-02,0.0
2020-11-03,0.0
2020-11-04,0.0
2020-11-05,0.0
2020-11-06,-0.0016440518528947345
2020-11-09,-0.03743604880817086
2020-11-10,0.007731769501879926
2020-11-11,0.003918766966035214
2020-11-12,-0.005135363805762405
2020-11-13,0.007295246696759072
2020-11-16,0.006620363903007798
2020-11-17,-0.0028690838336743463
2020-11-18,-0.006403924081282875
2020-11-19,0.0022276032180028604
2020-11-20,-0.0036303316509366246
2020-11-23,0.003167665560828814
2020-11-24,0.008539032716747608
2020-11-25,-0.000823154790662084
2020-11-27,0.0014858415393110835
2020-11-30,-0.0023650056578289336
2020-12-01,0.005830822477840947
2020-12-02,0.0011271985427578901
2020-12-03,-0.00014622459698476753
2020-12-04,0.004621373023125708
2020-12-07,-0.0011063565748292703
2020-12-08,0.0015739322524217503
2020-12-09,-0.004830781009482976
2020-12-10,-0.00017545412295649765
2020-12-11,-0.0006288209364874175
2020-12-14,-0.0023998028505526348
2020-12-15,0.007231395419209141
2020-12-16,0.0008446444442946621
2020-12-17,0.0030119628583220592
2020-12-18,-0.004439096440438273
2020-12-21,-0.0019234426944743088
2020-12-22,-0.000905176259644036
2020-12-23,0.0004822238615955765
2020-12-24,0.0020886295465749605
2020-12-28,0.004620388644685169
2020-12-29,-0.0010300910326312973
2020-12-30,0.0007697340895558291
2020-12-31,0.0027427895912766065
2021-01-04,-0.007366461494024978
2021-01-05,0.0037032745667913147
2021-01-06,0.003224778052116184
2021-01-07,0.008036030714815512
2021-01-08,0.0031026036598917894
2021-01-11,-0.003680105889037666
2021-01-12,0.00011497896008783037
2021-01-13,0.001465813203441968
2021-01-14,-0.0019085079354163037
2021-01-15,-0.003968085831379642
2021-01-19,0.004258147856528671
2021-01-20,0.007531554870926049
2021-01-21,0.0004993013555929515
2021-01-22,-0.0019391741780078187
2021-01-25,0.0021572369411071435
2021-01-26,-0.0008553350810656113
2021-01-27,-0.013383185542084286
2021-01-28,0.004656547309281445
2021-01-29,-0.010882090279667023
2021-02-01,0.0048767137768293
2021-02-02,0.0
2021-02-03,0.0
2021-02-04,0.0
2021-02-05,-0.0015507755548924695
2021-02-08,0.00543194694171345
2021-02-09,-0.0005016700281837982
2021-02-10,-0.00032817965632536694
2021-02-11,0.0012165944585214028
2021-02-12,0.003722498696882237
2021-02-16,-0.0006533448969801015
2021-02-17,0.00017305730354211235
2021-02-18,-0.003210618789139197
2021-02-19,-0.0013308158348429577
2021-02-22,-0.005793866372778567
2021-02-23,0.0009129955056943473
2021-02-24,0.008287095215726348
2021-02-25,-0.018170305918166485
2021-02-26,-0.003862071488516028
2021-03-01,0.018145357410712215
2021-03-02,-0.005876224833634924
2021-03-03,-0.009955299296759978
2021-03-04,-0.009269825425742728
2021-03-05,0.006850287921298381
2021-03-08,0.0
2021-03-09,0.0
2021-03-10,0.0
2021-03-11,0.0
2021-03-12,0.0
2021-03-15,0.0
2021-03-16,-0.0025423067314253034
2021-03-17,0.0023285007653370826
2021-03-18,-0.009946273002108263
2021-03-19,-0.003476192111495524
2021-03-22,0.0054243347630891225
2021-03-23,-0.0053603751122682786
2021-03-24,-0.0034533145312654057
2021-03-25,0.0038153096451269963
2021-03-26,0.010949117730744362
2021-03-29,-0.00034492143154096766
2021-03-30,-0.0018114623277688535
2021-03-31,0.0027653328433456803
2021-04-01,0.007376865866489002
2021-04-05,0.009837935915950169
2021-04-06,-0.0004066265247130163
2021-04-07,0.0007966342101632939
2021-04-08,0.0032686812176034863
2021-04-09,0.005013655077062973
2021-04-12,0.00025195170394232136
2021-04-13,0.0020486910208707965
2021-04-14,-0.002362908588937951
2021-04-15,0.007424675718753271
2021-04-16,0.0023177011528947578
2021-04-19,-0.003410288318626886
2021-04-20,-0.005074513597676633
2021-04-21,0.0065432707026469306
2021-04-22,-0.0063340491326655535
2021-04-23,0.007498336840014552
2021-04-26,0.0014485461543514155
2021-04-27,-0.0001496328520820267
2021-04-28,-0.00019954032723057402
2021-04-29,0.004424026692014804
2021-04-30,-0.0045701251293893685
2021-05-03,0.0014971001292880537
2021-05-04,-0.004285271556691228
2021-05-05,0.0002168538132802933
2021-05-06,0.005536912069431077
2021-05-07,0.005058611938145274
2021-05-10,-0.006897892436170117
2021-05-11,-0.006198049841627529
2021-05-12,-0.014713942684797643
2021-05-13,0.002264496902462554
2021-05-14,0.0
2021-05-17,0.0
2021-05-18,-0.0015474334908446297
2021-05-19,0.0006638099240214856
2021-05-20,0.004422463818105182
2021-05-21,0.0004402991746415008
2021-05-24,0.0017054084118197643
2021-05-25,0.008787122299686922
2021-05-26,-0.0016876751377270516
2021-05-27,0.00038173217422521333
2021-05-28,0.003652328027893059
2021-06-01,-0.002607071334308042
2021-06-02,0.004737668232473791
2021-06-03,-0.018969712638338798
2021-06-04,0.010441721276772675
2021-06-07,0.003882016445390546
2021-06-08,-0.0029955669976305943
2021-06-09,-0.001857368926138303
2021-06-10,0.004159491545242089
2021-06-11,-0.010900689058240598
2021-06-14,-0.005675724169344254
2021-06-15,-0.003657631505369907
2021-06-16,-0.01635289867404177
2021-06-17,-0.02388305887337805
2021-06-18,-0.00273640197155689
2021-06-21,0.0037232396342741225
2021-06-22,0.006882812498680835
2021-06-23,0.0003620186130104397
2021-06-24,0.004576813802170454
2021-06-25,-0.0009111924024700624
2021-06-28,0.00901418507671825
2021-06-29,0.002690606818801955
2021-06-30,-0.0011739817598974689
2021-07-01,0.0002938404032479802
2021-07-02,0.008539850941182703
2021-07-06,0.0032247385985071375
2021-07-07,0.001576079706462341
2021-07-08,-0.0045137461868767215
2021-07-09,0.004659007309783636
2021-07-12,0.00291907869939223
2021-07-13,0.0
2021-07-14,0.0013417578808840869
2021-07-15,-0.005256766071548902
2021-07-16,-0.006051322910107904
2021-07-19,-0.006109014236512
2021-07-20,0.008642949613644646
2021-07-21,0.005761122065135682
2021-07-22,0.004942314353930222
2021-07-23,0.008745411737421271
2021-07-26,0.0005915721996248013
2021-07-27,-0.008277114284042653
2021-07-28,0.002877998864838638
2021-07-29,0.0013323791729280554
2021-07-30,-0.0039099354377512
2021-08-02,6.165366033017428e-05
2021-08-03,0.004541539641774728
2021-08-04,0.0010842234720220834
2021-08-05,0.004761329522342317
2021-08-06,-0.0032947648248904393
2021-08-09,0.0013875593861329971
2021-08-10,-0.0038512550369710352
2021-08-11,-0.001288714848541983
2021-08-12,0.002703648676759096
2021-08-13,0.002635077791339979
2021-08-16,0.0003259723913557888
2021-08-17,-0.006619156537125415
2021-08-18,-0.007216824989903725
2021-08-19,0.003613991696821417
2021-08-20,0.00775753501687082
2021-08-23,0.011230239799436159
2021-08-24,0.0023018718582006326
2021-08-25,0.0008662559013452586
2021-08-26,-0.004790475908489689
2021-08-27,0.007321427233691669
2021-08-30,0.008472889814037599
2021-08-31,-0.0006171867213023985
2021-09-01,0.0012550572963767603
2021-09-02,-0.0003581383148596462
2021-09-03,0.002328733055119603
2021-09-07,0.0010723027647006056
2021-09-08,-0.0026382130314125396
2021-09-09,-0.0026054142929401447
2021-09-10,-0.005742896336922598
2021-09-13,-0.0005214505557922244
2021-09-14,-0.0021470891958458305
2021-09-15,0.0056105312235052995
2021-09-16,0.0005199281306134118
2021-09-17,-0.00895410614351555
2021-09-20,-0.016396116799355265
2021-09-21,0.0009226622176730093
2021-09-22,0.0070057688960489806
2021-09-23,0.00693668736310471
2021-09-24,0.0007070719716126828
2021-09-27,-0.006015959070832855
2021-09-28,-0.02128484441130707
2021-09-29,0.0020982382556260504
2021-09-30,0.0
2021-10-01,0.0
2021-10-04,0.0
2021-10-05,0.0
2021-10-06,0.0
2021-10-07,0.0
2021-10-08,0.0
2021-10-11,0.0
2021-10-12,0.0
2021-10-13,0.0
2021-10-14,0.0
2021-10-15,-0.0011349648687114522
2021-10-18,-0.0024221278259721757
2021-10-19,0.0031386454878039594
2021-10-20,0.008559993511811026
2021-10-21,-0.0008780008882803836
2021-10-22,0.005975652668657183
2021-10-25,0.00675547193594328
2021-10-26,-0.007230756208606359
2021-10-27,0.0025637641388942534
2021-10-28,-0.00023247346005206282
2021-10-29,-0.008312858715890048
2021-11-01,0.0050998679663667446
2021-11-02,-0.002099582598940386
2021-11-03,-0.00812377824490429
2021-11-04,0.011077547728597148
2021-11-05,0.012762784289178208
2021-11-08,0.0035101317296513113
2021-11-09,0.004816716710999591
2021-11-10,0.010614460155319083
2021-11-11,0.005477358830921597
2021-11-12,0.001853280273775848
2021-11-15,-0.0015135152560303844
2021-11-16,-0.007073777464919662
2021-11-17,0.008933485867659074
2021-11-18,-0.0031382631589578214
2021-11-19,-0.007476839291819748
2021-11-22,-0.021919806706141798
2021-11-23,-0.00922964114675684
2021-11-24,0.0
2021-11-26,0.0
2021-11-29,0.0
2021-11-30,0.0
2021-12-01,0.0
2021-12-02,-0.0026454667045088254
2021-12-03,0.009241627066664204
2021-12-06,-0.010666397321354104
2021-12-07,-0.0062552438908637376
2021-12-08,-0.01335687290017451
2021-12-09,0.0043079453308683124
2021-12-10,0.0
2021-12-13,0.0
2021-12-14,0.0
2021-12-15,0.0
2021-12-16,0.0
2021-12-17,0.0
2021-12-20,0.0
2021-12-21,0.0
2021-12-22,0.0
2021-12-23,0.0
2021-12-27,0.0
2021-12-28,-0.0043226938048276375
2021-12-29,-8.366175957119637e-05
2021-12-30,-0.0016733751889372872
2021-12-31,-0.003492041806403723
2022-01-03,0.005368555266842323
2022-01-04,-0.007263920458340234
2022-01-05,-0.017105935846913445
2022-01-06,-0.003109048569211348
2022-01-07,0.0
2022-01-10,0.0
2022-01-11,0.0
2022-01-12,0.0
2022-01-13,0.0
2022-01-14,0.0
2022-01-18,0.0
2022-01-19,0.0
2022-01-20,0.0
2022-01-21,0.0
2022-01-24,0.0
2022-01-25,0.0
2022-01-26,0.0
2022-01-27,0.0
2022-01-28,0.0
2022-01-31,0.0
2022-02-01,0.0
2022-02-02,0.0
2022-02-03,0.0
2022-02-04,0.0
2022-02-07,0.0
2022-02-08,0.0
2022-02-09,0.0
2022-02-10,0.0
2022-02-11,0.0
2022-02-14,0.0
2022-02-15,0.0
2022-02-16,0.0
2022-02-17,0.0
2022-02-18,0.0
2022-02-22,0.0
2022-02-23,0.0
2022-02-24,0.0
2022-02-25,0.0
2022-02-28,0.0
2022-03-01,0.0
2022-03-02,0.0
2022-03-03,0.0
2022-03-04,0.0
2022-03-07,0.008936359580328457
2022-03-08,0.02492355736875873
2022-03-09,-0.027130677862131636
2022-03-10,0.0028426400014829323
2022-03-11,-0.006402246239331055
2022-03-14,-0.013723177487978244
2022-03-15,-0.01700615091266877
2022-03-16,0.0004907157776024018
2022-03-17,0.0
2022-03-18,0.0
2022-03-21,0.0
2022-03-22,0.0
2022-03-23,-0.006344110671184122
2022-03-24,0.015442748309003163
2022-03-25,0.0021203378233856096
2022-03-28,0.009102340684462806
2022-03-29,0.012368319055151344
2022-03-30,-0.0070815803728232485
2022-03-31,-0.012134464579841353
2022-04-01,0.0007135794762005432
2022-04-04,0.011687011708245265
2022-04-05,-0.014338187971565719
2022-04-06,-0.012802445398712115
2022-04-07,0.003355173472767481
2022-04-08,-0.006333759023235297
2022-04-11,-0.016938726651603342
2022-04-12,0.007937644368122942
2022-04-13,1.0568804170496549e-05
2022-04-14,-0.0027175460393857875
2022-04-18,0.0025462658938935068
2022-04-19,-0.012431647201361806
2022-04-20,0.004015571062115475
2022-04-21,-0.0029209909917244925
2022-04-22,-0.007977385031896267
2022-04-25,-0.014720098801692338
2022-04-26,0.003493689357572549
2022-04-27,0.0
2022-04-28,0.0
2022-04-29,0.0
2022-05-02,0.0
2022-05-03,0.0
2022-05-04,0.0
2022-05-05,0.0
2022-05-06,0.0
2022-05-09,0.0
2022-05-10,0.0
2022-05-11,0.0
2022-05-12,0.0
2022-05-13,0.0
2022-05-16,0.0
2022-05-17,0.0
2022-05-18,0.0
2022-05-19,0.0
2022-05-20,0.0
2022-05-23,0.0
2022-05-24,0.0
2022-05-25,0.0
2022-05-26,0.0
2022-05-27,0.0
2022-05-31,0.0
2022-06-01,0.0
2022-06-02,0.0
2022-06-03,0.0
2022-06-06,0.0
2022-06-07,0.0
2022-06-08,0.0
2022-06-09,0.0
2022-06-10,0.0
2022-06-13,-0.007014811275133703
2022-06-14,-0.006926999603681039
2022-06-15,0.008686863416259571
2022-06-16,0.0
2022-06-17,0.0
2022-06-21,0.0
2022-06-22,0.0
2022-06-23,0.0
2022-06-24,0.0
2022-06-27,0.0
2022-06-28,0.0
2022-06-29,0.0
2022-06-30,0.0
2022-07-01,0.0
2022-07-05,0.0
2022-07-06,0.0
2022-07-07,0.0
2022-07-08,0.0
2022-07-11,0.0
2022-07-12,0.0
2022-07-13,0.0
2022-07-14,0.0
2022-07-15,0.0
2022-07-18,0.0
2022-07-19,0.0
2022-07-20,0.004910428396514899
2022-07-21,0.010425845496395025
2022-07-22,-0.010824841792134055
2022-07-25,-0.001492815578517881
2022-07-26,-0.012756130308691938
2022-07-27,0.027588307921671884
2022-07-28,0.009543446096443642
2022-07-29,0.013620656005586484
2022-08-01,-0.00163760187273565
2022-08-02,-0.0042461356324901
2022-08-03,0.017465868668050888
2022-08-04,0.001412323740483501
2022-08-05,-0.0038411478448300285
2022-08-08,-0.0017495695266019906
2022-08-09,-0.0060765731010664625
2022-08-10,0.020290137680873732
2022-08-11,-0.0021035034285449283
2022-08-12,0.01529109243892579
2022-08-15,0.0049716339859267045
2022-08-16,6.700278715277008e-05
2022-08-17,-0.0076378059811343935
2022-08-18,0.002284222197674435
2022-08-19,-0.013662871824844047
2022-08-22,-0.019679815737639106
2022-08-23,-0.0017314430880304155
2022-08-24,0.0015352695241173109
2022-08-25,0.006781992375040069
2022-08-26,-0.01637937610804019
2022-08-29,-0.004024302864898743
2022-08-30,0.0
2022-08-31,0.0
2022-09-01,0.0
2022-09-02,0.0
2022-09-06,0.0
2022-09-07,0.0
2022-09-08,0.0
2022-09-09,0.0
2022-09-12,0.0
2022-09-13,0.0
2022-09-14,0.0
2022-09-15,0.0
2022-09-16,0.0
2022-09-19,0.0
2022-09-20,0.0
2022-09-21,0.0
2022-09-22,0.0
2022-09-23,0.0
2022-09-26,0.0
2022-09-27,0.0
2022-09-28,0.0
2022-09-29,0.0
2022-09-30,0.0
2022-10-03,0.0
2022-10-04,0.0
2022-10-05,0.0
2022-10-06,0.0
2022-10-07,0.0
2022-10-10,0.0
2022-10-11,0.0
2022-10-12,0.0
2022-10-13,0.0
2022-10-14,0.0
2022-10-17,0.0
2022-10-18,0.0
2022-10-19,0.0
2022-10-20,0.0
2022-10-21,0.0
2022-10-24,0.0
2022-10-25,0.0
2022-10-26,-0.0008459766689808967
2022-10-27,-0.008763820857419002
2022-10-28,0.021161944512204878
2022-10-31,-0.007287309077615545
2022-11-01,-0.005517931731535808
2022-11-02,-0.02306381829441595
2022-11-03,-0.008284250857895081
2022-11-04,0.006333076686046546
2022-11-07,0.0042426210562067634
2022-11-08,0.0024057303879405634
2022-11-09,-0.009213492456871863
2022-11-10,0.024293639289444613
2022-11-11,0.007357249172426972
2022-11-14,-0.00769599474750593
2022-11-15,0.007709926200241357
2022-11-16,-0.006901736385533264
2022-11-17,-0.002766164041094643
2022-11-18,0.004103444713243087
2022-11-21,-0.0032876046842464923
2022-11-22,0.012163029505937173
2022-11-23,0.005702920400161293
2022-11-25,-0.0002025207687538222
2022-11-28,-0.014449407809601134
2022-11-29,-0.0015529054347147575
2022-11-30,0.028476092240458106
2022-12-01,-0.0006671724336009266
2022-12-02,-0.001045934631394907
2022-12-05,-0.016306931520175594
2022-12-06,-0.013044397922803652
2022-12-07,-0.001537371201196125
2022-12-08,0.007078200178849192
2022-12-09,-0.006754615624386506
2022-12-12,0.013026730622478055
2022-12-13,0.0068491773436605285
2022-12-14,-0.005788954981362893
2022-12-15,-0.022135178527844523
2022-12-16,-0.011024069699414052
2022-12-19,0.0
2022-12-20,0.0
2022-12-21,0.0
2022-12-22,0.0
2022-12-23,0.0
2022-12-27,0.0
2022-12-28,0.0
2022-12-29,0.0
2022-12-30,0.0
2023-01-03,0.0
2023-01-04,-0.0016812478383474438
2023-01-05,-0.011028378465866573
2023-01-06,0.01654550605906091
2023-01-09,0.0019898812241470054
2023-01-10,0.0032589611657869444
2023-01-11,-0.0006090702821881511
2023-01-12,0.010258931493800416
2023-01-13,0.010657465184309878
2023-01-17,-0.005819691120743653
2023-01-18,-0.0025516381833261548
2023-01-19,0.014094991387131328
2023-01-20,-0.002967775925765914
2023-01-23,0.0016867455741753634
2023-01-24,0.0032192306334883902
2023-01-25,0.004097519027065788
2023-01-26,-0.008063263281174238
2023-01-27,-0.0012391475610125102
2023-01-30,-0.0022828603130520264
2023-01-31,0.003233161733746437
2023-02-01,0.011205226334485063
2023-02-02,-0.018484777985570022
2023-02-03,-0.02217986096103497
2023-02-06,0.001839159404833035
2023-02-07,0.0008159036031405442
2023-02-08,0.00219095332672703
2023-02-09,-0.007016059747261383
2023-02-10,0.002360955777076068
2023-02-13,0.0
2023-02-14,0.0
2023-02-15,0.0
2023-02-16,0.0
2023-02-17,0.0
2023-02-21,0.0
2023-02-22,0.0
2023-02-23,0.0
2023-02-24,0.0
2023-02-27,0.0
2023-02-28,0.0
2023-03-01,0.0
2023-03-02,0.0
2023-03-03,0.0
2023-03-06,0.0
2023-03-07,0.0
2023-03-08,0.0
2023-03-09,0.0
2023-03-10,0.0
2023-03-13,0.0
2023-03-14,-0.0033467744863058257
2023-03-15,0.007001075258162404
2023-03-16,0.0018136698197495082
2023-03-17,0.02615002544001177
2023-03-20,0.0003430488374056573
2023-03-21,-0.016999589250634606
2023-03-22,0.015300077452790717
2023-03-23,0.011289862965332187
2023-03-24,-0.010144519159081322
2023-03-27,-0.00833608836914812
2023-03-28,0.007367754529327364
2023-03-29,-0.004466858825414088
2023-03-30,0.008135590050826425
2023-03-31,-0.004695235698554456
2023-04-03,0.006486404282454616
2023-04-04,0.016795023364015282
2023-04-05,-0.0007202446100058602
2023-04-06,-0.006438822710071679
2023-04-10,-0.006673999069836567
2023-04-11,0.005696408339691539
2023-04-12,0.004405444608353015
2023-04-13,0.012194382563887496
2023-04-14,-0.015999803506190013
2023-04-17,-0.004016597179364978
2023-04-18,0.0034983284474308096
2023-04-19,-0.004309247501065094
2023-04-20,0.003549848496862573
2023-04-21,-0.008915913193509706
2023-04-24,0.0027379501236552972
2023-04-25,0.004583296014531779
2023-04-26,-0.004902137345650703
2023-04-27,4.8775115639276834e-05
2023-04-28,0.0002438636837167607
2023-05-01,-0.004047150196739513
2023-05-02,0.017380441496287258
2023-05-03,0.0076514931025042365
2023-05-04,0.0063517055201745
2023-05-05,-0.014141816287362219
2023-05-08,0.0011071394275203872
2023-05-09,0.006395073842486276
2023-05-10,-0.0012899984380189133
2023-05-11,-0.007749988100657856
2023-05-12,-0.0015428186734037785
2023-05-15,0.001931503301115578
2023-05-16,-0.011277511760332426
2023-05-17,-0.003119629317258954
2023-05-18,0.0007738802687506929
2023-05-19,-0.0016478151051420031
2023-05-22,0.0024540847579472835
2023-05-23,-0.009272362327220618
2023-05-24,-0.003739284047832303
2023-05-25,0.017713030699921584
2023-05-26,0.018720339931967533
2023-05-30,0.003344999944667304
2023-05-31,-0.004198960735993129
2023-06-01,0.008518089817499463
2023-06-02,0.005546721956568801
2023-06-05,0.0005223603732869009
2023-06-06,-0.00012530103729213593
2023-06-07,-0.012573446207508998
2023-06-08,0.009158849678928993
2023-06-09,0.0028296144866266637
2023-06-12,0.012519678414290025
2023-06-13,0.0057179802070266295
2023-06-14,0.0054186436481955536
2023-06-15,0.00890074213581804
2023-06-16,-0.004714625593976174
2023-06-20,-0.0020940203165407123
2023-06-21,-0.010186477859264298
2023-06-22,0.008788778792390595
2023-06-23,-0.0074063979116439915
2023-06-26,-0.009989993683947818
2023-06-27,0.012769223132574892
2023-06-28,0.0014555838011234279
2023-06-29,-0.0014944109213889112
2023-06-30,0.011501633741037631
2023-07-03,0.0017633939099097606
2023-07-05,-2.0233216385778796e-05
2023-07-06,-0.005705882469108303
2023-07-07,-0.0024826681575079723
2023-07-10,0.0002448046366279044
2023-07-11,0.0036915662232743784
2023-07-12,0.009448976454596192
2023-07-13,0.012742397591120502
2023-07-14,-0.0001590151258052952
2023-07-17,0.0070375383919409895
2023-07-18,0.006178971512558418
2023-07-19,-0.00017657903059020708
2023-07-20,-0.0174451646941175
2023-07-21,-0.0022568098004694948
2023-07-24,0.001201016554676082
2023-07-25,0.0050981973379709
2023-07-26,-0.0025063315002968878
2023-07-27,-0.0017947349867581952
2023-07-28,0.013704464781487236
2023-07-31,0.0003941455247151726
2023-08-01,-0.0017532565467610617
2023-08-02,-0.01657665300494826
2023-08-03,-0.0012040050165865734
2023-08-04,-0.0035159144770462447
2023-08-07,0.006350975545547088
2023-08-08,-0.0063910335562357146
2023-08-09,-0.008246852382095438
2023-08-10,0.0056180572859052536
2023-08-11,0.0
2023-08-14,0.0
2023-08-15,0.0
2023-08-16,0.0
2023-08-17,0.0
2023-08-18,0.0
2023-08-21,0.0
2023-08-22,0.0
2023-08-23,0.0
2023-08-24,0.0
2023-08-25,0.0
2023-08-28,0.0
2023-08-29,0.0
2023-08-30,0.0
2023-08-31,0.0
2023-09-01,0.0
2023-09-05,0.0
2023-09-06,0.0
2023-09-07,0.0
2023-09-08,0.0
2023-09-11,0.0
2023-09-12,0.0
2023-09-13,0.0
2023-09-14,0.0
2023-09-15,0.0
2023-09-18,0.0
2023-09-19,0.0
2023-09-20,0.0
2023-09-21,0.0
2023-09-22,0.0
2023-09-25,0.0
2023-09-26,0.0
2023-09-27,0.0
2023-09-28,0.0
2023-09-29,0.0
2023-10-02,0.0
2023-10-03,0.0
2023-10-04,0.0
2023-10-05,0.0
2023-10-06,0.0
2023-10-09,0.0
2023-10-10,0.0
2023-10-11,0.0
2023-10-12,0.0
2023-10-13,0.0
2023-10-16,0.0
2023-10-17,0.0
2023-10-18,0.0
2023-10-19,0.0
2023-10-20,0.0
2023-10-23,0.0
2023-10-24,0.0
2023-10-25,0.0
2023-10-26,0.0
2023-10-27,0.0
2023-10-30,0.0
2023-10-31,0.0
2023-11-01,0.0
2023-11-02,0.0
2023-11-03,0.0
2023-11-06,0.0
2023-11-07,0.0
2023-11-08,0.0
2023-11-09,-0.00999629033492333
2023-11-10,0.0032740562391944117
2023-11-13,-0.0013319884801914483
2023-11-14,0.013270962146604948
2023-11-15,-0.008292668067103937
2023-11-16,0.007300168728331613
2023-11-17,0.002767136586839136
2023-11-20,0.0036136318318171767
2023-11-21,-0.00026186331017519215
2023-11-22,0.0020954552042384833
2023-11-24,-0.00699202686009992
2023-11-27,0.00987092458304284
2023-11-28,0.0011729330166170282
2023-11-29,0.007484959361313326
2023-11-30,-0.006912526555824194
2023-12-01,0.009302540483200339
2023-12-04,-0.0024169932221440593
2023-12-05,0.012889557915925387
2023-12-06,0.008037177752463265
2023-12-07,-0.0034803199261930207
2023-12-08,-0.004952964341273458
2023-12-11,-0.0012763123864752979
2023-12-12,0.0017891208181264329
2023-12-13,0.01415983853894942
2023-12-14,0.013836351916874712
2023-12-15,0.0006823760013494606
2023-12-18,-0.004897358533394458
2023-12-19,0.0033017394508607634
2023-12-20,0.0041601612730572946
2023-12-21,-0.0038955871650002694
2023-12-22,-0.0028244826374769216
2023-12-26,0.0017741926084842152
2023-12-27,0.010874871024025401
2023-12-28,-0.004487572992517674
2023-12-29,-0.005557564212414157
2024-01-02,-0.0035394614521598866
2024-01-03,0.002554971636576031
2024-01-04,-0.009323635582523138
2024-01-05,-0.0058350580157054965
2024-01-08,-0.0008644260850428909
2024-01-09,0.0
2024-01-10,0.0
2024-01-11,0.0
2024-01-12,0.0
2024-01-16,0.0
2024-01-17,0.0
2024-01-18,0.0
2024-01-19,0.011365343674692996
2024-01-22,0.0010982507128387553
2024-01-23,0.0034906005317825173
2024-01-24,0.004671073007042725
2024-01-25,0.001028793563628394
2024-01-26,-0.005020096225806681
2024-01-29,0.008620922593256974
2024-01-30,-0.005612817265574943
2024-01-31,-0.01649778072048602
2024-02-01,0.009887504026676597
2024-02-02,0.014217450100443951
2024-02-05,-0.0011010045945222258
2024-02-06,-0.0016926921462748767
2024-02-07,0.008674969452207026
2024-02-08,0.0015637021051342348
2024-02-09,0.008313713538477652
2024-02-12,-0.003309679146748845
2024-02-13,-0.013185582390011774
2024-02-14,0.009189903203960403
2024-02-15,0.002515422086904362
2024-02-16,-0.007663485133104442
2024-02-20,-0.006370220803741167
2024-02-21,-0.0033732042325148592
2024-02-22,0.024662210988604327
2024-02-23,-0.002491856087890376
2024-02-26,-0.000445394277212241
2024-02-27,0.002034227733708427
2024-02-28,-0.004504884248610508
2024-02-29,0.007244316458313804
2024-03-01,0.012745451239387418
2024-03-04,-0.0030272659734174034
2024-03-05,-0.015220485141128948
2024-03-06,0.005313512798008846
2024-03-07,0.012847063690669458
2024-03-08,-0.012246070281114907
2024-03-11,-0.003142856940635874
2024-03-12,0.012127509516898005
2024-03-13,-0.006516632547357459
2024-03-14,-0.0021351639698016234
2024-03-15,-0.01006252651556061
2024-03-18,0.006932322656676648
2024-03-19,0.002107924182626064
2024-03-20,0.010034999046741433
2024-03-21,0.004012332020871812
2024-03-22,0.0009705294045758706
2024-03-25,-0.0030798690052210587
2024-03-26,-0.002746119024843674
2024-03-27,0.0028875404516539582
2024-03-28,-0.0015635535007574308
2024-04-01,0.0017951730573035896
2024-04-02,-0.00732033165278867
2024-04-03,0.001901190348118087
2024-04-04,-0.012957231244370648
2024-04-05,0.009962008492012009
2024-04-08,0.0002499584698776314
2024-04-09,0.003133311463033195
2024-04-10,-0.00739681259109648
2024-04-11,0.013513868395862216
2024-04-12,-0.013524159941052383
2024-04-15,-0.013921972157731721
2024-04-16,-0.0009882096920037498
2024-04-17,0.0
2024-04-18,0.0
2024-04-19,0.0
2024-04-22,0.0
2024-04-23,0.0
2024-04-24,0.0
2024-04-25,0.0
2024-04-26,0.0
2024-04-29,0.0
2024-04-30,0.0
2024-05-01,0.0
2024-05-02,0.0
2024-05-03,0.0
2024-05-06,0.0
2024-05-07,0.0
2024-05-08,0.0
2024-05-09,0.0
2024-05-10,-0.002516044123238359
2024-05-13,0.0001272533309610857
2024-05-14,0.0043442394810147
2024-05-15,0.011727576380831106
2024-05-16,-0.001949827425113071
2024-05-17,0.0013621686939560007
2024-05-20,0.0010918323497763893
2024-05-21,0.002324318061742048
2024-05-22,-0.002729200036035384
2024-05-23,-0.006922162645926266
2024-05-24,0.006267968259530798
2024-05-28,0.000662270820171118
2024-05-29,-0.006636212443210332
2024-05-30,-0.006284394991780018
2024-05-31,0.0010169477955888073
2024-06-03,0.0
2024-06-04,0.0
2024-06-05,0.0
2024-06-06,-0.0020952817457132733
2024-06-07,-0.000704795413050685
2024-06-10,0.0032168218901045265
2024-06-11,0.005469923923868691
2024-06-12,0.010453987905691298
2024-06-13,0.004337486138376034
2024-06-14,0.004150708717147511
2024-06-17,0.009823460563108677
2024-06-18,0.00024858344799638665
2024-06-20,-0.006196473629263233
2024-06-21,-0.002150612572850985
2024-06-24,-0.010391969412581914
2024-06-25,0.009150473143804572
2024-06-26,0.0016562409972802339
2024-06-27,0.0020710535096308824
2024-06-28,-0.0041668812740398575
2024-07-01,0.004703172111822251
2024-07-02,0.008429412277995318
2024-07-03,0.0067069845852396615
2024-07-05,0.008401719030619148
2024-07-08,0.0019202006961067664
2024-07-09,0.0006983930970601016
2024-07-10,0.00842355930884131
2024-07-11,-0.017752552646778996
2024-07-12,0.004735460634731625
2024-07-15,0.002169023706216189
2024-07-16,0.00030918988925998647
2024-07-17,-0.023702653939670304
2024-07-18,-0.003799182554395264
2024-07-19,-0.007108817280638724
2024-07-22,0.011927241841009018
2024-07-23,-0.0028301301065620788
2024-07-24,-0.028782306517583622
2024-07-25,-5.3127668570462916e-05
2024-07-26,0.0
2024-07-29,0.0
2024-07-30,0.0
2024-07-31,0.0
2024-08-01,0.0009560918562365739
2024-08-02,0.03022017474861971
2024-08-05,0.005135867551858908
2024-08-06,-0.02171590707290494
2024-08-07,-0.006830140251898986
2024-08-08,-0.005966905905114173
2024-08-09,0.009563661316007055
2024-08-12,0.0035272047325902722
2024-08-13,0.006728345379294343
2024-08-14,0.006084865907705073
2024-08-15,-0.007832738943815643
2024-08-16,0.0033976652284202213
2024-08-19,0.004481682603995951
2024-08-20,0.0077335903495900915
2024-08-21,0.0005903262241626628
2024-08-22,-0.009636306430268915
2024-08-23,0.006354330351334925
2024-08-26,-0.0024664874176312246
2024-08-27,-0.001681358493557994
2024-08-28,-0.0011888401560643524
2024-08-29,-0.003174013811246157
2024-08-30,-0.010348390821943165
2024-09-03,0.009973652028885782
2024-09-04,0.0
2024-09-05,0.0
2024-09-06,-0.0006522539536371053
2024-09-09,0.004029179937946825
2024-09-10,0.006532808271515478
2024-09-11,-0.0007417608780023732
2024-09-12,-0.004361080036821674
2024-09-13,0.0025162749743061763
2024-09-16,0.008552453661407666
2024-09-17,-0.004516484167671586
2024-09-18,-0.011573916696393516
2024-09-19,-0.0030912923682014926
2024-09-20,-0.0035707081024536347
2024-09-23,-0.0019803573345994474
2024-09-24,0.0020761299333977856
2024-09-25,-0.00124886524037926
2024-09-26,0.004597157555199294
2024-09-27,-0.007175356800824262
2024-09-30,-0.007227214644575208
2024-10-01,0.009471204172264214
2024-10-02,0.0001839674920522949
2024-10-03,-0.0006253744244135717
2024-10-04,-0.0018036777855022779
2024-10-07,-0.0030607298806295535
2024-10-08,-0.006658106116306017
2024-10-09,-0.004915337993918745
2024-10-10,0.006623578528131446
2024-10-11,0.009851405560049598
2024-10-14,-0.0014724984335819924
2024-10-15,0.00313367350068261
2024-10-16,0.004520444292732018
2024-10-17,0.005414756677206478
2024-10-18,0.009606737010561694
2024-10-21,-0.00018021450337579736
2024-10-22,0.009769386668133206
2024-10-23,-0.010924390974072051
2024-10-24,0.006966323290241272
2024-10-25,0.001863951953136045
2024-10-28,3.5778540387942925e-05
2024-10-29,0.00987452385097276
2024-10-30,0.00499526781529136
2024-10-31,-0.014065285227723656
2024-11-01,-0.003718440433274406
2024-11-04,0.0012919565210378625
2024-11-05,0.002042958411534457
2024-11-06,-0.02754159291462399
2024-11-07,0.01452862084304729
2024-11-08,-0.006127025609729442
2024-11-11,-0.021230249315949412
2024-11-12,-0.0038871753596637637
2024-11-13,0.0
2024-11-14,0.0
2024-11-15,0.0
2024-11-18,0.0
2024-11-19,0.0
2024-11-20,0.0
2024-11-21,0.0
2024-11-22,0.0
2024-11-25,0.0
2024-11-26,0.0
2024-11-27,0.0
2024-11-29,0.0
2024-12-02,0.004513736913370536
2024-12-03,-0.0069278759609952
2024-12-04,0.00861260031184119
2024-12-05,0.001622420797384283
2024-12-06,0.0011935315455655626
2024-12-09,-0.007408104227069612
2024-12-10,-0.0037745899811795214
2024-12-11,-0.007577782986098014
2024-12-12,-0.009718092670511713
2024-12-13,-0.003089718887787307
2024-12-16,0.0
2024-12-17,-0.001533715223175136
2024-12-18,-0.030017389461816313
2024-12-19,0.006889079529540432
2024-12-20,0.0
2024-12-23,0.0
2024-12-24,0.0
2024-12-26,0.0
2024-12-27,0.0
2024-12-30,0.0
2024-12-31,0.0
2025-01-02,0.0
2025-01-03,0.0
2025-01-06,0.0
2025-01-07,0.0
2025-01-08,0.0
2025-01-10,0.0
2025-01-13,0.0
2025-01-14,0.0
2025-01-15,0.0
2025-01-16,0.0
2025-01-17,0.0
2025-01-21,0.0
2025-01-22,0.0
2025-01-23,0.003752108954572453
2025-01-24,-0.0035419368626358194
2025-01-27,-0.018209569044797314
2025-01-28,0.00914134482263207
2025-01-29,-0.0011680745861372133
2025-01-30,0.0026491409056210724
2025-01-31,-0.0009045169100789785
2025-02-03,-0.004979346908914217
2025-02-04,0.007614144649609411
2025-02-05,0.0028277871008048905
2025-02-06,0.003258187600984286
2025-02-07,-0.007888730916404407
2025-02-10,0.007534839528249293
2025-02-11,-0.0014886094443773423
2025-02-12,0.000366791189588378
2025-02-13,0.008989003044725719
2025-02-14,0.0026375094263977328
2025-02-18,0.0014263541996666351
2025-02-19,0.00017512163251565127
2025-02-20,-0.002673055479901487
2025-02-21,-0.013049978776189963
2025-02-24,-0.007364298395170166
2025-02-25,-0.0012488109566493044
2025-02-26,0.004596323970609495
2025-02-27,-0.006370225028545562
2025-02-28,0.011046758076275864
2025-03-03,0.0013657575661107924
2025-03-04,-0.011106000648201886
2025-03-05,-0.0071916072519842
2025-03-06,-0.0029768634679663286
2025-03-07,-0.0028862265881914873
2025-03-10,0.009382434981235921
2025-03-11,-0.00642754792588307
2025-03-12,-0.005374352957322026
2025-03-13,0.007904963389824271
2025-03-14,-0.004765345846073021
2025-03-17,0.004488902905507741
2025-03-18,0.0008937685409013962
2025-03-19,0.004663290033889211
2025-03-20,0.0005925503870329862
2025-03-21,-0.005329795311023733
2025-03-24,-0.009228276750695708
2025-03-25,-0.0001001530220704483
2025-03-26,-0.005909620168486396
2025-03-27,-0.00394032905999675
2025-03-28,0.0
2025-03-31,0.0
2025-04-01,0.0
2025-04-02,0.0
2025-04-03,0.0
2025-04-04,0.0
2025-04-07,-0.01716792725020555
2025-04-08,-0.015600212963908566
2025-04-09,-0.010718487305033997
2025-04-10,0.0
2025-04-11,-0.000654849998682594
2025-04-14,-0.004150230256807608
2025-04-15,0.0037998035290180976
2025-04-16,0.023664978502903722
2025-04-17,-0.0032207592312272215
2025-04-21,0.022666031400030207
2025-04-22,-0.010485030310823262
2025-04-23,-0.01764445039153517
2025-04-24,0.010641990673091684
2025-04-25,-0.007957006866893823
2025-04-28,0.010422274360849304
2025-04-29,-0.007153792781754875
2025-04-30,-0.005481802212052078
2025-05-01,-0.01518813694701382
2025-05-02,0.0012709404944213354
2025-05-05,0.021725024172326135
2025-05-06,0.020546350035566263
2025-05-07,-0.011072983132189518
2025-05-08,-0.014487407565692889
2025-05-09,0.005308469808837701
2025-05-12,-0.020667780663475188
2025-05-13,0.0030984993881226774
2025-05-14,-0.015323030375484104
2025-05-15,0.0035942433082276626
2025-05-16,0.0038994794991862314
2025-05-19,0.0009454312933268039
2025-05-20,-0.003066154766548368
2025-05-21,-0.014199713282426862
2025-05-22,0.0009721897228629484
2025-05-23,-0.007248807788347245
2025-05-27,0.020123184175454778
2025-05-28,-0.0047329812221446055
2025-05-29,0.002788286634326065
2025-05-30,-0.0012137408623659196
2025-06-02,0.006093054174495904
2025-06-03,0.0060988306290039596
2025-06-04,0.0010259291756040678
2025-06-05,-0.0055501070572833155
2025-06-06,0.009196597595735767
2025-06-09,0.001063428971647129
2025-06-10,0.005589087132684911
2025-06-11,-0.0028307094306390113
2025-06-12,0.0029654223810715585
2025-06-13,-0.010823511460216206
2025-06-16,0.010542125754957388
2025-06-17,-0.008337815841933272
2025-06-18,-0.00014610918608548573
2025-06-20,-0.0043435703081260435
2025-06-23,0.008742334330438695
2025-06-24,0.011893935423882507
2025-06-25,0.0013487793249413738
2025-06-26,0.007818281304461383
2025-06-27,0.003914554484206745
2025-06-30,0.005102527444775795
2025-07-01,-0.0036988324981869214
2025-07-02,0.005180411551763298
2025-07-03,0.00806335838620309
2025-07-07,-0.006887920911443524
2025-07-08,-3.888464791257373e-05
2025-07-09,0.005965706007831306
2025-07-10,0.0008070525071135481
2025-07-11,-0.002703706629655356
2025-07-14,0.002474411167726176
2025-07-15,-0.0017540550086644346
2025-07-16,0.002099313974436967
2025-07-17,0.006457126700538218
2025-07-18,-0.0007702583318923706
2025-07-21,0.003127898596583023
2025-07-22,-0.0021097318244056584
2025-07-23,0.0061713452864571305
2025-07-24,0.0010587494828684374
2025-07-25,0.0031269052530735753
2025-07-28,0.001185372100198201
2025-07-29,-0.001972047793957321
2025-07-30,-6.672983136080113e-05
2025-07-31,-0.004106939093686979
2025-08-01,-0.01648247277567083
2025-08-04,0.006738843539461303
2025-08-05,0.003012446616944997
2025-08-06,-0.00567308707116343
2025-08-07,-0.0016780748858697958
2025-08-08,-0.0042582687380302575
2025-08-11,0.0011253892461688952
2025-08-12,-0.0049461463432382
2025-08-13,0.008133925602583414
2025-08-14,-0.007283880736104642
2025-08-15,-0.00699867916958874
2025-08-18,0.00035027424136813146
2025-08-19,0.0
2025-08-20,0.0
2025-08-21,0.0
2025-08-22,0.0
2025-08-25,0.0
2025-08-26,0.0
2025-08-27,0.0
2025-08-28,0.0
2025-08-29,0.0
2025-09-02,0.0
2025-09-03,0.0
2025-09-04,-0.0018374816068094102
2025-09-05,0.013339749355997688
2025-09-08,0.011382756666273197
2025-09-09,-0.0022688414561478076
2025-09-10,0.0035905275843819418
2025-09-11,-0.0014907007579676446
2025-09-12,0.001970662668851597
2025-09-15,0.010400130176394295
2025-09-16,0.00200552863650838
2025-09-17,-0.007711717793322914
2025-09-18,-0.004004476438380755
2025-09-19,0.010602409782114686
2025-09-22,0.017298655882166614
2025-09-23,0.004084556427783825
2025-09-24,-0.009059101972087591
2025-09-25,0.0041633582680151715
2025-09-26,0.0057697427966652
2025-09-29,0.01648924761247872
2025-09-30,0.00853627735473661
2025-10-01,0.001574702526618399
2025-10-02,-0.0034813592038067664
2025-10-03,0.008029464523485963
2025-10-06,0.018837722435056214
2025-10-07,0.005157287351160056
2025-10-08,0.01648414376842644
2025-10-09,-0.018445294075751684
2025-10-10,0.010093474802317592
2025-10-13,0.024290989959336207
2025-10-14,0.007138273488884073
2025-10-15,0.01732543924915153
2025-10-16,0.023378067677972902
2025-10-17,-0.01880975488196357
2025-10-20,0.03638767776716545
2025-10-21,-0.06424454520131584
2025-10-22,0.00010599038505842984
2025-10-23,0.004000712998844191
2025-10-24,-0.003351429975652409
2025-10-27,-0.027828326928492797
2025-10-28,-0.007163036542685575
2025-10-29,-0.003785668374787665
2025-10-30,0.019633612950699986
2025-10-31,-0.005428284596162514
2025-11-03,0.0017921501085231828
2025-11-04,-0.01750996754167944
2025-11-05,0.0115594905141716
2025-11-06,-0.0012000129075802057
2025-11-07,0.006116496495151669
2025-11-10,0.027329766022170077
2025-11-11,0.003936251506260202
2025-11-12,0.01610430017472564
2025-11-13,-0.008079914022390944
2025-11-14,-0.018040705133148927
2025-11-17,-0.011459330513360566
2025-11-18,0.0072619156207418545
2025-11-19,0.0016288266092148174
2025-11-20,-0.00029324518560847057
2025-11-21,-0.0015466554370152652
2025-11-24,0.015837714006304404
2025-11-25,-0.0003154966241333268
2025-11-26,0.007995103572894457
2025-11-28,0.012419354986031417
2025-12-01,0.004819181193951083
2025-12-02,-0.006437503135268696
2025-12-03,-0.000929289526830801
2025-12-04,0.0006459402146645754
2025-12-05,-0.0017816441568651031
2025-12-08,-0.0026384355939422788
2025-12-09,0.005135218036172562
2025-12-10,0.004257485248440718
2025-12-11,0.010765597862857579
2025-12-12,0.005592375946239736
2025-12-15,0.0009100268516544219
2025-12-16,0.00022729986393410506
2025-12-17,0.008584932394655409
2025-12-18,-0.0018025112463833093
2025-12-19,0.001128603850121923
2025-12-22,0.02307271883985007
2025-12-23,0.01324737727366232
2025-12-24,-0.004132503802226739
2025-12-26,0.011672413655632319
2025-12-29,-0.04351239302373644
2025-12-30,0.0007272677613765488
2025-12-31,-0.006465473126219479
2026-01-02,0.004968941307907704
2026-01-05,0.026303060472271156
2026-01-06,0.010809152551017887
2026-01-07,-0.009556465730433228
2026-01-08,0.005520506544462123
2026-01-09,0.007239287458463917
2026-01-12,0.01871580975826892
2026-01-13,-0.001420512648167338
2026-01-14,0.01021853140911455
2026-01-15,-0.006125427309109144
2026-01-16,-0.004817197704943155
2026-01-20,0.03782245875996315
2026-01-21,0.014563904034195163
2026-01-22,0.018456224785921016
2026-01-23,0.01374067926692013
2026-01-26,0.014623944522541565
2026-01-27,0.024523896371181575
2026-01-28,0.03876093325898111
2026-01-29,0.002708642689873697
2026-01-30,-0.10271085645893663
2026-02-02,-0.040035702075361
2026-02-03,0.06356447044408364
2026-02-04,-0.0007041591470102748
2026-02-05,-0.026622759432560206
2026-02-06,0.030721707470535264
2026-02-09,0.02539437426323099
2026-02-10,-0.009910469233497254
2026-02-11,0.011306819186307715
2026-02-12,-0.034716972669176505
2026-02-13,0.02487029340700575
2026-02-17,-0.031160004235016747
2026-02-18,0.02248229906736765
2026-02-19,0.0027921218022746164
2026-02-20,0.019707960106631894
2026-02-23,0.027006690846628434
2026-02-24,-0.013854479941100006
2026-02-25,-0.0025065152402163893
2026-02-26,0.00857312890959494
2026-02-27,0.013127241291618352
2026-03-02,0.012915819040629328
2026-03-03,-0.04459834452905609
2026-03-04,0.007815624335763216
2026-03-05,-0.01201391522279427
2026-03-06,0.01582730742595584
2026-03-09,-0.0020689827444294595
2026-03-10,0.011276062660506625
2026-03-11,-0.003389031134486742
2026-03-12,-0.01964765529254031
2026-03-13,-0.012932712647504174
2026-03-16,-0.0008893849724465053
2026-03-17,-0.002518548661864406
2026-03-18,-0.03162664640046109
2026-03-19,-0.04120094365148552
2026-03-20,0.003135745676394741
2026-03-23,0.0
2026-03-24,0.0
2026-03-25,0.0
2026-03-26,0.0
2026-03-27,0.0
2026-03-30,0.0
2026-03-31,0.0
2026-04-01,0.0
2026-04-02,0.0
2026-04-06,0.0
2026-04-07,0.0
2026-04-08,0.0
2026-04-09,0.0
2026-04-10,0.0
2026-04-13,0.006851366471527509
2026-04-14,0.010277263810262838
2026-04-15,0.00798571827675243
2026-04-16,0.002763855346845867
2026-04-17,0.0075235408119129765
2026-04-20,-0.0031375195761040864
2026-04-21,-0.013923520520632837
2026-04-22,0.015176001857644783
2026-04-23,-0.007242820446052067
2026-04-24,0.013290071539532322
2026-04-27,-0.002813962500010536
2026-04-28,-0.013388462011787894
2026-04-29,-0.0015748160922666177
2026-04-30,0.005575788623750633
2026-05-01,0.005760555413856672
2026-05-04,-0.0011347898717296578
2026-05-05,0.0078094255059451
2026-05-06,0.012568680324910098
2026-05-07,-0.0007275787884182261
2026-05-08,0.014290226739754441
2026-05-11,0.0017816525547409423
2026-05-12,-0.0052232173212162225
2026-05-13,0.006483024791099412
2026-05-14,0.004380405728933612
2026-05-15,-0.009323569654555275
2026-05-18,-0.0026431414365309935
2026-05-19,-0.003779716636779118
2026-05-20,0.010134929534041826
2026-05-21,0.0011742866536310625
2026-05-22,0.0026131729744571786
2026-05-26,0.010958763414880002
2026-05-27,-0.0007062147342460356
2026-05-28,0.005236494011652715
2026-05-29,0.002295443140630793
2026-06-01,0.0037437360288028465
2026-06-02,0.0028794182359295206
2026-06-03,-0.0016370597758020855
2026-06-04,-0.0030272199414796974
2026-06-05,-0.029984566800666967
